Note that running a local entrypoint in detached mode only keeps the last triggered Modal function alive after the parent process has been killed or disconnected.
✓ Initialized. View run at 
https://modal.com/apps/order-evaluation/main/ap-SlW6XDxYp0fTdcfN30guD0
✓ Created objects.
├── 🔨 Created mount 
│   /Users/harsh/semantic-drift-autoformalization/ft-experiments/v2/train_pairs.
│   py
└── 🔨 Created function train.
= resolved training config: {"run_name": "v2-qwen3-32b-s0", "model_id": "Qwen/Qwen3-32B", "seed": 0, "rank": 16, "lora_alpha": 16, "target_modules": ["q_proj", "k_proj", "v_proj", "o_proj", "gate_proj", "up_proj", "down_proj"], "batch_size": 2, "grad_accum": 4, "lr": 0.0002, "save_steps": 100, "max_len": 2048, "template_sha": "ad33f6de859156b81be0d889abd3c56e4d9275bd855eb6d804d4e8ebcfe4983c", "epochs": 3}  samples=all

==========
== CUDA ==
==========

CUDA Version 12.8.1

Container image Copyright (c) 2016-2023, NVIDIA CORPORATION & AFFILIATES. All rights reserved.

This container image and its contents are governed by the NVIDIA Deep Learning Container License.
By pulling and using the container, you accept the terms and conditions of this license:
https://developer.nvidia.com/ngc/nvidia-deep-learning-container-license

A copy of this license is made available in this container at /NGC-DL-CONTAINER-LICENSE for your convenience.

/usr/local/lib/python3.12/site-packages/huggingface_hub/constants.py:298: FutureWarning: The `HF_HUB_ENABLE_HF_TRANSFER` environment variable is deprecated as 'hf_transfer' is not used anymore. Please use `HF_XET_HIGH_PERFORMANCE` instead to enable high performance transfer with Xet. Visit https://huggingface.co/docs/huggingface_hub/package_reference/environment_variables#hfxethighperformance for more details.
  warnings.warn(
= dataset: 2772 kept, 0 dropped overlong, seq len max 1315 mean 1157.5

[1ALoading weights:   0%|          | 0/707 [00:00<?, ?it/s]
[1ALoading weights:   0%|          | 1/707 [00:07<1:32:11,  7.84s/it]
[1ALoading weights:   1%|          | 4/707 [00:08<17:57,  1.53s/it]  
[1ALoading weights:   1%|          | 5/707 [00:08<14:04,  1.20s/it]
[1ALoading weights:   1%|          | 6/707 [00:08<11:18,  1.03it/s]
[1ALoading weights:   1%|▏         | 10/707 [00:09<05:23,  2.16it/s]
[1ALoading weights:   2%|▏         | 16/707 [00:09<02:37,  4.38it/s]
[1ALoading weights:   3%|▎         | 18/707 [00:10<02:37,  4.37it/s]
[1ALoading weights:   3%|▎         | 23/707 [00:10<01:40,  6.82it/s]
[1ALoading weights:   4%|▎         | 26/707 [00:10<01:37,  6.98it/s]
[1ALoading weights:   4%|▍         | 28/707 [00:11<02:09,  5.25it/s]
[1ALoading weights:   5%|▍         | 33/707 [00:11<01:42,  6.54it/s]
[1ALoading weights:   5%|▌         | 38/707 [00:12<01:16,  8.75it/s]
[1ALoading weights:   6%|▌         | 40/707 [00:12<01:22,  8.07it/s]
[1ALoading weights:   6%|▌         | 42/707 [00:12<01:18,  8.49it/s]
[1ALoading weights:   6%|▋         | 45/707 [00:12<01:07,  9.79it/s]
[1ALoading weights:   7%|▋         | 48/707 [00:13<01:04, 10.23it/s]
[1ALoading weights:   7%|▋         | 50/707 [00:13<01:43,  6.33it/s]
[1ALoading weights:   8%|▊         | 55/707 [00:14<01:28,  7.39it/s]
[1ALoading weights:   8%|▊         | 60/707 [00:14<00:59, 10.87it/s]
[1ALoading weights:   9%|▉         | 62/707 [00:14<00:58, 11.01it/s]
[1ALoading weights:  10%|▉         | 69/707 [00:14<00:35, 18.02it/s]
[1ALoading weights:  10%|█         | 72/707 [00:15<00:48, 12.97it/s]
[1ALoading weights:  11%|█         | 79/707 [00:15<00:31, 19.77it/s]
[1ALoading weights:  12%|█▏        | 83/707 [00:15<00:43, 14.47it/s]
[1ALoading weights:  13%|█▎        | 90/707 [00:16<00:29, 20.69it/s]
[1ALoading weights:  13%|█▎        | 94/707 [00:16<00:37, 16.19it/s]
[1ALoading weights:  14%|█▍        | 99/707 [00:16<00:30, 19.93it/s]
[1ALoading weights:  15%|█▍        | 103/707 [00:16<00:34, 17.31it/s]
[1ALoading weights:  15%|█▍        | 106/707 [00:17<00:34, 17.48it/s]
[1ALoading weights:  16%|█▌        | 112/707 [00:17<00:24, 23.88it/s]
[1ALoading weights:  16%|█▋        | 116/707 [00:17<00:35, 16.64it/s]
[1ALoading weights:  17%|█▋        | 121/707 [00:17<00:28, 20.67it/s]
[1ALoading weights:  18%|█▊        | 125/707 [00:17<00:26, 21.69it/s]
[1ALoading weights:  18%|█▊        | 128/707 [00:18<00:34, 16.77it/s]
[1ALoading weights:  19%|█▉        | 133/707 [00:18<00:26, 21.35it/s]
[1ALoading weights:  19%|█▉        | 136/707 [00:18<00:26, 21.86it/s]
[1ALoading weights:  20%|█▉        | 139/707 [00:18<00:34, 16.29it/s]
[1ALoading weights:  20%|██        | 144/707 [00:18<00:25, 21.66it/s]
[1ALoading weights:  21%|██        | 148/707 [00:19<00:37, 15.03it/s]
[1ALoading weights:  22%|██▏       | 156/707 [00:19<00:23, 23.28it/s]
[1ALoading weights:  23%|██▎       | 160/707 [00:19<00:33, 16.57it/s]
[1ALoading weights:  24%|██▎       | 167/707 [00:20<00:23, 22.78it/s]
[1ALoading weights:  24%|██▍       | 171/707 [00:20<00:30, 17.30it/s]
[1ALoading weights:  25%|██▍       | 176/707 [00:20<00:25, 20.56it/s]
[1ALoading weights:  25%|██▌       | 180/707 [00:20<00:23, 22.73it/s]
[1ALoading weights:  26%|██▌       | 184/707 [00:21<00:28, 18.65it/s]
[1ALoading weights:  26%|██▋       | 187/707 [00:21<00:26, 19.79it/s]
[1ALoading weights:  27%|██▋       | 191/707 [00:21<00:24, 21.43it/s]
[1ALoading weights:  27%|██▋       | 194/707 [00:21<00:31, 16.41it/s]
[1ALoading weights:  28%|██▊       | 200/707 [00:21<00:21, 23.30it/s]
[1ALoading weights:  29%|██▉       | 204/707 [00:22<00:31, 15.84it/s]
[1ALoading weights:  30%|██▉       | 211/707 [00:22<00:21, 22.84it/s]
[1ALoading weights:  30%|███       | 215/707 [00:22<00:31, 15.86it/s]
[1ALoading weights:  31%|███▏      | 222/707 [00:22<00:21, 22.26it/s]
[1ALoading weights:  32%|███▏      | 226/707 [00:23<00:29, 16.32it/s]
[1ALoading weights:  33%|███▎      | 233/707 [00:23<00:20, 22.86it/s]
[1ALoading weights:  34%|███▎      | 238/707 [00:23<00:26, 17.63it/s]
[1ALoading weights:  35%|███▍      | 244/707 [00:24<00:20, 22.27it/s]
[1ALoading weights:  35%|███▌      | 248/707 [00:24<00:27, 16.49it/s]
[1ALoading weights:  36%|███▌      | 255/707 [00:24<00:20, 22.33it/s]
[1ALoading weights:  37%|███▋      | 259/707 [00:25<00:27, 16.16it/s]
[1ALoading weights:  38%|███▊      | 266/707 [00:25<00:20, 21.97it/s]
[1ALoading weights:  38%|███▊      | 270/707 [00:25<00:27, 15.90it/s]
[1ALoading weights:  39%|███▉      | 277/707 [00:25<00:19, 21.67it/s]
[1ALoading weights:  40%|███▉      | 281/707 [00:26<00:30, 13.87it/s]
[1ALoading weights:  40%|████      | 285/707 [00:26<00:26, 16.21it/s]
[1ALoading weights:  41%|████      | 290/707 [00:27<00:31, 13.13it/s]
[1ALoading weights:  41%|████▏     | 293/707 [00:27<00:30, 13.63it/s]
[1ALoading weights:  42%|████▏     | 299/707 [00:27<00:22, 18.53it/s]
[1ALoading weights:  43%|████▎     | 302/707 [00:27<00:24, 16.29it/s]
[1ALoading weights:  43%|████▎     | 305/707 [00:27<00:25, 16.03it/s]
[1ALoading weights:  44%|████▍     | 310/707 [00:27<00:18, 20.95it/s]
[1ALoading weights:  44%|████▍     | 313/707 [00:28<00:23, 16.95it/s]
[1ALoading weights:  45%|████▍     | 316/707 [00:28<00:23, 16.54it/s]
[1ALoading weights:  46%|████▌     | 322/707 [00:28<00:20, 19.21it/s]
[1ALoading weights:  46%|████▌     | 325/707 [00:29<00:25, 15.22it/s]
[1ALoading weights:  47%|████▋     | 332/707 [00:29<00:16, 22.56it/s]
[1ALoading weights:  48%|████▊     | 336/707 [00:29<00:23, 15.65it/s]
[1ALoading weights:  49%|████▊     | 343/707 [00:29<00:16, 22.13it/s]
[1ALoading weights:  49%|████▉     | 347/707 [00:30<00:23, 15.34it/s]
[1ALoading weights:  50%|█████     | 355/707 [00:30<00:15, 22.65it/s]
[1ALoading weights:  51%|█████     | 360/707 [00:30<00:20, 17.33it/s]
[1ALoading weights:  51%|█████▏    | 364/707 [00:30<00:17, 19.56it/s]
[1ALoading weights:  52%|█████▏    | 368/707 [00:31<00:19, 17.83it/s]
[1ALoading weights:  52%|█████▏    | 371/707 [00:31<00:19, 17.22it/s]
[1ALoading weights:  53%|█████▎    | 376/707 [00:31<00:15, 21.97it/s]
[1ALoading weights:  54%|█████▎    | 380/707 [00:32<00:21, 15.19it/s]
[1ALoading weights:  55%|█████▍    | 386/707 [00:32<00:15, 20.78it/s]
[1ALoading weights:  55%|█████▌    | 390/707 [00:32<00:17, 18.27it/s]
[1ALoading weights:  56%|█████▌    | 393/707 [00:32<00:17, 17.61it/s]
[1ALoading weights:  56%|█████▋    | 398/707 [00:32<00:13, 22.30it/s]
[1ALoading weights:  57%|█████▋    | 402/707 [00:33<00:19, 15.82it/s]
[1ALoading weights:  58%|█████▊    | 409/707 [00:33<00:13, 22.43it/s]
[1ALoading weights:  58%|█████▊    | 413/707 [00:33<00:18, 15.85it/s]
[1ALoading weights:  59%|█████▉    | 419/707 [00:33<00:14, 20.55it/s]
[1ALoading weights:  60%|█████▉    | 423/707 [00:34<00:16, 17.60it/s]
[1ALoading weights:  60%|██████    | 426/707 [00:34<00:15, 17.64it/s]
[1ALoading weights:  61%|██████    | 429/707 [00:34<00:14, 19.40it/s]
[1ALoading weights:  61%|██████    | 433/707 [00:34<00:12, 21.52it/s]
[1ALoading weights:  62%|██████▏   | 436/707 [00:34<00:16, 16.11it/s]
[1ALoading weights:  62%|██████▏   | 440/707 [00:35<00:13, 19.91it/s]
[1ALoading weights:  63%|██████▎   | 444/707 [00:35<00:12, 21.75it/s]
[1ALoading weights:  63%|██████▎   | 447/707 [00:35<00:16, 15.77it/s]
[1ALoading weights:  64%|██████▍   | 453/707 [00:35<00:11, 22.48it/s]
[1ALoading weights:  65%|██████▍   | 457/707 [00:36<00:15, 15.83it/s]
[1ALoading weights:  65%|██████▌   | 463/707 [00:36<00:11, 21.94it/s]
[1ALoading weights:  66%|██████▌   | 467/707 [00:36<00:12, 18.51it/s]
[1ALoading weights:  66%|██████▋   | 470/707 [00:36<00:13, 18.06it/s]
[1ALoading weights:  67%|██████▋   | 475/707 [00:36<00:10, 23.01it/s]
[1ALoading weights:  68%|██████▊   | 479/707 [00:37<00:14, 15.55it/s]
[1ALoading weights:  69%|██████▊   | 486/707 [00:37<00:09, 22.38it/s]
[1ALoading weights:  69%|██████▉   | 490/707 [00:37<00:13, 15.75it/s]
[1ALoading weights:  70%|██████▉   | 494/707 [00:37<00:11, 17.95it/s]
[1ALoading weights:  71%|███████   | 499/707 [00:38<00:09, 21.37it/s]
[1ALoading weights:  71%|███████   | 503/707 [00:38<00:11, 17.78it/s]
[1ALoading weights:  72%|███████▏  | 508/707 [00:38<00:08, 22.31it/s]
[1ALoading weights:  72%|███████▏  | 512/707 [00:38<00:12, 16.17it/s]
[1ALoading weights:  73%|███████▎  | 517/707 [00:39<00:09, 19.95it/s]
[1ALoading weights:  74%|███████▎  | 521/707 [00:39<00:09, 20.52it/s]
[1ALoading weights:  74%|███████▍  | 524/707 [00:39<00:13, 13.15it/s]
[1ALoading weights:  75%|███████▍  | 528/707 [00:39<00:12, 14.77it/s]
[1ALoading weights:  75%|███████▌  | 532/707 [00:40<00:10, 16.17it/s]
[1ALoading weights:  76%|███████▌  | 535/707 [00:40<00:16, 10.56it/s]
[1ALoading weights:  76%|███████▋  | 540/707 [00:40<00:11, 14.50it/s]
[1ALoading weights:  77%|███████▋  | 543/707 [00:41<00:11, 14.06it/s]
[1ALoading weights:  77%|███████▋  | 546/707 [00:41<00:12, 12.53it/s]
[1ALoading weights:  78%|███████▊  | 551/707 [00:41<00:09, 17.20it/s]
[1ALoading weights:  78%|███████▊  | 554/707 [00:41<00:09, 16.67it/s]
[1ALoading weights:  79%|███████▉  | 557/707 [00:42<00:10, 13.86it/s]
[1ALoading weights:  80%|███████▉  | 563/707 [00:42<00:07, 19.84it/s]
[1ALoading weights:  80%|████████  | 566/707 [00:42<00:08, 16.64it/s]
[1ALoading weights:  80%|████████  | 569/707 [00:42<00:08, 16.86it/s]
[1ALoading weights:  81%|████████  | 574/707 [00:42<00:06, 21.70it/s]
[1ALoading weights:  82%|████████▏ | 577/707 [00:43<00:07, 17.21it/s]
[1ALoading weights:  82%|████████▏ | 580/707 [00:43<00:07, 17.49it/s]
[1ALoading weights:  83%|████████▎ | 585/707 [00:43<00:06, 17.99it/s]
[1ALoading weights:  83%|████████▎ | 588/707 [00:43<00:06, 18.23it/s]
[1ALoading weights:  83%|████████▎ | 590/707 [00:43<00:07, 16.43it/s]
[1ALoading weights:  84%|████████▍ | 594/707 [00:44<00:07, 16.10it/s]
[1ALoading weights:  85%|████████▍ | 599/707 [00:44<00:06, 15.69it/s]
[1ALoading weights:  86%|████████▌ | 606/707 [00:44<00:04, 23.32it/s]
[1ALoading weights:  86%|████████▋ | 610/707 [00:44<00:04, 19.63it/s]
[1ALoading weights:  87%|████████▋ | 613/707 [00:45<00:05, 18.60it/s]
[1ALoading weights:  88%|████████▊ | 619/707 [00:45<00:04, 20.04it/s]
[1ALoading weights:  88%|████████▊ | 622/707 [00:45<00:05, 16.30it/s]
[1ALoading weights:  89%|████████▉ | 629/707 [00:45<00:03, 23.70it/s]
[1ALoading weights:  90%|████████▉ | 633/707 [00:46<00:04, 15.88it/s]
[1ALoading weights:  91%|█████████ | 640/707 [00:46<00:02, 22.59it/s]
[1ALoading weights:  91%|█████████ | 644/707 [00:46<00:03, 16.29it/s]
[1ALoading weights:  92%|█████████▏| 650/707 [00:46<00:02, 21.45it/s]
[1ALoading weights:  93%|█████████▎| 654/707 [00:47<00:02, 18.86it/s]
[1ALoading weights:  93%|█████████▎| 658/707 [00:47<00:02, 19.41it/s]
[1ALoading weights:  94%|█████████▎| 662/707 [00:47<00:02, 22.00it/s]
[1ALoading weights:  94%|█████████▍| 665/707 [00:47<00:02, 14.76it/s]
[1ALoading weights:  95%|█████████▍| 671/707 [00:48<00:01, 20.33it/s]
[1ALoading weights:  95%|█████████▌| 675/707 [00:48<00:01, 23.07it/s]
[1ALoading weights:  96%|█████████▌| 679/707 [00:48<00:01, 18.93it/s]
[1ALoading weights:  97%|█████████▋| 684/707 [00:48<00:00, 23.37it/s]
[1ALoading weights:  97%|█████████▋| 688/707 [00:48<00:01, 16.11it/s]
[1ALoading weights:  98%|█████████▊| 695/707 [00:49<00:00, 22.53it/s]
[1ALoading weights:  99%|█████████▉| 699/707 [00:49<00:00, 16.36it/s]
[1ALoading weights: 100%|█████████▉| 704/707 [00:49<00:00, 20.48it/s]Loading weights: 100%|██████████| 707/707 [00:49<00:00, 14.23it/s]
= model loaded: bf16
[transformers] warmup_ratio is deprecated and will be removed in v5.2. Use `warmup_steps` instead.
[RANK 0] Detected kernel version 4.19.0, which is below the recommended minimum of 5.5.0; this can cause the process to hang. It is recommended to upgrade the kernel to the minimum version or higher.

[1A  0%|          | 0/1041 [00:00<?, ?it/s]
[1A  0%|          | 1/1041 [00:18<5:27:43, 18.91s/it]
[1A                                                  
{'loss': '1.228', 'grad_norm': '1.171', 'learning_rate': '0', 'epoch': '0.002886'}
[1A
[1A  0%|          | 1/1041 [00:18<5:27:43, 18.91s/it]
[1A  0%|          | 2/1041 [00:33<4:41:24, 16.25s/it]
[1A                                                  
{'loss': '1.079', 'grad_norm': '1.07', 'learning_rate': '6.25e-06', 'epoch': '0.005772'}
[1A
[1A  0%|          | 2/1041 [00:33<4:41:24, 16.25s/it]
[1A  0%|          | 3/1041 [00:47<4:23:33, 15.23s/it]
[1A                                                  
{'loss': '1.192', 'grad_norm': '1.03', 'learning_rate': '1.25e-05', 'epoch': '0.008658'}
[1A
[1A  0%|          | 3/1041 [00:47<4:23:33, 15.23s/it]
[1A  0%|          | 4/1041 [01:01<4:15:07, 14.76s/it]
[1A                                                  
{'loss': '1.165', 'grad_norm': '1.302', 'learning_rate': '1.875e-05', 'epoch': '0.01154'}
[1A
[1A  0%|          | 4/1041 [01:01<4:15:07, 14.76s/it]
[1A  0%|          | 5/1041 [01:15<4:10:03, 14.48s/it]
[1A                                                  
{'loss': '1.35', 'grad_norm': '1.255', 'learning_rate': '2.5e-05', 'epoch': '0.01443'}
[1A
[1A  0%|          | 5/1041 [01:15<4:10:03, 14.48s/it]
[1A  1%|          | 6/1041 [01:29<4:06:11, 14.27s/it]
[1A                                                  
{'loss': '1.086', 'grad_norm': '1.146', 'learning_rate': '3.125e-05', 'epoch': '0.01732'}
[1A
[1A  1%|          | 6/1041 [01:29<4:06:11, 14.27s/it]
[1A  1%|          | 7/1041 [01:43<4:04:10, 14.17s/it]
[1A                                                  
{'loss': '1.303', 'grad_norm': '1.426', 'learning_rate': '3.75e-05', 'epoch': '0.0202'}
[1A
[1A  1%|          | 7/1041 [01:43<4:04:10, 14.17s/it]
[1A  1%|          | 8/1041 [01:57<4:02:31, 14.09s/it]
[1A                                                  
{'loss': '1.212', 'grad_norm': '1.285', 'learning_rate': '4.375e-05', 'epoch': '0.02309'}
[1A
[1A  1%|          | 8/1041 [01:57<4:02:31, 14.09s/it]
[1A  1%|          | 9/1041 [02:11<4:05:00, 14.24s/it]
[1A                                                  
{'loss': '1.113', 'grad_norm': '1.2', 'learning_rate': '5e-05', 'epoch': '0.02597'}
[1A
[1A  1%|          | 9/1041 [02:11<4:05:00, 14.24s/it]
[1A  1%|          | 10/1041 [02:25<4:04:37, 14.24s/it]
[1A                                                   
{'loss': '0.9766', 'grad_norm': '1.154', 'learning_rate': '5.625e-05', 'epoch': '0.02886'}
[1A
[1A  1%|          | 10/1041 [02:25<4:04:37, 14.24s/it]
[1A  1%|          | 11/1041 [02:39<4:02:27, 14.12s/it]
[1A                                                   
{'loss': '0.9365', 'grad_norm': '1.212', 'learning_rate': '6.25e-05', 'epoch': '0.03175'}
[1A
[1A  1%|          | 11/1041 [02:39<4:02:27, 14.12s/it]
[1A  1%|          | 12/1041 [02:54<4:03:46, 14.21s/it]
[1A                                                   
{'loss': '0.9089', 'grad_norm': '1.089', 'learning_rate': '6.875e-05', 'epoch': '0.03463'}
[1A
[1A  1%|          | 12/1041 [02:54<4:03:46, 14.21s/it]
[1A  1%|          | 13/1041 [03:07<4:01:05, 14.07s/it]
[1A                                                   
{'loss': '0.8081', 'grad_norm': '0.9136', 'learning_rate': '7.5e-05', 'epoch': '0.03752'}
[1A
[1A  1%|          | 13/1041 [03:07<4:01:05, 14.07s/it]
[1A  1%|▏         | 14/1041 [03:22<4:03:01, 14.20s/it]
[1A                                                   
{'loss': '0.7737', 'grad_norm': '0.9571', 'learning_rate': '8.125e-05', 'epoch': '0.0404'}
[1A
[1A  1%|▏         | 14/1041 [03:22<4:03:01, 14.20s/it]
[1A  1%|▏         | 15/1041 [03:36<4:03:11, 14.22s/it]
[1A                                                   
{'loss': '0.6289', 'grad_norm': '1.041', 'learning_rate': '8.75e-05', 'epoch': '0.04329'}
[1A
[1A  1%|▏         | 15/1041 [03:36<4:03:11, 14.22s/it]
[1A  2%|▏         | 16/1041 [03:51<4:03:51, 14.27s/it]
[1A                                                   
{'loss': '0.443', 'grad_norm': '0.7994', 'learning_rate': '9.375e-05', 'epoch': '0.04618'}
[1A
[1A  2%|▏         | 16/1041 [03:51<4:03:51, 14.27s/it]
[1A  2%|▏         | 17/1041 [04:05<4:02:29, 14.21s/it]
[1A                                                   
{'loss': '0.3457', 'grad_norm': '1.112', 'learning_rate': '0.0001', 'epoch': '0.04906'}
[1A
[1A  2%|▏         | 17/1041 [04:05<4:02:29, 14.21s/it]
[1A  2%|▏         | 18/1041 [04:19<4:02:20, 14.21s/it]
[1A                                                   
{'loss': '0.2688', 'grad_norm': '0.9058', 'learning_rate': '0.0001063', 'epoch': '0.05195'}
[1A
[1A  2%|▏         | 18/1041 [04:19<4:02:20, 14.21s/it]
[1A  2%|▏         | 19/1041 [04:34<4:04:29, 14.35s/it]
[1A                                                   
{'loss': '0.2715', 'grad_norm': '0.8386', 'learning_rate': '0.0001125', 'epoch': '0.05483'}
[1A
[1A  2%|▏         | 19/1041 [04:34<4:04:29, 14.35s/it]
[1A  2%|▏         | 20/1041 [04:48<4:04:15, 14.35s/it]
[1A                                                   
{'loss': '0.2614', 'grad_norm': '0.9664', 'learning_rate': '0.0001187', 'epoch': '0.05772'}
[1A
[1A  2%|▏         | 20/1041 [04:48<4:04:15, 14.35s/it]
[1A  2%|▏         | 21/1041 [05:02<4:00:52, 14.17s/it]
[1A                                                   
{'loss': '0.2125', 'grad_norm': '0.6983', 'learning_rate': '0.000125', 'epoch': '0.06061'}
[1A
[1A  2%|▏         | 21/1041 [05:02<4:00:52, 14.17s/it]
[1A  2%|▏         | 22/1041 [05:17<4:04:10, 14.38s/it]
[1A                                                   
{'loss': '0.2562', 'grad_norm': '1.016', 'learning_rate': '0.0001313', 'epoch': '0.06349'}
[1A
[1A  2%|▏         | 22/1041 [05:17<4:04:10, 14.38s/it]
[1A  2%|▏         | 23/1041 [05:32<4:09:04, 14.68s/it]                                                   
{'loss': '0.1931', 'grad_norm': '0.7559', 'learning_rate': '0.0001375', 'epoch': '0.06638'}
[1A  2%|▏         | 23/1041 [05:32<4:09:04, 14.68s/it]
[1A  2%|▏         | 24/1041 [05:46<4:08:17, 14.65s/it]
[1A                                                   
{'loss': '0.2024', 'grad_norm': '0.5795', 'learning_rate': '0.0001437', 'epoch': '0.06926'}
[1A
[1A  2%|▏         | 24/1041 [05:46<4:08:17, 14.65s/it]
[1A  2%|▏         | 25/1041 [06:01<4:07:57, 14.64s/it]
[1A                                                   
{'loss': '0.1375', 'grad_norm': '0.7437', 'learning_rate': '0.00015', 'epoch': '0.07215'}
[1A
[1A  2%|▏         | 25/1041 [06:01<4:07:57, 14.64s/it]
[1A  2%|▏         | 26/1041 [06:16<4:07:39, 14.64s/it]
[1A                                                   
{'loss': '0.12', 'grad_norm': '0.8046', 'learning_rate': '0.0001563', 'epoch': '0.07504'}
[1A
[1A  2%|▏         | 26/1041 [06:16<4:07:39, 14.64s/it]
[1A  3%|▎         | 27/1041 [06:30<4:03:07, 14.39s/it]
[1A                                                   
{'loss': '0.03969', 'grad_norm': '0.7114', 'learning_rate': '0.0001625', 'epoch': '0.07792'}
[1A
[1A  3%|▎         | 27/1041 [06:30<4:03:07, 14.39s/it]
[1A  3%|▎         | 28/1041 [06:44<4:03:22, 14.42s/it]
[1A                                                   
{'loss': '0.09864', 'grad_norm': '0.3819', 'learning_rate': '0.0001688', 'epoch': '0.08081'}
[1A
[1A  3%|▎         | 28/1041 [06:44<4:03:22, 14.42s/it]
[1A  3%|▎         | 29/1041 [06:58<4:01:06, 14.30s/it]
[1A                                                   
{'loss': '0.05061', 'grad_norm': '0.3742', 'learning_rate': '0.000175', 'epoch': '0.08369'}
[1A
[1A  3%|▎         | 29/1041 [06:58<4:01:06, 14.30s/it]
[1A  3%|▎         | 30/1041 [07:12<3:58:51, 14.18s/it]
[1A                                                   
{'loss': '0.0139', 'grad_norm': '0.2465', 'learning_rate': '0.0001813', 'epoch': '0.08658'}
[1A
[1A  3%|▎         | 30/1041 [07:12<3:58:51, 14.18s/it]
[1A  3%|▎         | 31/1041 [07:26<3:57:12, 14.09s/it]
[1A                                                   
{'loss': '0.03174', 'grad_norm': '0.8489', 'learning_rate': '0.0001875', 'epoch': '0.08947'}
[1A
[1A  3%|▎         | 31/1041 [07:26<3:57:12, 14.09s/it]
[1A  3%|▎         | 32/1041 [07:41<4:00:38, 14.31s/it]
[1A                                                   
{'loss': '0.1054', 'grad_norm': '1.058', 'learning_rate': '0.0001938', 'epoch': '0.09235'}
[1A
[1A  3%|▎         | 32/1041 [07:41<4:00:38, 14.31s/it]
[1A  3%|▎         | 33/1041 [07:55<4:01:11, 14.36s/it]
[1A                                                   
{'loss': '0.01611', 'grad_norm': '0.3226', 'learning_rate': '0.0002', 'epoch': '0.09524'}
[1A
[1A  3%|▎         | 33/1041 [07:55<4:01:11, 14.36s/it]
[1A  3%|▎         | 34/1041 [08:09<3:59:28, 14.27s/it]
[1A                                                   
{'loss': '0.02473', 'grad_norm': '0.4259', 'learning_rate': '0.0002', 'epoch': '0.09812'}
[1A
[1A  3%|▎         | 34/1041 [08:09<3:59:28, 14.27s/it]
[1A  3%|▎         | 35/1041 [08:23<3:57:34, 14.17s/it]
[1A                                                   
{'loss': '0.07199', 'grad_norm': '0.7311', 'learning_rate': '0.0002', 'epoch': '0.101'}
[1A
[1A  3%|▎         | 35/1041 [08:23<3:57:34, 14.17s/it]
[1A  3%|▎         | 36/1041 [08:38<4:03:28, 14.54s/it]
[1A                                                   
{'loss': '0.05365', 'grad_norm': '1.017', 'learning_rate': '0.0002', 'epoch': '0.1039'}
[1A
[1A  3%|▎         | 36/1041 [08:38<4:03:28, 14.54s/it]
[1A  4%|▎         | 37/1041 [08:52<3:58:23, 14.25s/it]
[1A                                                   
{'loss': '0.03924', 'grad_norm': '0.8862', 'learning_rate': '0.0002', 'epoch': '0.1068'}
[1A
[1A  4%|▎         | 37/1041 [08:52<3:58:23, 14.25s/it]
[1A  4%|▎         | 38/1041 [09:07<4:02:29, 14.51s/it]
[1A                                                   
{'loss': '0.03069', 'grad_norm': '1.494', 'learning_rate': '0.0002', 'epoch': '0.1097'}
[1A
[1A  4%|▎         | 38/1041 [09:07<4:02:29, 14.51s/it]
[1A  4%|▎         | 39/1041 [09:22<4:01:50, 14.48s/it]
[1A                                                   
{'loss': '0.03361', 'grad_norm': '0.7199', 'learning_rate': '0.0002', 'epoch': '0.1126'}
[1A
[1A  4%|▎         | 39/1041 [09:22<4:01:50, 14.48s/it]
[1A  4%|▍         | 40/1041 [09:36<4:00:57, 14.44s/it]
[1A                                                   
{'loss': '0.005227', 'grad_norm': '0.1616', 'learning_rate': '0.0002', 'epoch': '0.1154'}
[1A
[1A  4%|▍         | 40/1041 [09:36<4:00:57, 14.44s/it]
[1A  4%|▍         | 41/1041 [09:50<4:00:41, 14.44s/it]
[1A                                                   
{'loss': '0.06223', 'grad_norm': '0.7434', 'learning_rate': '0.0002', 'epoch': '0.1183'}
[1A
[1A  4%|▍         | 41/1041 [09:50<4:00:41, 14.44s/it]
[1A  4%|▍         | 42/1041 [10:05<3:59:48, 14.40s/it]
[1A                                                   
{'loss': '0.006937', 'grad_norm': '0.1376', 'learning_rate': '0.0002', 'epoch': '0.1212'}
[1A
[1A  4%|▍         | 42/1041 [10:05<3:59:48, 14.40s/it]
[1A  4%|▍         | 43/1041 [10:19<4:01:04, 14.49s/it]
[1A                                                   
{'loss': '0.02203', 'grad_norm': '0.2267', 'learning_rate': '0.0002', 'epoch': '0.1241'}
[1A
[1A  4%|▍         | 43/1041 [10:19<4:01:04, 14.49s/it]
[1A  4%|▍         | 44/1041 [10:34<4:00:41, 14.48s/it]
[1A                                                   
{'loss': '0.03356', 'grad_norm': '0.3844', 'learning_rate': '0.0001999', 'epoch': '0.127'}
[1A
[1A  4%|▍         | 44/1041 [10:34<4:00:41, 14.48s/it]
[1A  4%|▍         | 45/1041 [10:48<4:00:54, 14.51s/it]
[1A                                                   
{'loss': '0.03434', 'grad_norm': '0.471', 'learning_rate': '0.0001999', 'epoch': '0.1299'}
[1A
[1A  4%|▍         | 45/1041 [10:48<4:00:54, 14.51s/it]
[1A  4%|▍         | 46/1041 [11:02<3:55:03, 14.17s/it]
[1A                                                   
{'loss': '0.01663', 'grad_norm': '0.6798', 'learning_rate': '0.0001999', 'epoch': '0.1328'}
[1A
[1A  4%|▍         | 46/1041 [11:02<3:55:03, 14.17s/it]
[1A  5%|▍         | 47/1041 [11:17<3:58:03, 14.37s/it]
[1A                                                   
{'loss': '0.03764', 'grad_norm': '0.4843', 'learning_rate': '0.0001999', 'epoch': '0.1356'}
[1A
[1A  5%|▍         | 47/1041 [11:17<3:58:03, 14.37s/it]
[1A  5%|▍         | 48/1041 [11:31<3:56:36, 14.30s/it]
[1A                                                   
{'loss': '0.004483', 'grad_norm': '0.1017', 'learning_rate': '0.0001999', 'epoch': '0.1385'}
[1A
[1A  5%|▍         | 48/1041 [11:31<3:56:36, 14.30s/it]
[1A  5%|▍         | 49/1041 [11:45<3:56:13, 14.29s/it]
[1A                                                   
{'loss': '0.005317', 'grad_norm': '0.09746', 'learning_rate': '0.0001999', 'epoch': '0.1414'}
[1A
[1A  5%|▍         | 49/1041 [11:45<3:56:13, 14.29s/it]
[1A  5%|▍         | 50/1041 [12:00<3:57:01, 14.35s/it]
[1A                                                   
{'loss': '0.009517', 'grad_norm': '0.1221', 'learning_rate': '0.0001999', 'epoch': '0.1443'}
[1A
[1A  5%|▍         | 50/1041 [12:00<3:57:01, 14.35s/it]
[1A  5%|▍         | 51/1041 [12:14<3:59:13, 14.50s/it]
[1A                                                   
{'loss': '0.02138', 'grad_norm': '0.243', 'learning_rate': '0.0001998', 'epoch': '0.1472'}
[1A
[1A  5%|▍         | 51/1041 [12:14<3:59:13, 14.50s/it]
[1A  5%|▍         | 52/1041 [12:29<3:57:31, 14.41s/it]
[1A                                                   
{'loss': '0.0232', 'grad_norm': '0.3227', 'learning_rate': '0.0001998', 'epoch': '0.1501'}
[1A
[1A  5%|▍         | 52/1041 [12:29<3:57:31, 14.41s/it]
[1A  5%|▌         | 53/1041 [12:43<3:57:35, 14.43s/it]
[1A                                                   
{'loss': '0.003109', 'grad_norm': '0.0483', 'learning_rate': '0.0001998', 'epoch': '0.153'}
[1A
[1A  5%|▌         | 53/1041 [12:43<3:57:35, 14.43s/it]
[1A  5%|▌         | 54/1041 [12:57<3:55:11, 14.30s/it]
[1A                                                   
{'loss': '0.002782', 'grad_norm': '0.05717', 'learning_rate': '0.0001998', 'epoch': '0.1558'}
[1A
[1A  5%|▌         | 54/1041 [12:57<3:55:11, 14.30s/it]
[1A  5%|▌         | 55/1041 [13:11<3:51:44, 14.10s/it]
[1A                                                   
{'loss': '0.02114', 'grad_norm': '0.4884', 'learning_rate': '0.0001998', 'epoch': '0.1587'}
[1A
[1A  5%|▌         | 55/1041 [13:11<3:51:44, 14.10s/it]
[1A  5%|▌         | 56/1041 [13:24<3:49:21, 13.97s/it]
[1A                                                   
{'loss': '0.001072', 'grad_norm': '0.02156', 'learning_rate': '0.0001997', 'epoch': '0.1616'}
[1A
[1A  5%|▌         | 56/1041 [13:24<3:49:21, 13.97s/it]
[1A  5%|▌         | 57/1041 [13:38<3:47:58, 13.90s/it]
[1A                                                   
{'loss': '0.002326', 'grad_norm': '0.04346', 'learning_rate': '0.0001997', 'epoch': '0.1645'}
[1A
[1A  5%|▌         | 57/1041 [13:38<3:47:58, 13.90s/it]
[1A  6%|▌         | 58/1041 [13:52<3:49:03, 13.98s/it]
[1A                                                   
{'loss': '0.0135', 'grad_norm': '0.4857', 'learning_rate': '0.0001997', 'epoch': '0.1674'}
[1A
[1A  6%|▌         | 58/1041 [13:52<3:49:03, 13.98s/it]
[1A  6%|▌         | 59/1041 [14:07<3:51:46, 14.16s/it]
[1A                                                   
{'loss': '0.02694', 'grad_norm': '0.3347', 'learning_rate': '0.0001997', 'epoch': '0.1703'}
[1A
[1A  6%|▌         | 59/1041 [14:07<3:51:46, 14.16s/it]
[1A  6%|▌         | 60/1041 [14:21<3:50:56, 14.13s/it]
[1A                                                   
{'loss': '0.01872', 'grad_norm': '0.4119', 'learning_rate': '0.0001996', 'epoch': '0.1732'}
[1A
[1A  6%|▌         | 60/1041 [14:21<3:50:56, 14.13s/it]
[1A  6%|▌         | 61/1041 [14:35<3:50:15, 14.10s/it]
[1A                                                   
{'loss': '0.001423', 'grad_norm': '0.03546', 'learning_rate': '0.0001996', 'epoch': '0.176'}
[1A
[1A  6%|▌         | 61/1041 [14:35<3:50:15, 14.10s/it]
[1A  6%|▌         | 62/1041 [14:50<3:52:21, 14.24s/it]
[1A                                                   
{'loss': '0.03195', 'grad_norm': '0.4531', 'learning_rate': '0.0001996', 'epoch': '0.1789'}
[1A
[1A  6%|▌         | 62/1041 [14:50<3:52:21, 14.24s/it]
[1A  6%|▌         | 63/1041 [15:04<3:54:42, 14.40s/it]
[1A                                                   
{'loss': '0.0059', 'grad_norm': '0.06886', 'learning_rate': '0.0001996', 'epoch': '0.1818'}
[1A
[1A  6%|▌         | 63/1041 [15:04<3:54:42, 14.40s/it]
[1A  6%|▌         | 64/1041 [15:19<3:54:56, 14.43s/it]
[1A                                                   
{'loss': '0.005423', 'grad_norm': '0.2393', 'learning_rate': '0.0001995', 'epoch': '0.1847'}
[1A
[1A  6%|▌         | 64/1041 [15:19<3:54:56, 14.43s/it]
[1A  6%|▌         | 65/1041 [15:32<3:51:02, 14.20s/it]
[1A                                                   
{'loss': '0.001925', 'grad_norm': '0.04308', 'learning_rate': '0.0001995', 'epoch': '0.1876'}
[1A
[1A  6%|▌         | 65/1041 [15:32<3:51:02, 14.20s/it]
[1A  6%|▋         | 66/1041 [15:47<3:53:01, 14.34s/it]
[1A                                                   
{'loss': '0.003216', 'grad_norm': '0.07986', 'learning_rate': '0.0001995', 'epoch': '0.1905'}
[1A
[1A  6%|▋         | 66/1041 [15:47<3:53:01, 14.34s/it]
[1A  6%|▋         | 67/1041 [16:01<3:50:56, 14.23s/it]
[1A                                                   
{'loss': '0.003923', 'grad_norm': '0.1085', 'learning_rate': '0.0001994', 'epoch': '0.1934'}
[1A
[1A  6%|▋         | 67/1041 [16:01<3:50:56, 14.23s/it]
[1A  7%|▋         | 68/1041 [16:15<3:51:28, 14.27s/it]
[1A                                                   
{'loss': '0.005531', 'grad_norm': '0.1035', 'learning_rate': '0.0001994', 'epoch': '0.1962'}
[1A
[1A  7%|▋         | 68/1041 [16:15<3:51:28, 14.27s/it]
[1A  7%|▋         | 69/1041 [16:30<3:51:22, 14.28s/it]
[1A                                                   
{'loss': '0.001275', 'grad_norm': '0.03035', 'learning_rate': '0.0001994', 'epoch': '0.1991'}
[1A
[1A  7%|▋         | 69/1041 [16:30<3:51:22, 14.28s/it]
[1A  7%|▋         | 70/1041 [16:43<3:46:56, 14.02s/it]
[1A                                                   
{'loss': '0.001276', 'grad_norm': '0.04846', 'learning_rate': '0.0001993', 'epoch': '0.202'}
[1A
[1A  7%|▋         | 70/1041 [16:43<3:46:56, 14.02s/it]
[1A  7%|▋         | 71/1041 [16:57<3:46:44, 14.03s/it]
[1A                                                   
{'loss': '0.0003407', 'grad_norm': '0.004405', 'learning_rate': '0.0001993', 'epoch': '0.2049'}
[1A
[1A  7%|▋         | 71/1041 [16:57<3:46:44, 14.03s/it]
[1A  7%|▋         | 72/1041 [17:12<3:49:53, 14.24s/it]
[1A                                                   
{'loss': '0.0196', 'grad_norm': '0.2322', 'learning_rate': '0.0001993', 'epoch': '0.2078'}
[1A
[1A  7%|▋         | 72/1041 [17:12<3:49:53, 14.24s/it]
[1A  7%|▋         | 73/1041 [17:26<3:50:28, 14.29s/it]
[1A                                                   
{'loss': '0.001632', 'grad_norm': '0.06765', 'learning_rate': '0.0001992', 'epoch': '0.2107'}
[1A
[1A  7%|▋         | 73/1041 [17:26<3:50:28, 14.29s/it]
[1A  7%|▋         | 74/1041 [17:41<3:51:23, 14.36s/it]
[1A                                                   
{'loss': '0.01398', 'grad_norm': '0.1936', 'learning_rate': '0.0001992', 'epoch': '0.2136'}
[1A
[1A  7%|▋         | 74/1041 [17:41<3:51:23, 14.36s/it]
[1A  7%|▋         | 75/1041 [17:56<3:54:41, 14.58s/it]
[1A                                                   
{'loss': '0.009451', 'grad_norm': '0.1336', 'learning_rate': '0.0001991', 'epoch': '0.2165'}
[1A
[1A  7%|▋         | 75/1041 [17:56<3:54:41, 14.58s/it]
[1A  7%|▋         | 76/1041 [18:10<3:53:15, 14.50s/it]
[1A                                                   
{'loss': '0.006062', 'grad_norm': '0.1516', 'learning_rate': '0.0001991', 'epoch': '0.2193'}
[1A
[1A  7%|▋         | 76/1041 [18:10<3:53:15, 14.50s/it]
[1A  7%|▋         | 77/1041 [18:25<3:54:48, 14.61s/it]
[1A                                                   
{'loss': '0.0009368', 'grad_norm': '0.02466', 'learning_rate': '0.0001991', 'epoch': '0.2222'}
[1A
[1A  7%|▋         | 77/1041 [18:25<3:54:48, 14.61s/it]
[1A  7%|▋         | 78/1041 [18:39<3:52:09, 14.46s/it]
[1A                                                   
{'loss': '0.006458', 'grad_norm': '0.2373', 'learning_rate': '0.000199', 'epoch': '0.2251'}
[1A
[1A  7%|▋         | 78/1041 [18:39<3:52:09, 14.46s/it]
[1A  8%|▊         | 79/1041 [18:54<3:54:51, 14.65s/it]
[1A                                                   
{'loss': '0.001939', 'grad_norm': '0.07352', 'learning_rate': '0.000199', 'epoch': '0.228'}
[1A
[1A  8%|▊         | 79/1041 [18:54<3:54:51, 14.65s/it]
[1A  8%|▊         | 80/1041 [19:08<3:47:51, 14.23s/it]
[1A                                                   
{'loss': '0.000308', 'grad_norm': '0.008938', 'learning_rate': '0.0001989', 'epoch': '0.2309'}
[1A
[1A  8%|▊         | 80/1041 [19:08<3:47:51, 14.23s/it]
[1A  8%|▊         | 81/1041 [19:23<3:51:29, 14.47s/it]
[1A                                                   
{'loss': '0.003744', 'grad_norm': '0.1472', 'learning_rate': '0.0001989', 'epoch': '0.2338'}
[1A
[1A  8%|▊         | 81/1041 [19:23<3:51:29, 14.47s/it]
[1A  8%|▊         | 82/1041 [19:38<3:53:21, 14.60s/it]
[1A                                                   
{'loss': '0.00179', 'grad_norm': '0.06316', 'learning_rate': '0.0001988', 'epoch': '0.2367'}
[1A
[1A  8%|▊         | 82/1041 [19:38<3:53:21, 14.60s/it]
[1A  8%|▊         | 83/1041 [19:52<3:51:26, 14.50s/it]
[1A                                                   
{'loss': '0.0005074', 'grad_norm': '0.01421', 'learning_rate': '0.0001988', 'epoch': '0.2395'}
[1A
[1A  8%|▊         | 83/1041 [19:52<3:51:26, 14.50s/it]
[1A  8%|▊         | 84/1041 [20:06<3:50:14, 14.44s/it]
[1A                                                   
{'loss': '0.0004092', 'grad_norm': '0.006868', 'learning_rate': '0.0001987', 'epoch': '0.2424'}
[1A
[1A  8%|▊         | 84/1041 [20:06<3:50:14, 14.44s/it]
[1A  8%|▊         | 85/1041 [20:21<3:52:22, 14.58s/it]
[1A                                                   
{'loss': '0.006434', 'grad_norm': '0.07741', 'learning_rate': '0.0001987', 'epoch': '0.2453'}
[1A
[1A  8%|▊         | 85/1041 [20:21<3:52:22, 14.58s/it]
[1A  8%|▊         | 86/1041 [20:35<3:51:17, 14.53s/it]
[1A                                                   
{'loss': '0.005871', 'grad_norm': '0.2289', 'learning_rate': '0.0001986', 'epoch': '0.2482'}
[1A
[1A  8%|▊         | 86/1041 [20:35<3:51:17, 14.53s/it]
[1A  8%|▊         | 87/1041 [20:50<3:53:17, 14.67s/it]
[1A                                                   
{'loss': '0.0004657', 'grad_norm': '0.01021', 'learning_rate': '0.0001986', 'epoch': '0.2511'}
[1A
[1A  8%|▊         | 87/1041 [20:50<3:53:17, 14.67s/it]
[1A  8%|▊         | 88/1041 [21:04<3:48:33, 14.39s/it]
[1A                                                   
{'loss': '0.00162', 'grad_norm': '0.09113', 'learning_rate': '0.0001985', 'epoch': '0.254'}
[1A
[1A  8%|▊         | 88/1041 [21:04<3:48:33, 14.39s/it]
[1A  9%|▊         | 89/1041 [21:19<3:48:18, 14.39s/it]
[1A                                                   
{'loss': '0.001253', 'grad_norm': '0.05957', 'learning_rate': '0.0001985', 'epoch': '0.2569'}
[1A
[1A  9%|▊         | 89/1041 [21:19<3:48:18, 14.39s/it]
[1A  9%|▊         | 90/1041 [21:33<3:46:49, 14.31s/it]
[1A                                                   
{'loss': '0.0004054', 'grad_norm': '0.01032', 'learning_rate': '0.0001984', 'epoch': '0.2597'}
[1A
[1A  9%|▊         | 90/1041 [21:33<3:46:49, 14.31s/it]
[1A  9%|▊         | 91/1041 [21:47<3:48:08, 14.41s/it]
[1A                                                   
{'loss': '0.000521', 'grad_norm': '0.01358', 'learning_rate': '0.0001984', 'epoch': '0.2626'}
[1A
[1A  9%|▊         | 91/1041 [21:47<3:48:08, 14.41s/it]
[1A  9%|▉         | 92/1041 [22:01<3:43:14, 14.11s/it]
[1A                                                   
{'loss': '5.757e-05', 'grad_norm': '0.0009074', 'learning_rate': '0.0001983', 'epoch': '0.2655'}
[1A
[1A  9%|▉         | 92/1041 [22:01<3:43:14, 14.11s/it]
[1A  9%|▉         | 93/1041 [22:15<3:45:12, 14.25s/it]
[1A                                                   
{'loss': '0.0002096', 'grad_norm': '0.003486', 'learning_rate': '0.0001983', 'epoch': '0.2684'}
[1A
[1A  9%|▉         | 93/1041 [22:15<3:45:12, 14.25s/it]
[1A  9%|▉         | 94/1041 [22:29<3:44:17, 14.21s/it]
[1A                                                   
{'loss': '0.000612', 'grad_norm': '0.02642', 'learning_rate': '0.0001982', 'epoch': '0.2713'}
[1A
[1A  9%|▉         | 94/1041 [22:29<3:44:17, 14.21s/it]
[1A  9%|▉         | 95/1041 [22:44<3:46:13, 14.35s/it]
[1A                                                   
{'loss': '0.001799', 'grad_norm': '0.07166', 'learning_rate': '0.0001981', 'epoch': '0.2742'}
[1A
[1A  9%|▉         | 95/1041 [22:44<3:46:13, 14.35s/it]
[1A  9%|▉         | 96/1041 [22:58<3:46:01, 14.35s/it]
[1A                                                   
{'loss': '0.0007244', 'grad_norm': '0.03013', 'learning_rate': '0.0001981', 'epoch': '0.2771'}
[1A
[1A  9%|▉         | 96/1041 [22:58<3:46:01, 14.35s/it]
[1A  9%|▉         | 97/1041 [23:12<3:41:09, 14.06s/it]
[1A                                                   
{'loss': '3.592e-05', 'grad_norm': '0.0004522', 'learning_rate': '0.000198', 'epoch': '0.2799'}
[1A
[1A  9%|▉         | 97/1041 [23:12<3:41:09, 14.06s/it]
[1A  9%|▉         | 98/1041 [23:26<3:41:40, 14.10s/it]
[1A                                                   
{'loss': '0.0004515', 'grad_norm': '0.0146', 'learning_rate': '0.000198', 'epoch': '0.2828'}
[1A
[1A  9%|▉         | 98/1041 [23:26<3:41:40, 14.10s/it]
[1A 10%|▉         | 99/1041 [23:40<3:43:02, 14.21s/it]
[1A                                                   
{'loss': '7.921e-05', 'grad_norm': '0.00102', 'learning_rate': '0.0001979', 'epoch': '0.2857'}
[1A
[1A 10%|▉         | 99/1041 [23:40<3:43:02, 14.21s/it]
[1A 10%|▉         | 100/1041 [24:03<4:21:18, 16.66s/it]
[1A                                                    
{'loss': '2.747e-05', 'grad_norm': '0.0003662', 'learning_rate': '0.0001978', 'epoch': '0.2886'}
[1A
[1A 10%|▉         | 100/1041 [24:03<4:21:18, 16.66s/it]
[1A 10%|▉         | 101/1041 [24:17<4:10:10, 15.97s/it]
[1A                                                    
{'loss': '0.005573', 'grad_norm': '0.2777', 'learning_rate': '0.0001978', 'epoch': '0.2915'}
[1A
[1A 10%|▉         | 101/1041 [24:17<4:10:10, 15.97s/it]
[1A 10%|▉         | 102/1041 [24:32<4:02:28, 15.49s/it]
[1A                                                    
{'loss': '0.0002026', 'grad_norm': '0.003622', 'learning_rate': '0.0001977', 'epoch': '0.2944'}
[1A
[1A 10%|▉         | 102/1041 [24:32<4:02:28, 15.49s/it]
[1A 10%|▉         | 103/1041 [24:45<3:54:20, 14.99s/it]
[1A                                                    
{'loss': '0.0002581', 'grad_norm': '0.007949', 'learning_rate': '0.0001976', 'epoch': '0.2973'}
[1A
[1A 10%|▉         | 103/1041 [24:45<3:54:20, 14.99s/it]
[1A 10%|▉         | 104/1041 [25:00<3:51:37, 14.83s/it]
[1A                                                    
{'loss': '0.01061', 'grad_norm': '0.2953', 'learning_rate': '0.0001976', 'epoch': '0.3001'}
[1A
[1A 10%|▉         | 104/1041 [25:00<3:51:37, 14.83s/it]
[1A 10%|█         | 105/1041 [25:14<3:48:01, 14.62s/it]
[1A                                                    
{'loss': '0.0001745', 'grad_norm': '0.005218', 'learning_rate': '0.0001975', 'epoch': '0.303'}
[1A
[1A 10%|█         | 105/1041 [25:14<3:48:01, 14.62s/it]
[1A 10%|█         | 106/1041 [25:29<3:48:32, 14.67s/it]
[1A                                                    
{'loss': '0.0001444', 'grad_norm': '0.004639', 'learning_rate': '0.0001974', 'epoch': '0.3059'}
[1A
[1A 10%|█         | 106/1041 [25:29<3:48:32, 14.67s/it]
[1A 10%|█         | 107/1041 [25:43<3:45:17, 14.47s/it]
[1A                                                    
{'loss': '0.0003871', 'grad_norm': '0.03109', 'learning_rate': '0.0001974', 'epoch': '0.3088'}
[1A
[1A 10%|█         | 107/1041 [25:43<3:45:17, 14.47s/it]
[1A 10%|█         | 108/1041 [25:57<3:45:05, 14.48s/it]
[1A                                                    
{'loss': '0.0006052', 'grad_norm': '0.04336', 'learning_rate': '0.0001973', 'epoch': '0.3117'}
[1A
[1A 10%|█         | 108/1041 [25:57<3:45:05, 14.48s/it]
[1A 10%|█         | 109/1041 [26:12<3:45:17, 14.50s/it]
[1A                                                    
{'loss': '9.186e-05', 'grad_norm': '0.002293', 'learning_rate': '0.0001972', 'epoch': '0.3146'}
[1A
[1A 10%|█         | 109/1041 [26:12<3:45:17, 14.50s/it]
[1A 11%|█         | 110/1041 [26:26<3:43:56, 14.43s/it]
[1A                                                    
{'loss': '0.0006726', 'grad_norm': '0.05001', 'learning_rate': '0.0001971', 'epoch': '0.3175'}
[1A
[1A 11%|█         | 110/1041 [26:26<3:43:56, 14.43s/it]
[1A 11%|█         | 111/1041 [26:41<3:45:39, 14.56s/it]
[1A                                                    
{'loss': '0.0008339', 'grad_norm': '0.02293', 'learning_rate': '0.0001971', 'epoch': '0.3203'}
[1A
[1A 11%|█         | 111/1041 [26:41<3:45:39, 14.56s/it]
[1A 11%|█         | 112/1041 [26:55<3:41:07, 14.28s/it]
[1A                                                    
{'loss': '0.0001577', 'grad_norm': '0.005661', 'learning_rate': '0.000197', 'epoch': '0.3232'}
[1A
[1A 11%|█         | 112/1041 [26:55<3:41:07, 14.28s/it]
[1A 11%|█         | 113/1041 [27:09<3:41:34, 14.33s/it]
[1A                                                    
{'loss': '0.0005496', 'grad_norm': '0.03445', 'learning_rate': '0.0001969', 'epoch': '0.3261'}
[1A
[1A 11%|█         | 113/1041 [27:09<3:41:34, 14.33s/it]
[1A 11%|█         | 114/1041 [27:23<3:41:55, 14.36s/it]
[1A                                                    
{'loss': '0.00205', 'grad_norm': '0.1367', 'learning_rate': '0.0001968', 'epoch': '0.329'}
[1A
[1A 11%|█         | 114/1041 [27:23<3:41:55, 14.36s/it]
[1A 11%|█         | 115/1041 [27:38<3:42:59, 14.45s/it]
[1A                                                    
{'loss': '0.0009332', 'grad_norm': '0.03398', 'learning_rate': '0.0001968', 'epoch': '0.3319'}
[1A
[1A 11%|█         | 115/1041 [27:38<3:42:59, 14.45s/it]
[1A 11%|█         | 116/1041 [27:53<3:43:26, 14.49s/it]
[1A                                                    
{'loss': '0.0008878', 'grad_norm': '0.04663', 'learning_rate': '0.0001967', 'epoch': '0.3348'}
[1A
[1A 11%|█         | 116/1041 [27:53<3:43:26, 14.49s/it]
[1A 11%|█         | 117/1041 [28:07<3:42:53, 14.47s/it]
[1A                                                    
{'loss': '8.419e-05', 'grad_norm': '0.003889', 'learning_rate': '0.0001966', 'epoch': '0.3377'}
[1A
[1A 11%|█         | 117/1041 [28:07<3:42:53, 14.47s/it]
[1A 11%|█▏        | 118/1041 [28:21<3:40:44, 14.35s/it]
[1A                                                    
{'loss': '6.314e-05', 'grad_norm': '0.002232', 'learning_rate': '0.0001965', 'epoch': '0.3405'}
[1A
[1A 11%|█▏        | 118/1041 [28:21<3:40:44, 14.35s/it]
[1A 11%|█▏        | 119/1041 [28:36<3:41:02, 14.38s/it]
[1A                                                    
{'loss': '0.0002402', 'grad_norm': '0.01137', 'learning_rate': '0.0001964', 'epoch': '0.3434'}
[1A
[1A 11%|█▏        | 119/1041 [28:36<3:41:02, 14.38s/it]
[1A 12%|█▏        | 120/1041 [28:50<3:41:18, 14.42s/it]
[1A                                                    
{'loss': '4.579e-05', 'grad_norm': '0.002262', 'learning_rate': '0.0001964', 'epoch': '0.3463'}
[1A
[1A 12%|█▏        | 120/1041 [28:50<3:41:18, 14.42s/it]
[1A 12%|█▏        | 121/1041 [29:05<3:42:41, 14.52s/it]
[1A                                                    
{'loss': '0.003083', 'grad_norm': '0.3829', 'learning_rate': '0.0001963', 'epoch': '0.3492'}
[1A
[1A 12%|█▏        | 121/1041 [29:05<3:42:41, 14.52s/it]
[1A 12%|█▏        | 122/1041 [29:19<3:41:57, 14.49s/it]
[1A                                                    
{'loss': '0.002266', 'grad_norm': '0.1674', 'learning_rate': '0.0001962', 'epoch': '0.3521'}
[1A
[1A 12%|█▏        | 122/1041 [29:19<3:41:57, 14.49s/it]
[1A 12%|█▏        | 123/1041 [29:34<3:40:24, 14.41s/it]
[1A                                                    
{'loss': '0.0003348', 'grad_norm': '0.01778', 'learning_rate': '0.0001961', 'epoch': '0.355'}
[1A
[1A 12%|█▏        | 123/1041 [29:34<3:40:24, 14.41s/it]
[1A 12%|█▏        | 124/1041 [29:48<3:38:56, 14.33s/it]
[1A                                                    
{'loss': '8.369e-05', 'grad_norm': '0.006463', 'learning_rate': '0.000196', 'epoch': '0.3579'}
[1A
[1A 12%|█▏        | 124/1041 [29:48<3:38:56, 14.33s/it]
[1A 12%|█▏        | 125/1041 [30:02<3:38:29, 14.31s/it]
[1A                                                    
{'loss': '9.656e-05', 'grad_norm': '0.006361', 'learning_rate': '0.0001959', 'epoch': '0.3608'}
[1A
[1A 12%|█▏        | 125/1041 [30:02<3:38:29, 14.31s/it]
[1A 12%|█▏        | 126/1041 [30:16<3:37:34, 14.27s/it]
[1A                                                    
{'loss': '0.005614', 'grad_norm': '0.7304', 'learning_rate': '0.0001958', 'epoch': '0.3636'}
[1A
[1A 12%|█▏        | 126/1041 [30:16<3:37:34, 14.27s/it]
{'loss': '6.999e-05', 'grad_norm': '0.003459', 'learning_rate': '0.0001957', 'epoch': '0.3665'}
[1A 12%|█▏        | 127/1041 [30:31<3:39:27, 14.41s/it]                                                    
[1A 12%|█▏        | 127/1041 [30:31<3:39:27, 14.41s/it]
[1A 12%|█▏        | 128/1041 [30:45<3:38:43, 14.37s/it]
[1A                                                    
{'loss': '0.0002627', 'grad_norm': '0.01495', 'learning_rate': '0.0001957', 'epoch': '0.3694'}
[1A
[1A 12%|█▏        | 128/1041 [30:45<3:38:43, 14.37s/it]
[1A 12%|█▏        | 129/1041 [31:00<3:41:44, 14.59s/it]
[1A                                                    
{'loss': '0.02788', 'grad_norm': '1.164', 'learning_rate': '0.0001956', 'epoch': '0.3723'}
[1A
[1A 12%|█▏        | 129/1041 [31:00<3:41:44, 14.59s/it]
[1A 12%|█▏        | 130/1041 [31:14<3:35:37, 14.20s/it]
[1A                                                    
{'loss': '2.48e-05', 'grad_norm': '0.0006357', 'learning_rate': '0.0001955', 'epoch': '0.3752'}
[1A
[1A 12%|█▏        | 130/1041 [31:14<3:35:37, 14.20s/it]
[1A 13%|█▎        | 131/1041 [31:27<3:34:04, 14.11s/it]
[1A                                                    
{'loss': '9.171e-05', 'grad_norm': '0.003876', 'learning_rate': '0.0001954', 'epoch': '0.3781'}
[1A
[1A 13%|█▎        | 131/1041 [31:27<3:34:04, 14.11s/it]
[1A 13%|█▎        | 132/1041 [31:42<3:36:22, 14.28s/it]
[1A                                                    
{'loss': '0.03009', 'grad_norm': '0.993', 'learning_rate': '0.0001953', 'epoch': '0.381'}
[1A
[1A 13%|█▎        | 132/1041 [31:42<3:36:22, 14.28s/it]
[1A 13%|█▎        | 133/1041 [31:56<3:35:05, 14.21s/it]
[1A                                                    
{'loss': '0.04286', 'grad_norm': '0.5034', 'learning_rate': '0.0001952', 'epoch': '0.3838'}
[1A
[1A 13%|█▎        | 133/1041 [31:56<3:35:05, 14.21s/it]
[1A 13%|█▎        | 134/1041 [32:10<3:34:12, 14.17s/it]
[1A                                                    
{'loss': '0.01006', 'grad_norm': '0.1758', 'learning_rate': '0.0001951', 'epoch': '0.3867'}
[1A
[1A 13%|█▎        | 134/1041 [32:10<3:34:12, 14.17s/it]
[1A 13%|█▎        | 135/1041 [32:24<3:33:53, 14.17s/it]
[1A                                                    
{'loss': '0.0008662', 'grad_norm': '0.01987', 'learning_rate': '0.000195', 'epoch': '0.3896'}
[1A
[1A 13%|█▎        | 135/1041 [32:24<3:33:53, 14.17s/it]
[1A 13%|█▎        | 136/1041 [32:39<3:33:51, 14.18s/it]
[1A                                                    
{'loss': '0.0006087', 'grad_norm': '0.03819', 'learning_rate': '0.0001949', 'epoch': '0.3925'}
[1A
[1A 13%|█▎        | 136/1041 [32:39<3:33:51, 14.18s/it]
[1A 13%|█▎        | 137/1041 [32:53<3:34:44, 14.25s/it]
[1A                                                    
{'loss': '0.03426', 'grad_norm': '0.2829', 'learning_rate': '0.0001948', 'epoch': '0.3954'}
[1A
[1A 13%|█▎        | 137/1041 [32:53<3:34:44, 14.25s/it]
[1A 13%|█▎        | 138/1041 [33:08<3:35:57, 14.35s/it]
[1A                                                    
{'loss': '0.08802', 'grad_norm': '1.28', 'learning_rate': '0.0001947', 'epoch': '0.3983'}
[1A
[1A 13%|█▎        | 138/1041 [33:08<3:35:57, 14.35s/it]
[1A 13%|█▎        | 139/1041 [33:22<3:34:41, 14.28s/it]
[1A                                                    
{'loss': '0.02088', 'grad_norm': '0.3177', 'learning_rate': '0.0001946', 'epoch': '0.4012'}
[1A
[1A 13%|█▎        | 139/1041 [33:22<3:34:41, 14.28s/it]
[1A 13%|█▎        | 140/1041 [33:36<3:35:17, 14.34s/it]
[1A                                                    
{'loss': '0.01213', 'grad_norm': '0.1485', 'learning_rate': '0.0001945', 'epoch': '0.404'}
[1A
[1A 13%|█▎        | 140/1041 [33:36<3:35:17, 14.34s/it]
[1A 14%|█▎        | 141/1041 [33:50<3:34:05, 14.27s/it]
[1A                                                    
{'loss': '0.001999', 'grad_norm': '0.0375', 'learning_rate': '0.0001944', 'epoch': '0.4069'}
[1A
[1A 14%|█▎        | 141/1041 [33:50<3:34:05, 14.27s/it]
[1A 14%|█▎        | 142/1041 [34:05<3:34:38, 14.33s/it]
[1A                                                    
{'loss': '0.008968', 'grad_norm': '0.1306', 'learning_rate': '0.0001943', 'epoch': '0.4098'}
[1A
[1A 14%|█▎        | 142/1041 [34:05<3:34:38, 14.33s/it]
[1A 14%|█▎        | 143/1041 [34:19<3:34:53, 14.36s/it]
[1A                                                    
{'loss': '0.01652', 'grad_norm': '0.2124', 'learning_rate': '0.0001942', 'epoch': '0.4127'}
[1A
[1A 14%|█▎        | 143/1041 [34:19<3:34:53, 14.36s/it]
[1A 14%|█▍        | 144/1041 [34:34<3:34:30, 14.35s/it]
[1A                                                    
{'loss': '0.02889', 'grad_norm': '0.4026', 'learning_rate': '0.0001941', 'epoch': '0.4156'}
[1A
[1A 14%|█▍        | 144/1041 [34:34<3:34:30, 14.35s/it]
[1A 14%|█▍        | 145/1041 [34:48<3:34:31, 14.37s/it]
[1A                                                    
{'loss': '0.01278', 'grad_norm': '0.1645', 'learning_rate': '0.000194', 'epoch': '0.4185'}
[1A
[1A 14%|█▍        | 145/1041 [34:48<3:34:31, 14.37s/it]
[1A 14%|█▍        | 146/1041 [35:02<3:33:31, 14.31s/it]
[1A                                                    
{'loss': '0.01148', 'grad_norm': '0.266', 'learning_rate': '0.0001939', 'epoch': '0.4214'}
[1A
[1A 14%|█▍        | 146/1041 [35:02<3:33:31, 14.31s/it]
[1A 14%|█▍        | 147/1041 [35:17<3:35:17, 14.45s/it]
[1A                                                    
{'loss': '0.00799', 'grad_norm': '0.1126', 'learning_rate': '0.0001938', 'epoch': '0.4242'}
[1A
[1A 14%|█▍        | 147/1041 [35:17<3:35:17, 14.45s/it]
[1A 14%|█▍        | 148/1041 [35:31<3:31:51, 14.23s/it]
[1A                                                    
{'loss': '0.007967', 'grad_norm': '0.09278', 'learning_rate': '0.0001937', 'epoch': '0.4271'}
[1A
[1A 14%|█▍        | 148/1041 [35:31<3:31:51, 14.23s/it]
[1A 14%|█▍        | 149/1041 [35:45<3:33:02, 14.33s/it]
[1A                                                    
{'loss': '0.00944', 'grad_norm': '0.1266', 'learning_rate': '0.0001935', 'epoch': '0.43'}
[1A
[1A 14%|█▍        | 149/1041 [35:45<3:33:02, 14.33s/it]
[1A 14%|█▍        | 150/1041 [35:59<3:30:58, 14.21s/it]
[1A                                                    
{'loss': '0.001562', 'grad_norm': '0.02005', 'learning_rate': '0.0001934', 'epoch': '0.4329'}
[1A
[1A 14%|█▍        | 150/1041 [35:59<3:30:58, 14.21s/it]
[1A 15%|█▍        | 151/1041 [36:13<3:31:00, 14.23s/it]
[1A                                                    
{'loss': '0.0247', 'grad_norm': '0.2328', 'learning_rate': '0.0001933', 'epoch': '0.4358'}
[1A
[1A 15%|█▍        | 151/1041 [36:13<3:31:00, 14.23s/it]
[1A 15%|█▍        | 152/1041 [36:28<3:33:18, 14.40s/it]
[1A                                                    
{'loss': '0.02034', 'grad_norm': '0.1608', 'learning_rate': '0.0001932', 'epoch': '0.4387'}
[1A
[1A 15%|█▍        | 152/1041 [36:28<3:33:18, 14.40s/it]
[1A 15%|█▍        | 153/1041 [36:42<3:30:01, 14.19s/it]
[1A                                                    
{'loss': '0.004474', 'grad_norm': '0.09125', 'learning_rate': '0.0001931', 'epoch': '0.4416'}
[1A
[1A 15%|█▍        | 153/1041 [36:42<3:30:01, 14.19s/it]
[1A 15%|█▍        | 154/1041 [36:56<3:31:15, 14.29s/it]
[1A                                                    
{'loss': '0.0154', 'grad_norm': '0.1293', 'learning_rate': '0.000193', 'epoch': '0.4444'}
[1A
[1A 15%|█▍        | 154/1041 [36:56<3:31:15, 14.29s/it]
[1A 15%|█▍        | 155/1041 [37:11<3:32:17, 14.38s/it]
[1A                                                    
{'loss': '0.0007219', 'grad_norm': '0.008257', 'learning_rate': '0.0001929', 'epoch': '0.4473'}
[1A
[1A 15%|█▍        | 155/1041 [37:11<3:32:17, 14.38s/it]
[1A 15%|█▍        | 156/1041 [37:26<3:34:04, 14.51s/it]
[1A                                                    
{'loss': '0.02316', 'grad_norm': '0.1216', 'learning_rate': '0.0001928', 'epoch': '0.4502'}
[1A
[1A 15%|█▍        | 156/1041 [37:26<3:34:04, 14.51s/it]
[1A 15%|█▌        | 157/1041 [37:40<3:30:26, 14.28s/it]
[1A                                                    
{'loss': '0.001421', 'grad_norm': '0.04509', 'learning_rate': '0.0001926', 'epoch': '0.4531'}
[1A
[1A 15%|█▌        | 157/1041 [37:40<3:30:26, 14.28s/it]
[1A 15%|█▌        | 158/1041 [37:54<3:31:27, 14.37s/it]                                                    
{'loss': '0.007571', 'grad_norm': '0.1052', 'learning_rate': '0.0001925', 'epoch': '0.456'}
[1A
[1A 15%|█▌        | 158/1041 [37:54<3:31:27, 14.37s/it]
[1A 15%|█▌        | 159/1041 [38:09<3:33:11, 14.50s/it]
[1A                                                    
{'loss': '0.004082', 'grad_norm': '0.09938', 'learning_rate': '0.0001924', 'epoch': '0.4589'}
[1A
[1A 15%|█▌        | 159/1041 [38:09<3:33:11, 14.50s/it]
[1A 15%|█▌        | 160/1041 [38:23<3:30:45, 14.35s/it]
[1A                                                    
{'loss': '0.004043', 'grad_norm': '0.08885', 'learning_rate': '0.0001923', 'epoch': '0.4618'}
[1A
[1A 15%|█▌        | 160/1041 [38:23<3:30:45, 14.35s/it]
[1A 15%|█▌        | 161/1041 [38:38<3:31:58, 14.45s/it]
[1A                                                    
{'loss': '0.00135', 'grad_norm': '0.04251', 'learning_rate': '0.0001922', 'epoch': '0.4646'}
[1A
[1A 15%|█▌        | 161/1041 [38:38<3:31:58, 14.45s/it]
[1A 16%|█▌        | 162/1041 [38:52<3:31:17, 14.42s/it]
[1A                                                    
{'loss': '0.00187', 'grad_norm': '0.04215', 'learning_rate': '0.000192', 'epoch': '0.4675'}
[1A
[1A 16%|█▌        | 162/1041 [38:52<3:31:17, 14.42s/it]
[1A 16%|█▌        | 163/1041 [39:07<3:34:09, 14.64s/it]
[1A                                                    
{'loss': '0.00687', 'grad_norm': '0.198', 'learning_rate': '0.0001919', 'epoch': '0.4704'}
[1A
[1A 16%|█▌        | 163/1041 [39:07<3:34:09, 14.64s/it]
[1A 16%|█▌        | 164/1041 [39:21<3:29:24, 14.33s/it]
[1A                                                    
{'loss': '8.244e-05', 'grad_norm': '0.000914', 'learning_rate': '0.0001918', 'epoch': '0.4733'}
[1A
[1A 16%|█▌        | 164/1041 [39:21<3:29:24, 14.33s/it]
[1A 16%|█▌        | 165/1041 [39:35<3:30:02, 14.39s/it]
[1A                                                    
{'loss': '0.0002427', 'grad_norm': '0.004392', 'learning_rate': '0.0001917', 'epoch': '0.4762'}
[1A
[1A 16%|█▌        | 165/1041 [39:35<3:30:02, 14.39s/it]
[1A 16%|█▌        | 166/1041 [39:50<3:30:14, 14.42s/it]
[1A                                                    
{'loss': '0.000136', 'grad_norm': '0.001711', 'learning_rate': '0.0001915', 'epoch': '0.4791'}
[1A
[1A 16%|█▌        | 166/1041 [39:50<3:30:14, 14.42s/it]
[1A 16%|█▌        | 167/1041 [40:04<3:28:10, 14.29s/it]
[1A                                                    
{'loss': '0.00287', 'grad_norm': '0.08787', 'learning_rate': '0.0001914', 'epoch': '0.482'}
[1A
[1A 16%|█▌        | 167/1041 [40:04<3:28:10, 14.29s/it]
[1A 16%|█▌        | 168/1041 [40:18<3:28:46, 14.35s/it]
[1A                                                    
{'loss': '0.008188', 'grad_norm': '0.3125', 'learning_rate': '0.0001913', 'epoch': '0.4848'}
[1A
[1A 16%|█▌        | 168/1041 [40:18<3:28:46, 14.35s/it]
[1A 16%|█▌        | 169/1041 [40:32<3:27:38, 14.29s/it]
[1A                                                    
{'loss': '0.004196', 'grad_norm': '0.1516', 'learning_rate': '0.0001912', 'epoch': '0.4877'}
[1A
[1A 16%|█▌        | 169/1041 [40:32<3:27:38, 14.29s/it]
[1A 16%|█▋        | 170/1041 [40:47<3:28:43, 14.38s/it]
[1A                                                    
{'loss': '0.01185', 'grad_norm': '0.1664', 'learning_rate': '0.000191', 'epoch': '0.4906'}
[1A
[1A 16%|█▋        | 170/1041 [40:47<3:28:43, 14.38s/it]
[1A 16%|█▋        | 171/1041 [41:01<3:27:32, 14.31s/it]
[1A                                                    
{'loss': '0.0001897', 'grad_norm': '0.01181', 'learning_rate': '0.0001909', 'epoch': '0.4935'}
[1A
[1A 16%|█▋        | 171/1041 [41:01<3:27:32, 14.31s/it]
[1A 17%|█▋        | 172/1041 [41:16<3:28:30, 14.40s/it]
[1A                                                    
{'loss': '0.004199', 'grad_norm': '0.2032', 'learning_rate': '0.0001908', 'epoch': '0.4964'}
[1A
[1A 17%|█▋        | 172/1041 [41:16<3:28:30, 14.40s/it]
[1A 17%|█▋        | 173/1041 [41:30<3:27:24, 14.34s/it]
[1A                                                    
{'loss': '0.0001321', 'grad_norm': '0.002834', 'learning_rate': '0.0001906', 'epoch': '0.4993'}
[1A
[1A 17%|█▋        | 173/1041 [41:30<3:27:24, 14.34s/it]
[1A 17%|█▋        | 174/1041 [41:44<3:27:42, 14.37s/it]
[1A                                                    
{'loss': '0.0004181', 'grad_norm': '0.01326', 'learning_rate': '0.0001905', 'epoch': '0.5022'}
[1A
[1A 17%|█▋        | 174/1041 [41:44<3:27:42, 14.37s/it]
[1A 17%|█▋        | 175/1041 [41:58<3:24:56, 14.20s/it]
[1A                                                    
{'loss': '0.003996', 'grad_norm': '0.2149', 'learning_rate': '0.0001904', 'epoch': '0.5051'}
[1A
[1A 17%|█▋        | 175/1041 [41:58<3:24:56, 14.20s/it]
[1A 17%|█▋        | 176/1041 [42:13<3:25:27, 14.25s/it]
[1A                                                    
{'loss': '0.0006874', 'grad_norm': '0.02458', 'learning_rate': '0.0001903', 'epoch': '0.5079'}
[1A
[1A 17%|█▋        | 176/1041 [42:13<3:25:27, 14.25s/it]
[1A 17%|█▋        | 177/1041 [42:27<3:24:59, 14.24s/it]
[1A                                                    
{'loss': '0.003119', 'grad_norm': '0.09804', 'learning_rate': '0.0001901', 'epoch': '0.5108'}
[1A
[1A 17%|█▋        | 177/1041 [42:27<3:24:59, 14.24s/it]
[1A 17%|█▋        | 178/1041 [42:41<3:24:28, 14.22s/it]
[1A                                                    
{'loss': '0.003105', 'grad_norm': '0.09711', 'learning_rate': '0.00019', 'epoch': '0.5137'}
[1A
[1A 17%|█▋        | 178/1041 [42:41<3:24:28, 14.22s/it]
[1A 17%|█▋        | 179/1041 [42:55<3:25:19, 14.29s/it]
[1A                                                    
{'loss': '0.0004788', 'grad_norm': '0.01149', 'learning_rate': '0.0001898', 'epoch': '0.5166'}
[1A
[1A 17%|█▋        | 179/1041 [42:55<3:25:19, 14.29s/it]
[1A 17%|█▋        | 180/1041 [43:10<3:25:46, 14.34s/it]
[1A                                                    
{'loss': '0.0002675', 'grad_norm': '0.004196', 'learning_rate': '0.0001897', 'epoch': '0.5195'}
[1A
[1A 17%|█▋        | 180/1041 [43:10<3:25:46, 14.34s/it]
[1A 17%|█▋        | 181/1041 [43:24<3:26:14, 14.39s/it]
[1A                                                    
{'loss': '0.001022', 'grad_norm': '0.03966', 'learning_rate': '0.0001896', 'epoch': '0.5224'}
[1A
[1A 17%|█▋        | 181/1041 [43:24<3:26:14, 14.39s/it]
[1A 17%|█▋        | 182/1041 [43:39<3:25:05, 14.33s/it]
[1A                                                    
{'loss': '0.007975', 'grad_norm': '1.161', 'learning_rate': '0.0001894', 'epoch': '0.5253'}
[1A
[1A 17%|█▋        | 182/1041 [43:39<3:25:05, 14.33s/it]
[1A 18%|█▊        | 183/1041 [43:53<3:26:35, 14.45s/it]
[1A                                                    
{'loss': '0.01109', 'grad_norm': '0.1594', 'learning_rate': '0.0001893', 'epoch': '0.5281'}
[1A
[1A 18%|█▊        | 183/1041 [43:53<3:26:35, 14.45s/it]
[1A 18%|█▊        | 184/1041 [44:08<3:27:58, 14.56s/it]
[1A                                                    
{'loss': '0.0004367', 'grad_norm': '0.006521', 'learning_rate': '0.0001892', 'epoch': '0.531'}
[1A
[1A 18%|█▊        | 184/1041 [44:08<3:27:58, 14.56s/it]
[1A 18%|█▊        | 185/1041 [44:22<3:25:41, 14.42s/it]
[1A                                                    
{'loss': '0.0002811', 'grad_norm': '0.006846', 'learning_rate': '0.000189', 'epoch': '0.5339'}
[1A
[1A 18%|█▊        | 185/1041 [44:22<3:25:41, 14.42s/it]
[1A 18%|█▊        | 186/1041 [44:37<3:27:36, 14.57s/it]
[1A                                                    
{'loss': '0.0002215', 'grad_norm': '0.002995', 'learning_rate': '0.0001889', 'epoch': '0.5368'}
[1A
[1A 18%|█▊        | 186/1041 [44:37<3:27:36, 14.57s/it]
[1A 18%|█▊        | 187/1041 [44:51<3:24:20, 14.36s/it]
[1A                                                    
{'loss': '9.974e-05', 'grad_norm': '0.00141', 'learning_rate': '0.0001887', 'epoch': '0.5397'}
[1A
[1A 18%|█▊        | 187/1041 [44:51<3:24:20, 14.36s/it]
[1A 18%|█▊        | 188/1041 [45:05<3:23:01, 14.28s/it]
[1A                                                    
{'loss': '0.02112', 'grad_norm': '0.5165', 'learning_rate': '0.0001886', 'epoch': '0.5426'}
[1A
[1A 18%|█▊        | 188/1041 [45:05<3:23:01, 14.28s/it]
[1A 18%|█▊        | 189/1041 [45:20<3:24:11, 14.38s/it]
[1A                                                    
{'loss': '0.00128', 'grad_norm': '0.07005', 'learning_rate': '0.0001884', 'epoch': '0.5455'}
[1A
[1A 18%|█▊        | 189/1041 [45:20<3:24:11, 14.38s/it]
[1A 18%|█▊        | 190/1041 [45:34<3:25:39, 14.50s/it]
[1A                                                    
{'loss': '0.004289', 'grad_norm': '0.1484', 'learning_rate': '0.0001883', 'epoch': '0.5483'}
[1A
[1A 18%|█▊        | 190/1041 [45:34<3:25:39, 14.50s/it]
[1A 18%|█▊        | 191/1041 [45:48<3:22:50, 14.32s/it]
[1A                                                    
{'loss': '0.0008846', 'grad_norm': '0.03448', 'learning_rate': '0.0001881', 'epoch': '0.5512'}
[1A
[1A 18%|█▊        | 191/1041 [45:48<3:22:50, 14.32s/it]
[1A 18%|█▊        | 192/1041 [46:02<3:19:13, 14.08s/it]
[1A                                                    
{'loss': '0.0004127', 'grad_norm': '0.005914', 'learning_rate': '0.000188', 'epoch': '0.5541'}
[1A
[1A 18%|█▊        | 192/1041 [46:02<3:19:13, 14.08s/it]
[1A 19%|█▊        | 193/1041 [46:16<3:19:40, 14.13s/it]
[1A                                                    
{'loss': '0.001547', 'grad_norm': '0.07981', 'learning_rate': '0.0001878', 'epoch': '0.557'}
[1A
[1A 19%|█▊        | 193/1041 [46:16<3:19:40, 14.13s/it]
[1A 19%|█▊        | 194/1041 [46:29<3:15:31, 13.85s/it]
[1A                                                    
{'loss': '8.656e-05', 'grad_norm': '0.0009923', 'learning_rate': '0.0001877', 'epoch': '0.5599'}
[1A
[1A 19%|█▊        | 194/1041 [46:29<3:15:31, 13.85s/it]
[1A 19%|█▊        | 195/1041 [46:44<3:19:59, 14.18s/it]
[1A                                                    
{'loss': '0.001241', 'grad_norm': '0.01603', 'learning_rate': '0.0001875', 'epoch': '0.5628'}
[1A
[1A 19%|█▊        | 195/1041 [46:44<3:19:59, 14.18s/it]
[1A 19%|█▉        | 196/1041 [46:58<3:18:09, 14.07s/it]
[1A                                                    
{'loss': '0.0003234', 'grad_norm': '0.004754', 'learning_rate': '0.0001874', 'epoch': '0.5657'}
[1A
[1A 19%|█▉        | 196/1041 [46:58<3:18:09, 14.07s/it]
[1A 19%|█▉        | 197/1041 [47:13<3:19:59, 14.22s/it]
[1A                                                    
{'loss': '0.003574', 'grad_norm': '0.3254', 'learning_rate': '0.0001872', 'epoch': '0.5685'}
[1A
[1A 19%|█▉        | 197/1041 [47:13<3:19:59, 14.22s/it]
[1A 19%|█▉        | 198/1041 [47:27<3:19:05, 14.17s/it]
[1A                                                    
{'loss': '0.003299', 'grad_norm': '0.09839', 'learning_rate': '0.0001871', 'epoch': '0.5714'}
[1A
[1A 19%|█▉        | 198/1041 [47:27<3:19:05, 14.17s/it]
[1A 19%|█▉        | 199/1041 [47:42<3:22:13, 14.41s/it]
[1A                                                    
{'loss': '0.002761', 'grad_norm': '0.06763', 'learning_rate': '0.0001869', 'epoch': '0.5743'}
[1A
[1A 19%|█▉        | 199/1041 [47:42<3:22:13, 14.41s/it]
[1A 19%|█▉        | 200/1041 [48:04<3:54:52, 16.76s/it]
[1A                                                    
{'loss': '0.001302', 'grad_norm': '0.03325', 'learning_rate': '0.0001868', 'epoch': '0.5772'}
[1A
[1A 19%|█▉        | 200/1041 [48:04<3:54:52, 16.76s/it]
[1A 19%|█▉        | 201/1041 [48:18<3:45:31, 16.11s/it]
[1A                                                    
{'loss': '0.006934', 'grad_norm': '0.3015', 'learning_rate': '0.0001866', 'epoch': '0.5801'}
[1A
[1A 19%|█▉        | 201/1041 [48:18<3:45:31, 16.11s/it]
[1A 19%|█▉        | 202/1041 [48:32<3:34:28, 15.34s/it]
[1A                                                    
{'loss': '0.007819', 'grad_norm': '0.2731', 'learning_rate': '0.0001865', 'epoch': '0.583'}
[1A
[1A 19%|█▉        | 202/1041 [48:32<3:34:28, 15.34s/it]
[1A 20%|█▉        | 203/1041 [48:47<3:30:43, 15.09s/it]
[1A                                                    
{'loss': '0.02015', 'grad_norm': '0.6275', 'learning_rate': '0.0001863', 'epoch': '0.5859'}
[1A
[1A 20%|█▉        | 203/1041 [48:47<3:30:43, 15.09s/it]
[1A 20%|█▉        | 204/1041 [49:01<3:27:48, 14.90s/it]
[1A                                                    
{'loss': '0.001037', 'grad_norm': '0.06328', 'learning_rate': '0.0001862', 'epoch': '0.5887'}
[1A
[1A 20%|█▉        | 204/1041 [49:01<3:27:48, 14.90s/it]
[1A 20%|█▉        | 205/1041 [49:15<3:23:58, 14.64s/it]
[1A                                                    
{'loss': '0.0004344', 'grad_norm': '0.01955', 'learning_rate': '0.000186', 'epoch': '0.5916'}
[1A
[1A 20%|█▉        | 205/1041 [49:15<3:23:58, 14.64s/it]
[1A 20%|█▉        | 206/1041 [49:29<3:22:26, 14.55s/it]
[1A                                                    
{'loss': '0.00146', 'grad_norm': '0.04762', 'learning_rate': '0.0001858', 'epoch': '0.5945'}
[1A
[1A 20%|█▉        | 206/1041 [49:29<3:22:26, 14.55s/it]
[1A 20%|█▉        | 207/1041 [49:44<3:22:54, 14.60s/it]
[1A                                                    
{'loss': '0.01429', 'grad_norm': '0.2183', 'learning_rate': '0.0001857', 'epoch': '0.5974'}
[1A
[1A 20%|█▉        | 207/1041 [49:44<3:22:54, 14.60s/it]
[1A 20%|█▉        | 208/1041 [49:59<3:22:56, 14.62s/it]
[1A                                                    
{'loss': '0.0002509', 'grad_norm': '0.005759', 'learning_rate': '0.0001855', 'epoch': '0.6003'}
[1A
[1A 20%|█▉        | 208/1041 [49:59<3:22:56, 14.62s/it]
[1A 20%|██        | 209/1041 [50:13<3:19:58, 14.42s/it]
[1A                                                    
{'loss': '0.009992', 'grad_norm': '0.2187', 'learning_rate': '0.0001854', 'epoch': '0.6032'}
[1A
[1A 20%|██        | 209/1041 [50:13<3:19:58, 14.42s/it]
[1A 20%|██        | 210/1041 [50:27<3:20:37, 14.49s/it]
[1A                                                    
{'loss': '0.003629', 'grad_norm': '0.08022', 'learning_rate': '0.0001852', 'epoch': '0.6061'}
[1A
[1A 20%|██        | 210/1041 [50:27<3:20:37, 14.49s/it]
[1A 20%|██        | 211/1041 [50:42<3:21:57, 14.60s/it]
[1A                                                    
{'loss': '0.002684', 'grad_norm': '0.08852', 'learning_rate': '0.000185', 'epoch': '0.6089'}
[1A
[1A 20%|██        | 211/1041 [50:42<3:21:57, 14.60s/it]
[1A 20%|██        | 212/1041 [50:56<3:19:30, 14.44s/it]
[1A                                                    
{'loss': '0.0003985', 'grad_norm': '0.008766', 'learning_rate': '0.0001849', 'epoch': '0.6118'}
[1A
[1A 20%|██        | 212/1041 [50:56<3:19:30, 14.44s/it]
[1A 20%|██        | 213/1041 [51:10<3:17:04, 14.28s/it]
[1A                                                    
{'loss': '0.0002104', 'grad_norm': '0.005202', 'learning_rate': '0.0001847', 'epoch': '0.6147'}
[1A
[1A 20%|██        | 213/1041 [51:10<3:17:04, 14.28s/it]
[1A 21%|██        | 214/1041 [51:24<3:16:57, 14.29s/it]
[1A                                                    
{'loss': '0.000359', 'grad_norm': '0.008806', 'learning_rate': '0.0001845', 'epoch': '0.6176'}
[1A
[1A 21%|██        | 214/1041 [51:24<3:16:57, 14.29s/it]
[1A 21%|██        | 215/1041 [51:39<3:17:07, 14.32s/it]
[1A                                                    
{'loss': '0.001064', 'grad_norm': '0.08271', 'learning_rate': '0.0001844', 'epoch': '0.6205'}
[1A
[1A 21%|██        | 215/1041 [51:39<3:17:07, 14.32s/it]
[1A 21%|██        | 216/1041 [51:53<3:17:10, 14.34s/it]
[1A                                                    
{'loss': '0.0006285', 'grad_norm': '0.01444', 'learning_rate': '0.0001842', 'epoch': '0.6234'}
[1A
[1A 21%|██        | 216/1041 [51:53<3:17:10, 14.34s/it]
[1A 21%|██        | 217/1041 [52:07<3:14:39, 14.17s/it]
[1A                                                    
{'loss': '0.002348', 'grad_norm': '0.07778', 'learning_rate': '0.000184', 'epoch': '0.6263'}
[1A
[1A 21%|██        | 217/1041 [52:07<3:14:39, 14.17s/it]
[1A 21%|██        | 218/1041 [52:22<3:16:28, 14.32s/it]
[1A                                                    
{'loss': '0.001137', 'grad_norm': '0.05073', 'learning_rate': '0.0001839', 'epoch': '0.6291'}
[1A
[1A 21%|██        | 218/1041 [52:22<3:16:28, 14.32s/it]
[1A 21%|██        | 219/1041 [52:36<3:15:35, 14.28s/it]
[1A                                                    
{'loss': '0.001573', 'grad_norm': '0.07193', 'learning_rate': '0.0001837', 'epoch': '0.632'}
[1A
[1A 21%|██        | 219/1041 [52:36<3:15:35, 14.28s/it]
[1A 21%|██        | 220/1041 [52:50<3:15:57, 14.32s/it]
[1A                                                    
{'loss': '0.0001365', 'grad_norm': '0.002558', 'learning_rate': '0.0001835', 'epoch': '0.6349'}
[1A
[1A 21%|██        | 220/1041 [52:50<3:15:57, 14.32s/it]
[1A 21%|██        | 221/1041 [53:05<3:15:29, 14.30s/it]
[1A                                                    
{'loss': '0.005458', 'grad_norm': '0.5659', 'learning_rate': '0.0001834', 'epoch': '0.6378'}
[1A
[1A 21%|██        | 221/1041 [53:05<3:15:29, 14.30s/it]
[1A 21%|██▏       | 222/1041 [53:19<3:14:11, 14.23s/it]
[1A                                                    
{'loss': '0.0001744', 'grad_norm': '0.004914', 'learning_rate': '0.0001832', 'epoch': '0.6407'}
[1A
[1A 21%|██▏       | 222/1041 [53:19<3:14:11, 14.23s/it]
[1A 21%|██▏       | 223/1041 [53:33<3:14:19, 14.25s/it]
[1A                                                    
{'loss': '0.000138', 'grad_norm': '0.002016', 'learning_rate': '0.000183', 'epoch': '0.6436'}
[1A
[1A 21%|██▏       | 223/1041 [53:33<3:14:19, 14.25s/it]
[1A 22%|██▏       | 224/1041 [53:47<3:13:47, 14.23s/it]
[1A                                                    
{'loss': '0.000104', 'grad_norm': '0.002016', 'learning_rate': '0.0001828', 'epoch': '0.6465'}
[1A
[1A 22%|██▏       | 224/1041 [53:47<3:13:47, 14.23s/it]
[1A 22%|██▏       | 225/1041 [54:01<3:14:02, 14.27s/it]
[1A                                                    
{'loss': '0.000102', 'grad_norm': '0.001809', 'learning_rate': '0.0001827', 'epoch': '0.6494'}
[1A
[1A 22%|██▏       | 225/1041 [54:01<3:14:02, 14.27s/it]
[1A 22%|██▏       | 226/1041 [54:17<3:17:43, 14.56s/it]
[1A                                                    
{'loss': '0.0005238', 'grad_norm': '0.02973', 'learning_rate': '0.0001825', 'epoch': '0.6522'}
[1A
[1A 22%|██▏       | 226/1041 [54:17<3:17:43, 14.56s/it]
[1A 22%|██▏       | 227/1041 [54:30<3:14:18, 14.32s/it]
[1A                                                    
{'loss': '8.505e-05', 'grad_norm': '0.002435', 'learning_rate': '0.0001823', 'epoch': '0.6551'}
[1A
[1A 22%|██▏       | 227/1041 [54:30<3:14:18, 14.32s/it]
[1A 22%|██▏       | 228/1041 [54:45<3:15:46, 14.45s/it]
[1A                                                    
{'loss': '5.993e-05', 'grad_norm': '0.001834', 'learning_rate': '0.0001821', 'epoch': '0.658'}
[1A
[1A 22%|██▏       | 228/1041 [54:45<3:15:46, 14.45s/it]
[1A 22%|██▏       | 229/1041 [54:59<3:12:52, 14.25s/it]
[1A                                                    
{'loss': '0.002823', 'grad_norm': '0.2055', 'learning_rate': '0.0001819', 'epoch': '0.6609'}
[1A
[1A 22%|██▏       | 229/1041 [54:59<3:12:52, 14.25s/it]
[1A 22%|██▏       | 230/1041 [55:13<3:12:26, 14.24s/it]
[1A                                                    
{'loss': '0.01904', 'grad_norm': '0.9419', 'learning_rate': '0.0001818', 'epoch': '0.6638'}
[1A
[1A 22%|██▏       | 230/1041 [55:13<3:12:26, 14.24s/it]
[1A 22%|██▏       | 231/1041 [55:28<3:13:04, 14.30s/it]
[1A                                                    
{'loss': '0.0008829', 'grad_norm': '0.04256', 'learning_rate': '0.0001816', 'epoch': '0.6667'}
[1A
[1A 22%|██▏       | 231/1041 [55:28<3:13:04, 14.30s/it]
[1A 22%|██▏       | 232/1041 [55:42<3:12:14, 14.26s/it]
[1A                                                    
{'loss': '0.0001746', 'grad_norm': '0.01104', 'learning_rate': '0.0001814', 'epoch': '0.6696'}
[1A
[1A 22%|██▏       | 232/1041 [55:42<3:12:14, 14.26s/it]
[1A 22%|██▏       | 233/1041 [55:57<3:15:11, 14.49s/it]
[1A                                                    
{'loss': '6.793e-05', 'grad_norm': '0.0007865', 'learning_rate': '0.0001812', 'epoch': '0.6724'}
[1A
[1A 22%|██▏       | 233/1041 [55:57<3:15:11, 14.49s/it]
[1A 22%|██▏       | 234/1041 [56:11<3:13:57, 14.42s/it]
[1A                                                    
{'loss': '0.0005516', 'grad_norm': '0.07691', 'learning_rate': '0.000181', 'epoch': '0.6753'}
[1A
[1A 22%|██▏       | 234/1041 [56:11<3:13:57, 14.42s/it]
[1A 23%|██▎       | 235/1041 [56:25<3:11:16, 14.24s/it]
[1A                                                    
{'loss': '0.0002804', 'grad_norm': '0.007361', 'learning_rate': '0.0001809', 'epoch': '0.6782'}
[1A
[1A 23%|██▎       | 235/1041 [56:25<3:11:16, 14.24s/it]
[1A 23%|██▎       | 236/1041 [56:40<3:13:49, 14.45s/it]
[1A                                                    
{'loss': '0.007254', 'grad_norm': '0.2065', 'learning_rate': '0.0001807', 'epoch': '0.6811'}
[1A
[1A 23%|██▎       | 236/1041 [56:40<3:13:49, 14.45s/it]
[1A 23%|██▎       | 237/1041 [56:54<3:13:16, 14.42s/it]
[1A                                                    
{'loss': '0.02304', 'grad_norm': '0.418', 'learning_rate': '0.0001805', 'epoch': '0.684'}
[1A
[1A 23%|██▎       | 237/1041 [56:54<3:13:16, 14.42s/it]
[1A 23%|██▎       | 238/1041 [57:09<3:15:15, 14.59s/it]
[1A                                                    
{'loss': '0.0003943', 'grad_norm': '0.008569', 'learning_rate': '0.0001803', 'epoch': '0.6869'}
[1A
[1A 23%|██▎       | 238/1041 [57:09<3:15:15, 14.59s/it]
[1A 23%|██▎       | 239/1041 [57:23<3:12:35, 14.41s/it]
[1A                                                    
{'loss': '0.0009079', 'grad_norm': '0.03031', 'learning_rate': '0.0001801', 'epoch': '0.6898'}
[1A
[1A 23%|██▎       | 239/1041 [57:23<3:12:35, 14.41s/it]
[1A 23%|██▎       | 240/1041 [57:38<3:13:27, 14.49s/it]
[1A                                                    
{'loss': '0.000797', 'grad_norm': '0.01735', 'learning_rate': '0.0001799', 'epoch': '0.6926'}
[1A
[1A 23%|██▎       | 240/1041 [57:38<3:13:27, 14.49s/it]
[1A 23%|██▎       | 241/1041 [57:52<3:11:45, 14.38s/it]
[1A                                                    
{'loss': '0.0006594', 'grad_norm': '0.01278', 'learning_rate': '0.0001798', 'epoch': '0.6955'}
[1A
[1A 23%|██▎       | 241/1041 [57:52<3:11:45, 14.38s/it]
[1A 23%|██▎       | 242/1041 [58:06<3:10:19, 14.29s/it]
[1A                                                    
{'loss': '0.003843', 'grad_norm': '0.08243', 'learning_rate': '0.0001796', 'epoch': '0.6984'}
[1A
[1A 23%|██▎       | 242/1041 [58:06<3:10:19, 14.29s/it]
[1A 23%|██▎       | 243/1041 [58:20<3:10:30, 14.32s/it]
[1A                                                    
{'loss': '0.0006003', 'grad_norm': '0.009984', 'learning_rate': '0.0001794', 'epoch': '0.7013'}
[1A
[1A 23%|██▎       | 243/1041 [58:20<3:10:30, 14.32s/it]
[1A 23%|██▎       | 244/1041 [58:35<3:10:25, 14.34s/it]
[1A                                                    
{'loss': '0.005665', 'grad_norm': '0.2288', 'learning_rate': '0.0001792', 'epoch': '0.7042'}
[1A
[1A 23%|██▎       | 244/1041 [58:35<3:10:25, 14.34s/it]
[1A 24%|██▎       | 245/1041 [58:50<3:12:30, 14.51s/it]
[1A                                                    
{'loss': '0.0002091', 'grad_norm': '0.003736', 'learning_rate': '0.000179', 'epoch': '0.7071'}
[1A
[1A 24%|██▎       | 245/1041 [58:50<3:12:30, 14.51s/it]
[1A 24%|██▎       | 246/1041 [59:04<3:12:56, 14.56s/it]
[1A                                                    
{'loss': '0.009507', 'grad_norm': '0.206', 'learning_rate': '0.0001788', 'epoch': '0.71'}
[1A
[1A 24%|██▎       | 246/1041 [59:04<3:12:56, 14.56s/it]
[1A 24%|██▎       | 247/1041 [59:19<3:13:11, 14.60s/it]
[1A                                                    
{'loss': '0.007927', 'grad_norm': '0.08221', 'learning_rate': '0.0001786', 'epoch': '0.7128'}
[1A
[1A 24%|██▎       | 247/1041 [59:19<3:13:11, 14.60s/it]
[1A 24%|██▍       | 248/1041 [59:33<3:11:47, 14.51s/it]
[1A                                                    
{'loss': '0.007482', 'grad_norm': '0.1327', 'learning_rate': '0.0001784', 'epoch': '0.7157'}
[1A
[1A 24%|██▍       | 248/1041 [59:33<3:11:47, 14.51s/it]
[1A 24%|██▍       | 249/1041 [59:48<3:09:51, 14.38s/it]
[1A                                                    
{'loss': '0.000271', 'grad_norm': '0.0075', 'learning_rate': '0.0001782', 'epoch': '0.7186'}
[1A
[1A 24%|██▍       | 249/1041 [59:48<3:09:51, 14.38s/it]
[1A 24%|██▍       | 250/1041 [1:00:02<3:09:00, 14.34s/it]
[1A                                                      
{'loss': '0.01661', 'grad_norm': '0.1176', 'learning_rate': '0.000178', 'epoch': '0.7215'}
[1A
[1A 24%|██▍       | 250/1041 [1:00:02<3:09:00, 14.34s/it]
[1A 24%|██▍       | 251/1041 [1:00:16<3:08:10, 14.29s/it]
[1A                                                      
{'loss': '0.0009969', 'grad_norm': '0.06777', 'learning_rate': '0.0001778', 'epoch': '0.7244'}
[1A
[1A 24%|██▍       | 251/1041 [1:00:16<3:08:10, 14.29s/it]
[1A 24%|██▍       | 252/1041 [1:00:30<3:05:11, 14.08s/it]
[1A                                                      
{'loss': '9.066e-05', 'grad_norm': '0.001362', 'learning_rate': '0.0001776', 'epoch': '0.7273'}
[1A
[1A 24%|██▍       | 252/1041 [1:00:30<3:05:11, 14.08s/it]
[1A 24%|██▍       | 253/1041 [1:00:44<3:05:59, 14.16s/it]
[1A                                                      
{'loss': '0.007473', 'grad_norm': '0.1016', 'learning_rate': '0.0001774', 'epoch': '0.7302'}
[1A
[1A 24%|██▍       | 253/1041 [1:00:44<3:05:59, 14.16s/it]
[1A 24%|██▍       | 254/1041 [1:00:59<3:08:49, 14.40s/it]
[1A                                                      
{'loss': '0.004333', 'grad_norm': '0.1093', 'learning_rate': '0.0001772', 'epoch': '0.733'}
[1A
[1A 24%|██▍       | 254/1041 [1:00:59<3:08:49, 14.40s/it]
[1A 24%|██▍       | 255/1041 [1:01:14<3:09:52, 14.49s/it]
[1A                                                      
{'loss': '0.01475', 'grad_norm': '0.1922', 'learning_rate': '0.000177', 'epoch': '0.7359'}
[1A
[1A 24%|██▍       | 255/1041 [1:01:14<3:09:52, 14.49s/it]
[1A 25%|██▍       | 256/1041 [1:01:27<3:06:33, 14.26s/it]
[1A                                                      
{'loss': '0.0006787', 'grad_norm': '0.03904', 'learning_rate': '0.0001768', 'epoch': '0.7388'}
[1A
[1A 25%|██▍       | 256/1041 [1:01:27<3:06:33, 14.26s/it]
[1A 25%|██▍       | 257/1041 [1:01:41<3:05:51, 14.22s/it]
[1A                                                      
{'loss': '0.0003821', 'grad_norm': '0.006419', 'learning_rate': '0.0001766', 'epoch': '0.7417'}
[1A
[1A 25%|██▍       | 257/1041 [1:01:41<3:05:51, 14.22s/it]
[1A 25%|██▍       | 258/1041 [1:01:56<3:05:58, 14.25s/it]
[1A                                                      
{'loss': '0.000823', 'grad_norm': '0.02379', 'learning_rate': '0.0001764', 'epoch': '0.7446'}
[1A
[1A 25%|██▍       | 258/1041 [1:01:56<3:05:58, 14.25s/it]
[1A 25%|██▍       | 259/1041 [1:02:10<3:05:24, 14.23s/it]
[1A                                                      
{'loss': '0.001338', 'grad_norm': '0.04219', 'learning_rate': '0.0001762', 'epoch': '0.7475'}
[1A
[1A 25%|██▍       | 259/1041 [1:02:10<3:05:24, 14.23s/it]
[1A 25%|██▍       | 260/1041 [1:02:25<3:07:36, 14.41s/it]
[1A                                                      
{'loss': '0.003225', 'grad_norm': '0.05573', 'learning_rate': '0.000176', 'epoch': '0.7504'}
[1A
[1A 25%|██▍       | 260/1041 [1:02:25<3:07:36, 14.41s/it]
[1A 25%|██▌       | 261/1041 [1:02:39<3:08:23, 14.49s/it]
[1A                                                      
{'loss': '0.000271', 'grad_norm': '0.01037', 'learning_rate': '0.0001758', 'epoch': '0.7532'}
[1A
[1A 25%|██▌       | 261/1041 [1:02:39<3:08:23, 14.49s/it]
[1A 25%|██▌       | 262/1041 [1:02:53<3:05:26, 14.28s/it]
[1A                                                      
{'loss': '0.004253', 'grad_norm': '0.1065', 'learning_rate': '0.0001756', 'epoch': '0.7561'}
[1A
[1A 25%|██▌       | 262/1041 [1:02:53<3:05:26, 14.28s/it]
[1A 25%|██▌       | 263/1041 [1:03:08<3:06:33, 14.39s/it]
[1A                                                      
{'loss': '0.000468', 'grad_norm': '0.007257', 'learning_rate': '0.0001754', 'epoch': '0.759'}
[1A
[1A 25%|██▌       | 263/1041 [1:03:08<3:06:33, 14.39s/it]
[1A 25%|██▌       | 264/1041 [1:03:22<3:05:01, 14.29s/it]
[1A                                                      
{'loss': '0.0002784', 'grad_norm': '0.004601', 'learning_rate': '0.0001752', 'epoch': '0.7619'}
[1A
[1A 25%|██▌       | 264/1041 [1:03:22<3:05:01, 14.29s/it]
[1A 25%|██▌       | 265/1041 [1:03:37<3:07:12, 14.48s/it]
[1A                                                      
{'loss': '0.0002684', 'grad_norm': '0.01179', 'learning_rate': '0.000175', 'epoch': '0.7648'}
[1A
[1A 25%|██▌       | 265/1041 [1:03:37<3:07:12, 14.48s/it]
[1A 26%|██▌       | 266/1041 [1:03:50<3:03:04, 14.17s/it]
[1A                                                      
{'loss': '3.091e-05', 'grad_norm': '0.0003864', 'learning_rate': '0.0001748', 'epoch': '0.7677'}
[1A
[1A 26%|██▌       | 266/1041 [1:03:50<3:03:04, 14.17s/it]
[1A 26%|██▌       | 267/1041 [1:04:04<3:02:34, 14.15s/it]
[1A                                                      
{'loss': '0.01807', 'grad_norm': '0.3474', 'learning_rate': '0.0001746', 'epoch': '0.7706'}
[1A
[1A 26%|██▌       | 267/1041 [1:04:04<3:02:34, 14.15s/it]
[1A 26%|██▌       | 268/1041 [1:04:19<3:02:53, 14.20s/it]
[1A                                                      
{'loss': '0.0006157', 'grad_norm': '0.015', 'learning_rate': '0.0001744', 'epoch': '0.7734'}
[1A
[1A 26%|██▌       | 268/1041 [1:04:19<3:02:53, 14.20s/it]
[1A 26%|██▌       | 269/1041 [1:04:34<3:05:56, 14.45s/it]
[1A                                                      
{'loss': '0.002781', 'grad_norm': '0.07506', 'learning_rate': '0.0001742', 'epoch': '0.7763'}
[1A
[1A 26%|██▌       | 269/1041 [1:04:34<3:05:56, 14.45s/it]
[1A 26%|██▌       | 270/1041 [1:04:49<3:07:40, 14.61s/it]
[1A                                                      
{'loss': '0.0002834', 'grad_norm': '0.024', 'learning_rate': '0.000174', 'epoch': '0.7792'}
[1A
[1A 26%|██▌       | 270/1041 [1:04:49<3:07:40, 14.61s/it]
[1A 26%|██▌       | 271/1041 [1:05:03<3:05:57, 14.49s/it]
[1A                                                      
{'loss': '4.623e-05', 'grad_norm': '0.0006778', 'learning_rate': '0.0001738', 'epoch': '0.7821'}
[1A
[1A 26%|██▌       | 271/1041 [1:05:03<3:05:57, 14.49s/it]
[1A 26%|██▌       | 272/1041 [1:05:17<3:04:55, 14.43s/it]
[1A                                                      
{'loss': '0.0001751', 'grad_norm': '0.003178', 'learning_rate': '0.0001736', 'epoch': '0.785'}
[1A
[1A 26%|██▌       | 272/1041 [1:05:17<3:04:55, 14.43s/it]
[1A 26%|██▌       | 273/1041 [1:05:32<3:06:00, 14.53s/it]
[1A                                                      
{'loss': '0.0004718', 'grad_norm': '0.01903', 'learning_rate': '0.0001734', 'epoch': '0.7879'}
[1A
[1A 26%|██▌       | 273/1041 [1:05:32<3:06:00, 14.53s/it]
[1A 26%|██▋       | 274/1041 [1:05:46<3:05:20, 14.50s/it]
[1A                                                      
{'loss': '0.001225', 'grad_norm': '0.05206', 'learning_rate': '0.0001731', 'epoch': '0.7908'}
[1A
[1A 26%|██▋       | 274/1041 [1:05:46<3:05:20, 14.50s/it]
[1A 26%|██▋       | 275/1041 [1:06:01<3:06:24, 14.60s/it]
[1A                                                      
{'loss': '0.003601', 'grad_norm': '0.08844', 'learning_rate': '0.0001729', 'epoch': '0.7937'}
[1A
[1A 26%|██▋       | 275/1041 [1:06:01<3:06:24, 14.60s/it]
[1A 27%|██▋       | 276/1041 [1:06:16<3:06:52, 14.66s/it]
[1A                                                      
{'loss': '0.000206', 'grad_norm': '0.006402', 'learning_rate': '0.0001727', 'epoch': '0.7965'}
[1A
[1A 27%|██▋       | 276/1041 [1:06:16<3:06:52, 14.66s/it]
[1A 27%|██▋       | 277/1041 [1:06:30<3:03:13, 14.39s/it]
[1A                                                      
{'loss': '6.749e-05', 'grad_norm': '0.001983', 'learning_rate': '0.0001725', 'epoch': '0.7994'}
[1A
[1A 27%|██▋       | 277/1041 [1:06:30<3:03:13, 14.39s/it]
[1A 27%|██▋       | 278/1041 [1:06:44<3:04:07, 14.48s/it]
[1A                                                      
{'loss': '0.0001221', 'grad_norm': '0.001458', 'learning_rate': '0.0001723', 'epoch': '0.8023'}
[1A
[1A 27%|██▋       | 278/1041 [1:06:44<3:04:07, 14.48s/it]
[1A 27%|██▋       | 279/1041 [1:06:59<3:02:59, 14.41s/it]
[1A                                                      
{'loss': '0.0002496', 'grad_norm': '0.008782', 'learning_rate': '0.0001721', 'epoch': '0.8052'}
[1A
[1A 27%|██▋       | 279/1041 [1:06:59<3:02:59, 14.41s/it]
[1A 27%|██▋       | 280/1041 [1:07:13<3:01:52, 14.34s/it]
[1A                                                      
{'loss': '4.993e-05', 'grad_norm': '0.001846', 'learning_rate': '0.0001719', 'epoch': '0.8081'}
[1A
[1A 27%|██▋       | 280/1041 [1:07:13<3:01:52, 14.34s/it]
[1A 27%|██▋       | 281/1041 [1:07:28<3:03:18, 14.47s/it]
[1A                                                      
{'loss': '0.0002047', 'grad_norm': '0.009085', 'learning_rate': '0.0001716', 'epoch': '0.811'}
[1A
[1A 27%|██▋       | 281/1041 [1:07:28<3:03:18, 14.47s/it]
[1A 27%|██▋       | 282/1041 [1:07:42<3:02:03, 14.39s/it]
[1A                                                      
{'loss': '0.000752', 'grad_norm': '0.03082', 'learning_rate': '0.0001714', 'epoch': '0.8139'}
[1A
[1A 27%|██▋       | 282/1041 [1:07:42<3:02:03, 14.39s/it]
[1A 27%|██▋       | 283/1041 [1:07:56<3:00:29, 14.29s/it]
[1A                                                      
{'loss': '2.487e-05', 'grad_norm': '0.0005129', 'learning_rate': '0.0001712', 'epoch': '0.8167'}
[1A
[1A 27%|██▋       | 283/1041 [1:07:56<3:00:29, 14.29s/it]
[1A 27%|██▋       | 284/1041 [1:08:10<2:59:45, 14.25s/it]
[1A                                                      
{'loss': '0.0008306', 'grad_norm': '0.1112', 'learning_rate': '0.000171', 'epoch': '0.8196'}
[1A
[1A 27%|██▋       | 284/1041 [1:08:10<2:59:45, 14.25s/it]
[1A 27%|██▋       | 285/1041 [1:08:24<2:59:29, 14.25s/it]
[1A                                                      
{'loss': '0.000205', 'grad_norm': '0.0225', 'learning_rate': '0.0001708', 'epoch': '0.8225'}
[1A
[1A 27%|██▋       | 285/1041 [1:08:24<2:59:29, 14.25s/it]
[1A 27%|██▋       | 286/1041 [1:08:39<2:59:11, 14.24s/it]
[1A                                                      
{'loss': '2.34e-05', 'grad_norm': '0.0003255', 'learning_rate': '0.0001705', 'epoch': '0.8254'}
[1A
[1A 27%|██▋       | 286/1041 [1:08:39<2:59:11, 14.24s/it]
[1A 28%|██▊       | 287/1041 [1:08:53<2:58:18, 14.19s/it]
[1A                                                      
{'loss': '5.069e-05', 'grad_norm': '0.0008218', 'learning_rate': '0.0001703', 'epoch': '0.8283'}
[1A
[1A 28%|██▊       | 287/1041 [1:08:53<2:58:18, 14.19s/it]
[1A 28%|██▊       | 288/1041 [1:09:07<2:58:57, 14.26s/it]
[1A                                                      
{'loss': '0.0001315', 'grad_norm': '0.007858', 'learning_rate': '0.0001701', 'epoch': '0.8312'}
[1A
[1A 28%|██▊       | 288/1041 [1:09:07<2:58:57, 14.26s/it]
[1A 28%|██▊       | 289/1041 [1:09:21<2:57:40, 14.18s/it]
[1A                                                      
{'loss': '8.943e-05', 'grad_norm': '0.002839', 'learning_rate': '0.0001699', 'epoch': '0.8341'}
[1A
[1A 28%|██▊       | 289/1041 [1:09:21<2:57:40, 14.18s/it]
[1A 28%|██▊       | 290/1041 [1:09:35<2:57:04, 14.15s/it]
[1A                                                      
{'loss': '1.069e-05', 'grad_norm': '0.0001268', 'learning_rate': '0.0001697', 'epoch': '0.8369'}
[1A
[1A 28%|██▊       | 290/1041 [1:09:35<2:57:04, 14.15s/it]
[1A 28%|██▊       | 291/1041 [1:09:49<2:55:07, 14.01s/it]
[1A                                                      
{'loss': '3.444e-05', 'grad_norm': '0.0006234', 'learning_rate': '0.0001694', 'epoch': '0.8398'}
[1A
[1A 28%|██▊       | 291/1041 [1:09:49<2:55:07, 14.01s/it]
[1A 28%|██▊       | 292/1041 [1:10:03<2:56:36, 14.15s/it]
[1A                                                      
{'loss': '0.001164', 'grad_norm': '0.1011', 'learning_rate': '0.0001692', 'epoch': '0.8427'}
[1A
[1A 28%|██▊       | 292/1041 [1:10:03<2:56:36, 14.15s/it]
[1A 28%|██▊       | 293/1041 [1:10:18<2:59:18, 14.38s/it]
[1A                                                      
{'loss': '6.92e-05', 'grad_norm': '0.001482', 'learning_rate': '0.000169', 'epoch': '0.8456'}
[1A
[1A 28%|██▊       | 293/1041 [1:10:18<2:59:18, 14.38s/it]
[1A 28%|██▊       | 294/1041 [1:10:33<2:59:45, 14.44s/it]
[1A                                                      
{'loss': '0.0001815', 'grad_norm': '0.05216', 'learning_rate': '0.0001688', 'epoch': '0.8485'}
[1A
[1A 28%|██▊       | 294/1041 [1:10:33<2:59:45, 14.44s/it]
[1A 28%|██▊       | 295/1041 [1:10:47<2:58:04, 14.32s/it]
[1A                                                      
{'loss': '4.494e-05', 'grad_norm': '0.001128', 'learning_rate': '0.0001685', 'epoch': '0.8514'}
[1A
[1A 28%|██▊       | 295/1041 [1:10:47<2:58:04, 14.32s/it]
[1A 28%|██▊       | 296/1041 [1:11:00<2:55:23, 14.12s/it]
[1A                                                      
{'loss': '1.636e-05', 'grad_norm': '0.0002034', 'learning_rate': '0.0001683', 'epoch': '0.8543'}
[1A
[1A 28%|██▊       | 296/1041 [1:11:00<2:55:23, 14.12s/it]
[1A 29%|██▊       | 297/1041 [1:11:14<2:54:43, 14.09s/it]
[1A                                                      
{'loss': '0.02994', 'grad_norm': '0.2454', 'learning_rate': '0.0001681', 'epoch': '0.8571'}
[1A
[1A 29%|██▊       | 297/1041 [1:11:14<2:54:43, 14.09s/it]
[1A 29%|██▊       | 298/1041 [1:11:28<2:53:04, 13.98s/it]
[1A                                                      
{'loss': '4.854e-05', 'grad_norm': '0.0007067', 'learning_rate': '0.0001678', 'epoch': '0.86'}
[1A
[1A 29%|██▊       | 298/1041 [1:11:28<2:53:04, 13.98s/it]
[1A 29%|██▊       | 299/1041 [1:11:43<2:54:48, 14.14s/it]
[1A                                                      
{'loss': '0.0004564', 'grad_norm': '0.00781', 'learning_rate': '0.0001676', 'epoch': '0.8629'}
[1A
[1A 29%|██▊       | 299/1041 [1:11:43<2:54:48, 14.14s/it]
[1A 29%|██▉       | 300/1041 [1:12:05<3:24:37, 16.57s/it]
[1A                                                      
{'loss': '5.329e-05', 'grad_norm': '0.001305', 'learning_rate': '0.0001674', 'epoch': '0.8658'}
[1A
[1A 29%|██▉       | 300/1041 [1:12:05<3:24:37, 16.57s/it]
[1A 29%|██▉       | 301/1041 [1:12:19<3:14:31, 15.77s/it]
[1A                                                      
{'loss': '0.0003156', 'grad_norm': '0.01923', 'learning_rate': '0.0001672', 'epoch': '0.8687'}
[1A
[1A 29%|██▉       | 301/1041 [1:12:19<3:14:31, 15.77s/it]
[1A 29%|██▉       | 302/1041 [1:12:33<3:09:17, 15.37s/it]
[1A                                                      
{'loss': '0.0001718', 'grad_norm': '0.003006', 'learning_rate': '0.0001669', 'epoch': '0.8716'}
[1A
[1A 29%|██▉       | 302/1041 [1:12:33<3:09:17, 15.37s/it]
[1A 29%|██▉       | 303/1041 [1:12:47<3:04:31, 15.00s/it]
[1A                                                      
{'loss': '0.0002311', 'grad_norm': '0.007642', 'learning_rate': '0.0001667', 'epoch': '0.8745'}
[1A
[1A 29%|██▉       | 303/1041 [1:12:47<3:04:31, 15.00s/it]
[1A 29%|██▉       | 304/1041 [1:13:02<3:01:27, 14.77s/it]
[1A                                                      
{'loss': '7.086e-05', 'grad_norm': '0.001541', 'learning_rate': '0.0001665', 'epoch': '0.8773'}
[1A
[1A 29%|██▉       | 304/1041 [1:13:02<3:01:27, 14.77s/it]
[1A 29%|██▉       | 305/1041 [1:13:15<2:57:24, 14.46s/it]
[1A                                                      
{'loss': '0.0001236', 'grad_norm': '0.004514', 'learning_rate': '0.0001662', 'epoch': '0.8802'}
[1A
[1A 29%|██▉       | 305/1041 [1:13:15<2:57:24, 14.46s/it]
[1A 29%|██▉       | 306/1041 [1:13:30<2:57:53, 14.52s/it]
[1A                                                      
{'loss': '0.001781', 'grad_norm': '0.05045', 'learning_rate': '0.000166', 'epoch': '0.8831'}
[1A
[1A 29%|██▉       | 306/1041 [1:13:30<2:57:53, 14.52s/it]
[1A 29%|██▉       | 307/1041 [1:13:44<2:57:06, 14.48s/it]
[1A                                                      
{'loss': '0.002109', 'grad_norm': '0.1096', 'learning_rate': '0.0001658', 'epoch': '0.886'}
[1A
[1A 29%|██▉       | 307/1041 [1:13:44<2:57:06, 14.48s/it]
[1A 30%|██▉       | 308/1041 [1:13:59<2:55:23, 14.36s/it]
[1A                                                      
{'loss': '0.001957', 'grad_norm': '0.1005', 'learning_rate': '0.0001655', 'epoch': '0.8889'}
[1A
[1A 30%|██▉       | 308/1041 [1:13:59<2:55:23, 14.36s/it]
[1A 30%|██▉       | 309/1041 [1:14:12<2:50:58, 14.01s/it]
[1A                                                      
{'loss': '2.097e-05', 'grad_norm': '0.0004839', 'learning_rate': '0.0001653', 'epoch': '0.8918'}
[1A
[1A 30%|██▉       | 309/1041 [1:14:12<2:50:58, 14.01s/it]
[1A 30%|██▉       | 310/1041 [1:14:26<2:52:11, 14.13s/it]
[1A                                                      
{'loss': '0.0001323', 'grad_norm': '0.002555', 'learning_rate': '0.0001651', 'epoch': '0.8947'}
[1A
[1A 30%|██▉       | 310/1041 [1:14:26<2:52:11, 14.13s/it]
[1A 30%|██▉       | 311/1041 [1:14:41<2:53:18, 14.24s/it]
[1A                                                      
{'loss': '0.0001233', 'grad_norm': '0.001977', 'learning_rate': '0.0001648', 'epoch': '0.8975'}
[1A
[1A 30%|██▉       | 311/1041 [1:14:41<2:53:18, 14.24s/it]
[1A 30%|██▉       | 312/1041 [1:14:54<2:51:22, 14.11s/it]
[1A                                                      
{'loss': '0.0002249', 'grad_norm': '0.006302', 'learning_rate': '0.0001646', 'epoch': '0.9004'}
[1A
[1A 30%|██▉       | 312/1041 [1:14:54<2:51:22, 14.11s/it]
[1A 30%|███       | 313/1041 [1:15:09<2:51:58, 14.17s/it]
[1A                                                      
{'loss': '9.251e-05', 'grad_norm': '0.0015', 'learning_rate': '0.0001643', 'epoch': '0.9033'}
[1A
[1A 30%|███       | 313/1041 [1:15:09<2:51:58, 14.17s/it]
[1A 30%|███       | 314/1041 [1:15:24<2:54:22, 14.39s/it]
[1A                                                      
{'loss': '0.0001928', 'grad_norm': '0.01163', 'learning_rate': '0.0001641', 'epoch': '0.9062'}
[1A
[1A 30%|███       | 314/1041 [1:15:24<2:54:22, 14.39s/it]
[1A 30%|███       | 315/1041 [1:15:38<2:55:29, 14.50s/it]
[1A                                                      
{'loss': '7.695e-05', 'grad_norm': '0.001434', 'learning_rate': '0.0001639', 'epoch': '0.9091'}
[1A
[1A 30%|███       | 315/1041 [1:15:38<2:55:29, 14.50s/it]
[1A 30%|███       | 316/1041 [1:15:53<2:54:53, 14.47s/it]
[1A                                                      
{'loss': '6.024e-05', 'grad_norm': '0.0009393', 'learning_rate': '0.0001636', 'epoch': '0.912'}
[1A
[1A 30%|███       | 316/1041 [1:15:53<2:54:53, 14.47s/it]
[1A 30%|███       | 317/1041 [1:16:07<2:53:23, 14.37s/it]
[1A                                                      
{'loss': '5.2e-05', 'grad_norm': '0.0009154', 'learning_rate': '0.0001634', 'epoch': '0.9149'}
[1A
[1A 30%|███       | 317/1041 [1:16:07<2:53:23, 14.37s/it]
[1A 31%|███       | 318/1041 [1:16:21<2:51:34, 14.24s/it]
[1A                                                      
{'loss': '0.0001129', 'grad_norm': '0.002027', 'learning_rate': '0.0001631', 'epoch': '0.9177'}
[1A
[1A 31%|███       | 318/1041 [1:16:21<2:51:34, 14.24s/it]
[1A 31%|███       | 319/1041 [1:16:35<2:49:24, 14.08s/it]
[1A                                                      
{'loss': '0.0001277', 'grad_norm': '0.002254', 'learning_rate': '0.0001629', 'epoch': '0.9206'}
[1A
[1A 31%|███       | 319/1041 [1:16:35<2:49:24, 14.08s/it]
[1A 31%|███       | 320/1041 [1:16:49<2:49:23, 14.10s/it]
[1A                                                      
{'loss': '7.852e-05', 'grad_norm': '0.001225', 'learning_rate': '0.0001627', 'epoch': '0.9235'}
[1A
[1A 31%|███       | 320/1041 [1:16:49<2:49:23, 14.10s/it]
[1A 31%|███       | 321/1041 [1:17:02<2:47:43, 13.98s/it]
[1A                                                      
{'loss': '4.419e-05', 'grad_norm': '0.0007455', 'learning_rate': '0.0001624', 'epoch': '0.9264'}
[1A
[1A 31%|███       | 321/1041 [1:17:02<2:47:43, 13.98s/it]
[1A 31%|███       | 322/1041 [1:17:17<2:48:21, 14.05s/it]
[1A                                                      
{'loss': '0.0002925', 'grad_norm': '0.01637', 'learning_rate': '0.0001622', 'epoch': '0.9293'}
[1A
[1A 31%|███       | 322/1041 [1:17:17<2:48:21, 14.05s/it]
[1A 31%|███       | 323/1041 [1:17:31<2:49:00, 14.12s/it]
[1A                                                      
{'loss': '0.0001741', 'grad_norm': '0.006674', 'learning_rate': '0.0001619', 'epoch': '0.9322'}
[1A
[1A 31%|███       | 323/1041 [1:17:31<2:49:00, 14.12s/it]
[1A 31%|███       | 324/1041 [1:17:45<2:49:28, 14.18s/it]
[1A                                                      
{'loss': '2.792e-05', 'grad_norm': '0.0004654', 'learning_rate': '0.0001617', 'epoch': '0.9351'}
[1A
[1A 31%|███       | 324/1041 [1:17:45<2:49:28, 14.18s/it]
[1A 31%|███       | 325/1041 [1:17:59<2:48:51, 14.15s/it]
[1A                                                      
{'loss': '5.23e-05', 'grad_norm': '0.0006748', 'learning_rate': '0.0001614', 'epoch': '0.938'}
[1A
[1A 31%|███       | 325/1041 [1:17:59<2:48:51, 14.15s/it]
[1A 31%|███▏      | 326/1041 [1:18:13<2:48:32, 14.14s/it]
[1A                                                      
{'loss': '4.476e-05', 'grad_norm': '0.000625', 'learning_rate': '0.0001612', 'epoch': '0.9408'}
[1A
[1A 31%|███▏      | 326/1041 [1:18:13<2:48:32, 14.14s/it]
[1A 31%|███▏      | 327/1041 [1:18:27<2:47:41, 14.09s/it]
[1A                                                      
{'loss': '4.862e-05', 'grad_norm': '0.0007192', 'learning_rate': '0.0001609', 'epoch': '0.9437'}
[1A
[1A 31%|███▏      | 327/1041 [1:18:27<2:47:41, 14.09s/it]
[1A 32%|███▏      | 328/1041 [1:18:42<2:48:57, 14.22s/it]
[1A                                                      
{'loss': '0.0008887', 'grad_norm': '0.05029', 'learning_rate': '0.0001607', 'epoch': '0.9466'}
[1A
[1A 32%|███▏      | 328/1041 [1:18:42<2:48:57, 14.22s/it]
[1A 32%|███▏      | 329/1041 [1:18:57<2:50:24, 14.36s/it]
[1A                                                      
{'loss': '0.0005907', 'grad_norm': '0.03194', 'learning_rate': '0.0001605', 'epoch': '0.9495'}
[1A
[1A 32%|███▏      | 329/1041 [1:18:57<2:50:24, 14.36s/it]
[1A 32%|███▏      | 330/1041 [1:19:11<2:51:29, 14.47s/it]
[1A                                                      
[1A
{'loss': '0.001018', 'grad_norm': '0.06488', 'learning_rate': '0.0001602', 'epoch': '0.9524'}
[1A 32%|███▏      | 330/1041 [1:19:11<2:51:29, 14.47s/it]
[1A 32%|███▏      | 331/1041 [1:19:27<2:53:37, 14.67s/it]
[1A                                                      
{'loss': '0.0002002', 'grad_norm': '0.01012', 'learning_rate': '0.00016', 'epoch': '0.9553'}
[1A
[1A 32%|███▏      | 331/1041 [1:19:27<2:53:37, 14.67s/it]
[1A 32%|███▏      | 332/1041 [1:19:41<2:53:47, 14.71s/it]
[1A                                                      
{'loss': '9.559e-05', 'grad_norm': '0.0024', 'learning_rate': '0.0001597', 'epoch': '0.9582'}
[1A
[1A 32%|███▏      | 332/1041 [1:19:41<2:53:47, 14.71s/it]
[1A 32%|███▏      | 333/1041 [1:19:56<2:52:38, 14.63s/it]
[1A                                                      
{'loss': '6.262e-05', 'grad_norm': '0.00115', 'learning_rate': '0.0001595', 'epoch': '0.961'}
[1A
[1A 32%|███▏      | 333/1041 [1:19:56<2:52:38, 14.63s/it]
[1A 32%|███▏      | 334/1041 [1:20:10<2:49:17, 14.37s/it]
[1A                                                      
{'loss': '5.829e-05', 'grad_norm': '0.001255', 'learning_rate': '0.0001592', 'epoch': '0.9639'}
[1A
[1A 32%|███▏      | 334/1041 [1:20:10<2:49:17, 14.37s/it]
[1A 32%|███▏      | 335/1041 [1:20:24<2:49:30, 14.41s/it]
[1A                                                      
{'loss': '0.0001978', 'grad_norm': '0.02276', 'learning_rate': '0.000159', 'epoch': '0.9668'}
[1A
[1A 32%|███▏      | 335/1041 [1:20:24<2:49:30, 14.41s/it]
[1A 32%|███▏      | 336/1041 [1:20:39<2:50:17, 14.49s/it]
[1A                                                      
{'loss': '0.0002505', 'grad_norm': '0.01014', 'learning_rate': '0.0001587', 'epoch': '0.9697'}
[1A
[1A 32%|███▏      | 336/1041 [1:20:39<2:50:17, 14.49s/it]
[1A 32%|███▏      | 337/1041 [1:20:53<2:50:08, 14.50s/it]
[1A                                                      
{'loss': '5.093e-05', 'grad_norm': '0.0007573', 'learning_rate': '0.0001585', 'epoch': '0.9726'}
[1A
[1A 32%|███▏      | 337/1041 [1:20:53<2:50:08, 14.50s/it]
[1A 32%|███▏      | 338/1041 [1:21:08<2:49:09, 14.44s/it]
[1A                                                      
{'loss': '1.917e-05', 'grad_norm': '0.0002905', 'learning_rate': '0.0001582', 'epoch': '0.9755'}
[1A
[1A 32%|███▏      | 338/1041 [1:21:08<2:49:09, 14.44s/it]
[1A 33%|███▎      | 339/1041 [1:21:22<2:48:01, 14.36s/it]
[1A                                                      
{'loss': '0.0002252', 'grad_norm': '0.006868', 'learning_rate': '0.0001579', 'epoch': '0.9784'}
[1A
[1A 33%|███▎      | 339/1041 [1:21:22<2:48:01, 14.36s/it]
[1A 33%|███▎      | 340/1041 [1:21:36<2:48:56, 14.46s/it]
[1A                                                      
{'loss': '0.0003431', 'grad_norm': '0.01117', 'learning_rate': '0.0001577', 'epoch': '0.9812'}
[1A
[1A 33%|███▎      | 340/1041 [1:21:36<2:48:56, 14.46s/it]
[1A 33%|███▎      | 341/1041 [1:21:51<2:48:17, 14.43s/it]
[1A                                                      
{'loss': '3.012e-05', 'grad_norm': '0.0003834', 'learning_rate': '0.0001574', 'epoch': '0.9841'}
[1A
[1A 33%|███▎      | 341/1041 [1:21:51<2:48:17, 14.43s/it]
[1A 33%|███▎      | 342/1041 [1:22:05<2:47:09, 14.35s/it]
[1A                                                      
{'loss': '1.803e-05', 'grad_norm': '0.0002281', 'learning_rate': '0.0001572', 'epoch': '0.987'}
[1A
[1A 33%|███▎      | 342/1041 [1:22:05<2:47:09, 14.35s/it]
[1A 33%|███▎      | 343/1041 [1:22:20<2:48:49, 14.51s/it]
[1A                                                      
{'loss': '0.007205', 'grad_norm': '0.09773', 'learning_rate': '0.0001569', 'epoch': '0.9899'}
[1A
[1A 33%|███▎      | 343/1041 [1:22:20<2:48:49, 14.51s/it]
[1A 33%|███▎      | 344/1041 [1:22:34<2:47:19, 14.40s/it]
[1A                                                      
{'loss': '7.549e-05', 'grad_norm': '0.002357', 'learning_rate': '0.0001567', 'epoch': '0.9928'}
[1A
[1A 33%|███▎      | 344/1041 [1:22:34<2:47:19, 14.40s/it]
[1A 33%|███▎      | 345/1041 [1:22:49<2:48:27, 14.52s/it]
[1A                                                      
{'loss': '0.0002087', 'grad_norm': '0.00539', 'learning_rate': '0.0001564', 'epoch': '0.9957'}
[1A
[1A 33%|███▎      | 345/1041 [1:22:49<2:48:27, 14.52s/it]
[1A 33%|███▎      | 346/1041 [1:23:03<2:45:42, 14.31s/it]
[1A                                                      
{'loss': '3.396e-05', 'grad_norm': '0.0009278', 'learning_rate': '0.0001562', 'epoch': '0.9986'}
[1A
[1A 33%|███▎      | 346/1041 [1:23:03<2:45:42, 14.31s/it]
[1A 33%|███▎      | 347/1041 [1:23:10<2:22:04, 12.28s/it]
[1A                                                      
{'loss': '0.0004238', 'grad_norm': '0.01892', 'learning_rate': '0.0001559', 'epoch': '1'}
[1A
[1A 33%|███▎      | 347/1041 [1:23:10<2:22:04, 12.28s/it]
[1A 33%|███▎      | 348/1041 [1:23:24<2:26:48, 12.71s/it]
[1A                                                      
{'loss': '4.079e-05', 'grad_norm': '0.001959', 'learning_rate': '0.0001556', 'epoch': '1.003'}
[1A
[1A 33%|███▎      | 348/1041 [1:23:24<2:26:48, 12.71s/it]
[1A 34%|███▎      | 349/1041 [1:23:37<2:29:43, 12.98s/it]
[1A                                                      
{'loss': '0.000171', 'grad_norm': '0.01257', 'learning_rate': '0.0001554', 'epoch': '1.006'}
[1A
[1A 34%|███▎      | 349/1041 [1:23:37<2:29:43, 12.98s/it]
[1A 34%|███▎      | 350/1041 [1:23:52<2:34:08, 13.38s/it]
[1A                                                      
{'loss': '0.0001742', 'grad_norm': '0.006581', 'learning_rate': '0.0001551', 'epoch': '1.009'}
[1A
[1A 34%|███▎      | 350/1041 [1:23:52<2:34:08, 13.38s/it]
[1A 34%|███▎      | 351/1041 [1:24:06<2:36:21, 13.60s/it]
[1A                                                      
{'loss': '0.00199', 'grad_norm': '0.08018', 'learning_rate': '0.0001549', 'epoch': '1.012'}
[1A
[1A 34%|███▎      | 351/1041 [1:24:06<2:36:21, 13.60s/it]
[1A 34%|███▍      | 352/1041 [1:24:21<2:41:24, 14.06s/it]
[1A                                                      
{'loss': '0.003002', 'grad_norm': '0.1639', 'learning_rate': '0.0001546', 'epoch': '1.014'}
[1A
[1A 34%|███▍      | 352/1041 [1:24:21<2:41:24, 14.06s/it]
[1A 34%|███▍      | 353/1041 [1:24:35<2:41:08, 14.05s/it]
[1A                                                      
{'loss': '6.367e-05', 'grad_norm': '0.001233', 'learning_rate': '0.0001543', 'epoch': '1.017'}
[1A
[1A 34%|███▍      | 353/1041 [1:24:35<2:41:08, 14.05s/it]
[1A 34%|███▍      | 354/1041 [1:24:50<2:44:13, 14.34s/it]
[1A                                                      
{'loss': '4.991e-05', 'grad_norm': '0.002275', 'learning_rate': '0.0001541', 'epoch': '1.02'}
[1A
[1A 34%|███▍      | 354/1041 [1:24:50<2:44:13, 14.34s/it]
[1A 34%|███▍      | 355/1041 [1:25:05<2:45:09, 14.45s/it]
[1A                                                      
{'loss': '1.494e-05', 'grad_norm': '0.0004281', 'learning_rate': '0.0001538', 'epoch': '1.023'}
[1A
[1A 34%|███▍      | 355/1041 [1:25:05<2:45:09, 14.45s/it]
[1A 34%|███▍      | 356/1041 [1:25:20<2:46:51, 14.62s/it]
[1A                                                      
[1A
{'loss': '9.791e-05', 'grad_norm': '0.005793', 'learning_rate': '0.0001536', 'epoch': '1.026'}
[1A 34%|███▍      | 356/1041 [1:25:20<2:46:51, 14.62s/it]
[1A 34%|███▍      | 357/1041 [1:25:34<2:45:17, 14.50s/it]
[1A                                                      
{'loss': '0.0002654', 'grad_norm': '0.0345', 'learning_rate': '0.0001533', 'epoch': '1.029'}
[1A
[1A 34%|███▍      | 357/1041 [1:25:34<2:45:17, 14.50s/it]
[1A 34%|███▍      | 358/1041 [1:25:49<2:46:28, 14.63s/it]
[1A                                                      
{'loss': '0.0002482', 'grad_norm': '0.01643', 'learning_rate': '0.000153', 'epoch': '1.032'}
[1A
[1A 34%|███▍      | 358/1041 [1:25:49<2:46:28, 14.63s/it]
[1A 34%|███▍      | 359/1041 [1:26:03<2:44:41, 14.49s/it]
[1A                                                      
{'loss': '0.008488', 'grad_norm': '0.3625', 'learning_rate': '0.0001528', 'epoch': '1.035'}
[1A
[1A 34%|███▍      | 359/1041 [1:26:03<2:44:41, 14.49s/it]
[1A 35%|███▍      | 360/1041 [1:26:17<2:43:40, 14.42s/it]
[1A                                                      
{'loss': '0.0001003', 'grad_norm': '0.008261', 'learning_rate': '0.0001525', 'epoch': '1.038'}
[1A
[1A 35%|███▍      | 360/1041 [1:26:17<2:43:40, 14.42s/it]
[1A 35%|███▍      | 361/1041 [1:26:32<2:42:58, 14.38s/it]
[1A                                                      
{'loss': '3.709e-05', 'grad_norm': '0.0008829', 'learning_rate': '0.0001522', 'epoch': '1.04'}
[1A
[1A 35%|███▍      | 361/1041 [1:26:32<2:42:58, 14.38s/it]
[1A 35%|███▍      | 362/1041 [1:26:46<2:43:25, 14.44s/it]
[1A                                                      
{'loss': '3.703e-05', 'grad_norm': '0.001488', 'learning_rate': '0.000152', 'epoch': '1.043'}
[1A
[1A 35%|███▍      | 362/1041 [1:26:46<2:43:25, 14.44s/it]
[1A 35%|███▍      | 363/1041 [1:27:01<2:43:23, 14.46s/it]
[1A                                                      
{'loss': '0.003909', 'grad_norm': '0.3025', 'learning_rate': '0.0001517', 'epoch': '1.046'}
[1A
[1A 35%|███▍      | 363/1041 [1:27:01<2:43:23, 14.46s/it]
[1A 35%|███▍      | 364/1041 [1:27:14<2:40:54, 14.26s/it]
[1A                                                      
{'loss': '5.797e-05', 'grad_norm': '0.005393', 'learning_rate': '0.0001514', 'epoch': '1.049'}
[1A
[1A 35%|███▍      | 364/1041 [1:27:14<2:40:54, 14.26s/it]
[1A 35%|███▌      | 365/1041 [1:27:29<2:41:11, 14.31s/it]
[1A                                                      
{'loss': '6.237e-06', 'grad_norm': '7.98e-05', 'learning_rate': '0.0001512', 'epoch': '1.052'}
[1A
[1A 35%|███▌      | 365/1041 [1:27:29<2:41:11, 14.31s/it]
[1A 35%|███▌      | 366/1041 [1:27:43<2:39:34, 14.18s/it]
[1A                                                      
{'loss': '0.004782', 'grad_norm': '0.1614', 'learning_rate': '0.0001509', 'epoch': '1.055'}
[1A
[1A 35%|███▌      | 366/1041 [1:27:43<2:39:34, 14.18s/it]
[1A 35%|███▌      | 367/1041 [1:27:57<2:39:25, 14.19s/it]
[1A                                                      
{'loss': '0.02272', 'grad_norm': '0.2658', 'learning_rate': '0.0001506', 'epoch': '1.058'}
[1A
[1A 35%|███▌      | 367/1041 [1:27:57<2:39:25, 14.19s/it]
[1A 35%|███▌      | 368/1041 [1:28:12<2:40:29, 14.31s/it]
[1A                                                      
{'loss': '0.0003564', 'grad_norm': '0.02097', 'learning_rate': '0.0001504', 'epoch': '1.061'}
[1A
[1A 35%|███▌      | 368/1041 [1:28:12<2:40:29, 14.31s/it]
[1A 35%|███▌      | 369/1041 [1:28:26<2:40:56, 14.37s/it]
[1A                                                      
{'loss': '5.798e-05', 'grad_norm': '0.001197', 'learning_rate': '0.0001501', 'epoch': '1.063'}
[1A
[1A 35%|███▌      | 369/1041 [1:28:26<2:40:56, 14.37s/it]
[1A 36%|███▌      | 370/1041 [1:28:41<2:41:09, 14.41s/it]
[1A                                                      
{'loss': '0.02998', 'grad_norm': '0.2414', 'learning_rate': '0.0001498', 'epoch': '1.066'}
[1A
[1A 36%|███▌      | 370/1041 [1:28:41<2:41:09, 14.41s/it]
[1A 36%|███▌      | 371/1041 [1:28:54<2:38:58, 14.24s/it]
[1A                                                      
{'loss': '4.071e-05', 'grad_norm': '0.00192', 'learning_rate': '0.0001495', 'epoch': '1.069'}
[1A
[1A 36%|███▌      | 371/1041 [1:28:54<2:38:58, 14.24s/it]
[1A 36%|███▌      | 372/1041 [1:29:09<2:39:53, 14.34s/it]
[1A                                                      
{'loss': '0.0002744', 'grad_norm': '0.006338', 'learning_rate': '0.0001493', 'epoch': '1.072'}
[1A
[1A 36%|███▌      | 372/1041 [1:29:09<2:39:53, 14.34s/it]
[1A 36%|███▌      | 373/1041 [1:29:23<2:39:37, 14.34s/it]
[1A                                                      
{'loss': '0.0001123', 'grad_norm': '0.002928', 'learning_rate': '0.000149', 'epoch': '1.075'}
[1A
[1A 36%|███▌      | 373/1041 [1:29:23<2:39:37, 14.34s/it]
[1A 36%|███▌      | 374/1041 [1:29:38<2:41:55, 14.57s/it]
[1A                                                      
{'loss': '0.0003792', 'grad_norm': '0.009058', 'learning_rate': '0.0001487', 'epoch': '1.078'}
[1A
[1A 36%|███▌      | 374/1041 [1:29:38<2:41:55, 14.57s/it]
[1A 36%|███▌      | 375/1041 [1:29:53<2:40:03, 14.42s/it]
[1A                                                      
{'loss': '0.001007', 'grad_norm': '0.02829', 'learning_rate': '0.0001485', 'epoch': '1.081'}
[1A
[1A 36%|███▌      | 375/1041 [1:29:53<2:40:03, 14.42s/it]
[1A 36%|███▌      | 376/1041 [1:30:07<2:38:54, 14.34s/it]
[1A                                                      
{'loss': '0.0004462', 'grad_norm': '0.01448', 'learning_rate': '0.0001482', 'epoch': '1.084'}
[1A
[1A 36%|███▌      | 376/1041 [1:30:07<2:38:54, 14.34s/it]
[1A 36%|███▌      | 377/1041 [1:30:21<2:38:58, 14.37s/it]
[1A                                                      
{'loss': '0.0003615', 'grad_norm': '0.008863', 'learning_rate': '0.0001479', 'epoch': '1.087'}
[1A
[1A 36%|███▌      | 377/1041 [1:30:21<2:38:58, 14.37s/it]
[1A 36%|███▋      | 378/1041 [1:30:35<2:38:46, 14.37s/it]
[1A                                                      
{'loss': '0.001536', 'grad_norm': '0.03742', 'learning_rate': '0.0001476', 'epoch': '1.089'}
[1A
[1A 36%|███▋      | 378/1041 [1:30:35<2:38:46, 14.37s/it]
[1A 36%|███▋      | 379/1041 [1:30:50<2:40:00, 14.50s/it]
[1A                                                      
{'loss': '0.0002745', 'grad_norm': '0.009444', 'learning_rate': '0.0001474', 'epoch': '1.092'}
[1A
[1A 36%|███▋      | 379/1041 [1:30:50<2:40:00, 14.50s/it]
[1A 37%|███▋      | 380/1041 [1:31:05<2:40:50, 14.60s/it]
[1A                                                      
{'loss': '0.001475', 'grad_norm': '0.05079', 'learning_rate': '0.0001471', 'epoch': '1.095'}
[1A
[1A 37%|███▋      | 380/1041 [1:31:05<2:40:50, 14.60s/it]
[1A 37%|███▋      | 381/1041 [1:31:19<2:39:32, 14.50s/it]
[1A                                                      
{'loss': '0.0009623', 'grad_norm': '0.02605', 'learning_rate': '0.0001468', 'epoch': '1.098'}
[1A
[1A 37%|███▋      | 381/1041 [1:31:19<2:39:32, 14.50s/it]
[1A 37%|███▋      | 382/1041 [1:31:33<2:36:20, 14.23s/it]
[1A                                                      
{'loss': '0.000548', 'grad_norm': '0.01903', 'learning_rate': '0.0001465', 'epoch': '1.101'}
[1A
[1A 37%|███▋      | 382/1041 [1:31:33<2:36:20, 14.23s/it]
[1A 37%|███▋      | 383/1041 [1:31:47<2:34:29, 14.09s/it]
[1A                                                      
{'loss': '0.001385', 'grad_norm': '0.01979', 'learning_rate': '0.0001463', 'epoch': '1.104'}
[1A
[1A 37%|███▋      | 383/1041 [1:31:47<2:34:29, 14.09s/it]
[1A 37%|███▋      | 384/1041 [1:32:01<2:36:24, 14.28s/it]
[1A                                                      
{'loss': '0.001648', 'grad_norm': '0.1106', 'learning_rate': '0.000146', 'epoch': '1.107'}
[1A
[1A 37%|███▋      | 384/1041 [1:32:01<2:36:24, 14.28s/it]
[1A 37%|███▋      | 385/1041 [1:32:16<2:36:49, 14.34s/it]
[1A                                                      
{'loss': '0.004183', 'grad_norm': '0.1629', 'learning_rate': '0.0001457', 'epoch': '1.11'}
[1A
[1A 37%|███▋      | 385/1041 [1:32:16<2:36:49, 14.34s/it]
[1A 37%|███▋      | 386/1041 [1:32:30<2:37:03, 14.39s/it]
[1A                                                      
{'loss': '0.001008', 'grad_norm': '0.02089', 'learning_rate': '0.0001454', 'epoch': '1.113'}
[1A
[1A 37%|███▋      | 386/1041 [1:32:30<2:37:03, 14.39s/it]
[1A 37%|███▋      | 387/1041 [1:32:45<2:35:44, 14.29s/it]
[1A                                                      
{'loss': '0.0001429', 'grad_norm': '0.003624', 'learning_rate': '0.0001452', 'epoch': '1.115'}
[1A
[1A 37%|███▋      | 387/1041 [1:32:45<2:35:44, 14.29s/it]
[1A 37%|███▋      | 388/1041 [1:32:59<2:37:13, 14.45s/it]
[1A                                                      
{'loss': '0.001457', 'grad_norm': '0.05689', 'learning_rate': '0.0001449', 'epoch': '1.118'}
[1A
[1A 37%|███▋      | 388/1041 [1:32:59<2:37:13, 14.45s/it]
[1A 37%|███▋      | 389/1041 [1:33:13<2:36:02, 14.36s/it]
[1A                                                      
{'loss': '0.0005853', 'grad_norm': '0.01129', 'learning_rate': '0.0001446', 'epoch': '1.121'}
[1A
[1A 37%|███▋      | 389/1041 [1:33:13<2:36:02, 14.36s/it]
[1A 37%|███▋      | 390/1041 [1:33:28<2:35:11, 14.30s/it]
[1A                                                      
{'loss': '0.000497', 'grad_norm': '0.03865', 'learning_rate': '0.0001443', 'epoch': '1.124'}
[1A
[1A 37%|███▋      | 390/1041 [1:33:28<2:35:11, 14.30s/it]
[1A 38%|███▊      | 391/1041 [1:33:42<2:33:56, 14.21s/it]
[1A                                                      
{'loss': '0.002156', 'grad_norm': '0.02761', 'learning_rate': '0.000144', 'epoch': '1.127'}
[1A
[1A 38%|███▊      | 391/1041 [1:33:42<2:33:56, 14.21s/it]
[1A 38%|███▊      | 392/1041 [1:33:56<2:34:17, 14.26s/it]
[1A                                                      
{'loss': '0.0001994', 'grad_norm': '0.003718', 'learning_rate': '0.0001438', 'epoch': '1.13'}
[1A
[1A 38%|███▊      | 392/1041 [1:33:56<2:34:17, 14.26s/it]
[1A 38%|███▊      | 393/1041 [1:34:11<2:35:16, 14.38s/it]
{'loss': '0.0005822', 'grad_norm': '0.01382', 'learning_rate': '0.0001435', 'epoch': '1.133'}
[1A                                                      
[1A
[1A 38%|███▊      | 393/1041 [1:34:11<2:35:16, 14.38s/it]
[1A 38%|███▊      | 394/1041 [1:34:24<2:32:52, 14.18s/it]
[1A                                                      
{'loss': '6.948e-05', 'grad_norm': '0.001142', 'learning_rate': '0.0001432', 'epoch': '1.136'}
[1A
[1A 38%|███▊      | 394/1041 [1:34:24<2:32:52, 14.18s/it]
[1A 38%|███▊      | 395/1041 [1:34:39<2:34:59, 14.40s/it]
[1A                                                      
{'loss': '0.0002612', 'grad_norm': '0.004208', 'learning_rate': '0.0001429', 'epoch': '1.139'}
[1A
[1A 38%|███▊      | 395/1041 [1:34:39<2:34:59, 14.40s/it]
[1A 38%|███▊      | 396/1041 [1:34:53<2:32:15, 14.16s/it]
[1A                                                      
{'loss': '3.77e-05', 'grad_norm': '0.00064', 'learning_rate': '0.0001426', 'epoch': '1.141'}
[1A
[1A 38%|███▊      | 396/1041 [1:34:53<2:32:15, 14.16s/it]
[1A 38%|███▊      | 397/1041 [1:35:08<2:33:27, 14.30s/it]
[1A                                                      
{'loss': '0.0004009', 'grad_norm': '0.01471', 'learning_rate': '0.0001424', 'epoch': '1.144'}
[1A
[1A 38%|███▊      | 397/1041 [1:35:08<2:33:27, 14.30s/it]
[1A 38%|███▊      | 398/1041 [1:35:22<2:34:18, 14.40s/it]
[1A                                                      
{'loss': '0.00486', 'grad_norm': '0.2697', 'learning_rate': '0.0001421', 'epoch': '1.147'}
[1A
[1A 38%|███▊      | 398/1041 [1:35:22<2:34:18, 14.40s/it]
[1A 38%|███▊      | 399/1041 [1:35:37<2:34:54, 14.48s/it]
[1A                                                      
{'loss': '0.00016', 'grad_norm': '0.005935', 'learning_rate': '0.0001418', 'epoch': '1.15'}
[1A
[1A 38%|███▊      | 399/1041 [1:35:37<2:34:54, 14.48s/it]
[1A 38%|███▊      | 400/1041 [1:36:00<3:01:25, 16.98s/it]
[1A                                                      
{'loss': '0.0003724', 'grad_norm': '0.01051', 'learning_rate': '0.0001415', 'epoch': '1.153'}
[1A
[1A 38%|███▊      | 400/1041 [1:36:00<3:01:25, 16.98s/it]
[1A 39%|███▊      | 401/1041 [1:36:14<2:53:38, 16.28s/it]
[1A                                                      
{'loss': '0.0005281', 'grad_norm': '0.0157', 'learning_rate': '0.0001412', 'epoch': '1.156'}
[1A
[1A 39%|███▊      | 401/1041 [1:36:14<2:53:38, 16.28s/it]
[1A 39%|███▊      | 402/1041 [1:36:29<2:47:00, 15.68s/it]
[1A                                                      
{'loss': '0.0006725', 'grad_norm': '0.04045', 'learning_rate': '0.0001409', 'epoch': '1.159'}
[1A
[1A 39%|███▊      | 402/1041 [1:36:29<2:47:00, 15.68s/it]
[1A 39%|███▊      | 403/1041 [1:36:43<2:43:11, 15.35s/it]
[1A                                                      
{'loss': '0.003206', 'grad_norm': '0.08956', 'learning_rate': '0.0001407', 'epoch': '1.162'}
[1A
[1A 39%|███▊      | 403/1041 [1:36:43<2:43:11, 15.35s/it]
[1A 39%|███▉      | 404/1041 [1:36:57<2:39:06, 14.99s/it]
[1A                                                      
{'loss': '0.001265', 'grad_norm': '0.0337', 'learning_rate': '0.0001404', 'epoch': '1.165'}
[1A
[1A 39%|███▉      | 404/1041 [1:36:57<2:39:06, 14.99s/it]
[1A 39%|███▉      | 405/1041 [1:37:12<2:37:35, 14.87s/it]
[1A                                                      
{'loss': '8.073e-05', 'grad_norm': '0.001526', 'learning_rate': '0.0001401', 'epoch': '1.167'}
[1A
[1A 39%|███▉      | 405/1041 [1:37:12<2:37:35, 14.87s/it]
[1A 39%|███▉      | 406/1041 [1:37:26<2:35:37, 14.70s/it]
[1A                                                      
{'loss': '6.063e-05', 'grad_norm': '0.001559', 'learning_rate': '0.0001398', 'epoch': '1.17'}
[1A
[1A 39%|███▉      | 406/1041 [1:37:26<2:35:37, 14.70s/it]
[1A 39%|███▉      | 407/1041 [1:37:41<2:34:40, 14.64s/it]
[1A                                                      
{'loss': '0.00476', 'grad_norm': '0.2367', 'learning_rate': '0.0001395', 'epoch': '1.173'}
[1A
[1A 39%|███▉      | 407/1041 [1:37:41<2:34:40, 14.64s/it]
[1A 39%|███▉      | 408/1041 [1:37:55<2:34:47, 14.67s/it]
[1A                                                      
{'loss': '0.0001423', 'grad_norm': '0.003665', 'learning_rate': '0.0001392', 'epoch': '1.176'}
[1A
[1A 39%|███▉      | 408/1041 [1:37:55<2:34:47, 14.67s/it]
[1A 39%|███▉      | 409/1041 [1:38:10<2:35:06, 14.72s/it]
[1A                                                      
{'loss': '0.0004611', 'grad_norm': '0.01914', 'learning_rate': '0.000139', 'epoch': '1.179'}
[1A
[1A 39%|███▉      | 409/1041 [1:38:10<2:35:06, 14.72s/it]
[1A 39%|███▉      | 410/1041 [1:38:25<2:34:16, 14.67s/it]
[1A                                                      
{'loss': '0.0003914', 'grad_norm': '0.008762', 'learning_rate': '0.0001387', 'epoch': '1.182'}
[1A
[1A 39%|███▉      | 410/1041 [1:38:25<2:34:16, 14.67s/it]
[1A 39%|███▉      | 411/1041 [1:38:39<2:32:15, 14.50s/it]
[1A                                                      
{'loss': '0.0002311', 'grad_norm': '0.005446', 'learning_rate': '0.0001384', 'epoch': '1.185'}
[1A
[1A 39%|███▉      | 411/1041 [1:38:39<2:32:15, 14.50s/it]
[1A 40%|███▉      | 412/1041 [1:38:53<2:30:45, 14.38s/it]
[1A                                                      
{'loss': '4.03e-05', 'grad_norm': '0.0008944', 'learning_rate': '0.0001381', 'epoch': '1.188'}
[1A
[1A 40%|███▉      | 412/1041 [1:38:53<2:30:45, 14.38s/it]
[1A 40%|███▉      | 413/1041 [1:39:08<2:30:59, 14.43s/it]
[1A                                                      
{'loss': '3.934e-05', 'grad_norm': '0.001424', 'learning_rate': '0.0001378', 'epoch': '1.19'}
[1A
[1A 40%|███▉      | 413/1041 [1:39:08<2:30:59, 14.43s/it]
[1A 40%|███▉      | 414/1041 [1:39:22<2:30:11, 14.37s/it]
{'loss': '6.018e-05', 'grad_norm': '0.0008556', 'learning_rate': '0.0001375', 'epoch': '1.193'}
[1A                                                      
[1A 40%|███▉      | 414/1041 [1:39:22<2:30:11, 14.37s/it]
[1A 40%|███▉      | 415/1041 [1:39:37<2:31:42, 14.54s/it]
[1A                                                      
{'loss': '5.131e-05', 'grad_norm': '0.001257', 'learning_rate': '0.0001372', 'epoch': '1.196'}
[1A
[1A 40%|███▉      | 415/1041 [1:39:37<2:31:42, 14.54s/it]
[1A 40%|███▉      | 416/1041 [1:39:51<2:30:23, 14.44s/it]
{'loss': '3.88e-05', 'grad_norm': '0.0009532', 'learning_rate': '0.0001369', 'epoch': '1.199'}
[1A                                                      
[1A
[1A 40%|███▉      | 416/1041 [1:39:51<2:30:23, 14.44s/it]
[1A 40%|████      | 417/1041 [1:40:05<2:29:08, 14.34s/it]
[1A                                                      
{'loss': '0.004372', 'grad_norm': '0.1443', 'learning_rate': '0.0001366', 'epoch': '1.202'}
[1A
[1A 40%|████      | 417/1041 [1:40:05<2:29:08, 14.34s/it]
[1A 40%|████      | 418/1041 [1:40:19<2:29:03, 14.36s/it]
[1A                                                      
{'loss': '0.001164', 'grad_norm': '0.08083', 'learning_rate': '0.0001364', 'epoch': '1.205'}
[1A
[1A 40%|████      | 418/1041 [1:40:19<2:29:03, 14.36s/it]
[1A 40%|████      | 419/1041 [1:40:34<2:29:50, 14.45s/it]
[1A                                                      
{'loss': '1.469e-05', 'grad_norm': '0.0002364', 'learning_rate': '0.0001361', 'epoch': '1.208'}
[1A
[1A 40%|████      | 419/1041 [1:40:34<2:29:50, 14.45s/it]
[1A 40%|████      | 420/1041 [1:40:49<2:31:03, 14.60s/it]
[1A                                                      
{'loss': '0.001138', 'grad_norm': '0.02173', 'learning_rate': '0.0001358', 'epoch': '1.211'}
[1A
[1A 40%|████      | 420/1041 [1:40:49<2:31:03, 14.60s/it]
[1A 40%|████      | 421/1041 [1:41:04<2:31:08, 14.63s/it]
[1A                                                      
{'loss': '0.001348', 'grad_norm': '0.06379', 'learning_rate': '0.0001355', 'epoch': '1.214'}
[1A
[1A 40%|████      | 421/1041 [1:41:04<2:31:08, 14.63s/it]
[1A 41%|████      | 422/1041 [1:41:18<2:29:25, 14.48s/it]
[1A                                                      
{'loss': '2.761e-05', 'grad_norm': '0.0003783', 'learning_rate': '0.0001352', 'epoch': '1.216'}
[1A
[1A 41%|████      | 422/1041 [1:41:18<2:29:25, 14.48s/it]
[1A 41%|████      | 423/1041 [1:41:32<2:28:52, 14.45s/it]
[1A                                                      
{'loss': '0.0002609', 'grad_norm': '0.01351', 'learning_rate': '0.0001349', 'epoch': '1.219'}
[1A
[1A 41%|████      | 423/1041 [1:41:32<2:28:52, 14.45s/it]
[1A 41%|████      | 424/1041 [1:41:47<2:28:55, 14.48s/it]
[1A                                                      
{'loss': '0.0002369', 'grad_norm': '0.007976', 'learning_rate': '0.0001346', 'epoch': '1.222'}
[1A
[1A 41%|████      | 424/1041 [1:41:47<2:28:55, 14.48s/it]
[1A 41%|████      | 425/1041 [1:42:01<2:28:33, 14.47s/it]
[1A                                                      
{'loss': '0.0005462', 'grad_norm': '0.03402', 'learning_rate': '0.0001343', 'epoch': '1.225'}
[1A
[1A 41%|████      | 425/1041 [1:42:01<2:28:33, 14.47s/it]
[1A 41%|████      | 426/1041 [1:42:15<2:27:01, 14.34s/it]
[1A                                                      
{'loss': '2.694e-05', 'grad_norm': '0.0006021', 'learning_rate': '0.000134', 'epoch': '1.228'}
[1A
[1A 41%|████      | 426/1041 [1:42:15<2:27:01, 14.34s/it]
[1A 41%|████      | 427/1041 [1:42:29<2:26:02, 14.27s/it]
[1A                                                      
{'loss': '7.773e-05', 'grad_norm': '0.002337', 'learning_rate': '0.0001337', 'epoch': '1.231'}
[1A
[1A 41%|████      | 427/1041 [1:42:29<2:26:02, 14.27s/it]
[1A 41%|████      | 428/1041 [1:42:43<2:24:28, 14.14s/it]
[1A                                                      
{'loss': '1.193e-05', 'grad_norm': '0.0001505', 'learning_rate': '0.0001334', 'epoch': '1.234'}
[1A
[1A 41%|████      | 428/1041 [1:42:43<2:24:28, 14.14s/it]
[1A 41%|████      | 429/1041 [1:42:57<2:22:37, 13.98s/it]
[1A                                                      
{'loss': '5.48e-06', 'grad_norm': '6.582e-05', 'learning_rate': '0.0001331', 'epoch': '1.237'}
[1A
[1A 41%|████      | 429/1041 [1:42:57<2:22:37, 13.98s/it]
[1A 41%|████▏     | 430/1041 [1:43:10<2:21:08, 13.86s/it]
[1A                                                      
{'loss': '2.648e-05', 'grad_norm': '0.0003379', 'learning_rate': '0.0001328', 'epoch': '1.24'}
[1A
[1A 41%|████▏     | 430/1041 [1:43:10<2:21:08, 13.86s/it]
[1A 41%|████▏     | 431/1041 [1:43:25<2:22:39, 14.03s/it]
[1A                                                      
{'loss': '1.545e-05', 'grad_norm': '0.0002736', 'learning_rate': '0.0001326', 'epoch': '1.242'}
[1A
[1A 41%|████▏     | 431/1041 [1:43:25<2:22:39, 14.03s/it]
[1A 41%|████▏     | 432/1041 [1:43:38<2:19:54, 13.78s/it]
[1A                                                      
{'loss': '9.927e-06', 'grad_norm': '0.0002909', 'learning_rate': '0.0001323', 'epoch': '1.245'}
[1A
[1A 41%|████▏     | 432/1041 [1:43:38<2:19:54, 13.78s/it]
[1A 42%|████▏     | 433/1041 [1:43:52<2:20:27, 13.86s/it]
[1A                                                      
{'loss': '0.0002057', 'grad_norm': '0.003696', 'learning_rate': '0.000132', 'epoch': '1.248'}
[1A
[1A 42%|████▏     | 433/1041 [1:43:52<2:20:27, 13.86s/it]
[1A 42%|████▏     | 434/1041 [1:44:07<2:24:00, 14.23s/it]
[1A                                                      
{'loss': '3.703e-05', 'grad_norm': '0.0005175', 'learning_rate': '0.0001317', 'epoch': '1.251'}
[1A
[1A 42%|████▏     | 434/1041 [1:44:07<2:24:00, 14.23s/it]
[1A 42%|████▏     | 435/1041 [1:44:22<2:24:07, 14.27s/it]
[1A                                                      
{'loss': '0.0001013', 'grad_norm': '0.004838', 'learning_rate': '0.0001314', 'epoch': '1.254'}
[1A
[1A 42%|████▏     | 435/1041 [1:44:22<2:24:07, 14.27s/it]
[1A 42%|████▏     | 436/1041 [1:44:37<2:26:43, 14.55s/it]
[1A                                                      
{'loss': '2.165e-05', 'grad_norm': '0.0005494', 'learning_rate': '0.0001311', 'epoch': '1.257'}
[1A
[1A 42%|████▏     | 436/1041 [1:44:37<2:26:43, 14.55s/it]
[1A 42%|████▏     | 437/1041 [1:44:51<2:24:50, 14.39s/it]
[1A                                                      
{'loss': '6.696e-06', 'grad_norm': '7.892e-05', 'learning_rate': '0.0001308', 'epoch': '1.26'}
[1A
[1A 42%|████▏     | 437/1041 [1:44:51<2:24:50, 14.39s/it]
[1A 42%|████▏     | 438/1041 [1:45:05<2:25:23, 14.47s/it]
[1A                                                      
{'loss': '5.184e-05', 'grad_norm': '0.001532', 'learning_rate': '0.0001305', 'epoch': '1.263'}
[1A
[1A 42%|████▏     | 438/1041 [1:45:05<2:25:23, 14.47s/it]
[1A 42%|████▏     | 439/1041 [1:45:20<2:25:01, 14.45s/it]
[1A                                                      
{'loss': '0.0005468', 'grad_norm': '0.1712', 'learning_rate': '0.0001302', 'epoch': '1.266'}
[1A
[1A 42%|████▏     | 439/1041 [1:45:20<2:25:01, 14.45s/it]
[1A 42%|████▏     | 440/1041 [1:45:35<2:25:34, 14.53s/it]
[1A                                                      
{'loss': '2.072e-05', 'grad_norm': '0.0006132', 'learning_rate': '0.0001299', 'epoch': '1.268'}
[1A
[1A 42%|████▏     | 440/1041 [1:45:35<2:25:34, 14.53s/it]
[1A 42%|████▏     | 441/1041 [1:45:49<2:24:58, 14.50s/it]
[1A                                                      
{'loss': '0.003067', 'grad_norm': '0.1072', 'learning_rate': '0.0001296', 'epoch': '1.271'}
[1A
[1A 42%|████▏     | 441/1041 [1:45:49<2:24:58, 14.50s/it]
[1A 42%|████▏     | 442/1041 [1:46:03<2:24:03, 14.43s/it]
[1A                                                      
{'loss': '2.331e-05', 'grad_norm': '0.000393', 'learning_rate': '0.0001293', 'epoch': '1.274'}
[1A
[1A 42%|████▏     | 442/1041 [1:46:03<2:24:03, 14.43s/it]
[1A 43%|████▎     | 443/1041 [1:46:18<2:23:25, 14.39s/it]
[1A                                                      
{'loss': '5.319e-05', 'grad_norm': '0.004834', 'learning_rate': '0.000129', 'epoch': '1.277'}
[1A
[1A 43%|████▎     | 443/1041 [1:46:18<2:23:25, 14.39s/it]
[1A 43%|████▎     | 444/1041 [1:46:32<2:24:16, 14.50s/it]
[1A                                                      
{'loss': '6.614e-05', 'grad_norm': '0.001795', 'learning_rate': '0.0001287', 'epoch': '1.28'}
[1A
[1A 43%|████▎     | 444/1041 [1:46:32<2:24:16, 14.50s/it]
[1A 43%|████▎     | 445/1041 [1:46:47<2:24:08, 14.51s/it]
[1A                                                      
{'loss': '7.317e-05', 'grad_norm': '0.004501', 'learning_rate': '0.0001284', 'epoch': '1.283'}
[1A
[1A 43%|████▎     | 445/1041 [1:46:47<2:24:08, 14.51s/it]
[1A 43%|████▎     | 446/1041 [1:47:01<2:23:51, 14.51s/it]
[1A                                                      
{'loss': '2.485e-05', 'grad_norm': '0.0005796', 'learning_rate': '0.0001281', 'epoch': '1.286'}
[1A
[1A 43%|████▎     | 446/1041 [1:47:01<2:23:51, 14.51s/it]
[1A 43%|████▎     | 447/1041 [1:47:17<2:25:38, 14.71s/it]
[1A                                                      
{'loss': '6.395e-05', 'grad_norm': '0.001539', 'learning_rate': '0.0001278', 'epoch': '1.289'}
[1A
[1A 43%|████▎     | 447/1041 [1:47:17<2:25:38, 14.71s/it]
[1A 43%|████▎     | 448/1041 [1:47:32<2:26:03, 14.78s/it]                                                      
{'loss': '0.0001037', 'grad_norm': '0.002346', 'learning_rate': '0.0001275', 'epoch': '1.291'}
[1A
[1A 43%|████▎     | 448/1041 [1:47:32<2:26:03, 14.78s/it]
[1A 43%|████▎     | 449/1041 [1:47:45<2:21:44, 14.37s/it]
[1A                                                      
{'loss': '6.803e-06', 'grad_norm': '8.779e-05', 'learning_rate': '0.0001272', 'epoch': '1.294'}
[1A
[1A 43%|████▎     | 449/1041 [1:47:45<2:21:44, 14.37s/it]
[1A 43%|████▎     | 450/1041 [1:48:00<2:22:20, 14.45s/it]
[1A                                                      
{'loss': '1.669e-05', 'grad_norm': '0.0003482', 'learning_rate': '0.0001269', 'epoch': '1.297'}
[1A
[1A 43%|████▎     | 450/1041 [1:48:00<2:22:20, 14.45s/it]
[1A 43%|████▎     | 451/1041 [1:48:14<2:21:49, 14.42s/it]
[1A                                                      
{'loss': '6.537e-05', 'grad_norm': '0.002008', 'learning_rate': '0.0001266', 'epoch': '1.3'}
[1A
[1A 43%|████▎     | 451/1041 [1:48:14<2:21:49, 14.42s/it]
[1A 43%|████▎     | 452/1041 [1:48:29<2:24:27, 14.72s/it]
[1A                                                      
{'loss': '1.892e-05', 'grad_norm': '0.0004969', 'learning_rate': '0.0001263', 'epoch': '1.303'}
[1A
[1A 43%|████▎     | 452/1041 [1:48:29<2:24:27, 14.72s/it]
[1A 44%|████▎     | 453/1041 [1:48:43<2:22:16, 14.52s/it]
[1A                                                      
{'loss': '1.211e-05', 'grad_norm': '0.0004651', 'learning_rate': '0.000126', 'epoch': '1.306'}
[1A
[1A 44%|████▎     | 453/1041 [1:48:43<2:22:16, 14.52s/it]
[1A 44%|████▎     | 454/1041 [1:48:58<2:21:45, 14.49s/it]
[1A                                                      
{'loss': '2.998e-05', 'grad_norm': '0.0009738', 'learning_rate': '0.0001257', 'epoch': '1.309'}
[1A
[1A 44%|████▎     | 454/1041 [1:48:58<2:21:45, 14.49s/it]
[1A 44%|████▎     | 455/1041 [1:49:11<2:19:10, 14.25s/it]
[1A                                                      
{'loss': '1.802e-05', 'grad_norm': '0.0006603', 'learning_rate': '0.0001254', 'epoch': '1.312'}
[1A
[1A 44%|████▎     | 455/1041 [1:49:11<2:19:10, 14.25s/it]
[1A 44%|████▍     | 456/1041 [1:49:26<2:20:16, 14.39s/it]
[1A                                                      
{'loss': '2.69e-05', 'grad_norm': '0.0006575', 'learning_rate': '0.0001251', 'epoch': '1.315'}
[1A
[1A 44%|████▍     | 456/1041 [1:49:26<2:20:16, 14.39s/it]
[1A 44%|████▍     | 457/1041 [1:49:40<2:17:55, 14.17s/it]
[1A                                                      
{'loss': '5.358e-05', 'grad_norm': '0.003659', 'learning_rate': '0.0001248', 'epoch': '1.317'}
[1A
[1A 44%|████▍     | 457/1041 [1:49:40<2:17:55, 14.17s/it]
[1A 44%|████▍     | 458/1041 [1:49:54<2:16:45, 14.07s/it]
[1A                                                      
{'loss': '3.559e-05', 'grad_norm': '0.001067', 'learning_rate': '0.0001245', 'epoch': '1.32'}
[1A
[1A 44%|████▍     | 458/1041 [1:49:54<2:16:45, 14.07s/it]
[1A 44%|████▍     | 459/1041 [1:50:08<2:16:50, 14.11s/it]                                                      
{'loss': '6.926e-06', 'grad_norm': '8.544e-05', 'learning_rate': '0.0001242', 'epoch': '1.323'}
[1A
[1A 44%|████▍     | 459/1041 [1:50:08<2:16:50, 14.11s/it]
[1A 44%|████▍     | 460/1041 [1:50:22<2:15:27, 13.99s/it]
[1A                                                      
{'loss': '6.826e-06', 'grad_norm': '0.0001017', 'learning_rate': '0.0001239', 'epoch': '1.326'}
[1A
[1A 44%|████▍     | 460/1041 [1:50:22<2:15:27, 13.99s/it]
[1A 44%|████▍     | 461/1041 [1:50:37<2:18:10, 14.29s/it]
[1A                                                      
{'loss': '0.001948', 'grad_norm': '0.153', 'learning_rate': '0.0001236', 'epoch': '1.329'}
[1A
[1A 44%|████▍     | 461/1041 [1:50:37<2:18:10, 14.29s/it]
[1A 44%|████▍     | 462/1041 [1:50:50<2:16:34, 14.15s/it]
[1A                                                      
{'loss': '4.796e-05', 'grad_norm': '0.001394', 'learning_rate': '0.0001233', 'epoch': '1.332'}
[1A
[1A 44%|████▍     | 462/1041 [1:50:50<2:16:34, 14.15s/it]
[1A 44%|████▍     | 463/1041 [1:51:05<2:17:17, 14.25s/it]
[1A                                                      
{'loss': '2.037e-05', 'grad_norm': '0.0004145', 'learning_rate': '0.000123', 'epoch': '1.335'}
[1A
[1A 44%|████▍     | 463/1041 [1:51:05<2:17:17, 14.25s/it]
[1A 45%|████▍     | 464/1041 [1:51:18<2:14:41, 14.01s/it]
[1A                                                      
{'loss': '2.049e-05', 'grad_norm': '0.0004503', 'learning_rate': '0.0001227', 'epoch': '1.338'}
[1A
[1A 45%|████▍     | 464/1041 [1:51:18<2:14:41, 14.01s/it]
[1A 45%|████▍     | 465/1041 [1:51:33<2:15:14, 14.09s/it]
[1A                                                      
{'loss': '1.021e-05', 'grad_norm': '0.000328', 'learning_rate': '0.0001224', 'epoch': '1.341'}
[1A
[1A 45%|████▍     | 465/1041 [1:51:33<2:15:14, 14.09s/it]
[1A 45%|████▍     | 466/1041 [1:51:47<2:15:16, 14.12s/it]
[1A                                                      
{'loss': '6.706e-06', 'grad_norm': '8.546e-05', 'learning_rate': '0.0001221', 'epoch': '1.343'}
[1A
[1A 45%|████▍     | 466/1041 [1:51:47<2:15:16, 14.12s/it]
[1A 45%|████▍     | 467/1041 [1:52:00<2:13:08, 13.92s/it]
[1A                                                      
{'loss': '1.244e-05', 'grad_norm': '0.0002723', 'learning_rate': '0.0001218', 'epoch': '1.346'}
[1A
[1A 45%|████▍     | 467/1041 [1:52:00<2:13:08, 13.92s/it]
[1A 45%|████▍     | 468/1041 [1:52:15<2:15:12, 14.16s/it]
[1A                                                      
{'loss': '3.664e-05', 'grad_norm': '0.002445', 'learning_rate': '0.0001215', 'epoch': '1.349'}
[1A
[1A 45%|████▍     | 468/1041 [1:52:15<2:15:12, 14.16s/it]
[1A 45%|████▌     | 469/1041 [1:52:29<2:15:35, 14.22s/it]
[1A                                                      
{'loss': '2.062e-05', 'grad_norm': '0.0008148', 'learning_rate': '0.0001212', 'epoch': '1.352'}
[1A
[1A 45%|████▌     | 469/1041 [1:52:29<2:15:35, 14.22s/it]
[1A 45%|████▌     | 470/1041 [1:52:44<2:17:10, 14.41s/it]
[1A                                                      
{'loss': '1.896e-05', 'grad_norm': '0.0002725', 'learning_rate': '0.0001209', 'epoch': '1.355'}
[1A
[1A 45%|████▌     | 470/1041 [1:52:44<2:17:10, 14.41s/it]
[1A 45%|████▌     | 471/1041 [1:52:59<2:17:11, 14.44s/it]
[1A                                                      
{'loss': '0.0002057', 'grad_norm': '0.007947', 'learning_rate': '0.0001206', 'epoch': '1.358'}
[1A
[1A 45%|████▌     | 471/1041 [1:52:59<2:17:11, 14.44s/it]
[1A 45%|████▌     | 472/1041 [1:53:13<2:17:53, 14.54s/it]
[1A                                                      
{'loss': '1.446e-05', 'grad_norm': '0.0003421', 'learning_rate': '0.0001203', 'epoch': '1.361'}
[1A
[1A 45%|████▌     | 472/1041 [1:53:13<2:17:53, 14.54s/it]
[1A 45%|████▌     | 473/1041 [1:53:27<2:15:05, 14.27s/it]
[1A                                                      
{'loss': '1.6e-05', 'grad_norm': '0.0002498', 'learning_rate': '0.0001199', 'epoch': '1.364'}
[1A
[1A 45%|████▌     | 473/1041 [1:53:27<2:15:05, 14.27s/it]
[1A 46%|████▌     | 474/1041 [1:53:42<2:17:26, 14.54s/it]
[1A                                                      
{'loss': '4.683e-05', 'grad_norm': '0.000596', 'learning_rate': '0.0001196', 'epoch': '1.367'}
[1A
[1A 46%|████▌     | 474/1041 [1:53:42<2:17:26, 14.54s/it]
[1A 46%|████▌     | 475/1041 [1:53:56<2:15:17, 14.34s/it]                                                      
{'loss': '3.137e-05', 'grad_norm': '0.0004768', 'learning_rate': '0.0001193', 'epoch': '1.369'}
[1A
[1A 46%|████▌     | 475/1041 [1:53:56<2:15:17, 14.34s/it]
[1A 46%|████▌     | 476/1041 [1:54:10<2:14:18, 14.26s/it]
[1A                                                      
{'loss': '3.947e-05', 'grad_norm': '0.0005829', 'learning_rate': '0.000119', 'epoch': '1.372'}
[1A
[1A 46%|████▌     | 476/1041 [1:54:10<2:14:18, 14.26s/it]
[1A 46%|████▌     | 477/1041 [1:54:25<2:16:34, 14.53s/it]
[1A                                                      
{'loss': '1.851e-05', 'grad_norm': '0.0002455', 'learning_rate': '0.0001187', 'epoch': '1.375'}
[1A
[1A 46%|████▌     | 477/1041 [1:54:25<2:16:34, 14.53s/it]
[1A 46%|████▌     | 478/1041 [1:54:40<2:15:16, 14.42s/it]
[1A                                                      
{'loss': '4.993e-05', 'grad_norm': '0.001475', 'learning_rate': '0.0001184', 'epoch': '1.378'}
[1A
[1A 46%|████▌     | 478/1041 [1:54:40<2:15:16, 14.42s/it]
[1A 46%|████▌     | 479/1041 [1:54:54<2:13:40, 14.27s/it]
[1A                                                      
{'loss': '4.591e-05', 'grad_norm': '0.00189', 'learning_rate': '0.0001181', 'epoch': '1.381'}
[1A
[1A 46%|████▌     | 479/1041 [1:54:54<2:13:40, 14.27s/it]
[1A 46%|████▌     | 480/1041 [1:55:08<2:13:28, 14.28s/it]                                                      
{'loss': '4.916e-05', 'grad_norm': '0.002488', 'learning_rate': '0.0001178', 'epoch': '1.384'}
[1A
[1A 46%|████▌     | 480/1041 [1:55:08<2:13:28, 14.28s/it]
[1A 46%|████▌     | 481/1041 [1:55:23<2:15:51, 14.56s/it]
[1A                                                      
{'loss': '0.0001524', 'grad_norm': '0.009448', 'learning_rate': '0.0001175', 'epoch': '1.387'}
[1A
[1A 46%|████▌     | 481/1041 [1:55:23<2:15:51, 14.56s/it]
[1A 46%|████▋     | 482/1041 [1:55:37<2:12:44, 14.25s/it]                                                      
{'loss': '1.11e-05', 'grad_norm': '0.0001644', 'learning_rate': '0.0001172', 'epoch': '1.39'}
[1A
[1A 46%|████▋     | 482/1041 [1:55:37<2:12:44, 14.25s/it]
[1A 46%|████▋     | 483/1041 [1:55:51<2:11:45, 14.17s/it]
[1A                                                      
{'loss': '9.447e-06', 'grad_norm': '0.000135', 'learning_rate': '0.0001169', 'epoch': '1.392'}
[1A
[1A 46%|████▋     | 483/1041 [1:55:51<2:11:45, 14.17s/it]
[1A 46%|████▋     | 484/1041 [1:56:05<2:12:52, 14.31s/it]
[1A                                                      
{'loss': '2.119e-05', 'grad_norm': '0.0003162', 'learning_rate': '0.0001166', 'epoch': '1.395'}
[1A
[1A 46%|████▋     | 484/1041 [1:56:05<2:12:52, 14.31s/it]
[1A 47%|████▋     | 485/1041 [1:56:19<2:10:34, 14.09s/it]
[1A                                                      
{'loss': '6.471e-06', 'grad_norm': '7.809e-05', 'learning_rate': '0.0001163', 'epoch': '1.398'}
[1A
[1A 47%|████▋     | 485/1041 [1:56:19<2:10:34, 14.09s/it]
[1A 47%|████▋     | 486/1041 [1:56:33<2:12:03, 14.28s/it]
[1A                                                      
{'loss': '6.479e-06', 'grad_norm': '8.433e-05', 'learning_rate': '0.000116', 'epoch': '1.401'}
[1A
[1A 47%|████▋     | 486/1041 [1:56:33<2:12:03, 14.28s/it]
[1A 47%|████▋     | 487/1041 [1:56:48<2:13:49, 14.49s/it]
[1A                                                      
{'loss': '3.755e-05', 'grad_norm': '0.0006758', 'learning_rate': '0.0001157', 'epoch': '1.404'}
[1A
[1A 47%|████▋     | 487/1041 [1:56:48<2:13:49, 14.49s/it]
[1A 47%|████▋     | 488/1041 [1:57:03<2:14:43, 14.62s/it]
[1A                                                      
{'loss': '0.005999', 'grad_norm': '0.247', 'learning_rate': '0.0001154', 'epoch': '1.407'}
[1A
[1A 47%|████▋     | 488/1041 [1:57:03<2:14:43, 14.62s/it]
[1A 47%|████▋     | 489/1041 [1:57:18<2:14:24, 14.61s/it]
[1A                                                      
{'loss': '5.263e-05', 'grad_norm': '0.001487', 'learning_rate': '0.000115', 'epoch': '1.41'}
[1A
[1A 47%|████▋     | 489/1041 [1:57:18<2:14:24, 14.61s/it]
[1A 47%|████▋     | 490/1041 [1:57:33<2:15:28, 14.75s/it]
[1A                                                      
{'loss': '3.609e-05', 'grad_norm': '0.0005488', 'learning_rate': '0.0001147', 'epoch': '1.413'}
[1A
[1A 47%|████▋     | 490/1041 [1:57:33<2:15:28, 14.75s/it]
[1A 47%|████▋     | 491/1041 [1:57:48<2:14:40, 14.69s/it]
[1A                                                      
{'loss': '0.0001521', 'grad_norm': '0.005756', 'learning_rate': '0.0001144', 'epoch': '1.416'}
[1A
[1A 47%|████▋     | 491/1041 [1:57:48<2:14:40, 14.69s/it]
[1A 47%|████▋     | 492/1041 [1:58:02<2:13:15, 14.56s/it]
[1A                                                      
{'loss': '2.914e-05', 'grad_norm': '0.0008185', 'learning_rate': '0.0001141', 'epoch': '1.418'}
[1A
[1A 47%|████▋     | 492/1041 [1:58:02<2:13:15, 14.56s/it]
[1A 47%|████▋     | 493/1041 [1:58:17<2:13:39, 14.63s/it]
[1A                                                      
{'loss': '5.037e-05', 'grad_norm': '0.0009598', 'learning_rate': '0.0001138', 'epoch': '1.421'}
[1A
[1A 47%|████▋     | 493/1041 [1:58:17<2:13:39, 14.63s/it]
[1A 47%|████▋     | 494/1041 [1:58:31<2:11:27, 14.42s/it]
[1A                                                      
{'loss': '2.237e-05', 'grad_norm': '0.0003724', 'learning_rate': '0.0001135', 'epoch': '1.424'}
[1A
[1A 47%|████▋     | 494/1041 [1:58:31<2:11:27, 14.42s/it]
[1A 48%|████▊     | 495/1041 [1:58:46<2:13:17, 14.65s/it]
[1A                                                      
{'loss': '0.0003364', 'grad_norm': '0.05629', 'learning_rate': '0.0001132', 'epoch': '1.427'}
[1A
[1A 48%|████▊     | 495/1041 [1:58:46<2:13:17, 14.65s/it]
[1A 48%|████▊     | 496/1041 [1:59:00<2:11:11, 14.44s/it]
[1A                                                      
{'loss': '0.0001058', 'grad_norm': '0.008087', 'learning_rate': '0.0001129', 'epoch': '1.43'}
[1A
[1A 48%|████▊     | 496/1041 [1:59:00<2:11:11, 14.44s/it]
[1A 48%|████▊     | 497/1041 [1:59:15<2:12:08, 14.57s/it]
[1A                                                      
{'loss': '0.002091', 'grad_norm': '0.1465', 'learning_rate': '0.0001126', 'epoch': '1.433'}
[1A
[1A 48%|████▊     | 497/1041 [1:59:15<2:12:08, 14.57s/it]
[1A 48%|████▊     | 498/1041 [1:59:28<2:09:47, 14.34s/it]
[1A                                                      
{'loss': '1.097e-05', 'grad_norm': '0.0001495', 'learning_rate': '0.0001123', 'epoch': '1.436'}
[1A
[1A 48%|████▊     | 498/1041 [1:59:28<2:09:47, 14.34s/it]
[1A 48%|████▊     | 499/1041 [1:59:43<2:09:48, 14.37s/it]
[1A                                                      
{'loss': '3.851e-05', 'grad_norm': '0.001108', 'learning_rate': '0.000112', 'epoch': '1.439'}
[1A
[1A 48%|████▊     | 499/1041 [1:59:43<2:09:48, 14.37s/it]
[1A 48%|████▊     | 500/1041 [2:00:05<2:31:43, 16.83s/it]
[1A                                                      
{'loss': '1.822e-05', 'grad_norm': '0.001154', 'learning_rate': '0.0001116', 'epoch': '1.442'}
[1A
[1A 48%|████▊     | 500/1041 [2:00:05<2:31:43, 16.83s/it]
[1A 48%|████▊     | 501/1041 [2:00:20<2:24:12, 16.02s/it]
[1A                                                      
{'loss': '9.488e-06', 'grad_norm': '0.002527', 'learning_rate': '0.0001113', 'epoch': '1.444'}
[1A
[1A 48%|████▊     | 501/1041 [2:00:20<2:24:12, 16.02s/it]
[1A 48%|████▊     | 502/1041 [2:00:33<2:18:06, 15.37s/it]
[1A                                                      
{'loss': '0.0003695', 'grad_norm': '0.03216', 'learning_rate': '0.000111', 'epoch': '1.447'}
[1A
[1A 48%|████▊     | 502/1041 [2:00:33<2:18:06, 15.37s/it]
[1A 48%|████▊     | 503/1041 [2:00:48<2:14:46, 15.03s/it]
[1A                                                      
{'loss': '5.592e-05', 'grad_norm': '0.001557', 'learning_rate': '0.0001107', 'epoch': '1.45'}
[1A
[1A 48%|████▊     | 503/1041 [2:00:48<2:14:46, 15.03s/it]
[1A 48%|████▊     | 504/1041 [2:01:02<2:12:14, 14.78s/it]
[1A                                                      
{'loss': '2.083e-05', 'grad_norm': '0.000515', 'learning_rate': '0.0001104', 'epoch': '1.453'}
[1A
[1A 48%|████▊     | 504/1041 [2:01:02<2:12:14, 14.78s/it]
[1A 49%|████▊     | 505/1041 [2:01:15<2:07:51, 14.31s/it]
[1A                                                      
{'loss': '6.994e-06', 'grad_norm': '0.0001171', 'learning_rate': '0.0001101', 'epoch': '1.456'}
[1A
[1A 49%|████▊     | 505/1041 [2:01:15<2:07:51, 14.31s/it]
[1A 49%|████▊     | 506/1041 [2:01:30<2:09:18, 14.50s/it]
[1A                                                      
{'loss': '0.0008383', 'grad_norm': '0.03464', 'learning_rate': '0.0001098', 'epoch': '1.459'}
[1A
[1A 49%|████▊     | 506/1041 [2:01:30<2:09:18, 14.50s/it]
[1A 49%|████▊     | 507/1041 [2:01:45<2:09:41, 14.57s/it]
[1A                                                      
{'loss': '2.641e-05', 'grad_norm': '0.00042', 'learning_rate': '0.0001095', 'epoch': '1.462'}
[1A
[1A 49%|████▊     | 507/1041 [2:01:45<2:09:41, 14.57s/it]
[1A 49%|████▉     | 508/1041 [2:01:59<2:08:26, 14.46s/it]
[1A                                                      
{'loss': '1.093e-05', 'grad_norm': '0.0002879', 'learning_rate': '0.0001092', 'epoch': '1.465'}
[1A
[1A 49%|████▉     | 508/1041 [2:01:59<2:08:26, 14.46s/it]
[1A 49%|████▉     | 509/1041 [2:02:13<2:06:24, 14.26s/it]
[1A                                                      
{'loss': '2.233e-05', 'grad_norm': '0.0005811', 'learning_rate': '0.0001089', 'epoch': '1.468'}
[1A
[1A 49%|████▉     | 509/1041 [2:02:13<2:06:24, 14.26s/it]
[1A 49%|████▉     | 510/1041 [2:02:27<2:06:34, 14.30s/it]
[1A                                                      
{'loss': '8.948e-06', 'grad_norm': '0.0001071', 'learning_rate': '0.0001086', 'epoch': '1.47'}
[1A
[1A 49%|████▉     | 510/1041 [2:02:27<2:06:34, 14.30s/it]
[1A 49%|████▉     | 511/1041 [2:02:42<2:06:41, 14.34s/it]
[1A                                                      
{'loss': '6.712e-05', 'grad_norm': '0.001943', 'learning_rate': '0.0001082', 'epoch': '1.473'}
[1A
[1A 49%|████▉     | 511/1041 [2:02:42<2:06:41, 14.34s/it]
[1A 49%|████▉     | 512/1041 [2:02:56<2:05:50, 14.27s/it]
[1A                                                      
{'loss': '5.481e-05', 'grad_norm': '0.001954', 'learning_rate': '0.0001079', 'epoch': '1.476'}
[1A
[1A 49%|████▉     | 512/1041 [2:02:56<2:05:50, 14.27s/it]
[1A 49%|████▉     | 513/1041 [2:03:10<2:04:54, 14.19s/it]
[1A                                                      
{'loss': '0.0002178', 'grad_norm': '0.005084', 'learning_rate': '0.0001076', 'epoch': '1.479'}
[1A
[1A 49%|████▉     | 513/1041 [2:03:10<2:04:54, 14.19s/it]
[1A 49%|████▉     | 514/1041 [2:03:24<2:05:35, 14.30s/it]
[1A                                                      
{'loss': '1.82e-05', 'grad_norm': '0.0002431', 'learning_rate': '0.0001073', 'epoch': '1.482'}
[1A
[1A 49%|████▉     | 514/1041 [2:03:24<2:05:35, 14.30s/it]
[1A 49%|████▉     | 515/1041 [2:03:38<2:05:10, 14.28s/it]
[1A                                                      
{'loss': '3.318e-05', 'grad_norm': '0.000898', 'learning_rate': '0.000107', 'epoch': '1.485'}
[1A
[1A 49%|████▉     | 515/1041 [2:03:38<2:05:10, 14.28s/it]
[1A 50%|████▉     | 516/1041 [2:03:53<2:06:09, 14.42s/it]
[1A                                                      
{'loss': '7.898e-05', 'grad_norm': '0.004205', 'learning_rate': '0.0001067', 'epoch': '1.488'}
[1A
[1A 50%|████▉     | 516/1041 [2:03:53<2:06:09, 14.42s/it]
[1A 50%|████▉     | 517/1041 [2:04:07<2:04:21, 14.24s/it]
[1A                                                      
{'loss': '2.565e-05', 'grad_norm': '0.0009815', 'learning_rate': '0.0001064', 'epoch': '1.491'}
[1A
[1A 50%|████▉     | 517/1041 [2:04:07<2:04:21, 14.24s/it]
[1A 50%|████▉     | 518/1041 [2:04:22<2:04:53, 14.33s/it]
[1A                                                      
{'loss': '0.0001467', 'grad_norm': '0.003497', 'learning_rate': '0.0001061', 'epoch': '1.494'}
[1A
[1A 50%|████▉     | 518/1041 [2:04:22<2:04:53, 14.33s/it]
[1A 50%|████▉     | 519/1041 [2:04:36<2:04:56, 14.36s/it]
[1A                                                      
{'loss': '1.681e-05', 'grad_norm': '0.0002688', 'learning_rate': '0.0001058', 'epoch': '1.496'}
[1A
[1A 50%|████▉     | 519/1041 [2:04:36<2:04:56, 14.36s/it]
[1A 50%|████▉     | 520/1041 [2:04:51<2:06:37, 14.58s/it]
[1A                                                      
{'loss': '7.84e-05', 'grad_norm': '0.001915', 'learning_rate': '0.0001054', 'epoch': '1.499'}
[1A
[1A 50%|████▉     | 520/1041 [2:04:51<2:06:37, 14.58s/it]
[1A 50%|█████     | 521/1041 [2:05:05<2:04:35, 14.38s/it]
[1A                                                      
{'loss': '1.482e-05', 'grad_norm': '0.0002386', 'learning_rate': '0.0001051', 'epoch': '1.502'}
[1A
[1A 50%|█████     | 521/1041 [2:05:05<2:04:35, 14.38s/it]
[1A 50%|█████     | 522/1041 [2:05:19<2:02:41, 14.18s/it]
[1A                                                      
{'loss': '7.404e-06', 'grad_norm': '0.000156', 'learning_rate': '0.0001048', 'epoch': '1.505'}
[1A
[1A 50%|█████     | 522/1041 [2:05:19<2:02:41, 14.18s/it]
[1A 50%|█████     | 523/1041 [2:05:33<2:02:27, 14.18s/it]
[1A                                                      
{'loss': '8.455e-05', 'grad_norm': '0.003863', 'learning_rate': '0.0001045', 'epoch': '1.508'}
[1A
[1A 50%|█████     | 523/1041 [2:05:33<2:02:27, 14.18s/it]
[1A 50%|█████     | 524/1041 [2:05:48<2:04:14, 14.42s/it]
[1A                                                      
{'loss': '2.838e-05', 'grad_norm': '0.0008035', 'learning_rate': '0.0001042', 'epoch': '1.511'}
[1A
[1A 50%|█████     | 524/1041 [2:05:48<2:04:14, 14.42s/it]
[1A 50%|█████     | 525/1041 [2:06:02<2:02:38, 14.26s/it]
[1A                                                      
{'loss': '0.0001034', 'grad_norm': '0.005425', 'learning_rate': '0.0001039', 'epoch': '1.514'}
[1A
[1A 50%|█████     | 525/1041 [2:06:02<2:02:38, 14.26s/it]
[1A 51%|█████     | 526/1041 [2:06:16<2:02:59, 14.33s/it]
[1A                                                      
{'loss': '0.0009927', 'grad_norm': '0.09207', 'learning_rate': '0.0001036', 'epoch': '1.517'}
[1A
[1A 51%|█████     | 526/1041 [2:06:16<2:02:59, 14.33s/it]
[1A 51%|█████     | 527/1041 [2:06:30<2:02:10, 14.26s/it]
[1A                                                      
{'loss': '2.677e-05', 'grad_norm': '0.0005886', 'learning_rate': '0.0001033', 'epoch': '1.519'}
[1A
[1A 51%|█████     | 527/1041 [2:06:30<2:02:10, 14.26s/it]
[1A 51%|█████     | 528/1041 [2:06:45<2:01:43, 14.24s/it]
[1A                                                      
{'loss': '1.387e-05', 'grad_norm': '0.00021', 'learning_rate': '0.000103', 'epoch': '1.522'}
[1A
[1A 51%|█████     | 528/1041 [2:06:45<2:01:43, 14.24s/it]
[1A 51%|█████     | 529/1041 [2:06:59<2:03:08, 14.43s/it]
[1A                                                      
{'loss': '0.0001212', 'grad_norm': '0.004326', 'learning_rate': '0.0001026', 'epoch': '1.525'}
[1A
[1A 51%|█████     | 529/1041 [2:06:59<2:03:08, 14.43s/it]
[1A 51%|█████     | 530/1041 [2:07:14<2:04:02, 14.56s/it]
[1A                                                      
{'loss': '2.338e-05', 'grad_norm': '0.0004489', 'learning_rate': '0.0001023', 'epoch': '1.528'}
[1A
[1A 51%|█████     | 530/1041 [2:07:14<2:04:02, 14.56s/it]
[1A 51%|█████     | 531/1041 [2:07:28<2:02:34, 14.42s/it]
[1A                                                      
{'loss': '1.063e-05', 'grad_norm': '0.0001381', 'learning_rate': '0.000102', 'epoch': '1.531'}
[1A
[1A 51%|█████     | 531/1041 [2:07:28<2:02:34, 14.42s/it]
[1A 51%|█████     | 532/1041 [2:07:43<2:01:48, 14.36s/it]
[1A                                                      
{'loss': '3.438e-05', 'grad_norm': '0.00178', 'learning_rate': '0.0001017', 'epoch': '1.534'}
[1A
[1A 51%|█████     | 532/1041 [2:07:43<2:01:48, 14.36s/it]
[1A 51%|█████     | 533/1041 [2:07:57<2:00:37, 14.25s/it]
[1A                                                      
{'loss': '7.958e-06', 'grad_norm': '0.0001196', 'learning_rate': '0.0001014', 'epoch': '1.537'}
[1A
[1A 51%|█████     | 533/1041 [2:07:57<2:00:37, 14.25s/it]
[1A 51%|█████▏    | 534/1041 [2:08:11<1:59:51, 14.19s/it]
[1A                                                      
{'loss': '1.871e-05', 'grad_norm': '0.0002672', 'learning_rate': '0.0001011', 'epoch': '1.54'}
[1A
[1A 51%|█████▏    | 534/1041 [2:08:11<1:59:51, 14.19s/it]
[1A 51%|█████▏    | 535/1041 [2:08:24<1:58:45, 14.08s/it]
[1A                                                      
{'loss': '9.509e-06', 'grad_norm': '0.0001435', 'learning_rate': '0.0001008', 'epoch': '1.543'}
[1A
[1A 51%|█████▏    | 535/1041 [2:08:24<1:58:45, 14.08s/it]
[1A 51%|█████▏    | 536/1041 [2:08:38<1:57:24, 13.95s/it]
[1A                                                      
{'loss': '4.899e-06', 'grad_norm': '6.645e-05', 'learning_rate': '0.0001005', 'epoch': '1.545'}
[1A
[1A 51%|█████▏    | 536/1041 [2:08:38<1:57:24, 13.95s/it]
[1A 52%|█████▏    | 537/1041 [2:08:52<1:56:58, 13.93s/it]
[1A                                                      
{'loss': '1.069e-05', 'grad_norm': '0.0001233', 'learning_rate': '0.0001002', 'epoch': '1.548'}
[1A
[1A 52%|█████▏    | 537/1041 [2:08:52<1:56:58, 13.93s/it]
[1A 52%|█████▏    | 538/1041 [2:09:07<1:58:25, 14.13s/it]
[1A                                                      
{'loss': '2.529e-05', 'grad_norm': '0.0004356', 'learning_rate': '9.984e-05', 'epoch': '1.551'}
[1A
[1A 52%|█████▏    | 538/1041 [2:09:07<1:58:25, 14.13s/it]
[1A 52%|█████▏    | 539/1041 [2:09:21<1:57:50, 14.09s/it]
[1A                                                      
{'loss': '3.703e-06', 'grad_norm': '4.529e-05', 'learning_rate': '9.953e-05', 'epoch': '1.554'}
[1A
[1A 52%|█████▏    | 539/1041 [2:09:21<1:57:50, 14.09s/it]
[1A 52%|█████▏    | 540/1041 [2:09:35<1:57:18, 14.05s/it]
[1A                                                      
{'loss': '6.036e-06', 'grad_norm': '9.524e-05', 'learning_rate': '9.922e-05', 'epoch': '1.557'}
[1A
[1A 52%|█████▏    | 540/1041 [2:09:35<1:57:18, 14.05s/it]
[1A 52%|█████▏    | 541/1041 [2:09:49<1:57:08, 14.06s/it]
[1A                                                      
{'loss': '6.346e-06', 'grad_norm': '9.016e-05', 'learning_rate': '9.891e-05', 'epoch': '1.56'}
[1A
[1A 52%|█████▏    | 541/1041 [2:09:49<1:57:08, 14.06s/it]
[1A 52%|█████▏    | 542/1041 [2:10:02<1:55:16, 13.86s/it]
[1A                                                      
{'loss': '6.038e-06', 'grad_norm': '6.927e-05', 'learning_rate': '9.86e-05', 'epoch': '1.563'}
[1A
[1A 52%|█████▏    | 542/1041 [2:10:02<1:55:16, 13.86s/it]
[1A 52%|█████▏    | 543/1041 [2:10:16<1:55:39, 13.93s/it]
[1A                                                      
{'loss': '1.846e-05', 'grad_norm': '0.0003082', 'learning_rate': '9.829e-05', 'epoch': '1.566'}
[1A
[1A 52%|█████▏    | 543/1041 [2:10:16<1:55:39, 13.93s/it]
[1A 52%|█████▏    | 544/1041 [2:10:31<1:56:48, 14.10s/it]
[1A                                                      
{'loss': '3.255e-05', 'grad_norm': '0.0005676', 'learning_rate': '9.798e-05', 'epoch': '1.569'}
[1A
[1A 52%|█████▏    | 544/1041 [2:10:31<1:56:48, 14.10s/it]
[1A 52%|█████▏    | 545/1041 [2:10:45<1:56:41, 14.12s/it]
[1A                                                      
{'loss': '0.0001447', 'grad_norm': '0.002445', 'learning_rate': '9.767e-05', 'epoch': '1.571'}
[1A
[1A 52%|█████▏    | 545/1041 [2:10:45<1:56:41, 14.12s/it]
[1A 52%|█████▏    | 546/1041 [2:10:59<1:56:30, 14.12s/it]
[1A                                                      
{'loss': '2.344e-05', 'grad_norm': '0.0006156', 'learning_rate': '9.735e-05', 'epoch': '1.574'}
[1A
[1A 52%|█████▏    | 546/1041 [2:10:59<1:56:30, 14.12s/it]
[1A 53%|█████▎    | 547/1041 [2:11:13<1:57:06, 14.22s/it]
[1A                                                      
{'loss': '2.013e-05', 'grad_norm': '0.0007097', 'learning_rate': '9.704e-05', 'epoch': '1.577'}
[1A
[1A 53%|█████▎    | 547/1041 [2:11:13<1:57:06, 14.22s/it]
[1A 53%|█████▎    | 548/1041 [2:11:28<1:57:09, 14.26s/it]
[1A                                                      
{'loss': '0.0001762', 'grad_norm': '0.006261', 'learning_rate': '9.673e-05', 'epoch': '1.58'}
[1A
[1A 53%|█████▎    | 548/1041 [2:11:28<1:57:09, 14.26s/it]
[1A 53%|█████▎    | 549/1041 [2:11:42<1:57:27, 14.32s/it]
[1A                                                      
{'loss': '1.873e-05', 'grad_norm': '0.0002542', 'learning_rate': '9.642e-05', 'epoch': '1.583'}
[1A
[1A 53%|█████▎    | 549/1041 [2:11:42<1:57:27, 14.32s/it]
[1A 53%|█████▎    | 550/1041 [2:11:56<1:55:59, 14.17s/it]
[1A                                                      
{'loss': '1.979e-05', 'grad_norm': '0.0003386', 'learning_rate': '9.611e-05', 'epoch': '1.586'}
[1A
[1A 53%|█████▎    | 550/1041 [2:11:56<1:55:59, 14.17s/it]
[1A 53%|█████▎    | 551/1041 [2:12:10<1:54:26, 14.01s/it]
[1A                                                      
{'loss': '3.123e-05', 'grad_norm': '0.001606', 'learning_rate': '9.58e-05', 'epoch': '1.589'}
[1A
[1A 53%|█████▎    | 551/1041 [2:12:10<1:54:26, 14.01s/it]
[1A 53%|█████▎    | 552/1041 [2:12:24<1:55:31, 14.17s/it]
[1A                                                      
{'loss': '1.491e-05', 'grad_norm': '0.0002847', 'learning_rate': '9.549e-05', 'epoch': '1.592'}
[1A
[1A 53%|█████▎    | 552/1041 [2:12:24<1:55:31, 14.17s/it]
[1A 53%|█████▎    | 553/1041 [2:12:39<1:55:52, 14.25s/it]
[1A                                                      
{'loss': '1.217e-05', 'grad_norm': '0.0001849', 'learning_rate': '9.518e-05', 'epoch': '1.595'}
[1A
[1A 53%|█████▎    | 553/1041 [2:12:39<1:55:52, 14.25s/it]
[1A 53%|█████▎    | 554/1041 [2:12:54<1:57:28, 14.47s/it]
[1A                                                      
{'loss': '4.8e-05', 'grad_norm': '0.001969', 'learning_rate': '9.486e-05', 'epoch': '1.597'}
[1A
[1A 53%|█████▎    | 554/1041 [2:12:54<1:57:28, 14.47s/it]
[1A 53%|█████▎    | 555/1041 [2:13:08<1:56:29, 14.38s/it]
[1A                                                      
{'loss': '9.929e-05', 'grad_norm': '0.01172', 'learning_rate': '9.455e-05', 'epoch': '1.6'}
[1A
[1A 53%|█████▎    | 555/1041 [2:13:08<1:56:29, 14.38s/it]
[1A 53%|█████▎    | 556/1041 [2:13:22<1:56:28, 14.41s/it]
[1A                                                      
{'loss': '0.0001843', 'grad_norm': '0.009078', 'learning_rate': '9.424e-05', 'epoch': '1.603'}
[1A
[1A 53%|█████▎    | 556/1041 [2:13:22<1:56:28, 14.41s/it]
[1A 54%|█████▎    | 557/1041 [2:13:36<1:55:45, 14.35s/it]
[1A                                                      
{'loss': '4.045e-06', 'grad_norm': '4.725e-05', 'learning_rate': '9.393e-05', 'epoch': '1.606'}
[1A
[1A 54%|█████▎    | 557/1041 [2:13:36<1:55:45, 14.35s/it]
[1A 54%|█████▎    | 558/1041 [2:13:51<1:56:42, 14.50s/it]
[1A                                                      
{'loss': '0.0009685', 'grad_norm': '0.1581', 'learning_rate': '9.362e-05', 'epoch': '1.609'}
[1A
[1A 54%|█████▎    | 558/1041 [2:13:51<1:56:42, 14.50s/it]
[1A 54%|█████▎    | 559/1041 [2:14:05<1:55:28, 14.37s/it]
[1A                                                      
{'loss': '4.631e-06', 'grad_norm': '5.196e-05', 'learning_rate': '9.331e-05', 'epoch': '1.612'}
[1A
[1A 54%|█████▎    | 559/1041 [2:14:05<1:55:28, 14.37s/it]
[1A 54%|█████▍    | 560/1041 [2:14:20<1:55:17, 14.38s/it]
[1A                                                      
{'loss': '0.000108', 'grad_norm': '0.003843', 'learning_rate': '9.3e-05', 'epoch': '1.615'}
[1A
[1A 54%|█████▍    | 560/1041 [2:14:20<1:55:17, 14.38s/it]
[1A 54%|█████▍    | 561/1041 [2:14:34<1:55:09, 14.40s/it]
[1A                                                      
{'loss': '9.884e-06', 'grad_norm': '0.00013', 'learning_rate': '9.269e-05', 'epoch': '1.618'}
[1A
[1A 54%|█████▍    | 561/1041 [2:14:34<1:55:09, 14.40s/it]
[1A 54%|█████▍    | 562/1041 [2:14:49<1:56:00, 14.53s/it]
[1A                                                      
{'loss': '2.358e-05', 'grad_norm': '0.0005075', 'learning_rate': '9.238e-05', 'epoch': '1.62'}
[1A
[1A 54%|█████▍    | 562/1041 [2:14:49<1:56:00, 14.53s/it]
[1A 54%|█████▍    | 563/1041 [2:15:03<1:54:30, 14.37s/it]
[1A                                                      
{'loss': '2.165e-06', 'grad_norm': '2.655e-05', 'learning_rate': '9.207e-05', 'epoch': '1.623'}
[1A
[1A 54%|█████▍    | 563/1041 [2:15:03<1:54:30, 14.37s/it]
[1A 54%|█████▍    | 564/1041 [2:15:17<1:52:14, 14.12s/it]
[1A                                                      
{'loss': '3.167e-05', 'grad_norm': '0.0007549', 'learning_rate': '9.176e-05', 'epoch': '1.626'}
[1A
[1A 54%|█████▍    | 564/1041 [2:15:17<1:52:14, 14.12s/it]
[1A 54%|█████▍    | 565/1041 [2:15:31<1:52:59, 14.24s/it]
[1A                                                      
{'loss': '2.061e-05', 'grad_norm': '0.0004915', 'learning_rate': '9.145e-05', 'epoch': '1.629'}
[1A
[1A 54%|█████▍    | 565/1041 [2:15:31<1:52:59, 14.24s/it]
[1A 54%|█████▍    | 566/1041 [2:15:45<1:53:08, 14.29s/it]
[1A                                                      
{'loss': '7.191e-06', 'grad_norm': '0.0002008', 'learning_rate': '9.114e-05', 'epoch': '1.632'}
[1A
[1A 54%|█████▍    | 566/1041 [2:15:45<1:53:08, 14.29s/it]
[1A 54%|█████▍    | 567/1041 [2:16:00<1:53:58, 14.43s/it]
[1A                                                      
{'loss': '2.448e-05', 'grad_norm': '0.0007859', 'learning_rate': '9.083e-05', 'epoch': '1.635'}
[1A
[1A 54%|█████▍    | 567/1041 [2:16:00<1:53:58, 14.43s/it]
[1A 55%|█████▍    | 568/1041 [2:16:15<1:54:09, 14.48s/it]
[1A                                                      
{'loss': '0.0002352', 'grad_norm': '0.008163', 'learning_rate': '9.052e-05', 'epoch': '1.638'}
[1A
[1A 55%|█████▍    | 568/1041 [2:16:15<1:54:09, 14.48s/it]
[1A 55%|█████▍    | 569/1041 [2:16:30<1:54:44, 14.59s/it]
[1A                                                      
{'loss': '2.882e-05', 'grad_norm': '0.001008', 'learning_rate': '9.021e-05', 'epoch': '1.641'}
[1A
[1A 55%|█████▍    | 569/1041 [2:16:30<1:54:44, 14.59s/it]
[1A 55%|█████▍    | 570/1041 [2:16:44<1:54:02, 14.53s/it]
[1A                                                      
{'loss': '7.512e-06', 'grad_norm': '0.0001034', 'learning_rate': '8.99e-05', 'epoch': '1.644'}
[1A
[1A 55%|█████▍    | 570/1041 [2:16:44<1:54:02, 14.53s/it]
[1A 55%|█████▍    | 571/1041 [2:16:59<1:54:24, 14.60s/it]
[1A                                                      
{'loss': '2.178e-05', 'grad_norm': '0.0004666', 'learning_rate': '8.959e-05', 'epoch': '1.646'}
[1A
[1A 55%|█████▍    | 571/1041 [2:16:59<1:54:24, 14.60s/it]
[1A 55%|█████▍    | 572/1041 [2:17:13<1:53:02, 14.46s/it]
[1A                                                      
{'loss': '1.036e-05', 'grad_norm': '0.0001724', 'learning_rate': '8.928e-05', 'epoch': '1.649'}
[1A
[1A 55%|█████▍    | 572/1041 [2:17:13<1:53:02, 14.46s/it]
[1A 55%|█████▌    | 573/1041 [2:17:27<1:52:40, 14.45s/it]
[1A                                                      
{'loss': '8.6e-06', 'grad_norm': '0.0001199', 'learning_rate': '8.897e-05', 'epoch': '1.652'}
[1A
[1A 55%|█████▌    | 573/1041 [2:17:27<1:52:40, 14.45s/it]
[1A 55%|█████▌    | 574/1041 [2:17:42<1:52:33, 14.46s/it]
[1A                                                      
{'loss': '1.586e-05', 'grad_norm': '0.0003251', 'learning_rate': '8.866e-05', 'epoch': '1.655'}
[1A
[1A 55%|█████▌    | 574/1041 [2:17:42<1:52:33, 14.46s/it]
[1A 55%|█████▌    | 575/1041 [2:17:56<1:51:45, 14.39s/it]
[1A                                                      
{'loss': '4.973e-05', 'grad_norm': '0.001884', 'learning_rate': '8.835e-05', 'epoch': '1.658'}
[1A
[1A 55%|█████▌    | 575/1041 [2:17:56<1:51:45, 14.39s/it]
[1A 55%|█████▌    | 576/1041 [2:18:11<1:52:52, 14.56s/it]
[1A                                                      
{'loss': '0.0005137', 'grad_norm': '0.03007', 'learning_rate': '8.804e-05', 'epoch': '1.661'}
[1A
[1A 55%|█████▌    | 576/1041 [2:18:11<1:52:52, 14.56s/it]
[1A 55%|█████▌    | 577/1041 [2:18:26<1:53:21, 14.66s/it]
[1A                                                      
{'loss': '1.985e-05', 'grad_norm': '0.0002661', 'learning_rate': '8.773e-05', 'epoch': '1.664'}
[1A
[1A 55%|█████▌    | 577/1041 [2:18:26<1:53:21, 14.66s/it]
[1A 56%|█████▌    | 578/1041 [2:18:41<1:52:56, 14.64s/it]
[1A                                                      
{'loss': '6.095e-05', 'grad_norm': '0.004484', 'learning_rate': '8.742e-05', 'epoch': '1.667'}
[1A
[1A 56%|█████▌    | 578/1041 [2:18:41<1:52:56, 14.64s/it]
[1A 56%|█████▌    | 579/1041 [2:18:55<1:51:45, 14.51s/it]
[1A                                                      
{'loss': '4.914e-06', 'grad_norm': '0.0001029', 'learning_rate': '8.711e-05', 'epoch': '1.67'}
[1A
[1A 56%|█████▌    | 579/1041 [2:18:55<1:51:45, 14.51s/it]
[1A 56%|█████▌    | 580/1041 [2:19:09<1:50:55, 14.44s/it]
[1A                                                      
{'loss': '1.907e-05', 'grad_norm': '0.0004702', 'learning_rate': '8.681e-05', 'epoch': '1.672'}
[1A
[1A 56%|█████▌    | 580/1041 [2:19:09<1:50:55, 14.44s/it]
[1A 56%|█████▌    | 581/1041 [2:19:24<1:51:45, 14.58s/it]
[1A                                                      
{'loss': '5.718e-06', 'grad_norm': '7.804e-05', 'learning_rate': '8.65e-05', 'epoch': '1.675'}
[1A
[1A 56%|█████▌    | 581/1041 [2:19:24<1:51:45, 14.58s/it]
[1A 56%|█████▌    | 582/1041 [2:19:38<1:50:54, 14.50s/it]
[1A                                                      
{'loss': '0.006103', 'grad_norm': '0.2939', 'learning_rate': '8.619e-05', 'epoch': '1.678'}
[1A
[1A 56%|█████▌    | 582/1041 [2:19:38<1:50:54, 14.50s/it]
[1A 56%|█████▌    | 583/1041 [2:19:52<1:50:00, 14.41s/it]
[1A                                                      
{'loss': '1.774e-05', 'grad_norm': '0.0005145', 'learning_rate': '8.588e-05', 'epoch': '1.681'}
[1A
[1A 56%|█████▌    | 583/1041 [2:19:52<1:50:00, 14.41s/it]
[1A 56%|█████▌    | 584/1041 [2:20:06<1:48:50, 14.29s/it]
[1A                                                      
{'loss': '0.001526', 'grad_norm': '0.1311', 'learning_rate': '8.557e-05', 'epoch': '1.684'}
[1A
[1A 56%|█████▌    | 584/1041 [2:20:06<1:48:50, 14.29s/it]
[1A 56%|█████▌    | 585/1041 [2:20:21<1:49:01, 14.34s/it]
[1A                                                      
{'loss': '0.0001513', 'grad_norm': '0.009177', 'learning_rate': '8.526e-05', 'epoch': '1.687'}
[1A
[1A 56%|█████▌    | 585/1041 [2:20:21<1:49:01, 14.34s/it]
[1A 56%|█████▋    | 586/1041 [2:20:35<1:48:28, 14.30s/it]
[1A                                                      
{'loss': '1.256e-05', 'grad_norm': '0.0002527', 'learning_rate': '8.496e-05', 'epoch': '1.69'}
[1A
[1A 56%|█████▋    | 586/1041 [2:20:35<1:48:28, 14.30s/it]
[1A 56%|█████▋    | 587/1041 [2:20:49<1:47:09, 14.16s/it]
[1A                                                      
{'loss': '1.612e-05', 'grad_norm': '0.0008073', 'learning_rate': '8.465e-05', 'epoch': '1.693'}
[1A
[1A 56%|█████▋    | 587/1041 [2:20:49<1:47:09, 14.16s/it]
[1A 56%|█████▋    | 588/1041 [2:21:03<1:47:28, 14.23s/it]
[1A                                                      
{'loss': '8.627e-06', 'grad_norm': '0.0001528', 'learning_rate': '8.434e-05', 'epoch': '1.696'}
[1A
[1A 56%|█████▋    | 588/1041 [2:21:03<1:47:28, 14.23s/it]
[1A 57%|█████▋    | 589/1041 [2:21:17<1:45:48, 14.04s/it]
[1A                                                      
{'loss': '5.115e-06', 'grad_norm': '6.386e-05', 'learning_rate': '8.403e-05', 'epoch': '1.698'}
[1A
[1A 57%|█████▋    | 589/1041 [2:21:17<1:45:48, 14.04s/it]
[1A 57%|█████▋    | 590/1041 [2:21:31<1:45:21, 14.02s/it]
[1A                                                      
{'loss': '1.304e-05', 'grad_norm': '0.0003416', 'learning_rate': '8.373e-05', 'epoch': '1.701'}
[1A
[1A 57%|█████▋    | 590/1041 [2:21:31<1:45:21, 14.02s/it]
[1A 57%|█████▋    | 591/1041 [2:21:45<1:44:24, 13.92s/it]
[1A                                                      
{'loss': '2.086e-05', 'grad_norm': '0.001001', 'learning_rate': '8.342e-05', 'epoch': '1.704'}
[1A
[1A 57%|█████▋    | 591/1041 [2:21:45<1:44:24, 13.92s/it]
[1A 57%|█████▋    | 592/1041 [2:21:59<1:45:00, 14.03s/it]
[1A                                                      
{'loss': '1.446e-05', 'grad_norm': '0.0005074', 'learning_rate': '8.311e-05', 'epoch': '1.707'}
[1A
[1A 57%|█████▋    | 592/1041 [2:21:59<1:45:00, 14.03s/it]
[1A 57%|█████▋    | 593/1041 [2:22:13<1:45:12, 14.09s/it]
[1A                                                      
{'loss': '3.626e-05', 'grad_norm': '0.001405', 'learning_rate': '8.281e-05', 'epoch': '1.71'}
[1A
[1A 57%|█████▋    | 593/1041 [2:22:13<1:45:12, 14.09s/it]
[1A 57%|█████▋    | 594/1041 [2:22:28<1:46:30, 14.30s/it]
[1A                                                      
{'loss': '0.0001719', 'grad_norm': '0.006039', 'learning_rate': '8.25e-05', 'epoch': '1.713'}
[1A
[1A 57%|█████▋    | 594/1041 [2:22:28<1:46:30, 14.30s/it]
[1A 57%|█████▋    | 595/1041 [2:22:42<1:46:03, 14.27s/it]
[1A                                                      
{'loss': '3.03e-05', 'grad_norm': '0.0006623', 'learning_rate': '8.219e-05', 'epoch': '1.716'}
[1A
[1A 57%|█████▋    | 595/1041 [2:22:42<1:46:03, 14.27s/it]
[1A 57%|█████▋    | 596/1041 [2:22:57<1:46:20, 14.34s/it]
[1A                                                      
{'loss': '9.042e-06', 'grad_norm': '0.0001282', 'learning_rate': '8.189e-05', 'epoch': '1.719'}
[1A
[1A 57%|█████▋    | 596/1041 [2:22:57<1:46:20, 14.34s/it]
[1A 57%|█████▋    | 597/1041 [2:23:11<1:45:52, 14.31s/it]
[1A                                                      
{'loss': '0.0001315', 'grad_norm': '0.007681', 'learning_rate': '8.158e-05', 'epoch': '1.722'}
[1A
[1A 57%|█████▋    | 597/1041 [2:23:11<1:45:52, 14.31s/it]
[1A 57%|█████▋    | 598/1041 [2:23:25<1:46:09, 14.38s/it]
[1A                                                      
{'loss': '2.752e-05', 'grad_norm': '0.0008533', 'learning_rate': '8.127e-05', 'epoch': '1.724'}
[1A
[1A 57%|█████▋    | 598/1041 [2:23:25<1:46:09, 14.38s/it]
[1A 58%|█████▊    | 599/1041 [2:23:40<1:45:39, 14.34s/it]
[1A                                                      
{'loss': '0.0002433', 'grad_norm': '0.02515', 'learning_rate': '8.097e-05', 'epoch': '1.727'}
[1A
[1A 58%|█████▊    | 599/1041 [2:23:40<1:45:39, 14.34s/it]
[1A 58%|█████▊    | 600/1041 [2:24:10<2:21:23, 19.24s/it]
[1A                                                      
{'loss': '2.306e-05', 'grad_norm': '0.0006382', 'learning_rate': '8.066e-05', 'epoch': '1.73'}
[1A
[1A 58%|█████▊    | 600/1041 [2:24:10<2:21:23, 19.24s/it]
[1A 58%|█████▊    | 601/1041 [2:24:24<2:09:33, 17.67s/it]
[1A                                                      
{'loss': '8.088e-05', 'grad_norm': '0.003846', 'learning_rate': '8.036e-05', 'epoch': '1.733'}
[1A
[1A 58%|█████▊    | 601/1041 [2:24:24<2:09:33, 17.67s/it]
[1A 58%|█████▊    | 602/1041 [2:24:38<2:01:23, 16.59s/it]
[1A                                                      
{'loss': '8.803e-06', 'grad_norm': '0.0001823', 'learning_rate': '8.005e-05', 'epoch': '1.736'}
[1A
[1A 58%|█████▊    | 602/1041 [2:24:38<2:01:23, 16.59s/it]
[1A 58%|█████▊    | 603/1041 [2:24:53<1:55:47, 15.86s/it]
[1A                                                      
{'loss': '9.891e-05', 'grad_norm': '0.004338', 'learning_rate': '7.975e-05', 'epoch': '1.739'}
[1A
[1A 58%|█████▊    | 603/1041 [2:24:53<1:55:47, 15.86s/it]
[1A 58%|█████▊    | 604/1041 [2:25:07<1:53:01, 15.52s/it]
[1A                                                      
{'loss': '4.026e-05', 'grad_norm': '0.001195', 'learning_rate': '7.944e-05', 'epoch': '1.742'}
[1A
[1A 58%|█████▊    | 604/1041 [2:25:07<1:53:01, 15.52s/it]
[1A 58%|█████▊    | 605/1041 [2:25:22<1:49:56, 15.13s/it]
[1A                                                      
{'loss': '0.0001452', 'grad_norm': '0.02441', 'learning_rate': '7.914e-05', 'epoch': '1.745'}
[1A
[1A 58%|█████▊    | 605/1041 [2:25:22<1:49:56, 15.13s/it]
[1A 58%|█████▊    | 606/1041 [2:25:35<1:47:12, 14.79s/it]
[1A                                                      
{'loss': '5.668e-06', 'grad_norm': '0.0001236', 'learning_rate': '7.883e-05', 'epoch': '1.747'}
[1A
[1A 58%|█████▊    | 606/1041 [2:25:35<1:47:12, 14.79s/it]
[1A 58%|█████▊    | 607/1041 [2:25:50<1:45:34, 14.60s/it]
[1A                                                      
{'loss': '1.008e-05', 'grad_norm': '0.0002402', 'learning_rate': '7.853e-05', 'epoch': '1.75'}
[1A
[1A 58%|█████▊    | 607/1041 [2:25:50<1:45:34, 14.60s/it]
[1A 58%|█████▊    | 608/1041 [2:26:04<1:45:33, 14.63s/it]
[1A                                                      
{'loss': '0.0001193', 'grad_norm': '0.006083', 'learning_rate': '7.823e-05', 'epoch': '1.753'}
[1A
[1A 58%|█████▊    | 608/1041 [2:26:04<1:45:33, 14.63s/it]
[1A 59%|█████▊    | 609/1041 [2:26:19<1:45:05, 14.60s/it]
[1A                                                      
{'loss': '2.546e-05', 'grad_norm': '0.000811', 'learning_rate': '7.792e-05', 'epoch': '1.756'}
[1A
[1A 59%|█████▊    | 609/1041 [2:26:19<1:45:05, 14.60s/it]
[1A 59%|█████▊    | 610/1041 [2:26:34<1:45:45, 14.72s/it]
[1A                                                      
{'loss': '0.001361', 'grad_norm': '0.1463', 'learning_rate': '7.762e-05', 'epoch': '1.759'}
[1A
[1A 59%|█████▊    | 610/1041 [2:26:34<1:45:45, 14.72s/it]
[1A 59%|█████▊    | 611/1041 [2:26:48<1:44:43, 14.61s/it]
[1A                                                      
{'loss': '2.555e-05', 'grad_norm': '0.00143', 'learning_rate': '7.731e-05', 'epoch': '1.762'}
[1A
[1A 59%|█████▊    | 611/1041 [2:26:48<1:44:43, 14.61s/it]
[1A 59%|█████▉    | 612/1041 [2:27:03<1:44:23, 14.60s/it]
[1A                                                      
{'loss': '3.186e-05', 'grad_norm': '0.0009416', 'learning_rate': '7.701e-05', 'epoch': '1.765'}
[1A
[1A 59%|█████▉    | 612/1041 [2:27:03<1:44:23, 14.60s/it]
[1A 59%|█████▉    | 613/1041 [2:27:17<1:44:06, 14.59s/it]
[1A                                                      
[1A
{'loss': '1.201e-05', 'grad_norm': '0.0002392', 'learning_rate': '7.671e-05', 'epoch': '1.768'}
[1A 59%|█████▉    | 613/1041 [2:27:17<1:44:06, 14.59s/it]
[1A 59%|█████▉    | 614/1041 [2:27:32<1:43:27, 14.54s/it]                                                      
{'loss': '0.0001346', 'grad_norm': '0.005195', 'learning_rate': '7.641e-05', 'epoch': '1.771'}
[1A
[1A 59%|█████▉    | 614/1041 [2:27:32<1:43:27, 14.54s/it]
[1A 59%|█████▉    | 615/1041 [2:27:46<1:42:40, 14.46s/it]
[1A                                                      
{'loss': '1.035e-05', 'grad_norm': '0.0002598', 'learning_rate': '7.61e-05', 'epoch': '1.773'}
[1A
[1A 59%|█████▉    | 615/1041 [2:27:46<1:42:40, 14.46s/it]
[1A 59%|█████▉    | 616/1041 [2:28:00<1:40:51, 14.24s/it]
[1A                                                      
{'loss': '3.358e-06', 'grad_norm': '4.708e-05', 'learning_rate': '7.58e-05', 'epoch': '1.776'}
[1A
[1A 59%|█████▉    | 616/1041 [2:28:00<1:40:51, 14.24s/it]
[1A 59%|█████▉    | 617/1041 [2:28:14<1:40:46, 14.26s/it]
[1A                                                      
{'loss': '0.0001298', 'grad_norm': '0.002742', 'learning_rate': '7.55e-05', 'epoch': '1.779'}
[1A
[1A 59%|█████▉    | 617/1041 [2:28:14<1:40:46, 14.26s/it]
[1A 59%|█████▉    | 618/1041 [2:28:28<1:39:43, 14.15s/it]
[1A                                                      
{'loss': '3.381e-06', 'grad_norm': '4.105e-05', 'learning_rate': '7.52e-05', 'epoch': '1.782'}
[1A
[1A 59%|█████▉    | 618/1041 [2:28:28<1:39:43, 14.15s/it]
[1A 59%|█████▉    | 619/1041 [2:28:42<1:39:25, 14.14s/it]
[1A                                                      
{'loss': '9.678e-06', 'grad_norm': '0.0002838', 'learning_rate': '7.49e-05', 'epoch': '1.785'}
[1A
[1A 59%|█████▉    | 619/1041 [2:28:42<1:39:25, 14.14s/it]
[1A 60%|█████▉    | 620/1041 [2:28:56<1:39:35, 14.19s/it]
[1A                                                      
{'loss': '9.268e-05', 'grad_norm': '0.003456', 'learning_rate': '7.459e-05', 'epoch': '1.788'}
[1A
[1A 60%|█████▉    | 620/1041 [2:28:56<1:39:35, 14.19s/it]
[1A 60%|█████▉    | 621/1041 [2:29:11<1:39:15, 14.18s/it]
[1A                                                      
{'loss': '2.23e-05', 'grad_norm': '0.001331', 'learning_rate': '7.429e-05', 'epoch': '1.791'}
[1A
[1A 60%|█████▉    | 621/1041 [2:29:11<1:39:15, 14.18s/it]
[1A 60%|█████▉    | 622/1041 [2:29:25<1:39:01, 14.18s/it]
[1A                                                      
{'loss': '3.732e-06', 'grad_norm': '4.748e-05', 'learning_rate': '7.399e-05', 'epoch': '1.794'}
[1A
[1A 60%|█████▉    | 622/1041 [2:29:25<1:39:01, 14.18s/it]
[1A 60%|█████▉    | 623/1041 [2:29:40<1:40:23, 14.41s/it]
[1A                                                      
{'loss': '3.437e-05', 'grad_norm': '0.00158', 'learning_rate': '7.369e-05', 'epoch': '1.797'}
[1A
[1A 60%|█████▉    | 623/1041 [2:29:40<1:40:23, 14.41s/it]
[1A 60%|█████▉    | 624/1041 [2:29:54<1:40:37, 14.48s/it]
[1A                                                      
{'loss': '4.448e-05', 'grad_norm': '0.001511', 'learning_rate': '7.339e-05', 'epoch': '1.799'}
[1A
[1A 60%|█████▉    | 624/1041 [2:29:54<1:40:37, 14.48s/it]
[1A 60%|██████    | 625/1041 [2:30:08<1:39:34, 14.36s/it]
[1A                                                      
{'loss': '8.809e-06', 'grad_norm': '0.0001876', 'learning_rate': '7.309e-05', 'epoch': '1.802'}
[1A
[1A 60%|██████    | 625/1041 [2:30:08<1:39:34, 14.36s/it]
[1A 60%|██████    | 626/1041 [2:30:22<1:38:00, 14.17s/it]
[1A                                                      
{'loss': '0.001798', 'grad_norm': '0.197', 'learning_rate': '7.279e-05', 'epoch': '1.805'}
[1A
[1A 60%|██████    | 626/1041 [2:30:22<1:38:00, 14.17s/it]
[1A 60%|██████    | 627/1041 [2:30:36<1:37:56, 14.19s/it]
[1A                                                      
{'loss': '1.28e-05', 'grad_norm': '0.0006871', 'learning_rate': '7.249e-05', 'epoch': '1.808'}
[1A
[1A 60%|██████    | 627/1041 [2:30:36<1:37:56, 14.19s/it]
[1A 60%|██████    | 628/1041 [2:30:51<1:38:31, 14.31s/it]
[1A                                                      
{'loss': '1.586e-05', 'grad_norm': '0.0002945', 'learning_rate': '7.219e-05', 'epoch': '1.811'}
[1A
[1A 60%|██████    | 628/1041 [2:30:51<1:38:31, 14.31s/it]
{'loss': '1.495e-05', 'grad_norm': '0.0003623', 'learning_rate': '7.189e-05', 'epoch': '1.814'}
[1A 60%|██████    | 629/1041 [2:31:06<1:39:32, 14.50s/it]                                                      
[1A 60%|██████    | 629/1041 [2:31:06<1:39:32, 14.50s/it]
[1A 61%|██████    | 630/1041 [2:31:20<1:38:49, 14.43s/it]
[1A                                                      
{'loss': '0.001937', 'grad_norm': '0.07237', 'learning_rate': '7.16e-05', 'epoch': '1.817'}
[1A
[1A 61%|██████    | 630/1041 [2:31:20<1:38:49, 14.43s/it]
[1A 61%|██████    | 631/1041 [2:31:35<1:38:24, 14.40s/it]
[1A                                                      
{'loss': '2.891e-06', 'grad_norm': '3.564e-05', 'learning_rate': '7.13e-05', 'epoch': '1.82'}
[1A
[1A 61%|██████    | 631/1041 [2:31:35<1:38:24, 14.40s/it]
[1A 61%|██████    | 632/1041 [2:31:49<1:37:32, 14.31s/it]
[1A                                                      
{'loss': '1.497e-05', 'grad_norm': '0.0002896', 'learning_rate': '7.1e-05', 'epoch': '1.823'}
[1A
[1A 61%|██████    | 632/1041 [2:31:49<1:37:32, 14.31s/it]
[1A 61%|██████    | 633/1041 [2:32:04<1:38:48, 14.53s/it]
[1A                                                      
{'loss': '3.776e-06', 'grad_norm': '4.624e-05', 'learning_rate': '7.07e-05', 'epoch': '1.825'}
[1A
[1A 61%|██████    | 633/1041 [2:32:04<1:38:48, 14.53s/it]
[1A 61%|██████    | 634/1041 [2:32:18<1:38:37, 14.54s/it]
[1A                                                      
{'loss': '4.117e-06', 'grad_norm': '9.766e-05', 'learning_rate': '7.04e-05', 'epoch': '1.828'}
[1A
[1A 61%|██████    | 634/1041 [2:32:18<1:38:37, 14.54s/it]
[1A 61%|██████    | 635/1041 [2:32:33<1:38:57, 14.62s/it]
[1A                                                      
{'loss': '3.016e-05', 'grad_norm': '0.001835', 'learning_rate': '7.011e-05', 'epoch': '1.831'}
[1A
[1A 61%|██████    | 635/1041 [2:32:33<1:38:57, 14.62s/it]
[1A 61%|██████    | 636/1041 [2:32:47<1:38:03, 14.53s/it]
[1A                                                      
{'loss': '6.947e-06', 'grad_norm': '0.0001147', 'learning_rate': '6.981e-05', 'epoch': '1.834'}
[1A
[1A 61%|██████    | 636/1041 [2:32:47<1:38:03, 14.53s/it]
[1A 61%|██████    | 637/1041 [2:33:01<1:37:01, 14.41s/it]
[1A                                                      
{'loss': '6.009e-05', 'grad_norm': '0.001874', 'learning_rate': '6.951e-05', 'epoch': '1.837'}
[1A
[1A 61%|██████    | 637/1041 [2:33:01<1:37:01, 14.41s/it]
[1A 61%|██████▏   | 638/1041 [2:33:17<1:38:39, 14.69s/it]
[1A                                                      
{'loss': '9.52e-05', 'grad_norm': '0.003703', 'learning_rate': '6.922e-05', 'epoch': '1.84'}
[1A
[1A 61%|██████▏   | 638/1041 [2:33:17<1:38:39, 14.69s/it]
[1A 61%|██████▏   | 639/1041 [2:33:31<1:38:03, 14.64s/it]
[1A                                                      
{'loss': '3.656e-05', 'grad_norm': '0.00147', 'learning_rate': '6.892e-05', 'epoch': '1.843'}
[1A
[1A 61%|██████▏   | 639/1041 [2:33:31<1:38:03, 14.64s/it]
[1A 61%|██████▏   | 640/1041 [2:33:46<1:37:44, 14.62s/it]
[1A                                                      
{'loss': '3.964e-05', 'grad_norm': '0.001462', 'learning_rate': '6.862e-05', 'epoch': '1.846'}
[1A
[1A 61%|██████▏   | 640/1041 [2:33:46<1:37:44, 14.62s/it]
[1A 62%|██████▏   | 641/1041 [2:34:00<1:36:40, 14.50s/it]
[1A                                                      
{'loss': '9.182e-06', 'grad_norm': '0.0001433', 'learning_rate': '6.833e-05', 'epoch': '1.848'}
[1A
[1A 62%|██████▏   | 641/1041 [2:34:00<1:36:40, 14.50s/it]
[1A 62%|██████▏   | 642/1041 [2:34:15<1:36:39, 14.53s/it]
[1A                                                      
{'loss': '4.435e-06', 'grad_norm': '6.789e-05', 'learning_rate': '6.803e-05', 'epoch': '1.851'}
[1A
[1A 62%|██████▏   | 642/1041 [2:34:15<1:36:39, 14.53s/it]
[1A 62%|██████▏   | 643/1041 [2:34:29<1:35:38, 14.42s/it]
[1A                                                      
{'loss': '0.0003944', 'grad_norm': '0.02407', 'learning_rate': '6.774e-05', 'epoch': '1.854'}
[1A
[1A 62%|██████▏   | 643/1041 [2:34:29<1:35:38, 14.42s/it]
[1A 62%|██████▏   | 644/1041 [2:34:43<1:35:22, 14.41s/it]
[1A                                                      
{'loss': '9.39e-06', 'grad_norm': '0.0003028', 'learning_rate': '6.744e-05', 'epoch': '1.857'}
[1A
[1A 62%|██████▏   | 644/1041 [2:34:43<1:35:22, 14.41s/it]
[1A 62%|██████▏   | 645/1041 [2:34:57<1:34:38, 14.34s/it]
[1A                                                      
{'loss': '6.348e-06', 'grad_norm': '0.0001393', 'learning_rate': '6.715e-05', 'epoch': '1.86'}
[1A
[1A 62%|██████▏   | 645/1041 [2:34:57<1:34:38, 14.34s/it]
[1A 62%|██████▏   | 646/1041 [2:35:12<1:33:59, 14.28s/it]
[1A                                                      
{'loss': '1.205e-05', 'grad_norm': '0.0002238', 'learning_rate': '6.686e-05', 'epoch': '1.863'}
[1A
[1A 62%|██████▏   | 646/1041 [2:35:12<1:33:59, 14.28s/it]
[1A 62%|██████▏   | 647/1041 [2:35:26<1:33:25, 14.23s/it]
[1A                                                      
{'loss': '1.407e-05', 'grad_norm': '0.0009126', 'learning_rate': '6.656e-05', 'epoch': '1.866'}
[1A
[1A 62%|██████▏   | 647/1041 [2:35:26<1:33:25, 14.23s/it]
[1A 62%|██████▏   | 648/1041 [2:35:39<1:32:10, 14.07s/it]
[1A                                                      
{'loss': '2.937e-05', 'grad_norm': '0.0007626', 'learning_rate': '6.627e-05', 'epoch': '1.869'}
[1A
[1A 62%|██████▏   | 648/1041 [2:35:39<1:32:10, 14.07s/it]
[1A 62%|██████▏   | 649/1041 [2:35:53<1:31:06, 13.95s/it]
{'loss': '3.209e-06', 'grad_norm': '7.013e-05', 'learning_rate': '6.598e-05', 'epoch': '1.872'}
[1A                                                      
[1A
[1A 62%|██████▏   | 649/1041 [2:35:53<1:31:06, 13.95s/it]
[1A 62%|██████▏   | 650/1041 [2:36:08<1:32:04, 14.13s/it]
[1A                                                      
{'loss': '5.938e-05', 'grad_norm': '0.001505', 'learning_rate': '6.568e-05', 'epoch': '1.874'}
[1A
[1A 62%|██████▏   | 650/1041 [2:36:08<1:32:04, 14.13s/it]
[1A 63%|██████▎   | 651/1041 [2:36:23<1:33:20, 14.36s/it]
[1A                                                      
{'loss': '1.983e-05', 'grad_norm': '0.0003775', 'learning_rate': '6.539e-05', 'epoch': '1.877'}
[1A
[1A 63%|██████▎   | 651/1041 [2:36:23<1:33:20, 14.36s/it]
[1A 63%|██████▎   | 652/1041 [2:36:37<1:32:27, 14.26s/it]
[1A                                                      
{'loss': '0.0002123', 'grad_norm': '0.009492', 'learning_rate': '6.51e-05', 'epoch': '1.88'}
[1A
[1A 63%|██████▎   | 652/1041 [2:36:37<1:32:27, 14.26s/it]
[1A 63%|██████▎   | 653/1041 [2:36:52<1:34:06, 14.55s/it]
[1A                                                      
{'loss': '9.713e-06', 'grad_norm': '0.0001169', 'learning_rate': '6.481e-05', 'epoch': '1.883'}
[1A
[1A 63%|██████▎   | 653/1041 [2:36:52<1:34:06, 14.55s/it]
[1A 63%|██████▎   | 654/1041 [2:37:06<1:33:28, 14.49s/it]
[1A                                                      
{'loss': '1.387e-05', 'grad_norm': '0.0006587', 'learning_rate': '6.452e-05', 'epoch': '1.886'}
[1A
[1A 63%|██████▎   | 654/1041 [2:37:06<1:33:28, 14.49s/it]
[1A 63%|██████▎   | 655/1041 [2:37:20<1:32:53, 14.44s/it]
[1A                                                      
{'loss': '1.023e-05', 'grad_norm': '0.0001886', 'learning_rate': '6.423e-05', 'epoch': '1.889'}
[1A
[1A 63%|██████▎   | 655/1041 [2:37:20<1:32:53, 14.44s/it]
[1A 63%|██████▎   | 656/1041 [2:37:34<1:31:50, 14.31s/it]
[1A                                                      
{'loss': '2.721e-06', 'grad_norm': '5.642e-05', 'learning_rate': '6.394e-05', 'epoch': '1.892'}
[1A
[1A 63%|██████▎   | 656/1041 [2:37:34<1:31:50, 14.31s/it]
[1A 63%|██████▎   | 657/1041 [2:37:49<1:32:55, 14.52s/it]
[1A                                                      
{'loss': '4.702e-05', 'grad_norm': '0.002705', 'learning_rate': '6.365e-05', 'epoch': '1.895'}
[1A
[1A 63%|██████▎   | 657/1041 [2:37:49<1:32:55, 14.52s/it]
[1A 63%|██████▎   | 658/1041 [2:38:04<1:32:53, 14.55s/it]
[1A                                                      
{'loss': '7.037e-06', 'grad_norm': '0.0001489', 'learning_rate': '6.336e-05', 'epoch': '1.898'}
[1A
[1A 63%|██████▎   | 658/1041 [2:38:04<1:32:53, 14.55s/it]
[1A 63%|██████▎   | 659/1041 [2:38:19<1:32:42, 14.56s/it]
[1A                                                      
{'loss': '5.805e-05', 'grad_norm': '0.006818', 'learning_rate': '6.307e-05', 'epoch': '1.9'}
[1A
[1A 63%|██████▎   | 659/1041 [2:38:19<1:32:42, 14.56s/it]
[1A 63%|██████▎   | 660/1041 [2:38:34<1:33:33, 14.73s/it]
[1A                                                      
{'loss': '0.0001995', 'grad_norm': '0.01206', 'learning_rate': '6.278e-05', 'epoch': '1.903'}
[1A
[1A 63%|██████▎   | 660/1041 [2:38:34<1:33:33, 14.73s/it]
[1A 63%|██████▎   | 661/1041 [2:38:48<1:32:26, 14.60s/it]
[1A                                                      
{'loss': '7.124e-06', 'grad_norm': '0.0001515', 'learning_rate': '6.249e-05', 'epoch': '1.906'}
[1A
[1A 63%|██████▎   | 661/1041 [2:38:48<1:32:26, 14.60s/it]
[1A 64%|██████▎   | 662/1041 [2:39:03<1:32:38, 14.67s/it]
[1A                                                      
{'loss': '2.66e-05', 'grad_norm': '0.0007446', 'learning_rate': '6.22e-05', 'epoch': '1.909'}
[1A
[1A 64%|██████▎   | 662/1041 [2:39:03<1:32:38, 14.67s/it]
[1A 64%|██████▎   | 663/1041 [2:39:17<1:31:26, 14.51s/it]
[1A                                                      
{'loss': '1.36e-05', 'grad_norm': '0.0002225', 'learning_rate': '6.191e-05', 'epoch': '1.912'}
[1A
[1A 64%|██████▎   | 663/1041 [2:39:17<1:31:26, 14.51s/it]
[1A 64%|██████▍   | 664/1041 [2:39:31<1:30:39, 14.43s/it]
[1A                                                      
{'loss': '6.22e-05', 'grad_norm': '0.001507', 'learning_rate': '6.162e-05', 'epoch': '1.915'}
[1A
[1A 64%|██████▍   | 664/1041 [2:39:31<1:30:39, 14.43s/it]
[1A 64%|██████▍   | 665/1041 [2:39:46<1:31:15, 14.56s/it]
[1A                                                      
{'loss': '8.785e-06', 'grad_norm': '0.0005558', 'learning_rate': '6.134e-05', 'epoch': '1.918'}
[1A
[1A 64%|██████▍   | 665/1041 [2:39:46<1:31:15, 14.56s/it]
[1A 64%|██████▍   | 666/1041 [2:40:01<1:30:59, 14.56s/it]
[1A                                                      
{'loss': '3.234e-06', 'grad_norm': '5.678e-05', 'learning_rate': '6.105e-05', 'epoch': '1.921'}
[1A
[1A 64%|██████▍   | 666/1041 [2:40:01<1:30:59, 14.56s/it]
[1A 64%|██████▍   | 667/1041 [2:40:15<1:31:01, 14.60s/it]
[1A                                                      
{'loss': '8.19e-06', 'grad_norm': '0.0001029', 'learning_rate': '6.076e-05', 'epoch': '1.924'}
[1A
[1A 64%|██████▍   | 667/1041 [2:40:15<1:31:01, 14.60s/it]
[1A 64%|██████▍   | 668/1041 [2:40:29<1:29:20, 14.37s/it]
[1A                                                      
{'loss': '0.0002241', 'grad_norm': '0.02004', 'learning_rate': '6.048e-05', 'epoch': '1.926'}
[1A
[1A 64%|██████▍   | 668/1041 [2:40:29<1:29:20, 14.37s/it]
[1A 64%|██████▍   | 669/1041 [2:40:44<1:30:14, 14.55s/it]
[1A                                                      
{'loss': '7.257e-06', 'grad_norm': '0.0001875', 'learning_rate': '6.019e-05', 'epoch': '1.929'}
[1A
[1A 64%|██████▍   | 669/1041 [2:40:44<1:30:14, 14.55s/it]
[1A 64%|██████▍   | 670/1041 [2:40:59<1:29:36, 14.49s/it]
[1A                                                      
{'loss': '8.228e-06', 'grad_norm': '0.0002453', 'learning_rate': '5.991e-05', 'epoch': '1.932'}
[1A
[1A 64%|██████▍   | 670/1041 [2:40:59<1:29:36, 14.49s/it]
[1A 64%|██████▍   | 671/1041 [2:41:13<1:28:17, 14.32s/it]
[1A                                                      
{'loss': '0.00016', 'grad_norm': '0.003529', 'learning_rate': '5.962e-05', 'epoch': '1.935'}
[1A
[1A 64%|██████▍   | 671/1041 [2:41:13<1:28:17, 14.32s/it]
[1A 65%|██████▍   | 672/1041 [2:41:27<1:27:50, 14.28s/it]
[1A                                                      
{'loss': '3.265e-06', 'grad_norm': '4.986e-05', 'learning_rate': '5.934e-05', 'epoch': '1.938'}
[1A
[1A 65%|██████▍   | 672/1041 [2:41:27<1:27:50, 14.28s/it]
[1A 65%|██████▍   | 673/1041 [2:41:41<1:28:20, 14.40s/it]
[1A                                                      
{'loss': '6.317e-05', 'grad_norm': '0.001876', 'learning_rate': '5.905e-05', 'epoch': '1.941'}
[1A
[1A 65%|██████▍   | 673/1041 [2:41:41<1:28:20, 14.40s/it]
[1A 65%|██████▍   | 674/1041 [2:41:56<1:27:49, 14.36s/it]
[1A                                                      
{'loss': '7.334e-06', 'grad_norm': '0.0001543', 'learning_rate': '5.877e-05', 'epoch': '1.944'}
[1A
[1A 65%|██████▍   | 674/1041 [2:41:56<1:27:49, 14.36s/it]
[1A 65%|██████▍   | 675/1041 [2:42:10<1:26:56, 14.25s/it]
[1A                                                      
{'loss': '9.094e-05', 'grad_norm': '0.003593', 'learning_rate': '5.848e-05', 'epoch': '1.947'}
[1A
[1A 65%|██████▍   | 675/1041 [2:42:10<1:26:56, 14.25s/it]
[1A 65%|██████▍   | 676/1041 [2:42:25<1:28:01, 14.47s/it]
[1A                                                      
{'loss': '4.429e-05', 'grad_norm': '0.001213', 'learning_rate': '5.82e-05', 'epoch': '1.949'}
[1A
[1A 65%|██████▍   | 676/1041 [2:42:25<1:28:01, 14.47s/it]
[1A 65%|██████▌   | 677/1041 [2:42:39<1:27:09, 14.37s/it]
[1A                                                      
{'loss': '7.94e-05', 'grad_norm': '0.01079', 'learning_rate': '5.792e-05', 'epoch': '1.952'}
[1A
[1A 65%|██████▌   | 677/1041 [2:42:39<1:27:09, 14.37s/it]
[1A 65%|██████▌   | 678/1041 [2:42:53<1:26:26, 14.29s/it]
[1A                                                      
{'loss': '0.0001283', 'grad_norm': '0.005726', 'learning_rate': '5.764e-05', 'epoch': '1.955'}
[1A
[1A 65%|██████▌   | 678/1041 [2:42:53<1:26:26, 14.29s/it]
[1A 65%|██████▌   | 679/1041 [2:43:07<1:26:22, 14.32s/it]
[1A                                                      
{'loss': '0.0001098', 'grad_norm': '0.01753', 'learning_rate': '5.735e-05', 'epoch': '1.958'}
[1A
[1A 65%|██████▌   | 679/1041 [2:43:07<1:26:22, 14.32s/it]
[1A 65%|██████▌   | 680/1041 [2:43:21<1:25:28, 14.21s/it]
[1A                                                      
{'loss': '4.85e-06', 'grad_norm': '0.0001247', 'learning_rate': '5.707e-05', 'epoch': '1.961'}
[1A
[1A 65%|██████▌   | 680/1041 [2:43:21<1:25:28, 14.21s/it]
[1A 65%|██████▌   | 681/1041 [2:43:35<1:24:56, 14.16s/it]
[1A                                                      
{'loss': '1.056e-05', 'grad_norm': '0.0002183', 'learning_rate': '5.679e-05', 'epoch': '1.964'}
[1A
[1A 65%|██████▌   | 681/1041 [2:43:35<1:24:56, 14.16s/it]
[1A 66%|██████▌   | 682/1041 [2:43:50<1:26:04, 14.39s/it]
[1A                                                      
{'loss': '1.996e-05', 'grad_norm': '0.0006789', 'learning_rate': '5.651e-05', 'epoch': '1.967'}
[1A
[1A 66%|██████▌   | 682/1041 [2:43:50<1:26:04, 14.39s/it]
[1A 66%|██████▌   | 683/1041 [2:44:04<1:25:43, 14.37s/it]
[1A                                                      
{'loss': '4.137e-05', 'grad_norm': '0.001445', 'learning_rate': '5.623e-05', 'epoch': '1.97'}
[1A
[1A 66%|██████▌   | 683/1041 [2:44:04<1:25:43, 14.37s/it]
[1A 66%|██████▌   | 684/1041 [2:44:19<1:25:01, 14.29s/it]
[1A                                                      
{'loss': '4.813e-06', 'grad_norm': '0.0001116', 'learning_rate': '5.595e-05', 'epoch': '1.973'}
[1A
[1A 66%|██████▌   | 684/1041 [2:44:19<1:25:01, 14.29s/it]
[1A 66%|██████▌   | 685/1041 [2:44:33<1:25:06, 14.34s/it]
[1A                                                      
{'loss': '3.102e-05', 'grad_norm': '0.0009408', 'learning_rate': '5.567e-05', 'epoch': '1.975'}
[1A
[1A 66%|██████▌   | 685/1041 [2:44:33<1:25:06, 14.34s/it]
[1A 66%|██████▌   | 686/1041 [2:44:47<1:24:02, 14.20s/it]
[1A                                                      
{'loss': '4.991e-06', 'grad_norm': '0.0001227', 'learning_rate': '5.539e-05', 'epoch': '1.978'}
[1A
[1A 66%|██████▌   | 686/1041 [2:44:47<1:24:02, 14.20s/it]
[1A 66%|██████▌   | 687/1041 [2:45:01<1:23:10, 14.10s/it]
[1A                                                      
{'loss': '2.711e-05', 'grad_norm': '0.0009265', 'learning_rate': '5.511e-05', 'epoch': '1.981'}
[1A
[1A 66%|██████▌   | 687/1041 [2:45:01<1:23:10, 14.10s/it]
[1A 66%|██████▌   | 688/1041 [2:45:15<1:23:07, 14.13s/it]
[1A                                                      
{'loss': '2.484e-05', 'grad_norm': '0.001663', 'learning_rate': '5.484e-05', 'epoch': '1.984'}
[1A
[1A 66%|██████▌   | 688/1041 [2:45:15<1:23:07, 14.13s/it]
[1A 66%|██████▌   | 689/1041 [2:45:30<1:23:44, 14.28s/it]
[1A                                                      
{'loss': '2.74e-05', 'grad_norm': '0.000667', 'learning_rate': '5.456e-05', 'epoch': '1.987'}
[1A
[1A 66%|██████▌   | 689/1041 [2:45:30<1:23:44, 14.28s/it]
[1A 66%|██████▋   | 690/1041 [2:45:45<1:24:46, 14.49s/it]
[1A                                                      
{'loss': '2.748e-06', 'grad_norm': '3.597e-05', 'learning_rate': '5.428e-05', 'epoch': '1.99'}
[1A
[1A 66%|██████▋   | 690/1041 [2:45:45<1:24:46, 14.49s/it]
[1A 66%|██████▋   | 691/1041 [2:45:58<1:22:55, 14.21s/it]
[1A                                                      
{'loss': '1.89e-06', 'grad_norm': '2.86e-05', 'learning_rate': '5.401e-05', 'epoch': '1.993'}
[1A
[1A 66%|██████▋   | 691/1041 [2:45:58<1:22:55, 14.21s/it]
[1A 66%|██████▋   | 692/1041 [2:46:13<1:23:26, 14.35s/it]
[1A                                                      
{'loss': '8.242e-06', 'grad_norm': '0.000167', 'learning_rate': '5.373e-05', 'epoch': '1.996'}
[1A
[1A 66%|██████▋   | 692/1041 [2:46:13<1:23:26, 14.35s/it]
[1A 67%|██████▋   | 693/1041 [2:46:27<1:23:15, 14.36s/it]
[1A                                                      
{'loss': '0.0003012', 'grad_norm': '0.03177', 'learning_rate': '5.345e-05', 'epoch': '1.999'}
[1A
[1A 67%|██████▋   | 693/1041 [2:46:27<1:23:15, 14.36s/it]
[1A 67%|██████▋   | 694/1041 [2:46:34<1:10:05, 12.12s/it]
[1A                                                      
{'loss': '2.009e-06', 'grad_norm': '2.671e-05', 'learning_rate': '5.318e-05', 'epoch': '2'}
[1A
[1A 67%|██████▋   | 694/1041 [2:46:34<1:10:05, 12.12s/it]
[1A 67%|██████▋   | 695/1041 [2:46:49<1:13:49, 12.80s/it]
[1A                                                      
{'loss': '4.063e-06', 'grad_norm': '0.0002503', 'learning_rate': '5.29e-05', 'epoch': '2.003'}
[1A
[1A 67%|██████▋   | 695/1041 [2:46:49<1:13:49, 12.80s/it]
[1A 67%|██████▋   | 696/1041 [2:47:03<1:16:27, 13.30s/it]
[1A                                                      
{'loss': '1.773e-05', 'grad_norm': '0.0004217', 'learning_rate': '5.263e-05', 'epoch': '2.006'}
[1A
[1A 67%|██████▋   | 696/1041 [2:47:03<1:16:27, 13.30s/it]
[1A 67%|██████▋   | 697/1041 [2:47:17<1:18:04, 13.62s/it]
[1A                                                      
{'loss': '1.437e-05', 'grad_norm': '0.0004367', 'learning_rate': '5.235e-05', 'epoch': '2.009'}
[1A
[1A 67%|██████▋   | 697/1041 [2:47:17<1:18:04, 13.62s/it]
[1A 67%|██████▋   | 698/1041 [2:47:32<1:19:24, 13.89s/it]
[1A                                                      
{'loss': '8.895e-05', 'grad_norm': '0.002769', 'learning_rate': '5.208e-05', 'epoch': '2.012'}
[1A
[1A 67%|██████▋   | 698/1041 [2:47:32<1:19:24, 13.89s/it]
[1A 67%|██████▋   | 699/1041 [2:47:46<1:20:01, 14.04s/it]
[1A                                                      
{'loss': '4.917e-05', 'grad_norm': '0.001357', 'learning_rate': '5.181e-05', 'epoch': '2.014'}
[1A
[1A 67%|██████▋   | 699/1041 [2:47:46<1:20:01, 14.04s/it]
[1A 67%|██████▋   | 700/1041 [2:48:14<1:42:57, 18.12s/it]
[1A                                                      
{'loss': '4.01e-06', 'grad_norm': '0.0001174', 'learning_rate': '5.154e-05', 'epoch': '2.017'}
[1A
[1A 67%|██████▋   | 700/1041 [2:48:14<1:42:57, 18.12s/it]
[1A 67%|██████▋   | 701/1041 [2:48:29<1:38:04, 17.31s/it]
[1A                                                      
{'loss': '6.589e-06', 'grad_norm': '8.115e-05', 'learning_rate': '5.126e-05', 'epoch': '2.02'}
[1A
[1A 67%|██████▋   | 701/1041 [2:48:29<1:38:04, 17.31s/it]
[1A 67%|██████▋   | 702/1041 [2:48:43<1:31:45, 16.24s/it]
[1A                                                      
{'loss': '6.325e-06', 'grad_norm': '0.0001155', 'learning_rate': '5.099e-05', 'epoch': '2.023'}
[1A
[1A 67%|██████▋   | 702/1041 [2:48:43<1:31:45, 16.24s/it]
[1A 68%|██████▊   | 703/1041 [2:48:58<1:28:40, 15.74s/it]
[1A                                                      
{'loss': '5.667e-06', 'grad_norm': '7.254e-05', 'learning_rate': '5.072e-05', 'epoch': '2.026'}
[1A
[1A 68%|██████▊   | 703/1041 [2:48:58<1:28:40, 15.74s/it]
[1A 68%|██████▊   | 704/1041 [2:49:12<1:26:48, 15.45s/it]
[1A                                                      
{'loss': '6.494e-06', 'grad_norm': '0.0001221', 'learning_rate': '5.045e-05', 'epoch': '2.029'}
[1A
[1A 68%|██████▊   | 704/1041 [2:49:12<1:26:48, 15.45s/it]
[1A 68%|██████▊   | 705/1041 [2:49:27<1:24:47, 15.14s/it]
[1A                                                      
{'loss': '3.815e-06', 'grad_norm': '8.722e-05', 'learning_rate': '5.018e-05', 'epoch': '2.032'}
[1A
[1A 68%|██████▊   | 705/1041 [2:49:27<1:24:47, 15.14s/it]
[1A 68%|██████▊   | 706/1041 [2:49:41<1:23:01, 14.87s/it]
[1A                                                      
{'loss': '3.633e-06', 'grad_norm': '4.985e-05', 'learning_rate': '4.991e-05', 'epoch': '2.035'}
[1A
[1A 68%|██████▊   | 706/1041 [2:49:41<1:23:01, 14.87s/it]
[1A 68%|██████▊   | 707/1041 [2:49:55<1:20:41, 14.50s/it]
[1A                                                      
{'loss': '3.855e-06', 'grad_norm': '5.201e-05', 'learning_rate': '4.964e-05', 'epoch': '2.038'}
[1A
[1A 68%|██████▊   | 707/1041 [2:49:55<1:20:41, 14.50s/it]
[1A 68%|██████▊   | 708/1041 [2:50:10<1:21:42, 14.72s/it]
[1A                                                      
{'loss': '9.598e-06', 'grad_norm': '0.0002399', 'learning_rate': '4.937e-05', 'epoch': '2.04'}
[1A
[1A 68%|██████▊   | 708/1041 [2:50:10<1:21:42, 14.72s/it]
[1A 68%|██████▊   | 709/1041 [2:50:24<1:20:29, 14.55s/it]
[1A                                                      
{'loss': '3.045e-06', 'grad_norm': '4.013e-05', 'learning_rate': '4.91e-05', 'epoch': '2.043'}
[1A
[1A 68%|██████▊   | 709/1041 [2:50:24<1:20:29, 14.55s/it]
[1A 68%|██████▊   | 710/1041 [2:50:38<1:19:12, 14.36s/it]                                                      
{'loss': '4.615e-06', 'grad_norm': '0.0005223', 'learning_rate': '4.884e-05', 'epoch': '2.046'}
[1A
[1A 68%|██████▊   | 710/1041 [2:50:38<1:19:12, 14.36s/it]
[1A 68%|██████▊   | 711/1041 [2:50:52<1:18:32, 14.28s/it]
[1A                                                      
{'loss': '8.822e-06', 'grad_norm': '0.0001503', 'learning_rate': '4.857e-05', 'epoch': '2.049'}
[1A
[1A 68%|██████▊   | 711/1041 [2:50:52<1:18:32, 14.28s/it]
[1A 68%|██████▊   | 712/1041 [2:51:07<1:19:32, 14.51s/it]
[1A                                                      
{'loss': '8.24e-06', 'grad_norm': '0.000132', 'learning_rate': '4.83e-05', 'epoch': '2.052'}
[1A
[1A 68%|██████▊   | 712/1041 [2:51:07<1:19:32, 14.51s/it]
[1A 68%|██████▊   | 713/1041 [2:51:22<1:19:58, 14.63s/it]
[1A                                                      
{'loss': '8.065e-05', 'grad_norm': '0.006595', 'learning_rate': '4.804e-05', 'epoch': '2.055'}
[1A
[1A 68%|██████▊   | 713/1041 [2:51:22<1:19:58, 14.63s/it]
[1A 69%|██████▊   | 714/1041 [2:51:37<1:19:56, 14.67s/it]
[1A                                                      
{'loss': '0.0001598', 'grad_norm': '0.008549', 'learning_rate': '4.777e-05', 'epoch': '2.058'}
[1A
[1A 69%|██████▊   | 714/1041 [2:51:37<1:19:56, 14.67s/it]
[1A 69%|██████▊   | 715/1041 [2:51:51<1:19:03, 14.55s/it]
[1A                                                      
{'loss': '1.698e-05', 'grad_norm': '0.0004081', 'learning_rate': '4.75e-05', 'epoch': '2.061'}
[1A
[1A 69%|██████▊   | 715/1041 [2:51:51<1:19:03, 14.55s/it]
[1A 69%|██████▉   | 716/1041 [2:52:06<1:18:39, 14.52s/it]
[1A                                                      
{'loss': '5.708e-05', 'grad_norm': '0.002257', 'learning_rate': '4.724e-05', 'epoch': '2.063'}
[1A
[1A 69%|██████▉   | 716/1041 [2:52:06<1:18:39, 14.52s/it]
[1A 69%|██████▉   | 717/1041 [2:52:20<1:18:33, 14.55s/it]
[1A                                                      
{'loss': '9.89e-06', 'grad_norm': '0.0002797', 'learning_rate': '4.698e-05', 'epoch': '2.066'}
[1A
[1A 69%|██████▉   | 717/1041 [2:52:20<1:18:33, 14.55s/it]
[1A 69%|██████▉   | 718/1041 [2:52:35<1:18:07, 14.51s/it]
[1A                                                      
{'loss': '7.043e-06', 'grad_norm': '0.0001681', 'learning_rate': '4.671e-05', 'epoch': '2.069'}
[1A
[1A 69%|██████▉   | 718/1041 [2:52:35<1:18:07, 14.51s/it]
[1A 69%|██████▉   | 719/1041 [2:52:49<1:17:52, 14.51s/it]
[1A                                                      
{'loss': '1.258e-05', 'grad_norm': '0.0002068', 'learning_rate': '4.645e-05', 'epoch': '2.072'}
[1A
[1A 69%|██████▉   | 719/1041 [2:52:49<1:17:52, 14.51s/it]
[1A 69%|██████▉   | 720/1041 [2:53:03<1:16:57, 14.38s/it]
[1A                                                      
{'loss': '1.033e-05', 'grad_norm': '0.0004216', 'learning_rate': '4.619e-05', 'epoch': '2.075'}
[1A
[1A 69%|██████▉   | 720/1041 [2:53:03<1:16:57, 14.38s/it]
[1A 69%|██████▉   | 721/1041 [2:53:17<1:16:14, 14.30s/it]
[1A                                                      
{'loss': '4.476e-06', 'grad_norm': '7.491e-05', 'learning_rate': '4.592e-05', 'epoch': '2.078'}
[1A
[1A 69%|██████▉   | 721/1041 [2:53:17<1:16:14, 14.30s/it]
[1A 69%|██████▉   | 722/1041 [2:53:32<1:16:37, 14.41s/it]
[1A                                                      
{'loss': '7.675e-06', 'grad_norm': '0.0001122', 'learning_rate': '4.566e-05', 'epoch': '2.081'}
[1A
[1A 69%|██████▉   | 722/1041 [2:53:32<1:16:37, 14.41s/it]
[1A 69%|██████▉   | 723/1041 [2:53:45<1:14:57, 14.14s/it]
[1A                                                      
{'loss': '1.735e-06', 'grad_norm': '2.049e-05', 'learning_rate': '4.54e-05', 'epoch': '2.084'}
[1A
[1A 69%|██████▉   | 723/1041 [2:53:45<1:14:57, 14.14s/it]
[1A 70%|██████▉   | 724/1041 [2:54:00<1:15:56, 14.37s/it]
[1A                                                      
{'loss': '0.0001028', 'grad_norm': '0.004164', 'learning_rate': '4.514e-05', 'epoch': '2.087'}
[1A
[1A 70%|██████▉   | 724/1041 [2:54:00<1:15:56, 14.37s/it]
[1A 70%|██████▉   | 725/1041 [2:54:14<1:14:54, 14.22s/it]
[1A                                                      
{'loss': '2.227e-06', 'grad_norm': '2.667e-05', 'learning_rate': '4.488e-05', 'epoch': '2.089'}
[1A
[1A 70%|██████▉   | 725/1041 [2:54:14<1:14:54, 14.22s/it]
[1A 70%|██████▉   | 726/1041 [2:54:29<1:14:51, 14.26s/it]
[1A                                                      
{'loss': '3.175e-05', 'grad_norm': '0.002246', 'learning_rate': '4.462e-05', 'epoch': '2.092'}
[1A
[1A 70%|██████▉   | 726/1041 [2:54:29<1:14:51, 14.26s/it]
[1A 70%|██████▉   | 727/1041 [2:54:43<1:14:31, 14.24s/it]
[1A                                                      
{'loss': '0.0002039', 'grad_norm': '0.01005', 'learning_rate': '4.436e-05', 'epoch': '2.095'}
[1A
[1A 70%|██████▉   | 727/1041 [2:54:43<1:14:31, 14.24s/it]
[1A 70%|██████▉   | 728/1041 [2:54:56<1:13:14, 14.04s/it]
[1A                                                      
{'loss': '8.248e-06', 'grad_norm': '9.276e-05', 'learning_rate': '4.41e-05', 'epoch': '2.098'}
[1A
[1A 70%|██████▉   | 728/1041 [2:54:56<1:13:14, 14.04s/it]
[1A 70%|███████   | 729/1041 [2:55:11<1:13:26, 14.12s/it]
[1A                                                      
{'loss': '4.521e-06', 'grad_norm': '6.779e-05', 'learning_rate': '4.385e-05', 'epoch': '2.101'}
[1A
[1A 70%|███████   | 729/1041 [2:55:11<1:13:26, 14.12s/it]
[1A 70%|███████   | 730/1041 [2:55:25<1:12:49, 14.05s/it]
[1A                                                      
{'loss': '7.817e-06', 'grad_norm': '0.0002093', 'learning_rate': '4.359e-05', 'epoch': '2.104'}
[1A
[1A 70%|███████   | 730/1041 [2:55:25<1:12:49, 14.05s/it]
[1A 70%|███████   | 731/1041 [2:55:39<1:13:05, 14.15s/it]
[1A                                                      
{'loss': '9.679e-06', 'grad_norm': '0.000414', 'learning_rate': '4.333e-05', 'epoch': '2.107'}
[1A
[1A 70%|███████   | 731/1041 [2:55:39<1:13:05, 14.15s/it]
[1A 70%|███████   | 732/1041 [2:55:53<1:12:50, 14.14s/it]
[1A                                                      
{'loss': '3.883e-05', 'grad_norm': '0.0009957', 'learning_rate': '4.308e-05', 'epoch': '2.11'}
[1A
[1A 70%|███████   | 732/1041 [2:55:53<1:12:50, 14.14s/it]
[1A 70%|███████   | 733/1041 [2:56:08<1:13:09, 14.25s/it]
[1A                                                      
{'loss': '1.066e-05', 'grad_norm': '0.0004542', 'learning_rate': '4.282e-05', 'epoch': '2.113'}
[1A
[1A 70%|███████   | 733/1041 [2:56:08<1:13:09, 14.25s/it]
[1A 71%|███████   | 734/1041 [2:56:23<1:14:06, 14.48s/it]
[1A                                                      
{'loss': '0.000315', 'grad_norm': '0.01939', 'learning_rate': '4.256e-05', 'epoch': '2.115'}
[1A
[1A 71%|███████   | 734/1041 [2:56:23<1:14:06, 14.48s/it]
[1A 71%|███████   | 735/1041 [2:56:37<1:13:01, 14.32s/it]
[1A                                                      
{'loss': '6.416e-06', 'grad_norm': '0.000129', 'learning_rate': '4.231e-05', 'epoch': '2.118'}
[1A
[1A 71%|███████   | 735/1041 [2:56:37<1:13:01, 14.32s/it]
[1A 71%|███████   | 736/1041 [2:56:51<1:13:03, 14.37s/it]
[1A                                                      
{'loss': '4.448e-06', 'grad_norm': '5.903e-05', 'learning_rate': '4.206e-05', 'epoch': '2.121'}
[1A
[1A 71%|███████   | 736/1041 [2:56:51<1:13:03, 14.37s/it]
[1A 71%|███████   | 737/1041 [2:57:05<1:12:27, 14.30s/it]
[1A                                                      
{'loss': '2.224e-05', 'grad_norm': '0.000512', 'learning_rate': '4.18e-05', 'epoch': '2.124'}
[1A
[1A 71%|███████   | 737/1041 [2:57:05<1:12:27, 14.30s/it]
[1A 71%|███████   | 738/1041 [2:57:20<1:13:06, 14.48s/it]
[1A                                                      
{'loss': '1.048e-05', 'grad_norm': '0.0003764', 'learning_rate': '4.155e-05', 'epoch': '2.127'}
[1A
[1A 71%|███████   | 738/1041 [2:57:20<1:13:06, 14.48s/it]
[1A 71%|███████   | 739/1041 [2:57:34<1:12:51, 14.47s/it]
[1A                                                      
{'loss': '8.746e-06', 'grad_norm': '0.0001619', 'learning_rate': '4.13e-05', 'epoch': '2.13'}
[1A
[1A 71%|███████   | 739/1041 [2:57:34<1:12:51, 14.47s/it]
[1A 71%|███████   | 740/1041 [2:57:49<1:12:37, 14.48s/it]
[1A                                                      
{'loss': '6.431e-06', 'grad_norm': '9.67e-05', 'learning_rate': '4.105e-05', 'epoch': '2.133'}
[1A
[1A 71%|███████   | 740/1041 [2:57:49<1:12:37, 14.48s/it]
[1A 71%|███████   | 741/1041 [2:58:03<1:12:24, 14.48s/it]
[1A                                                      
{'loss': '3.14e-06', 'grad_norm': '3.355e-05', 'learning_rate': '4.079e-05', 'epoch': '2.136'}
[1A
[1A 71%|███████   | 741/1041 [2:58:03<1:12:24, 14.48s/it]
[1A 71%|███████▏  | 742/1041 [2:58:18<1:12:08, 14.48s/it]
[1A                                                      
{'loss': '3.917e-06', 'grad_norm': '6.148e-05', 'learning_rate': '4.054e-05', 'epoch': '2.139'}
[1A
[1A 71%|███████▏  | 742/1041 [2:58:18<1:12:08, 14.48s/it]
[1A 71%|███████▏  | 743/1041 [2:58:33<1:12:12, 14.54s/it]
[1A                                                      
{'loss': '4.238e-06', 'grad_norm': '9.256e-05', 'learning_rate': '4.029e-05', 'epoch': '2.141'}
[1A
[1A 71%|███████▏  | 743/1041 [2:58:33<1:12:12, 14.54s/it]
[1A 71%|███████▏  | 744/1041 [2:58:47<1:11:55, 14.53s/it]
[1A                                                      
{'loss': '8.449e-06', 'grad_norm': '0.000133', 'learning_rate': '4.004e-05', 'epoch': '2.144'}
[1A
[1A 71%|███████▏  | 744/1041 [2:58:47<1:11:55, 14.53s/it]
[1A 72%|███████▏  | 745/1041 [2:59:02<1:12:32, 14.71s/it]
[1A                                                      
{'loss': '2.761e-05', 'grad_norm': '0.0006121', 'learning_rate': '3.98e-05', 'epoch': '2.147'}
[1A
[1A 72%|███████▏  | 745/1041 [2:59:02<1:12:32, 14.71s/it]
[1A 72%|███████▏  | 746/1041 [2:59:17<1:11:44, 14.59s/it]
[1A                                                      
{'loss': '4.845e-05', 'grad_norm': '0.002355', 'learning_rate': '3.955e-05', 'epoch': '2.15'}
[1A
[1A 72%|███████▏  | 746/1041 [2:59:17<1:11:44, 14.59s/it]
[1A 72%|███████▏  | 747/1041 [2:59:32<1:12:24, 14.78s/it]
[1A                                                      
{'loss': '3.242e-05', 'grad_norm': '0.0005746', 'learning_rate': '3.93e-05', 'epoch': '2.153'}
[1A
[1A 72%|███████▏  | 747/1041 [2:59:32<1:12:24, 14.78s/it]
[1A 72%|███████▏  | 748/1041 [2:59:45<1:09:42, 14.27s/it]
[1A                                                      
{'loss': '1.788e-06', 'grad_norm': '2.104e-05', 'learning_rate': '3.905e-05', 'epoch': '2.156'}
[1A
[1A 72%|███████▏  | 748/1041 [2:59:45<1:09:42, 14.27s/it]
[1A 72%|███████▏  | 749/1041 [2:59:59<1:09:31, 14.28s/it]
[1A                                                      
{'loss': '3.378e-06', 'grad_norm': '4.644e-05', 'learning_rate': '3.881e-05', 'epoch': '2.159'}
[1A
[1A 72%|███████▏  | 749/1041 [2:59:59<1:09:31, 14.28s/it]
[1A 72%|███████▏  | 750/1041 [3:00:14<1:09:23, 14.31s/it]
[1A                                                      
{'loss': '8.814e-06', 'grad_norm': '0.0002587', 'learning_rate': '3.856e-05', 'epoch': '2.162'}
[1A
[1A 72%|███████▏  | 750/1041 [3:00:14<1:09:23, 14.31s/it]
[1A 72%|███████▏  | 751/1041 [3:00:28<1:08:48, 14.23s/it]
[1A                                                      
{'loss': '3.497e-06', 'grad_norm': '4.394e-05', 'learning_rate': '3.831e-05', 'epoch': '2.165'}
[1A
[1A 72%|███████▏  | 751/1041 [3:00:28<1:08:48, 14.23s/it]
[1A 72%|███████▏  | 752/1041 [3:00:42<1:09:10, 14.36s/it]
[1A                                                      
{'loss': '9.341e-06', 'grad_norm': '0.0001531', 'learning_rate': '3.807e-05', 'epoch': '2.167'}
[1A
[1A 72%|███████▏  | 752/1041 [3:00:42<1:09:10, 14.36s/it]
[1A 72%|███████▏  | 753/1041 [3:00:56<1:08:43, 14.32s/it]
[1A                                                      
{'loss': '7.912e-06', 'grad_norm': '0.0002237', 'learning_rate': '3.783e-05', 'epoch': '2.17'}
[1A
[1A 72%|███████▏  | 753/1041 [3:00:56<1:08:43, 14.32s/it]
[1A 72%|███████▏  | 754/1041 [3:01:10<1:07:58, 14.21s/it]
[1A                                                      
{'loss': '6.244e-06', 'grad_norm': '8.858e-05', 'learning_rate': '3.758e-05', 'epoch': '2.173'}
[1A
[1A 72%|███████▏  | 754/1041 [3:01:10<1:07:58, 14.21s/it]
[1A 73%|███████▎  | 755/1041 [3:01:24<1:07:26, 14.15s/it]
[1A                                                      
{'loss': '1.846e-05', 'grad_norm': '0.0003571', 'learning_rate': '3.734e-05', 'epoch': '2.176'}
[1A
[1A 73%|███████▎  | 755/1041 [3:01:24<1:07:26, 14.15s/it]
[1A 73%|███████▎  | 756/1041 [3:01:38<1:06:43, 14.05s/it]
[1A                                                      
{'loss': '4.136e-06', 'grad_norm': '6.077e-05', 'learning_rate': '3.71e-05', 'epoch': '2.179'}
[1A
[1A 73%|███████▎  | 756/1041 [3:01:38<1:06:43, 14.05s/it]
[1A 73%|███████▎  | 757/1041 [3:01:53<1:07:35, 14.28s/it]                                                      
{'loss': '2.162e-05', 'grad_norm': '0.0004887', 'learning_rate': '3.685e-05', 'epoch': '2.182'}
[1A
[1A 73%|███████▎  | 757/1041 [3:01:53<1:07:35, 14.28s/it]
[1A 73%|███████▎  | 758/1041 [3:02:08<1:07:52, 14.39s/it]
[1A                                                      
{'loss': '5.563e-06', 'grad_norm': '0.0001481', 'learning_rate': '3.661e-05', 'epoch': '2.185'}
[1A
[1A 73%|███████▎  | 758/1041 [3:02:08<1:07:52, 14.39s/it]
[1A 73%|███████▎  | 759/1041 [3:02:22<1:07:16, 14.32s/it]
[1A                                                      
{'loss': '1.101e-05', 'grad_norm': '0.0003205', 'learning_rate': '3.637e-05', 'epoch': '2.188'}
[1A
[1A 73%|███████▎  | 759/1041 [3:02:22<1:07:16, 14.32s/it]
[1A 73%|███████▎  | 760/1041 [3:02:36<1:06:20, 14.16s/it]
[1A                                                      
{'loss': '8.438e-06', 'grad_norm': '0.000235', 'learning_rate': '3.613e-05', 'epoch': '2.19'}
[1A
[1A 73%|███████▎  | 760/1041 [3:02:36<1:06:20, 14.16s/it]
[1A 73%|███████▎  | 761/1041 [3:02:49<1:05:22, 14.01s/it]
[1A                                                      
{'loss': '2.973e-06', 'grad_norm': '4.813e-05', 'learning_rate': '3.589e-05', 'epoch': '2.193'}
[1A
[1A 73%|███████▎  | 761/1041 [3:02:49<1:05:22, 14.01s/it]
[1A 73%|███████▎  | 762/1041 [3:03:04<1:05:36, 14.11s/it]
[1A                                                      
{'loss': '2.323e-06', 'grad_norm': '3.071e-05', 'learning_rate': '3.566e-05', 'epoch': '2.196'}
[1A
[1A 73%|███████▎  | 762/1041 [3:03:04<1:05:36, 14.11s/it]
[1A 73%|███████▎  | 763/1041 [3:03:18<1:05:31, 14.14s/it]
[1A                                                      
{'loss': '1.739e-06', 'grad_norm': '3.147e-05', 'learning_rate': '3.542e-05', 'epoch': '2.199'}
[1A
[1A 73%|███████▎  | 763/1041 [3:03:18<1:05:31, 14.14s/it]
[1A 73%|███████▎  | 764/1041 [3:03:33<1:05:57, 14.29s/it]
[1A                                                      
{'loss': '1.14e-05', 'grad_norm': '0.0003185', 'learning_rate': '3.518e-05', 'epoch': '2.202'}
[1A
[1A 73%|███████▎  | 764/1041 [3:03:33<1:05:57, 14.29s/it]
[1A 73%|███████▎  | 765/1041 [3:03:47<1:06:10, 14.39s/it]
[1A                                                      
{'loss': '5.435e-06', 'grad_norm': '0.0001277', 'learning_rate': '3.494e-05', 'epoch': '2.205'}
[1A
[1A 73%|███████▎  | 765/1041 [3:03:47<1:06:10, 14.39s/it]
[1A 74%|███████▎  | 766/1041 [3:04:01<1:05:07, 14.21s/it]
[1A                                                      
{'loss': '3.621e-06', 'grad_norm': '5.482e-05', 'learning_rate': '3.471e-05', 'epoch': '2.208'}
[1A
[1A 74%|███████▎  | 766/1041 [3:04:01<1:05:07, 14.21s/it]
[1A 74%|███████▎  | 767/1041 [3:04:15<1:05:01, 14.24s/it]
[1A                                                      
{'loss': '2.045e-05', 'grad_norm': '0.0003768', 'learning_rate': '3.447e-05', 'epoch': '2.211'}
[1A
[1A 74%|███████▎  | 767/1041 [3:04:15<1:05:01, 14.24s/it]
[1A 74%|███████▍  | 768/1041 [3:04:30<1:05:42, 14.44s/it]
[1A                                                      
{'loss': '5.461e-06', 'grad_norm': '8.182e-05', 'learning_rate': '3.424e-05', 'epoch': '2.214'}
[1A
[1A 74%|███████▍  | 768/1041 [3:04:30<1:05:42, 14.44s/it]
[1A 74%|███████▍  | 769/1041 [3:04:45<1:05:53, 14.54s/it]
[1A                                                      
{'loss': '6.734e-06', 'grad_norm': '0.0001514', 'learning_rate': '3.4e-05', 'epoch': '2.216'}
[1A
[1A 74%|███████▍  | 769/1041 [3:04:45<1:05:53, 14.54s/it]
[1A 74%|███████▍  | 770/1041 [3:04:59<1:04:36, 14.30s/it]
[1A                                                      
{'loss': '3.183e-06', 'grad_norm': '6.591e-05', 'learning_rate': '3.377e-05', 'epoch': '2.219'}
[1A
[1A 74%|███████▍  | 770/1041 [3:04:59<1:04:36, 14.30s/it]
[1A 74%|███████▍  | 771/1041 [3:05:13<1:04:13, 14.27s/it]
[1A                                                      
{'loss': '2.019e-06', 'grad_norm': '2.755e-05', 'learning_rate': '3.354e-05', 'epoch': '2.222'}
[1A
[1A 74%|███████▍  | 771/1041 [3:05:13<1:04:13, 14.27s/it]
[1A 74%|███████▍  | 772/1041 [3:05:28<1:04:33, 14.40s/it]
[1A                                                      
{'loss': '3.588e-06', 'grad_norm': '4.853e-05', 'learning_rate': '3.33e-05', 'epoch': '2.225'}
[1A
[1A 74%|███████▍  | 772/1041 [3:05:28<1:04:33, 14.40s/it]
[1A 74%|███████▍  | 773/1041 [3:05:42<1:04:21, 14.41s/it]
[1A                                                      
{'loss': '2.463e-06', 'grad_norm': '2.866e-05', 'learning_rate': '3.307e-05', 'epoch': '2.228'}
[1A
[1A 74%|███████▍  | 773/1041 [3:05:42<1:04:21, 14.41s/it]
[1A 74%|███████▍  | 774/1041 [3:05:57<1:04:47, 14.56s/it]
[1A                                                      
{'loss': '1.334e-05', 'grad_norm': '0.000509', 'learning_rate': '3.284e-05', 'epoch': '2.231'}
[1A
[1A 74%|███████▍  | 774/1041 [3:05:57<1:04:47, 14.56s/it]
[1A 74%|███████▍  | 775/1041 [3:06:11<1:04:03, 14.45s/it]
[1A                                                      
{'loss': '2.168e-05', 'grad_norm': '0.0003408', 'learning_rate': '3.261e-05', 'epoch': '2.234'}
[1A
[1A 74%|███████▍  | 775/1041 [3:06:11<1:04:03, 14.45s/it]
[1A 75%|███████▍  | 776/1041 [3:06:26<1:04:48, 14.67s/it]
[1A                                                      
{'loss': '1.149e-05', 'grad_norm': '0.0003223', 'learning_rate': '3.238e-05', 'epoch': '2.237'}
[1A
[1A 75%|███████▍  | 776/1041 [3:06:26<1:04:48, 14.67s/it]
[1A 75%|███████▍  | 777/1041 [3:06:41<1:04:27, 14.65s/it]
[1A                                                      
{'loss': '2.354e-05', 'grad_norm': '0.0005987', 'learning_rate': '3.215e-05', 'epoch': '2.24'}
[1A
[1A 75%|███████▍  | 777/1041 [3:06:41<1:04:27, 14.65s/it]
[1A 75%|███████▍  | 778/1041 [3:06:54<1:02:44, 14.31s/it]
[1A                                                      
{'loss': '1.74e-06', 'grad_norm': '2.169e-05', 'learning_rate': '3.192e-05', 'epoch': '2.242'}
[1A
[1A 75%|███████▍  | 778/1041 [3:06:54<1:02:44, 14.31s/it]
[1A 75%|███████▍  | 779/1041 [3:07:09<1:02:47, 14.38s/it]
[1A                                                      
{'loss': '7.248e-06', 'grad_norm': '0.0001127', 'learning_rate': '3.17e-05', 'epoch': '2.245'}
[1A
[1A 75%|███████▍  | 779/1041 [3:07:09<1:02:47, 14.38s/it]
[1A 75%|███████▍  | 780/1041 [3:07:23<1:02:25, 14.35s/it]                                                      
{'loss': '6.687e-05', 'grad_norm': '0.001494', 'learning_rate': '3.147e-05', 'epoch': '2.248'}
[1A
[1A 75%|███████▍  | 780/1041 [3:07:23<1:02:25, 14.35s/it]
[1A 75%|███████▌  | 781/1041 [3:07:37<1:02:00, 14.31s/it]
[1A                                                      
{'loss': '1.743e-05', 'grad_norm': '0.0004978', 'learning_rate': '3.124e-05', 'epoch': '2.251'}
[1A
[1A 75%|███████▌  | 781/1041 [3:07:37<1:02:00, 14.31s/it]
[1A 75%|███████▌  | 782/1041 [3:07:52<1:01:29, 14.25s/it]
[1A                                                      
{'loss': '3.127e-05', 'grad_norm': '0.001929', 'learning_rate': '3.102e-05', 'epoch': '2.254'}
[1A
[1A 75%|███████▌  | 782/1041 [3:07:52<1:01:29, 14.25s/it]
[1A 75%|███████▌  | 783/1041 [3:08:06<1:00:54, 14.17s/it]
[1A                                                      
{'loss': '8.604e-06', 'grad_norm': '0.0002019', 'learning_rate': '3.079e-05', 'epoch': '2.257'}
[1A
[1A 75%|███████▌  | 783/1041 [3:08:06<1:00:54, 14.17s/it]
[1A 75%|███████▌  | 784/1041 [3:08:20<1:00:54, 14.22s/it]
[1A                                                      
{'loss': '1.51e-05', 'grad_norm': '0.000291', 'learning_rate': '3.057e-05', 'epoch': '2.26'}
[1A
[1A 75%|███████▌  | 784/1041 [3:08:20<1:00:54, 14.22s/it]
[1A 75%|███████▌  | 785/1041 [3:08:35<1:01:18, 14.37s/it]
[1A                                                      
{'loss': '2.867e-06', 'grad_norm': '4.185e-05', 'learning_rate': '3.034e-05', 'epoch': '2.263'}
[1A
[1A 75%|███████▌  | 785/1041 [3:08:35<1:01:18, 14.37s/it]
[1A 76%|███████▌  | 786/1041 [3:08:49<1:01:21, 14.44s/it]
[1A                                                      
{'loss': '6.362e-06', 'grad_norm': '0.0001284', 'learning_rate': '3.012e-05', 'epoch': '2.266'}
[1A
[1A 76%|███████▌  | 786/1041 [3:08:49<1:01:21, 14.44s/it]
[1A 76%|███████▌  | 787/1041 [3:09:03<1:00:46, 14.36s/it]
[1A                                                      
{'loss': '2.808e-06', 'grad_norm': '4.103e-05', 'learning_rate': '2.99e-05', 'epoch': '2.268'}
[1A
[1A 76%|███████▌  | 787/1041 [3:09:03<1:00:46, 14.36s/it]
[1A 76%|███████▌  | 788/1041 [3:09:17<1:00:12, 14.28s/it]
[1A                                                      
{'loss': '4.778e-06', 'grad_norm': '0.0001466', 'learning_rate': '2.968e-05', 'epoch': '2.271'}
[1A
[1A 76%|███████▌  | 788/1041 [3:09:17<1:00:12, 14.28s/it]
[1A 76%|███████▌  | 789/1041 [3:09:32<59:43, 14.22s/it]  
[1A                                                    
{'loss': '5.278e-06', 'grad_norm': '0.0001282', 'learning_rate': '2.945e-05', 'epoch': '2.274'}
[1A
[1A 76%|███████▌  | 789/1041 [3:09:32<59:43, 14.22s/it]
[1A 76%|███████▌  | 790/1041 [3:09:46<1:00:19, 14.42s/it]
[1A                                                      
{'loss': '7.515e-06', 'grad_norm': '9.654e-05', 'learning_rate': '2.923e-05', 'epoch': '2.277'}
[1A
[1A 76%|███████▌  | 790/1041 [3:09:46<1:00:19, 14.42s/it]
[1A 76%|███████▌  | 791/1041 [3:10:00<58:27, 14.03s/it]  
[1A                                                    
{'loss': '3.212e-06', 'grad_norm': '7.467e-05', 'learning_rate': '2.901e-05', 'epoch': '2.28'}
[1A
[1A 76%|███████▌  | 791/1041 [3:10:00<58:27, 14.03s/it]
[1A 76%|███████▌  | 792/1041 [3:10:14<58:15, 14.04s/it]
[1A                                                    
{'loss': '6.013e-06', 'grad_norm': '0.0001954', 'learning_rate': '2.88e-05', 'epoch': '2.283'}
[1A
[1A 76%|███████▌  | 792/1041 [3:10:14<58:15, 14.04s/it]
[1A 76%|███████▌  | 793/1041 [3:10:28<57:55, 14.02s/it]
[1A                                                    
{'loss': '2.067e-06', 'grad_norm': '2.6e-05', 'learning_rate': '2.858e-05', 'epoch': '2.286'}
[1A
[1A 76%|███████▌  | 793/1041 [3:10:28<57:55, 14.02s/it]
[1A 76%|███████▋  | 794/1041 [3:10:42<58:18, 14.17s/it]
[1A                                                    
{'loss': '2.399e-05', 'grad_norm': '0.0006452', 'learning_rate': '2.836e-05', 'epoch': '2.289'}
[1A
[1A 76%|███████▋  | 794/1041 [3:10:42<58:18, 14.17s/it]
[1A 76%|███████▋  | 795/1041 [3:10:57<58:26, 14.25s/it]
[1A                                                    
{'loss': '2.844e-06', 'grad_norm': '4.074e-05', 'learning_rate': '2.814e-05', 'epoch': '2.291'}
[1A
[1A 76%|███████▋  | 795/1041 [3:10:57<58:26, 14.25s/it]
[1A 76%|███████▋  | 796/1041 [3:11:11<58:05, 14.23s/it]
[1A                                                    
{'loss': '2.351e-06', 'grad_norm': '2.787e-05', 'learning_rate': '2.793e-05', 'epoch': '2.294'}
[1A
[1A 76%|███████▋  | 796/1041 [3:11:11<58:05, 14.23s/it]
[1A 77%|███████▋  | 797/1041 [3:11:25<58:18, 14.34s/it]
[1A                                                    
{'loss': '1.105e-05', 'grad_norm': '0.0001799', 'learning_rate': '2.771e-05', 'epoch': '2.297'}
[1A
[1A 77%|███████▋  | 797/1041 [3:11:25<58:18, 14.34s/it]
[1A 77%|███████▋  | 798/1041 [3:11:40<58:13, 14.38s/it]
[1A                                                    
{'loss': '8.298e-06', 'grad_norm': '0.000141', 'learning_rate': '2.75e-05', 'epoch': '2.3'}
[1A
[1A 77%|███████▋  | 798/1041 [3:11:40<58:13, 14.38s/it]
[1A 77%|███████▋  | 799/1041 [3:11:55<58:40, 14.55s/it]
[1A                                                    
{'loss': '5.704e-05', 'grad_norm': '0.001659', 'learning_rate': '2.728e-05', 'epoch': '2.303'}
[1A
[1A 77%|███████▋  | 799/1041 [3:11:55<58:40, 14.55s/it]
[1A 77%|███████▋  | 800/1041 [3:12:27<1:19:47, 19.86s/it]                                                      
{'loss': '3.882e-06', 'grad_norm': '9.382e-05', 'learning_rate': '2.707e-05', 'epoch': '2.306'}
[1A
[1A 77%|███████▋  | 800/1041 [3:12:27<1:19:47, 19.86s/it]
[1A 77%|███████▋  | 801/1041 [3:12:41<1:12:59, 18.25s/it]
[1A                                                      
{'loss': '4.259e-06', 'grad_norm': '5.589e-05', 'learning_rate': '2.686e-05', 'epoch': '2.309'}
[1A
[1A 77%|███████▋  | 801/1041 [3:12:41<1:12:59, 18.25s/it]
[1A 77%|███████▋  | 802/1041 [3:12:55<1:07:02, 16.83s/it]
[1A                                                      
{'loss': '2.514e-06', 'grad_norm': '3.073e-05', 'learning_rate': '2.664e-05', 'epoch': '2.312'}
[1A
[1A 77%|███████▋  | 802/1041 [3:12:55<1:07:02, 16.83s/it]
[1A 77%|███████▋  | 803/1041 [3:13:08<1:02:49, 15.84s/it]
[1A                                                      
{'loss': '4.727e-06', 'grad_norm': '0.0001014', 'learning_rate': '2.643e-05', 'epoch': '2.315'}
[1A
[1A 77%|███████▋  | 803/1041 [3:13:08<1:02:49, 15.84s/it]
[1A 77%|███████▋  | 804/1041 [3:13:24<1:01:39, 15.61s/it]
[1A                                                      
{'loss': '4.693e-05', 'grad_norm': '0.0009008', 'learning_rate': '2.622e-05', 'epoch': '2.317'}
[1A
[1A 77%|███████▋  | 804/1041 [3:13:24<1:01:39, 15.61s/it]
[1A 77%|███████▋  | 805/1041 [3:13:38<1:00:09, 15.30s/it]
[1A                                                      
{'loss': '2.424e-05', 'grad_norm': '0.0006134', 'learning_rate': '2.601e-05', 'epoch': '2.32'}
[1A
[1A 77%|███████▋  | 805/1041 [3:13:38<1:00:09, 15.30s/it]
[1A 77%|███████▋  | 806/1041 [3:13:52<58:43, 14.99s/it]  
[1A                                                    
{'loss': '5.806e-06', 'grad_norm': '0.0001338', 'learning_rate': '2.58e-05', 'epoch': '2.323'}
[1A
[1A 77%|███████▋  | 806/1041 [3:13:52<58:43, 14.99s/it]
[1A 78%|███████▊  | 807/1041 [3:14:07<57:59, 14.87s/it]
[1A                                                    
{'loss': '1.365e-05', 'grad_norm': '0.0003237', 'learning_rate': '2.56e-05', 'epoch': '2.326'}
[1A
[1A 78%|███████▊  | 807/1041 [3:14:07<57:59, 14.87s/it]
[1A 78%|███████▊  | 808/1041 [3:14:22<57:39, 14.85s/it]
[1A                                                    
{'loss': '9.46e-06', 'grad_norm': '0.0002114', 'learning_rate': '2.539e-05', 'epoch': '2.329'}
[1A
[1A 78%|███████▊  | 808/1041 [3:14:22<57:39, 14.85s/it]
[1A 78%|███████▊  | 809/1041 [3:14:36<56:31, 14.62s/it]
[1A                                                    
{'loss': '1.234e-05', 'grad_norm': '0.0002124', 'learning_rate': '2.518e-05', 'epoch': '2.332'}
[1A
[1A 78%|███████▊  | 809/1041 [3:14:36<56:31, 14.62s/it]
[1A 78%|███████▊  | 810/1041 [3:14:50<55:36, 14.45s/it]
[1A                                                    
{'loss': '1.185e-05', 'grad_norm': '0.0002697', 'learning_rate': '2.497e-05', 'epoch': '2.335'}
[1A
[1A 78%|███████▊  | 810/1041 [3:14:50<55:36, 14.45s/it]
[1A 78%|███████▊  | 811/1041 [3:15:04<55:09, 14.39s/it]
[1A                                                    
{'loss': '9.105e-06', 'grad_norm': '0.0001577', 'learning_rate': '2.477e-05', 'epoch': '2.338'}
[1A
[1A 78%|███████▊  | 811/1041 [3:15:04<55:09, 14.39s/it]
[1A 78%|███████▊  | 812/1041 [3:15:18<54:31, 14.28s/it]
[1A                                                    
{'loss': '3.899e-06', 'grad_norm': '6.124e-05', 'learning_rate': '2.456e-05', 'epoch': '2.341'}
[1A
[1A 78%|███████▊  | 812/1041 [3:15:18<54:31, 14.28s/it]
[1A 78%|███████▊  | 813/1041 [3:15:32<53:37, 14.11s/it]
[1A                                                    
{'loss': '1.531e-06', 'grad_norm': '1.975e-05', 'learning_rate': '2.436e-05', 'epoch': '2.343'}
[1A
[1A 78%|███████▊  | 813/1041 [3:15:32<53:37, 14.11s/it]
[1A 78%|███████▊  | 814/1041 [3:15:47<54:10, 14.32s/it]
[1A                                                    
{'loss': '4.069e-06', 'grad_norm': '6.263e-05', 'learning_rate': '2.416e-05', 'epoch': '2.346'}
[1A
[1A 78%|███████▊  | 814/1041 [3:15:47<54:10, 14.32s/it]
[1A 78%|███████▊  | 815/1041 [3:16:01<54:26, 14.45s/it]
[1A                                                    
{'loss': '9.813e-06', 'grad_norm': '0.0001977', 'learning_rate': '2.395e-05', 'epoch': '2.349'}
[1A
[1A 78%|███████▊  | 815/1041 [3:16:01<54:26, 14.45s/it]
[1A 78%|███████▊  | 816/1041 [3:16:16<54:06, 14.43s/it]
[1A                                                    
{'loss': '4.6e-06', 'grad_norm': '0.000112', 'learning_rate': '2.375e-05', 'epoch': '2.352'}
[1A
[1A 78%|███████▊  | 816/1041 [3:16:16<54:06, 14.43s/it]
[1A 78%|███████▊  | 817/1041 [3:16:31<54:21, 14.56s/it]
[1A                                                    
{'loss': '1.178e-05', 'grad_norm': '0.0002551', 'learning_rate': '2.355e-05', 'epoch': '2.355'}
[1A
[1A 78%|███████▊  | 817/1041 [3:16:31<54:21, 14.56s/it]
[1A 79%|███████▊  | 818/1041 [3:16:45<53:32, 14.40s/it]
[1A                                                    
{'loss': '0.0005279', 'grad_norm': '0.07358', 'learning_rate': '2.335e-05', 'epoch': '2.358'}
[1A
[1A 79%|███████▊  | 818/1041 [3:16:45<53:32, 14.40s/it]
[1A 79%|███████▊  | 819/1041 [3:16:59<53:18, 14.41s/it]
[1A                                                    
{'loss': '1.771e-05', 'grad_norm': '0.0006064', 'learning_rate': '2.315e-05', 'epoch': '2.361'}
[1A
[1A 79%|███████▊  | 819/1041 [3:16:59<53:18, 14.41s/it]
[1A 79%|███████▉  | 820/1041 [3:17:13<52:44, 14.32s/it]
[1A                                                    
{'loss': '3.642e-06', 'grad_norm': '5.641e-05', 'learning_rate': '2.295e-05', 'epoch': '2.364'}
[1A
[1A 79%|███████▉  | 820/1041 [3:17:13<52:44, 14.32s/it]
[1A 79%|███████▉  | 821/1041 [3:17:28<52:26, 14.30s/it]
[1A                                                    
{'loss': '6.462e-06', 'grad_norm': '0.0003126', 'learning_rate': '2.275e-05', 'epoch': '2.367'}
[1A
[1A 79%|███████▉  | 821/1041 [3:17:28<52:26, 14.30s/it]
[1A 79%|███████▉  | 822/1041 [3:17:42<52:04, 14.27s/it]
[1A                                                    
{'loss': '6.009e-06', 'grad_norm': '0.0001085', 'learning_rate': '2.256e-05', 'epoch': '2.369'}
[1A
[1A 79%|███████▉  | 822/1041 [3:17:42<52:04, 14.27s/it]
[1A 79%|███████▉  | 823/1041 [3:17:56<51:51, 14.27s/it]
[1A                                                    
{'loss': '6.893e-06', 'grad_norm': '0.000228', 'learning_rate': '2.236e-05', 'epoch': '2.372'}
[1A
[1A 79%|███████▉  | 823/1041 [3:17:56<51:51, 14.27s/it]
[1A 79%|███████▉  | 824/1041 [3:18:11<52:26, 14.50s/it]
[1A                                                    
{'loss': '2.165e-05', 'grad_norm': '0.0006275', 'learning_rate': '2.216e-05', 'epoch': '2.375'}
[1A
[1A 79%|███████▉  | 824/1041 [3:18:11<52:26, 14.50s/it]
[1A 79%|███████▉  | 825/1041 [3:18:25<52:00, 14.45s/it]
[1A                                                    
{'loss': '0.00129', 'grad_norm': '0.0945', 'learning_rate': '2.197e-05', 'epoch': '2.378'}
[1A
[1A 79%|███████▉  | 825/1041 [3:18:25<52:00, 14.45s/it]
[1A 79%|███████▉  | 826/1041 [3:18:40<52:13, 14.57s/it]
[1A                                                    
{'loss': '5.393e-06', 'grad_norm': '0.0001313', 'learning_rate': '2.178e-05', 'epoch': '2.381'}
[1A
[1A 79%|███████▉  | 826/1041 [3:18:40<52:13, 14.57s/it]
[1A 79%|███████▉  | 827/1041 [3:18:54<51:11, 14.35s/it]
[1A                                                    
{'loss': '2.803e-06', 'grad_norm': '3.878e-05', 'learning_rate': '2.158e-05', 'epoch': '2.384'}
[1A
[1A 79%|███████▉  | 827/1041 [3:18:54<51:11, 14.35s/it]
[1A 80%|███████▉  | 828/1041 [3:19:08<50:55, 14.35s/it]
[1A                                                    
{'loss': '7.357e-06', 'grad_norm': '0.0001354', 'learning_rate': '2.139e-05', 'epoch': '2.387'}
[1A
[1A 80%|███████▉  | 828/1041 [3:19:08<50:55, 14.35s/it]
[1A 80%|███████▉  | 829/1041 [3:19:23<50:41, 14.35s/it]
[1A                                                    
{'loss': '3.725e-06', 'grad_norm': '5.765e-05', 'learning_rate': '2.12e-05', 'epoch': '2.39'}
[1A
[1A 80%|███████▉  | 829/1041 [3:19:23<50:41, 14.35s/it]
[1A 80%|███████▉  | 830/1041 [3:19:37<50:42, 14.42s/it]
[1A                                                    
{'loss': '4.06e-06', 'grad_norm': '5.241e-05', 'learning_rate': '2.101e-05', 'epoch': '2.392'}
[1A
[1A 80%|███████▉  | 830/1041 [3:19:37<50:42, 14.42s/it]
[1A 80%|███████▉  | 831/1041 [3:19:52<50:55, 14.55s/it]
[1A                                                    
{'loss': '5.545e-06', 'grad_norm': '0.0001266', 'learning_rate': '2.081e-05', 'epoch': '2.395'}
[1A
[1A 80%|███████▉  | 831/1041 [3:19:52<50:55, 14.55s/it]
[1A 80%|███████▉  | 832/1041 [3:20:06<50:16, 14.43s/it]
[1A                                                    
{'loss': '2.648e-06', 'grad_norm': '3.078e-05', 'learning_rate': '2.063e-05', 'epoch': '2.398'}
[1A
[1A 80%|███████▉  | 832/1041 [3:20:06<50:16, 14.43s/it]
[1A 80%|████████  | 833/1041 [3:20:20<49:20, 14.23s/it]
[1A                                                    
{'loss': '1.374e-06', 'grad_norm': '1.726e-05', 'learning_rate': '2.044e-05', 'epoch': '2.401'}
[1A
[1A 80%|████████  | 833/1041 [3:20:20<49:20, 14.23s/it]
[1A 80%|████████  | 834/1041 [3:20:34<48:53, 14.17s/it]
[1A                                                    
{'loss': '4.529e-06', 'grad_norm': '0.0001361', 'learning_rate': '2.025e-05', 'epoch': '2.404'}
[1A
[1A 80%|████████  | 834/1041 [3:20:34<48:53, 14.17s/it]
[1A 80%|████████  | 835/1041 [3:20:48<48:39, 14.17s/it]
[1A                                                    
{'loss': '1.29e-05', 'grad_norm': '0.0002776', 'learning_rate': '2.006e-05', 'epoch': '2.407'}
[1A
[1A 80%|████████  | 835/1041 [3:20:48<48:39, 14.17s/it]
[1A 80%|████████  | 836/1041 [3:21:03<48:37, 14.23s/it]
[1A                                                    
{'loss': '6.522e-05', 'grad_norm': '0.001429', 'learning_rate': '1.987e-05', 'epoch': '2.41'}
[1A
[1A 80%|████████  | 836/1041 [3:21:03<48:37, 14.23s/it]
[1A 80%|████████  | 837/1041 [3:21:17<47:55, 14.10s/it]
[1A                                                    
{'loss': '3.626e-06', 'grad_norm': '4.941e-05', 'learning_rate': '1.969e-05', 'epoch': '2.413'}
[1A
[1A 80%|████████  | 837/1041 [3:21:17<47:55, 14.10s/it]
[1A 80%|████████  | 838/1041 [3:21:31<48:21, 14.29s/it]
[1A                                                    
{'loss': '4.314e-06', 'grad_norm': '0.0001143', 'learning_rate': '1.95e-05', 'epoch': '2.416'}
[1A
[1A 80%|████████  | 838/1041 [3:21:31<48:21, 14.29s/it]
[1A 81%|████████  | 839/1041 [3:21:46<48:27, 14.39s/it]
[1A                                                    
{'loss': '2.522e-05', 'grad_norm': '0.0009689', 'learning_rate': '1.932e-05', 'epoch': '2.418'}
[1A
[1A 81%|████████  | 839/1041 [3:21:46<48:27, 14.39s/it]
[1A 81%|████████  | 840/1041 [3:22:00<48:23, 14.44s/it]
[1A                                                    
{'loss': '5.866e-06', 'grad_norm': '0.0001028', 'learning_rate': '1.913e-05', 'epoch': '2.421'}
[1A
[1A 81%|████████  | 840/1041 [3:22:00<48:23, 14.44s/it]
[1A 81%|████████  | 841/1041 [3:22:15<48:09, 14.45s/it]
[1A                                                    
{'loss': '3.643e-06', 'grad_norm': '0.000295', 'learning_rate': '1.895e-05', 'epoch': '2.424'}
[1A
[1A 81%|████████  | 841/1041 [3:22:15<48:09, 14.45s/it]
[1A 81%|████████  | 842/1041 [3:22:30<48:07, 14.51s/it]
[1A                                                    
{'loss': '9.128e-06', 'grad_norm': '0.000268', 'learning_rate': '1.877e-05', 'epoch': '2.427'}
[1A
[1A 81%|████████  | 842/1041 [3:22:30<48:07, 14.51s/it]
[1A 81%|████████  | 843/1041 [3:22:44<47:34, 14.42s/it]
[1A                                                    
{'loss': '2.658e-06', 'grad_norm': '4.644e-05', 'learning_rate': '1.859e-05', 'epoch': '2.43'}
[1A
[1A 81%|████████  | 843/1041 [3:22:44<47:34, 14.42s/it]
[1A 81%|████████  | 844/1041 [3:22:58<47:08, 14.36s/it]
[1A                                                    
{'loss': '5.897e-06', 'grad_norm': '0.0002589', 'learning_rate': '1.841e-05', 'epoch': '2.433'}
[1A
[1A 81%|████████  | 844/1041 [3:22:58<47:08, 14.36s/it]
[1A 81%|████████  | 845/1041 [3:23:12<46:45, 14.31s/it]
[1A                                                    
{'loss': '5.038e-06', 'grad_norm': '5.956e-05', 'learning_rate': '1.823e-05', 'epoch': '2.436'}
[1A
[1A 81%|████████  | 845/1041 [3:23:12<46:45, 14.31s/it]
[1A 81%|████████▏ | 846/1041 [3:23:27<47:13, 14.53s/it]
[1A                                                    
{'loss': '8.883e-06', 'grad_norm': '0.0002987', 'learning_rate': '1.805e-05', 'epoch': '2.439'}
[1A
[1A 81%|████████▏ | 846/1041 [3:23:27<47:13, 14.53s/it]
[1A 81%|████████▏ | 847/1041 [3:23:42<46:58, 14.53s/it]
[1A                                                    
{'loss': '2.187e-06', 'grad_norm': '3.215e-05', 'learning_rate': '1.787e-05', 'epoch': '2.442'}
[1A
[1A 81%|████████▏ | 847/1041 [3:23:42<46:58, 14.53s/it]
[1A 81%|████████▏ | 848/1041 [3:23:56<46:03, 14.32s/it]
[1A                                                    
{'loss': '1.699e-05', 'grad_norm': '0.001245', 'learning_rate': '1.769e-05', 'epoch': '2.444'}
[1A
[1A 81%|████████▏ | 848/1041 [3:23:56<46:03, 14.32s/it]
[1A 82%|████████▏ | 849/1041 [3:24:10<45:41, 14.28s/it]
[1A                                                    
{'loss': '3.56e-06', 'grad_norm': '0.000149', 'learning_rate': '1.752e-05', 'epoch': '2.447'}
[1A
[1A 82%|████████▏ | 849/1041 [3:24:10<45:41, 14.28s/it]
[1A 82%|████████▏ | 850/1041 [3:24:24<45:18, 14.23s/it]
[1A                                                    
{'loss': '5.45e-06', 'grad_norm': '0.0001278', 'learning_rate': '1.734e-05', 'epoch': '2.45'}
[1A
[1A 82%|████████▏ | 850/1041 [3:24:24<45:18, 14.23s/it]
[1A 82%|████████▏ | 851/1041 [3:24:38<44:51, 14.16s/it]
[1A                                                    
{'loss': '2.449e-06', 'grad_norm': '3.218e-05', 'learning_rate': '1.717e-05', 'epoch': '2.453'}
[1A
[1A 82%|████████▏ | 851/1041 [3:24:38<44:51, 14.16s/it]
[1A 82%|████████▏ | 852/1041 [3:24:52<44:26, 14.11s/it]
[1A                                                    
{'loss': '3.533e-06', 'grad_norm': '5.722e-05', 'learning_rate': '1.699e-05', 'epoch': '2.456'}
[1A
[1A 82%|████████▏ | 852/1041 [3:24:52<44:26, 14.11s/it]
[1A 82%|████████▏ | 853/1041 [3:25:06<44:34, 14.23s/it]
[1A                                                    
{'loss': '3.317e-06', 'grad_norm': '4.163e-05', 'learning_rate': '1.682e-05', 'epoch': '2.459'}
[1A
[1A 82%|████████▏ | 853/1041 [3:25:06<44:34, 14.23s/it]
[1A 82%|████████▏ | 854/1041 [3:25:21<45:03, 14.46s/it]
[1A                                                    
{'loss': '4.055e-06', 'grad_norm': '7.135e-05', 'learning_rate': '1.665e-05', 'epoch': '2.462'}
[1A
[1A 82%|████████▏ | 854/1041 [3:25:21<45:03, 14.46s/it]
[1A 82%|████████▏ | 855/1041 [3:25:35<44:22, 14.32s/it]
[1A                                                    
{'loss': '1.704e-06', 'grad_norm': '2.239e-05', 'learning_rate': '1.648e-05', 'epoch': '2.465'}
[1A
[1A 82%|████████▏ | 855/1041 [3:25:35<44:22, 14.32s/it]
{'loss': '2.261e-06', 'grad_norm': '2.754e-05', 'learning_rate': '1.631e-05', 'epoch': '2.468'}
[1A 82%|████████▏ | 856/1041 [3:25:50<44:20, 14.38s/it]                                                    
[1A
[1A 82%|████████▏ | 856/1041 [3:25:50<44:20, 14.38s/it]
[1A 82%|████████▏ | 857/1041 [3:26:04<43:35, 14.22s/it]
[1A                                                    
{'loss': '3.883e-06', 'grad_norm': '5.823e-05', 'learning_rate': '1.614e-05', 'epoch': '2.47'}
[1A
[1A 82%|████████▏ | 857/1041 [3:26:04<43:35, 14.22s/it]
[1A 82%|████████▏ | 858/1041 [3:26:18<43:47, 14.36s/it]
[1A                                                    
{'loss': '1.684e-05', 'grad_norm': '0.0003934', 'learning_rate': '1.597e-05', 'epoch': '2.473'}
[1A
[1A 82%|████████▏ | 858/1041 [3:26:18<43:47, 14.36s/it]
[1A 83%|████████▎ | 859/1041 [3:26:33<43:26, 14.32s/it]
[1A                                                    
{'loss': '0.009853', 'grad_norm': '0.2917', 'learning_rate': '1.58e-05', 'epoch': '2.476'}
[1A
[1A 83%|████████▎ | 859/1041 [3:26:33<43:26, 14.32s/it]
[1A 83%|████████▎ | 860/1041 [3:26:47<43:09, 14.31s/it]
[1A                                                    
{'loss': '1.136e-05', 'grad_norm': '0.001002', 'learning_rate': '1.563e-05', 'epoch': '2.479'}
[1A
[1A 83%|████████▎ | 860/1041 [3:26:47<43:09, 14.31s/it]
[1A 83%|████████▎ | 861/1041 [3:27:01<42:49, 14.27s/it]
[1A                                                    
{'loss': '1.083e-05', 'grad_norm': '0.0002351', 'learning_rate': '1.546e-05', 'epoch': '2.482'}
[1A
[1A 83%|████████▎ | 861/1041 [3:27:01<42:49, 14.27s/it]
[1A 83%|████████▎ | 862/1041 [3:27:16<43:11, 14.47s/it]
[1A                                                    
{'loss': '5.243e-06', 'grad_norm': '6.663e-05', 'learning_rate': '1.53e-05', 'epoch': '2.485'}
[1A
[1A 83%|████████▎ | 862/1041 [3:27:16<43:11, 14.47s/it]
[1A 83%|████████▎ | 863/1041 [3:27:31<42:58, 14.49s/it]
[1A                                                    
{'loss': '9.406e-06', 'grad_norm': '0.0001656', 'learning_rate': '1.513e-05', 'epoch': '2.488'}
[1A
[1A 83%|████████▎ | 863/1041 [3:27:31<42:58, 14.49s/it]
[1A 83%|████████▎ | 864/1041 [3:27:45<42:45, 14.49s/it]
[1A                                                    
{'loss': '4.033e-06', 'grad_norm': '5.96e-05', 'learning_rate': '1.497e-05', 'epoch': '2.491'}
[1A
[1A 83%|████████▎ | 864/1041 [3:27:45<42:45, 14.49s/it]
[1A 83%|████████▎ | 865/1041 [3:27:59<42:08, 14.37s/it]
[1A                                                    
{'loss': '0.0002111', 'grad_norm': '0.02626', 'learning_rate': '1.481e-05', 'epoch': '2.494'}
[1A
[1A 83%|████████▎ | 865/1041 [3:27:59<42:08, 14.37s/it]
[1A 83%|████████▎ | 866/1041 [3:28:13<41:52, 14.36s/it]
[1A                                                    
{'loss': '3.697e-06', 'grad_norm': '4.754e-05', 'learning_rate': '1.464e-05', 'epoch': '2.496'}
[1A
[1A 83%|████████▎ | 866/1041 [3:28:13<41:52, 14.36s/it]
[1A 83%|████████▎ | 867/1041 [3:28:28<41:45, 14.40s/it]
[1A                                                    
{'loss': '1.559e-05', 'grad_norm': '0.0004836', 'learning_rate': '1.448e-05', 'epoch': '2.499'}
[1A
[1A 83%|████████▎ | 867/1041 [3:28:28<41:45, 14.40s/it]
[1A 83%|████████▎ | 868/1041 [3:28:42<41:21, 14.35s/it]
[1A                                                    
{'loss': '3.027e-06', 'grad_norm': '5.961e-05', 'learning_rate': '1.432e-05', 'epoch': '2.502'}
[1A
[1A 83%|████████▎ | 868/1041 [3:28:42<41:21, 14.35s/it]
[1A 83%|████████▎ | 869/1041 [3:28:57<41:17, 14.41s/it]
[1A                                                    
{'loss': '9.188e-06', 'grad_norm': '0.0002259', 'learning_rate': '1.416e-05', 'epoch': '2.505'}
[1A
[1A 83%|████████▎ | 869/1041 [3:28:57<41:17, 14.41s/it]
[1A 84%|████████▎ | 870/1041 [3:29:11<40:49, 14.33s/it]
[1A                                                    
{'loss': '5.779e-06', 'grad_norm': '0.0001297', 'learning_rate': '1.4e-05', 'epoch': '2.508'}
[1A
[1A 84%|████████▎ | 870/1041 [3:29:11<40:49, 14.33s/it]
[1A 84%|████████▎ | 871/1041 [3:29:26<40:50, 14.41s/it]
[1A                                                    
{'loss': '3.81e-06', 'grad_norm': '4.921e-05', 'learning_rate': '1.384e-05', 'epoch': '2.511'}
[1A
[1A 84%|████████▎ | 871/1041 [3:29:26<40:50, 14.41s/it]
[1A 84%|████████▍ | 872/1041 [3:29:39<40:02, 14.22s/it]
[1A                                                    
{'loss': '1.354e-06', 'grad_norm': '1.485e-05', 'learning_rate': '1.368e-05', 'epoch': '2.514'}
[1A
[1A 84%|████████▍ | 872/1041 [3:29:39<40:02, 14.22s/it]
[1A 84%|████████▍ | 873/1041 [3:29:54<40:03, 14.30s/it]
[1A                                                    
{'loss': '5.204e-06', 'grad_norm': '9.346e-05', 'learning_rate': '1.353e-05', 'epoch': '2.517'}
[1A
[1A 84%|████████▍ | 873/1041 [3:29:54<40:03, 14.30s/it]
[1A 84%|████████▍ | 874/1041 [3:30:08<40:09, 14.43s/it]                                                    
{'loss': '3.419e-06', 'grad_norm': '4.289e-05', 'learning_rate': '1.337e-05', 'epoch': '2.519'}
[1A
[1A 84%|████████▍ | 874/1041 [3:30:08<40:09, 14.43s/it]
[1A 84%|████████▍ | 875/1041 [3:30:23<40:10, 14.52s/it]
[1A                                                    
{'loss': '1.442e-05', 'grad_norm': '0.0004637', 'learning_rate': '1.322e-05', 'epoch': '2.522'}
[1A
[1A 84%|████████▍ | 875/1041 [3:30:23<40:10, 14.52s/it]
[1A 84%|████████▍ | 876/1041 [3:30:38<39:59, 14.54s/it]
[1A                                                    
{'loss': '2.966e-05', 'grad_norm': '0.001284', 'learning_rate': '1.306e-05', 'epoch': '2.525'}
[1A
[1A 84%|████████▍ | 876/1041 [3:30:38<39:59, 14.54s/it]
[1A 84%|████████▍ | 877/1041 [3:30:52<39:37, 14.50s/it]
[1A                                                    
{'loss': '2.006e-05', 'grad_norm': '0.001766', 'learning_rate': '1.291e-05', 'epoch': '2.528'}
[1A
[1A 84%|████████▍ | 877/1041 [3:30:52<39:37, 14.50s/it]
[1A 84%|████████▍ | 878/1041 [3:31:06<39:10, 14.42s/it]
[1A                                                    
{'loss': '4.093e-06', 'grad_norm': '0.0002886', 'learning_rate': '1.276e-05', 'epoch': '2.531'}
[1A
[1A 84%|████████▍ | 878/1041 [3:31:06<39:10, 14.42s/it]
[1A 84%|████████▍ | 879/1041 [3:31:21<38:40, 14.32s/it]
[1A                                                    
{'loss': '3.67e-06', 'grad_norm': '8.986e-05', 'learning_rate': '1.26e-05', 'epoch': '2.534'}
[1A
[1A 84%|████████▍ | 879/1041 [3:31:21<38:40, 14.32s/it]
[1A 85%|████████▍ | 880/1041 [3:31:35<38:41, 14.42s/it]
[1A                                                    
{'loss': '2.179e-05', 'grad_norm': '0.000623', 'learning_rate': '1.245e-05', 'epoch': '2.537'}
[1A
[1A 85%|████████▍ | 880/1041 [3:31:35<38:41, 14.42s/it]
[1A 85%|████████▍ | 881/1041 [3:31:49<38:20, 14.38s/it]
[1A                                                    
{'loss': '3.778e-06', 'grad_norm': '5.001e-05', 'learning_rate': '1.23e-05', 'epoch': '2.54'}
[1A
[1A 85%|████████▍ | 881/1041 [3:31:49<38:20, 14.38s/it]
[1A 85%|████████▍ | 882/1041 [3:32:04<38:13, 14.42s/it]
[1A                                                    
{'loss': '2.06e-06', 'grad_norm': '2.546e-05', 'learning_rate': '1.215e-05', 'epoch': '2.543'}
[1A
[1A 85%|████████▍ | 882/1041 [3:32:04<38:13, 14.42s/it]
[1A 85%|████████▍ | 883/1041 [3:32:18<37:59, 14.43s/it]
[1A                                                    
{'loss': '8.15e-06', 'grad_norm': '0.000352', 'learning_rate': '1.201e-05', 'epoch': '2.545'}
[1A
[1A 85%|████████▍ | 883/1041 [3:32:18<37:59, 14.43s/it]
[1A 85%|████████▍ | 884/1041 [3:32:33<37:29, 14.33s/it]
[1A                                                    
{'loss': '8.132e-05', 'grad_norm': '0.007047', 'learning_rate': '1.186e-05', 'epoch': '2.548'}
[1A
[1A 85%|████████▍ | 884/1041 [3:32:33<37:29, 14.33s/it]
[1A 85%|████████▌ | 885/1041 [3:32:47<37:27, 14.41s/it]
[1A                                                    
{'loss': '0.0001378', 'grad_norm': '0.005776', 'learning_rate': '1.171e-05', 'epoch': '2.551'}
[1A
[1A 85%|████████▌ | 885/1041 [3:32:47<37:27, 14.41s/it]
[1A 85%|████████▌ | 886/1041 [3:33:01<37:06, 14.37s/it]
[1A                                                    
{'loss': '5.878e-06', 'grad_norm': '0.0001401', 'learning_rate': '1.157e-05', 'epoch': '2.554'}
[1A
[1A 85%|████████▌ | 886/1041 [3:33:01<37:06, 14.37s/it]
[1A 85%|████████▌ | 887/1041 [3:33:16<36:49, 14.35s/it]
[1A                                                    
{'loss': '5.704e-05', 'grad_norm': '0.002167', 'learning_rate': '1.142e-05', 'epoch': '2.557'}
[1A
[1A 85%|████████▌ | 887/1041 [3:33:16<36:49, 14.35s/it]
[1A 85%|████████▌ | 888/1041 [3:33:31<36:55, 14.48s/it]
[1A                                                    
{'loss': '7.578e-06', 'grad_norm': '0.0001431', 'learning_rate': '1.128e-05', 'epoch': '2.56'}
[1A
[1A 85%|████████▌ | 888/1041 [3:33:31<36:55, 14.48s/it]
[1A 85%|████████▌ | 889/1041 [3:33:45<36:46, 14.52s/it]
[1A                                                    
{'loss': '9.4e-06', 'grad_norm': '0.0003397', 'learning_rate': '1.113e-05', 'epoch': '2.563'}
[1A
[1A 85%|████████▌ | 889/1041 [3:33:45<36:46, 14.52s/it]
[1A 85%|████████▌ | 890/1041 [3:34:00<36:30, 14.51s/it]
[1A                                                    
{'loss': '3.16e-06', 'grad_norm': '5.049e-05', 'learning_rate': '1.099e-05', 'epoch': '2.566'}
[1A
[1A 85%|████████▌ | 890/1041 [3:34:00<36:30, 14.51s/it]
[1A 86%|████████▌ | 891/1041 [3:34:14<36:20, 14.54s/it]
[1A                                                    
{'loss': '4.382e-06', 'grad_norm': '8.316e-05', 'learning_rate': '1.085e-05', 'epoch': '2.569'}
[1A
[1A 86%|████████▌ | 891/1041 [3:34:14<36:20, 14.54s/it]
[1A 86%|████████▌ | 892/1041 [3:34:29<36:04, 14.52s/it]
[1A                                                    
{'loss': '8.629e-06', 'grad_norm': '0.0002221', 'learning_rate': '1.071e-05', 'epoch': '2.571'}
[1A
[1A 86%|████████▌ | 892/1041 [3:34:29<36:04, 14.52s/it]
[1A 86%|████████▌ | 893/1041 [3:34:43<35:50, 14.53s/it]
[1A                                                    
{'loss': '6.713e-06', 'grad_norm': '0.0001177', 'learning_rate': '1.057e-05', 'epoch': '2.574'}
[1A
[1A 86%|████████▌ | 893/1041 [3:34:43<35:50, 14.53s/it]
[1A 86%|████████▌ | 894/1041 [3:34:58<35:30, 14.49s/it]
[1A                                                    
{'loss': '4.651e-06', 'grad_norm': '7.717e-05', 'learning_rate': '1.043e-05', 'epoch': '2.577'}
[1A
[1A 86%|████████▌ | 894/1041 [3:34:58<35:30, 14.49s/it]
[1A 86%|████████▌ | 895/1041 [3:35:11<34:39, 14.24s/it]
[1A                                                    
{'loss': '3.803e-06', 'grad_norm': '6.159e-05', 'learning_rate': '1.029e-05', 'epoch': '2.58'}
[1A
[1A 86%|████████▌ | 895/1041 [3:35:11<34:39, 14.24s/it]
[1A 86%|████████▌ | 896/1041 [3:35:25<33:51, 14.01s/it]
[1A                                                    
{'loss': '3.793e-06', 'grad_norm': '5.246e-05', 'learning_rate': '1.016e-05', 'epoch': '2.583'}
[1A
[1A 86%|████████▌ | 896/1041 [3:35:25<33:51, 14.01s/it]
[1A 86%|████████▌ | 897/1041 [3:35:40<34:12, 14.25s/it]
[1A                                                    
{'loss': '6.203e-06', 'grad_norm': '8.636e-05', 'learning_rate': '1.002e-05', 'epoch': '2.586'}
[1A
[1A 86%|████████▌ | 897/1041 [3:35:40<34:12, 14.25s/it]
[1A 86%|████████▋ | 898/1041 [3:35:54<33:57, 14.25s/it]
[1A                                                    
{'loss': '4.353e-06', 'grad_norm': '7.64e-05', 'learning_rate': '9.884e-06', 'epoch': '2.589'}
[1A
[1A 86%|████████▋ | 898/1041 [3:35:54<33:57, 14.25s/it]
[1A 86%|████████▋ | 899/1041 [3:36:08<33:38, 14.21s/it]
[1A                                                    
{'loss': '6.68e-05', 'grad_norm': '0.001798', 'learning_rate': '9.749e-06', 'epoch': '2.592'}
[1A
[1A 86%|████████▋ | 899/1041 [3:36:08<33:38, 14.21s/it]
[1A 86%|████████▋ | 900/1041 [3:36:30<39:06, 16.64s/it]
[1A                                                    
{'loss': '4.921e-05', 'grad_norm': '0.002647', 'learning_rate': '9.616e-06', 'epoch': '2.595'}
[1A
[1A 86%|████████▋ | 900/1041 [3:36:30<39:06, 16.64s/it]
[1A 87%|████████▋ | 901/1041 [3:36:45<37:16, 15.98s/it]
[1A                                                    
{'loss': '7.695e-06', 'grad_norm': '0.000295', 'learning_rate': '9.483e-06', 'epoch': '2.597'}
[1A
[1A 87%|████████▋ | 901/1041 [3:36:45<37:16, 15.98s/it]
[1A 87%|████████▋ | 902/1041 [3:36:59<36:02, 15.56s/it]
[1A                                                    
{'loss': '8.742e-06', 'grad_norm': '0.0001458', 'learning_rate': '9.351e-06', 'epoch': '2.6'}
[1A
[1A 87%|████████▋ | 902/1041 [3:36:59<36:02, 15.56s/it]
[1A 87%|████████▋ | 903/1041 [3:37:14<35:22, 15.38s/it]
[1A                                                    
{'loss': '1.916e-05', 'grad_norm': '0.001368', 'learning_rate': '9.22e-06', 'epoch': '2.603'}
[1A
[1A 87%|████████▋ | 903/1041 [3:37:14<35:22, 15.38s/it]
[1A 87%|████████▋ | 904/1041 [3:37:29<34:40, 15.19s/it]
[1A                                                    
{'loss': '4.456e-06', 'grad_norm': '6.053e-05', 'learning_rate': '9.09e-06', 'epoch': '2.606'}
[1A
[1A 87%|████████▋ | 904/1041 [3:37:29<34:40, 15.19s/it]
[1A 87%|████████▋ | 905/1041 [3:37:43<33:47, 14.91s/it]
[1A                                                    
{'loss': '2.285e-05', 'grad_norm': '0.0007558', 'learning_rate': '8.961e-06', 'epoch': '2.609'}
[1A
[1A 87%|████████▋ | 905/1041 [3:37:43<33:47, 14.91s/it]
[1A 87%|████████▋ | 906/1041 [3:37:58<33:33, 14.91s/it]
[1A                                                    
{'loss': '4.218e-06', 'grad_norm': '8.265e-05', 'learning_rate': '8.832e-06', 'epoch': '2.612'}
[1A
[1A 87%|████████▋ | 906/1041 [3:37:58<33:33, 14.91s/it]
[1A 87%|████████▋ | 907/1041 [3:38:12<32:50, 14.71s/it]
[1A                                                    
{'loss': '3.339e-06', 'grad_norm': '6e-05', 'learning_rate': '8.705e-06', 'epoch': '2.615'}
[1A
[1A 87%|████████▋ | 907/1041 [3:38:12<32:50, 14.71s/it]
[1A 87%|████████▋ | 908/1041 [3:38:27<32:46, 14.78s/it]
[1A                                                    
{'loss': '3.723e-06', 'grad_norm': '6.234e-05', 'learning_rate': '8.578e-06', 'epoch': '2.618'}
[1A
[1A 87%|████████▋ | 908/1041 [3:38:27<32:46, 14.78s/it]
[1A 87%|████████▋ | 909/1041 [3:38:42<32:20, 14.70s/it]
[1A                                                    
{'loss': '0.0001729', 'grad_norm': '0.01989', 'learning_rate': '8.452e-06', 'epoch': '2.62'}
[1A
[1A 87%|████████▋ | 909/1041 [3:38:42<32:20, 14.70s/it]
[1A 87%|████████▋ | 910/1041 [3:38:56<31:52, 14.60s/it]
[1A                                                    
{'loss': '5.346e-06', 'grad_norm': '0.0001046', 'learning_rate': '8.327e-06', 'epoch': '2.623'}
[1A
[1A 87%|████████▋ | 910/1041 [3:38:56<31:52, 14.60s/it]
[1A 88%|████████▊ | 911/1041 [3:39:11<31:45, 14.66s/it]
[1A                                                    
{'loss': '4.425e-06', 'grad_norm': '7.846e-05', 'learning_rate': '8.204e-06', 'epoch': '2.626'}
[1A
[1A 88%|████████▊ | 911/1041 [3:39:11<31:45, 14.66s/it]
[1A 88%|████████▊ | 912/1041 [3:39:26<31:43, 14.76s/it]
[1A                                                    
{'loss': '7.009e-06', 'grad_norm': '0.000135', 'learning_rate': '8.08e-06', 'epoch': '2.629'}
[1A
[1A 88%|████████▊ | 912/1041 [3:39:26<31:43, 14.76s/it]
[1A 88%|████████▊ | 913/1041 [3:39:40<31:14, 14.64s/it]
[1A                                                    
{'loss': '3.186e-06', 'grad_norm': '4.255e-05', 'learning_rate': '7.958e-06', 'epoch': '2.632'}
[1A
[1A 88%|████████▊ | 913/1041 [3:39:40<31:14, 14.64s/it]
[1A 88%|████████▊ | 914/1041 [3:39:55<31:09, 14.72s/it]
[1A                                                    
{'loss': '0.0001597', 'grad_norm': '0.01242', 'learning_rate': '7.837e-06', 'epoch': '2.635'}
[1A
[1A 88%|████████▊ | 914/1041 [3:39:55<31:09, 14.72s/it]
[1A 88%|████████▊ | 915/1041 [3:40:10<30:42, 14.62s/it]
[1A                                                    
{'loss': '2.432e-05', 'grad_norm': '0.00127', 'learning_rate': '7.717e-06', 'epoch': '2.638'}
[1A
[1A 88%|████████▊ | 915/1041 [3:40:10<30:42, 14.62s/it]
[1A 88%|████████▊ | 916/1041 [3:40:24<30:25, 14.60s/it]
[1A                                                    
{'loss': '8.723e-05', 'grad_norm': '0.008864', 'learning_rate': '7.597e-06', 'epoch': '2.641'}
[1A
[1A 88%|████████▊ | 916/1041 [3:40:24<30:25, 14.60s/it]
[1A 88%|████████▊ | 917/1041 [3:40:39<30:01, 14.53s/it]
[1A                                                    
{'loss': '4.175e-06', 'grad_norm': '5.467e-05', 'learning_rate': '7.479e-06', 'epoch': '2.644'}
[1A
[1A 88%|████████▊ | 917/1041 [3:40:39<30:01, 14.53s/it]
[1A 88%|████████▊ | 918/1041 [3:40:53<29:57, 14.62s/it]
[1A                                                    
{'loss': '4.641e-05', 'grad_norm': '0.001166', 'learning_rate': '7.361e-06', 'epoch': '2.646'}
[1A
[1A 88%|████████▊ | 918/1041 [3:40:53<29:57, 14.62s/it]
[1A 88%|████████▊ | 919/1041 [3:41:09<30:00, 14.76s/it]
[1A                                                    
{'loss': '8.099e-06', 'grad_norm': '0.0001058', 'learning_rate': '7.244e-06', 'epoch': '2.649'}
[1A
[1A 88%|████████▊ | 919/1041 [3:41:09<30:00, 14.76s/it]
[1A 88%|████████▊ | 920/1041 [3:41:23<29:26, 14.60s/it]
[1A                                                    
{'loss': '4.53e-05', 'grad_norm': '0.001541', 'learning_rate': '7.128e-06', 'epoch': '2.652'}
[1A
[1A 88%|████████▊ | 920/1041 [3:41:23<29:26, 14.60s/it]
[1A 88%|████████▊ | 921/1041 [3:41:37<28:50, 14.42s/it]
[1A                                                    
{'loss': '3.652e-06', 'grad_norm': '5.513e-05', 'learning_rate': '7.013e-06', 'epoch': '2.655'}
[1A
[1A 88%|████████▊ | 921/1041 [3:41:37<28:50, 14.42s/it]
[1A 89%|████████▊ | 922/1041 [3:41:51<28:36, 14.43s/it]
[1A                                                    
{'loss': '1.3e-05', 'grad_norm': '0.0002964', 'learning_rate': '6.899e-06', 'epoch': '2.658'}
[1A
[1A 89%|████████▊ | 922/1041 [3:41:51<28:36, 14.43s/it]
[1A 89%|████████▊ | 923/1041 [3:42:06<28:46, 14.63s/it]
[1A                                                    
{'loss': '4.196e-06', 'grad_norm': '6.338e-05', 'learning_rate': '6.786e-06', 'epoch': '2.661'}
[1A
[1A 89%|████████▊ | 923/1041 [3:42:06<28:46, 14.63s/it]
[1A 89%|████████▉ | 924/1041 [3:42:20<28:09, 14.44s/it]
[1A                                                    
{'loss': '4.736e-05', 'grad_norm': '0.001236', 'learning_rate': '6.674e-06', 'epoch': '2.664'}
[1A
[1A 89%|████████▉ | 924/1041 [3:42:20<28:09, 14.44s/it]
[1A 89%|████████▉ | 925/1041 [3:42:35<27:59, 14.48s/it]
[1A                                                    
{'loss': '3.649e-06', 'grad_norm': '9.124e-05', 'learning_rate': '6.562e-06', 'epoch': '2.667'}
[1A
[1A 89%|████████▉ | 925/1041 [3:42:35<27:59, 14.48s/it]
[1A 89%|████████▉ | 926/1041 [3:42:49<27:30, 14.35s/it]
[1A                                                    
{'loss': '3.301e-06', 'grad_norm': '5.146e-05', 'learning_rate': '6.452e-06', 'epoch': '2.67'}
[1A
[1A 89%|████████▉ | 926/1041 [3:42:49<27:30, 14.35s/it]
[1A 89%|████████▉ | 927/1041 [3:43:02<26:47, 14.10s/it]
[1A                                                    
{'loss': '3.382e-06', 'grad_norm': '9.509e-05', 'learning_rate': '6.342e-06', 'epoch': '2.672'}
[1A
[1A 89%|████████▉ | 927/1041 [3:43:02<26:47, 14.10s/it]
[1A 89%|████████▉ | 928/1041 [3:43:17<26:53, 14.28s/it]
[1A                                                    
{'loss': '2.265e-05', 'grad_norm': '0.0007704', 'learning_rate': '6.234e-06', 'epoch': '2.675'}
[1A
[1A 89%|████████▉ | 928/1041 [3:43:17<26:53, 14.28s/it]
[1A 89%|████████▉ | 929/1041 [3:43:32<27:01, 14.48s/it]
[1A                                                    
{'loss': '1.849e-05', 'grad_norm': '0.0005419', 'learning_rate': '6.126e-06', 'epoch': '2.678'}
[1A
[1A 89%|████████▉ | 929/1041 [3:43:32<27:01, 14.48s/it]
[1A 89%|████████▉ | 930/1041 [3:43:46<26:31, 14.34s/it]
[1A                                                    
{'loss': '3.105e-06', 'grad_norm': '7.616e-05', 'learning_rate': '6.019e-06', 'epoch': '2.681'}
[1A
[1A 89%|████████▉ | 930/1041 [3:43:46<26:31, 14.34s/it]
[1A 89%|████████▉ | 931/1041 [3:44:01<26:33, 14.48s/it]
[1A                                                    
{'loss': '1.413e-05', 'grad_norm': '0.0002342', 'learning_rate': '5.913e-06', 'epoch': '2.684'}
[1A
[1A 89%|████████▉ | 931/1041 [3:44:01<26:33, 14.48s/it]
[1A 90%|████████▉ | 932/1041 [3:44:15<25:57, 14.29s/it]
[1A                                                    
{'loss': '2.642e-06', 'grad_norm': '3.618e-05', 'learning_rate': '5.808e-06', 'epoch': '2.687'}
[1A
[1A 90%|████████▉ | 932/1041 [3:44:15<25:57, 14.29s/it]
[1A 90%|████████▉ | 933/1041 [3:44:30<26:07, 14.52s/it]
[1A                                                    
{'loss': '2.113e-06', 'grad_norm': '2.524e-05', 'learning_rate': '5.704e-06', 'epoch': '2.69'}
[1A
[1A 90%|████████▉ | 933/1041 [3:44:30<26:07, 14.52s/it]
[1A 90%|████████▉ | 934/1041 [3:44:44<25:30, 14.30s/it]
[1A                                                    
{'loss': '1.641e-05', 'grad_norm': '0.001065', 'learning_rate': '5.601e-06', 'epoch': '2.693'}
[1A
[1A 90%|████████▉ | 934/1041 [3:44:44<25:30, 14.30s/it]
[1A 90%|████████▉ | 935/1041 [3:44:58<25:11, 14.26s/it]
[1A                                                    
{'loss': '5.108e-06', 'grad_norm': '7.784e-05', 'learning_rate': '5.498e-06', 'epoch': '2.696'}
[1A
[1A 90%|████████▉ | 935/1041 [3:44:58<25:11, 14.26s/it]
[1A 90%|████████▉ | 936/1041 [3:45:12<25:04, 14.33s/it]
[1A                                                    
{'loss': '3.91e-06', 'grad_norm': '0.0001122', 'learning_rate': '5.397e-06', 'epoch': '2.698'}
[1A
[1A 90%|████████▉ | 936/1041 [3:45:12<25:04, 14.33s/it]
[1A 90%|█████████ | 937/1041 [3:45:27<24:54, 14.37s/it]
[1A                                                    
{'loss': '4.536e-06', 'grad_norm': '6.831e-05', 'learning_rate': '5.297e-06', 'epoch': '2.701'}
[1A
[1A 90%|█████████ | 937/1041 [3:45:27<24:54, 14.37s/it]
[1A 90%|█████████ | 938/1041 [3:45:41<24:40, 14.38s/it]
[1A                                                    
{'loss': '5.702e-05', 'grad_norm': '0.001908', 'learning_rate': '5.197e-06', 'epoch': '2.704'}
[1A
[1A 90%|█████████ | 938/1041 [3:45:41<24:40, 14.38s/it]
[1A 90%|█████████ | 939/1041 [3:45:55<24:16, 14.28s/it]
[1A                                                    
{'loss': '5.88e-06', 'grad_norm': '0.0001328', 'learning_rate': '5.098e-06', 'epoch': '2.707'}
[1A
[1A 90%|█████████ | 939/1041 [3:45:55<24:16, 14.28s/it]
[1A 90%|█████████ | 940/1041 [3:46:10<24:07, 14.34s/it]
[1A                                                    
{'loss': '4.121e-06', 'grad_norm': '5.932e-05', 'learning_rate': '5.001e-06', 'epoch': '2.71'}
[1A
[1A 90%|█████████ | 940/1041 [3:46:10<24:07, 14.34s/it]
[1A 90%|█████████ | 941/1041 [3:46:24<23:57, 14.37s/it]
[1A                                                    
{'loss': '4.291e-05', 'grad_norm': '0.003943', 'learning_rate': '4.904e-06', 'epoch': '2.713'}
[1A
[1A 90%|█████████ | 941/1041 [3:46:24<23:57, 14.37s/it]
[1A 90%|█████████ | 942/1041 [3:46:39<23:46, 14.41s/it]
[1A                                                    
{'loss': '2.979e-06', 'grad_norm': '4.022e-05', 'learning_rate': '4.808e-06', 'epoch': '2.716'}
[1A
[1A 90%|█████████ | 942/1041 [3:46:39<23:46, 14.41s/it]
[1A 91%|█████████ | 943/1041 [3:46:53<23:38, 14.48s/it]
[1A                                                    
{'loss': '7.507e-05', 'grad_norm': '0.002321', 'learning_rate': '4.713e-06', 'epoch': '2.719'}
[1A
[1A 91%|█████████ | 943/1041 [3:46:53<23:38, 14.48s/it]
[1A 91%|█████████ | 944/1041 [3:47:08<23:35, 14.60s/it]
[1A                                                    
{'loss': '9.227e-06', 'grad_norm': '0.0001916', 'learning_rate': '4.619e-06', 'epoch': '2.722'}
[1A
[1A 91%|█████████ | 944/1041 [3:47:08<23:35, 14.60s/it]
[1A 91%|█████████ | 945/1041 [3:47:22<23:05, 14.43s/it]
[1A                                                    
{'loss': '7.099e-06', 'grad_norm': '0.0001067', 'learning_rate': '4.526e-06', 'epoch': '2.724'}
[1A
[1A 91%|█████████ | 945/1041 [3:47:22<23:05, 14.43s/it]
[1A 91%|█████████ | 946/1041 [3:47:36<22:42, 14.34s/it]
[1A                                                    
{'loss': '3.627e-06', 'grad_norm': '9.93e-05', 'learning_rate': '4.434e-06', 'epoch': '2.727'}
[1A
[1A 91%|█████████ | 946/1041 [3:47:36<22:42, 14.34s/it]
[1A 91%|█████████ | 947/1041 [3:47:51<22:26, 14.33s/it]
[1A                                                    
{'loss': '6.34e-06', 'grad_norm': '0.0001209', 'learning_rate': '4.343e-06', 'epoch': '2.73'}
[1A
[1A 91%|█████████ | 947/1041 [3:47:51<22:26, 14.33s/it]
[1A 91%|█████████ | 948/1041 [3:48:05<22:04, 14.24s/it]
[1A                                                    
{'loss': '1.041e-05', 'grad_norm': '0.0003352', 'learning_rate': '4.252e-06', 'epoch': '2.733'}
[1A
[1A 91%|█████████ | 948/1041 [3:48:05<22:04, 14.24s/it]
[1A 91%|█████████ | 949/1041 [3:48:19<22:00, 14.36s/it]
[1A                                                    
{'loss': '0.0001251', 'grad_norm': '0.003545', 'learning_rate': '4.163e-06', 'epoch': '2.736'}
[1A
[1A 91%|█████████ | 949/1041 [3:48:19<22:00, 14.36s/it]
[1A 91%|█████████▏| 950/1041 [3:48:34<21:52, 14.42s/it]
[1A                                                    
{'loss': '1.502e-05', 'grad_norm': '0.0004595', 'learning_rate': '4.075e-06', 'epoch': '2.739'}
[1A
[1A 91%|█████████▏| 950/1041 [3:48:34<21:52, 14.42s/it]
[1A 91%|█████████▏| 951/1041 [3:48:48<21:43, 14.48s/it]
[1A                                                    
{'loss': '3.305e-06', 'grad_norm': '4.546e-05', 'learning_rate': '3.987e-06', 'epoch': '2.742'}
[1A
[1A 91%|█████████▏| 951/1041 [3:48:48<21:43, 14.48s/it]
[1A 91%|█████████▏| 952/1041 [3:49:03<21:28, 14.47s/it]
[1A                                                    
{'loss': '8.164e-06', 'grad_norm': '0.0004832', 'learning_rate': '3.901e-06', 'epoch': '2.745'}
[1A
[1A 91%|█████████▏| 952/1041 [3:49:03<21:28, 14.47s/it]
[1A 92%|█████████▏| 953/1041 [3:49:18<21:22, 14.58s/it]
[1A                                                    
{'loss': '0.0002705', 'grad_norm': '0.01069', 'learning_rate': '3.815e-06', 'epoch': '2.747'}
[1A
[1A 92%|█████████▏| 953/1041 [3:49:18<21:22, 14.58s/it]
[1A 92%|█████████▏| 954/1041 [3:49:32<20:50, 14.38s/it]
[1A                                                    
{'loss': '4.183e-06', 'grad_norm': '7.831e-05', 'learning_rate': '3.73e-06', 'epoch': '2.75'}
[1A
[1A 92%|█████████▏| 954/1041 [3:49:32<20:50, 14.38s/it]
[1A 92%|█████████▏| 955/1041 [3:49:46<20:31, 14.32s/it]
[1A                                                    
{'loss': '3.009e-05', 'grad_norm': '0.0021', 'learning_rate': '3.646e-06', 'epoch': '2.753'}
[1A
[1A 92%|█████████▏| 955/1041 [3:49:46<20:31, 14.32s/it]
[1A 92%|█████████▏| 956/1041 [3:50:01<20:33, 14.51s/it]
[1A                                                    
{'loss': '1.009e-05', 'grad_norm': '0.000198', 'learning_rate': '3.564e-06', 'epoch': '2.756'}
[1A
[1A 92%|█████████▏| 956/1041 [3:50:01<20:33, 14.51s/it]
[1A 92%|█████████▏| 957/1041 [3:50:14<19:54, 14.22s/it]
[1A                                                    
{'loss': '5.35e-06', 'grad_norm': '0.0001242', 'learning_rate': '3.482e-06', 'epoch': '2.759'}
[1A
[1A 92%|█████████▏| 957/1041 [3:50:14<19:54, 14.22s/it]
[1A 92%|█████████▏| 958/1041 [3:50:29<19:43, 14.26s/it]
[1A                                                    
{'loss': '2.249e-06', 'grad_norm': '3.544e-05', 'learning_rate': '3.401e-06', 'epoch': '2.762'}
[1A
[1A 92%|█████████▏| 958/1041 [3:50:29<19:43, 14.26s/it]
[1A 92%|█████████▏| 959/1041 [3:50:43<19:21, 14.17s/it]
[1A                                                    
{'loss': '3.333e-06', 'grad_norm': '4.362e-05', 'learning_rate': '3.321e-06', 'epoch': '2.765'}
[1A
[1A 92%|█████████▏| 959/1041 [3:50:43<19:21, 14.17s/it]
[1A 92%|█████████▏| 960/1041 [3:50:57<19:18, 14.30s/it]
[1A                                                    
{'loss': '6.593e-06', 'grad_norm': '0.0001163', 'learning_rate': '3.242e-06', 'epoch': '2.768'}
[1A
[1A 92%|█████████▏| 960/1041 [3:50:57<19:18, 14.30s/it]
[1A 92%|█████████▏| 961/1041 [3:51:12<19:04, 14.31s/it]
[1A                                                    
{'loss': '1.47e-05', 'grad_norm': '0.0002322', 'learning_rate': '3.163e-06', 'epoch': '2.771'}
[1A
[1A 92%|█████████▏| 961/1041 [3:51:12<19:04, 14.31s/it]
[1A 92%|█████████▏| 962/1041 [3:51:26<18:51, 14.32s/it]
[1A                                                    
{'loss': '6.136e-06', 'grad_norm': '0.0001003', 'learning_rate': '3.086e-06', 'epoch': '2.773'}
[1A
[1A 92%|█████████▏| 962/1041 [3:51:26<18:51, 14.32s/it]
[1A 93%|█████████▎| 963/1041 [3:51:41<18:52, 14.52s/it]
[1A                                                    
{'loss': '2.391e-06', 'grad_norm': '2.984e-05', 'learning_rate': '3.01e-06', 'epoch': '2.776'}
[1A
[1A 93%|█████████▎| 963/1041 [3:51:41<18:52, 14.52s/it]
[1A 93%|█████████▎| 964/1041 [3:51:55<18:39, 14.54s/it]
[1A                                                    
{'loss': '1.349e-05', 'grad_norm': '0.0001874', 'learning_rate': '2.935e-06', 'epoch': '2.779'}
[1A
[1A 93%|█████████▎| 964/1041 [3:51:55<18:39, 14.54s/it]
[1A 93%|█████████▎| 965/1041 [3:52:09<18:08, 14.33s/it]
[1A                                                    
{'loss': '1.635e-06', 'grad_norm': '1.973e-05', 'learning_rate': '2.86e-06', 'epoch': '2.782'}
[1A
[1A 93%|█████████▎| 965/1041 [3:52:09<18:08, 14.33s/it]
[1A 93%|█████████▎| 966/1041 [3:52:24<17:54, 14.33s/it]
[1A                                                    
{'loss': '0.0001008', 'grad_norm': '0.004285', 'learning_rate': '2.787e-06', 'epoch': '2.785'}
[1A
[1A 93%|█████████▎| 966/1041 [3:52:24<17:54, 14.33s/it]
[1A 93%|█████████▎| 967/1041 [3:52:38<17:36, 14.28s/it]
[1A                                                    
{'loss': '1.875e-06', 'grad_norm': '2.414e-05', 'learning_rate': '2.714e-06', 'epoch': '2.788'}
[1A
[1A 93%|█████████▎| 967/1041 [3:52:38<17:36, 14.28s/it]
[1A 93%|█████████▎| 968/1041 [3:52:52<17:22, 14.28s/it]
[1A                                                    
{'loss': '3.724e-06', 'grad_norm': '8.149e-05', 'learning_rate': '2.643e-06', 'epoch': '2.791'}
[1A
[1A 93%|█████████▎| 968/1041 [3:52:52<17:22, 14.28s/it]
[1A 93%|█████████▎| 969/1041 [3:53:06<17:08, 14.29s/it]                                                    
{'loss': '9.705e-06', 'grad_norm': '0.000421', 'learning_rate': '2.572e-06', 'epoch': '2.794'}
[1A
[1A 93%|█████████▎| 969/1041 [3:53:06<17:08, 14.29s/it]
[1A 93%|█████████▎| 970/1041 [3:53:21<17:03, 14.42s/it]
[1A                                                    
{'loss': '5.071e-06', 'grad_norm': '9.166e-05', 'learning_rate': '2.502e-06', 'epoch': '2.797'}
[1A
[1A 93%|█████████▎| 970/1041 [3:53:21<17:03, 14.42s/it]
[1A 93%|█████████▎| 971/1041 [3:53:35<16:33, 14.20s/it]
[1A                                                    
{'loss': '3.685e-06', 'grad_norm': '5.375e-05', 'learning_rate': '2.434e-06', 'epoch': '2.799'}
[1A
[1A 93%|█████████▎| 971/1041 [3:53:35<16:33, 14.20s/it]
[1A 93%|█████████▎| 972/1041 [3:53:49<16:15, 14.14s/it]
[1A                                                    
{'loss': '6.939e-06', 'grad_norm': '0.0002237', 'learning_rate': '2.366e-06', 'epoch': '2.802'}
[1A
[1A 93%|█████████▎| 972/1041 [3:53:49<16:15, 14.14s/it]
[1A 93%|█████████▎| 973/1041 [3:54:03<15:57, 14.08s/it]
[1A                                                    
{'loss': '1.364e-05', 'grad_norm': '0.0006296', 'learning_rate': '2.299e-06', 'epoch': '2.805'}
[1A
[1A 93%|█████████▎| 973/1041 [3:54:03<15:57, 14.08s/it]
[1A 94%|█████████▎| 974/1041 [3:54:18<15:58, 14.31s/it]
[1A                                                    
{'loss': '4.02e-06', 'grad_norm': '0.0001277', 'learning_rate': '2.233e-06', 'epoch': '2.808'}
[1A
[1A 94%|█████████▎| 974/1041 [3:54:18<15:58, 14.31s/it]
[1A 94%|█████████▎| 975/1041 [3:54:32<15:38, 14.23s/it]
[1A                                                    
{'loss': '5.1e-05', 'grad_norm': '0.004317', 'learning_rate': '2.168e-06', 'epoch': '2.811'}
[1A
[1A 94%|█████████▎| 975/1041 [3:54:32<15:38, 14.23s/it]
[1A 94%|█████████▍| 976/1041 [3:54:46<15:22, 14.20s/it]
[1A                                                    
{'loss': '3.287e-06', 'grad_norm': '5.331e-05', 'learning_rate': '2.104e-06', 'epoch': '2.814'}
[1A
[1A 94%|█████████▍| 976/1041 [3:54:46<15:22, 14.20s/it]
[1A 94%|█████████▍| 977/1041 [3:54:59<14:52, 13.95s/it]
[1A                                                    
{'loss': '1.978e-06', 'grad_norm': '3.038e-05', 'learning_rate': '2.041e-06', 'epoch': '2.817'}
[1A
[1A 94%|█████████▍| 977/1041 [3:54:59<14:52, 13.95s/it]
[1A 94%|█████████▍| 978/1041 [3:55:13<14:31, 13.83s/it]
[1A                                                    
{'loss': '1.925e-06', 'grad_norm': '2.207e-05', 'learning_rate': '1.979e-06', 'epoch': '2.82'}
[1A
[1A 94%|█████████▍| 978/1041 [3:55:13<14:31, 13.83s/it]
[1A 94%|█████████▍| 979/1041 [3:55:27<14:28, 14.01s/it]
[1A                                                    
{'loss': '4.928e-06', 'grad_norm': '0.0001286', 'learning_rate': '1.918e-06', 'epoch': '2.823'}
[1A
[1A 94%|█████████▍| 979/1041 [3:55:27<14:28, 14.01s/it]
[1A 94%|█████████▍| 980/1041 [3:55:41<14:17, 14.05s/it]
[1A                                                    
{'loss': '3.105e-05', 'grad_norm': '0.0008609', 'learning_rate': '1.857e-06', 'epoch': '2.825'}
[1A
[1A 94%|█████████▍| 980/1041 [3:55:41<14:17, 14.05s/it]
[1A 94%|█████████▍| 981/1041 [3:55:55<13:59, 14.00s/it]
[1A                                                    
{'loss': '5.011e-06', 'grad_norm': '0.0001212', 'learning_rate': '1.798e-06', 'epoch': '2.828'}
[1A
[1A 94%|█████████▍| 981/1041 [3:55:55<13:59, 14.00s/it]
[1A 94%|█████████▍| 982/1041 [3:56:09<13:46, 14.00s/it]
[1A                                                    
{'loss': '6.692e-06', 'grad_norm': '0.0002776', 'learning_rate': '1.74e-06', 'epoch': '2.831'}
[1A
[1A 94%|█████████▍| 982/1041 [3:56:09<13:46, 14.00s/it]
[1A 94%|█████████▍| 983/1041 [3:56:24<13:52, 14.36s/it]
[1A                                                    
{'loss': '0.0001124', 'grad_norm': '0.003884', 'learning_rate': '1.683e-06', 'epoch': '2.834'}
[1A
[1A 94%|█████████▍| 983/1041 [3:56:24<13:52, 14.36s/it]
[1A 95%|█████████▍| 984/1041 [3:56:38<13:22, 14.08s/it]
[1A                                                    
{'loss': '2.044e-06', 'grad_norm': '2.48e-05', 'learning_rate': '1.626e-06', 'epoch': '2.837'}
[1A
[1A 95%|█████████▍| 984/1041 [3:56:38<13:22, 14.08s/it]
[1A 95%|█████████▍| 985/1041 [3:56:52<13:05, 14.03s/it]
[1A                                                    
{'loss': '2.638e-06', 'grad_norm': '4.42e-05', 'learning_rate': '1.571e-06', 'epoch': '2.84'}
[1A
[1A 95%|█████████▍| 985/1041 [3:56:52<13:05, 14.03s/it]
[1A 95%|█████████▍| 986/1041 [3:57:06<13:03, 14.25s/it]
[1A                                                    
{'loss': '3.692e-05', 'grad_norm': '0.001467', 'learning_rate': '1.516e-06', 'epoch': '2.843'}
[1A
[1A 95%|█████████▍| 986/1041 [3:57:06<13:03, 14.25s/it]
{'loss': '2.294e-06', 'grad_norm': '2.74e-05', 'learning_rate': '1.463e-06', 'epoch': '2.846'}
[1A 95%|█████████▍| 987/1041 [3:57:21<12:51, 14.28s/it]                                                    
[1A
[1A 95%|█████████▍| 987/1041 [3:57:21<12:51, 14.28s/it]
[1A 95%|█████████▍| 988/1041 [3:57:35<12:38, 14.31s/it]
[1A                                                    
{'loss': '2.78e-06', 'grad_norm': '4.955e-05', 'learning_rate': '1.41e-06', 'epoch': '2.848'}
[1A
[1A 95%|█████████▍| 988/1041 [3:57:35<12:38, 14.31s/it]
[1A 95%|█████████▌| 989/1041 [3:57:50<12:25, 14.34s/it]
[1A                                                    
{'loss': '8.125e-06', 'grad_norm': '0.0001217', 'learning_rate': '1.358e-06', 'epoch': '2.851'}
[1A
[1A 95%|█████████▌| 989/1041 [3:57:50<12:25, 14.34s/it]
[1A 95%|█████████▌| 990/1041 [3:58:04<12:12, 14.37s/it]
[1A                                                    
{'loss': '0.0001798', 'grad_norm': '0.009605', 'learning_rate': '1.308e-06', 'epoch': '2.854'}
[1A
[1A 95%|█████████▌| 990/1041 [3:58:04<12:12, 14.37s/it]
[1A 95%|█████████▌| 991/1041 [3:58:18<11:48, 14.18s/it]
[1A                                                    
{'loss': '3.064e-06', 'grad_norm': '5.825e-05', 'learning_rate': '1.258e-06', 'epoch': '2.857'}
[1A
[1A 95%|█████████▌| 991/1041 [3:58:18<11:48, 14.18s/it][modal-client] 2026-08-19T06:48:46+0000 Received a cancellation signal while processing input ('in-01M0BYQG4YZ9E6PJNSREJC7701:1787107721374-0',)

[1A 95%|█████████▌| 992/1041 [3:58:32<11:40, 14.30s/it]
[1A                                                    
[1A
{'loss': '5.087e-06', 'grad_norm': '8.63e-05', 'learning_rate': '1.209e-06', 'epoch': '2.86'}
[1A 95%|█████████▌| 992/1041 [3:58:32<11:40, 14.30s/it]
[1A 95%|█████████▌| 993/1041 [3:58:46<11:22, 14.22s/it]
[1A                                                    
{'loss': '1.63e-05', 'grad_norm': '0.000244', 'learning_rate': '1.162e-06', 'epoch': '2.863'}
[1A
[1A 95%|█████████▌| 993/1041 [3:58:46<11:22, 14.22s/it]
[1A 95%|█████████▌| 993/1041 [3:58:50<11:32, 14.43s/it]
Input in-01M0BYQG4YZ9E6PJNSREJC7701:1787107721374-0 failed to respond to cancellation for too long: 30 seconds - killing task
╭───────────────────── Traceback (most recent call last) ──────────────────────╮
│ /opt/anaconda3/envs/main/lib/python3.13/site-packages/grpclib/client.py:369  │
│ in recv_initial_metadata                                                     │
│                                                                              │
│ /opt/anaconda3/envs/main/lib/python3.13/site-packages/grpclib/protocol.py:34 │
│ 2 in recv_headers                                                            │
│                                                                              │
│ /opt/anaconda3/envs/main/lib/python3.13/asyncio/locks.py:213 in wait         │
│                                                                              │
│   212 │   │   try:                                                           │
│ ❱ 213 │   │   │   await fut                                                  │
│   214 │   │   │   return True                                                │
╰──────────────────────────────────────────────────────────────────────────────╯
CancelledError

During handling of the above exception, another exception occurred:

╭───────────────────── Traceback (most recent call last) ──────────────────────╮
│ /Users/harsh/semantic-drift-autoformalization/ft-experiments/v2/train_pairs. │
│ py:655 in main                                                               │
│                                                                              │
│   654 │   │   │    f"preset={preset}, completion-only loss")                 │
│ ❱ 655 │   t0 = time.monotonic()                                              │
│   656 │   result = train.remote(payload, holdout_payload, config)            │
│                                                                              │
│ /opt/anaconda3/envs/main/lib/python3.13/site-packages/modal/_object.py:46 in │
│ wrapped                                                                      │
│                                                                              │
│    45 │   │   await self.hydrate()                                           │
│ ❱  46 │   │   return await method(self, *args, **kwargs)                     │
│    47                                                                        │
│                                                                              │
│ /opt/anaconda3/envs/main/lib/python3.13/site-packages/modal/_functions.py:17 │
│ 66 in remote                                                                 │
│                                                                              │
│   1765 │   │                                                                 │
│ ❱ 1766 │   │   return await self._call_function(args, kwargs)                │
│   1767                                                                       │
│                                                                              │
│ /opt/anaconda3/envs/main/lib/python3.13/site-packages/modal/_functions.py:17 │
│ 10 in _call_function                                                         │
│                                                                              │
│   1709 │   │                                                                 │
│ ❱ 1710 │   │   return await invocation.run_function()                        │
│   1711                                                                       │
│                                                                              │
│ /opt/anaconda3/envs/main/lib/python3.13/site-packages/modal/_functions.py:46 │
│ 5 in run_function                                                            │
│                                                                              │
│    464 │   │   │   metadata = await self.client.get_input_plane_metadata(sel │
│ ❱  465 │   │   │   await_response: api_pb2.AttemptAwaitResponse = await self │
│    466 │   │   │   │   await_request,                                        │
│                                                                              │
│ /opt/anaconda3/envs/main/lib/python3.13/site-packages/modal/_grpc_client.py: │
│ 158 in direct                                                                │
│                                                                              │
│   157 │   │   self.wrapped_method.channel = await self.client._get_channel(s │
│ ❱ 158 │   │   return await self.client._call_unary(self.wrapped_method, req, │
│   159                                                                        │
│                                                                              │
│ /opt/anaconda3/envs/main/lib/python3.13/site-packages/modal/client.py:338 in │
│ _call_unary                                                                  │
│                                                                              │
│   337 │   │   coro = grpclib_method(request, timeout=timeout, metadata=metad │
│ ❱ 338 │   │   return await self._call_safely(coro, grpclib_method.name)      │
│   339                                                                        │
│                                                                              │
│ /opt/anaconda3/envs/main/lib/python3.13/site-packages/modal/client.py:298 in │
│ _call_safely                                                                 │
│                                                                              │
│   297 │   │   │   │   request_task.set_name(readable_method)                 │
│ ❱ 298 │   │   │   │   return await request_task                              │
│   299 │   │   │   except asyncio.CancelledError:                             │
│                                                                              │
│ /opt/anaconda3/envs/main/lib/python3.13/site-packages/grpclib/client.py:913  │
│ in __call__                                                                  │
│                                                                              │
│ /opt/anaconda3/envs/main/lib/python3.13/site-packages/grpclib/client.py:426  │
│ in recv_message                                                              │
│                                                                              │
│ /opt/anaconda3/envs/main/lib/python3.13/site-packages/grpclib/client.py:368  │
│ in recv_initial_metadata                                                     │
│                                                                              │
│ /opt/anaconda3/envs/main/lib/python3.13/site-packages/grpclib/utils.py:70 in │
│ __exit__                                                                     │
╰──────────────────────────────────────────────────────────────────────────────╯
StreamTerminatedError: Connection lost
EXIT:0
