✓ Initialized. View run at 
https://modal.com/apps/order-evaluation/main/ap-44zij33UnmX0r2rYMuWMKq
✓ Created objects.
├── 🔨 Created mount 
│   /Users/harsh/semantic-drift-autoformalization/ft-experiments/v2/train_pairs.
│   py
└── 🔨 Created function train.
= resolved training config: {"run_name": "v2-ministral-14b-s0", "model_id": "mistralai/Ministral-3-14B-Instruct-2512-BF16", "seed": 0, "rank": 16, "lora_alpha": 16, "target_modules": ["q_proj", "k_proj", "v_proj", "o_proj", "gate_proj", "up_proj", "down_proj"], "batch_size": 4, "grad_accum": 2, "lr": 0.0002, "save_steps": 100, "max_len": 2048, "template_sha": "ad33f6de859156b81be0d889abd3c56e4d9275bd855eb6d804d4e8ebcfe4983c", "epochs": 3}  samples=all

==========
== CUDA ==
==========

CUDA Version 12.8.1

Container image Copyright (c) 2016-2023, NVIDIA CORPORATION & AFFILIATES. All rights reserved.

This container image and its contents are governed by the NVIDIA Deep Learning Container License.
By pulling and using the container, you accept the terms and conditions of this license:
https://developer.nvidia.com/ngc/nvidia-deep-learning-container-license

A copy of this license is made available in this container at /NGC-DL-CONTAINER-LICENSE for your convenience.

/usr/local/lib/python3.12/site-packages/huggingface_hub/constants.py:298: FutureWarning: The `HF_HUB_ENABLE_HF_TRANSFER` environment variable is deprecated as 'hf_transfer' is not used anymore. Please use `HF_XET_HIGH_PERFORMANCE` instead to enable high performance transfer with Xet. Visit https://huggingface.co/docs/huggingface_hub/package_reference/environment_variables#hfxethighperformance for more details.
  warnings.warn(
[transformers] The tokenizer you are loading from 'mistralai/Ministral-3-14B-Instruct-2512-BF16' with an incorrect regex pattern: https://huggingface.co/mistralai/Mistral-Small-3.1-24B-Instruct-2503/discussions/84#69121093e8b480e709447d5e. This will lead to incorrect tokenization. You should set the `fix_mistral_regex=True` flag when loading this tokenizer to fix this issue.
= dataset: 2772 kept, 0 dropped overlong, seq len max 1832 mean 1686.0

[1ALoading weights:   0%|          | 0/585 [00:00<?, ?it/s]
[1ALoading weights:   0%|          | 1/585 [00:00<06:51,  1.42it/s]
[1ALoading weights:   0%|          | 2/585 [00:04<23:03,  2.37s/it]
[1ALoading weights:   1%|          | 5/585 [00:04<06:51,  1.41it/s]
[1ALoading weights:   2%|▏         | 9/585 [00:04<03:01,  3.18it/s]
[1ALoading weights:   2%|▏         | 13/585 [00:04<01:50,  5.19it/s]
[1ALoading weights:   3%|▎         | 17/585 [00:04<01:12,  7.87it/s]
[1ALoading weights:   4%|▍         | 22/585 [00:04<00:47, 11.86it/s]
[1ALoading weights:   4%|▍         | 26/585 [00:05<00:40, 13.90it/s]
[1ALoading weights:   5%|▍         | 29/585 [00:05<00:36, 15.19it/s]
[1ALoading weights:   6%|▌         | 33/585 [00:05<00:31, 17.50it/s]
[1ALoading weights:   6%|▋         | 37/585 [00:05<00:27, 20.09it/s]
[1ALoading weights:   7%|▋         | 41/585 [00:05<00:22, 23.77it/s]
[1ALoading weights:   8%|▊         | 45/585 [00:05<00:20, 26.79it/s]
[1ALoading weights:   8%|▊         | 49/585 [00:05<00:18, 29.04it/s]
[1ALoading weights:   9%|▉         | 53/585 [00:06<00:20, 26.47it/s]
[1ALoading weights:  10%|▉         | 58/585 [00:06<00:17, 30.93it/s]
[1ALoading weights:  11%|█         | 62/585 [00:06<00:18, 27.99it/s]
[1ALoading weights:  11%|█▏        | 67/585 [00:06<00:15, 32.72it/s]
[1ALoading weights:  12%|█▏        | 71/585 [00:06<00:18, 27.97it/s]
[1ALoading weights:  13%|█▎        | 75/585 [00:06<00:17, 29.75it/s]
[1ALoading weights:  14%|█▎        | 79/585 [00:06<00:18, 27.20it/s]
[1ALoading weights:  15%|█▍        | 85/585 [00:07<00:14, 33.44it/s]
[1ALoading weights:  15%|█▌        | 89/585 [00:07<00:16, 30.05it/s]
[1ALoading weights:  16%|█▌        | 95/585 [00:07<00:15, 31.38it/s]
[1ALoading weights:  17%|█▋        | 100/585 [00:07<00:14, 33.81it/s]
[1ALoading weights:  18%|█▊        | 104/585 [00:07<00:15, 30.66it/s]
[1ALoading weights:  19%|█▊        | 109/585 [00:07<00:14, 33.17it/s]
[1ALoading weights:  19%|█▉        | 113/585 [00:07<00:17, 26.65it/s]
[1ALoading weights:  21%|██        | 121/585 [00:08<00:12, 36.98it/s]
[1ALoading weights:  22%|██▏       | 126/585 [00:08<00:13, 34.23it/s]
[1ALoading weights:  22%|██▏       | 130/585 [00:08<00:12, 35.04it/s]
[1ALoading weights:  23%|██▎       | 134/585 [00:08<00:14, 30.40it/s]
[1ALoading weights:  24%|██▍       | 139/585 [00:08<00:15, 29.30it/s]
[1ALoading weights:  25%|██▍       | 144/585 [00:08<00:13, 33.37it/s]
[1ALoading weights:  25%|██▌       | 148/585 [00:08<00:12, 34.12it/s]
[1ALoading weights:  26%|██▌       | 152/585 [00:09<00:14, 30.61it/s]
[1ALoading weights:  27%|██▋       | 157/585 [00:09<00:12, 34.11it/s]
[1ALoading weights:  28%|██▊       | 161/585 [00:11<01:26,  4.90it/s]
[1ALoading weights:  28%|██▊       | 166/585 [00:12<01:00,  6.93it/s]
[1ALoading weights:  29%|██▉       | 170/585 [00:12<00:48,  8.51it/s]
[1ALoading weights:  30%|██▉       | 173/585 [00:12<00:41,  9.95it/s]
[1ALoading weights:  30%|███       | 177/585 [00:12<00:33, 12.29it/s]
[1ALoading weights:  31%|███       | 181/585 [00:12<00:27, 14.48it/s]
[1ALoading weights:  32%|███▏      | 186/585 [00:12<00:21, 18.22it/s]
[1ALoading weights:  33%|███▎      | 192/585 [00:12<00:16, 23.81it/s]
[1ALoading weights:  34%|███▎      | 196/585 [00:13<00:16, 24.06it/s]
[1ALoading weights:  34%|███▍      | 200/585 [00:13<00:15, 24.95it/s]
[1ALoading weights:  35%|███▍      | 204/585 [00:13<00:14, 25.96it/s]
[1ALoading weights:  36%|███▌      | 211/585 [00:13<00:10, 34.50it/s]
[1ALoading weights:  37%|███▋      | 216/585 [00:13<00:11, 32.26it/s]
[1ALoading weights:  38%|███▊      | 220/585 [00:13<00:10, 33.35it/s]
[1ALoading weights:  38%|███▊      | 224/585 [00:13<00:12, 30.02it/s]
[1ALoading weights:  39%|███▉      | 230/585 [00:14<00:11, 31.40it/s]
[1ALoading weights:  40%|████      | 234/585 [00:14<00:10, 33.21it/s]
[1ALoading weights:  41%|████      | 238/585 [00:14<00:10, 32.07it/s]
[1ALoading weights:  41%|████▏     | 242/585 [00:14<00:11, 29.50it/s]
[1ALoading weights:  42%|████▏     | 246/585 [00:14<00:11, 28.87it/s]
[1ALoading weights:  43%|████▎     | 249/585 [00:14<00:12, 26.95it/s]
[1ALoading weights:  44%|████▎     | 255/585 [00:14<00:10, 32.48it/s]
[1ALoading weights:  44%|████▍     | 259/585 [00:15<00:10, 31.46it/s]
[1ALoading weights:  45%|████▌     | 266/585 [00:15<00:09, 34.73it/s]
[1ALoading weights:  46%|████▋     | 271/585 [00:15<00:09, 34.58it/s]
[1ALoading weights:  47%|████▋     | 275/585 [00:15<00:09, 32.80it/s]
[1ALoading weights:  48%|████▊     | 279/585 [00:15<00:08, 34.25it/s]
[1ALoading weights:  48%|████▊     | 283/585 [00:15<00:08, 33.98it/s]
[1ALoading weights:  49%|████▉     | 287/585 [00:15<00:09, 30.32it/s]
[1ALoading weights:  50%|█████     | 293/585 [00:16<00:10, 26.75it/s]
[1ALoading weights:  52%|█████▏    | 302/585 [00:16<00:08, 33.83it/s]
[1ALoading weights:  52%|█████▏    | 307/585 [00:16<00:09, 29.24it/s]
[1ALoading weights:  53%|█████▎    | 312/585 [00:16<00:09, 29.53it/s]
[1ALoading weights:  54%|█████▍    | 316/585 [00:16<00:08, 30.74it/s]
[1ALoading weights:  55%|█████▍    | 320/585 [00:17<00:08, 29.73it/s]
[1ALoading weights:  56%|█████▌    | 328/585 [00:17<00:06, 38.46it/s]
[1ALoading weights:  57%|█████▋    | 333/585 [00:17<00:07, 33.79it/s]
[1ALoading weights:  58%|█████▊    | 338/585 [00:17<00:08, 30.15it/s]
[1ALoading weights:  59%|█████▉    | 346/585 [00:17<00:06, 38.81it/s]
[1ALoading weights:  60%|██████    | 351/585 [00:17<00:06, 35.10it/s]
[1ALoading weights:  61%|██████    | 355/585 [00:17<00:06, 35.79it/s]
[1ALoading weights:  61%|██████▏   | 359/585 [00:18<00:07, 31.95it/s]
[1ALoading weights:  67%|██████▋   | 393/585 [00:18<00:01, 96.16it/s]
[1ALoading weights:  75%|███████▍  | 438/585 [00:18<00:00, 177.38it/s]
[1ALoading weights:  86%|████████▌ | 501/585 [00:18<00:00, 282.37it/s]
[1ALoading weights:  96%|█████████▋| 564/585 [00:18<00:00, 364.47it/s]
[1ALoading weights: 100%|██████████| 585/585 [00:18<00:00, 31.53it/s] 
[transformers] The tied weights mapping and config for this model specifies to tie model.language_model.embed_tokens.weight to lm_head.weight, but both are present in the checkpoints with different values, so we will NOT tie them. You should update the config with `tie_word_embeddings=False` to silence this warning.
= model loaded: bf16 (multimodal wrapper, text-only training)
[transformers] warmup_ratio is deprecated and will be removed in v5.2. Use `warmup_steps` instead.
[RANK 0] Detected kernel version 4.19.0, which is below the recommended minimum of 5.5.0; this can cause the process to hang. It is recommended to upgrade the kernel to the minimum version or higher.

[1A  0%|          | 0/1041 [00:00<?, ?it/s]
[1A  0%|          | 1/1041 [00:11<3:22:06, 11.66s/it]
[1A                                                  
{'loss': '0.8301', 'grad_norm': '2.596', 'learning_rate': '0', 'epoch': '0.002886'}
[1A
[1A  0%|          | 1/1041 [00:11<3:22:06, 11.66s/it]
[1A  0%|          | 2/1041 [00:20<2:52:23,  9.96s/it]
[1A                                                  
{'loss': '0.921', 'grad_norm': '2.668', 'learning_rate': '6.25e-06', 'epoch': '0.005772'}
[1A
[1A  0%|          | 2/1041 [00:20<2:52:23,  9.96s/it]
[1A  0%|          | 3/1041 [00:29<2:42:44,  9.41s/it]                                                  
{'loss': '0.9543', 'grad_norm': '3.096', 'learning_rate': '1.25e-05', 'epoch': '0.008658'}
[1A
[1A  0%|          | 3/1041 [00:29<2:42:44,  9.41s/it]
[1A  0%|          | 4/1041 [00:37<2:37:40,  9.12s/it]
[1A                                                  
{'loss': '0.983', 'grad_norm': '3.175', 'learning_rate': '1.875e-05', 'epoch': '0.01154'}
[1A
[1A  0%|          | 4/1041 [00:37<2:37:40,  9.12s/it]
[1A  0%|          | 5/1041 [00:46<2:36:15,  9.05s/it]
[1A                                                  
{'loss': '0.8923', 'grad_norm': '2.72', 'learning_rate': '2.5e-05', 'epoch': '0.01443'}
[1A
[1A  0%|          | 5/1041 [00:46<2:36:15,  9.05s/it]
[1A  1%|          | 6/1041 [00:56<2:37:25,  9.13s/it]
[1A                                                  
{'loss': '0.7933', 'grad_norm': '2.695', 'learning_rate': '3.125e-05', 'epoch': '0.01732'}
[1A
[1A  1%|          | 6/1041 [00:56<2:37:25,  9.13s/it]
[1A  1%|          | 7/1041 [01:04<2:36:02,  9.06s/it]
[1A                                                  
{'loss': '0.7776', 'grad_norm': '2.803', 'learning_rate': '3.75e-05', 'epoch': '0.0202'}
[1A
[1A  1%|          | 7/1041 [01:04<2:36:02,  9.06s/it]
[1A  1%|          | 8/1041 [01:13<2:33:42,  8.93s/it]
[1A                                                  
{'loss': '0.6674', 'grad_norm': '2.071', 'learning_rate': '4.375e-05', 'epoch': '0.02309'}
[1A
[1A  1%|          | 8/1041 [01:13<2:33:42,  8.93s/it]
[1A  1%|          | 9/1041 [01:22<2:34:46,  9.00s/it]
[1A                                                  
{'loss': '0.4949', 'grad_norm': '1.994', 'learning_rate': '5e-05', 'epoch': '0.02597'}
[1A
[1A  1%|          | 9/1041 [01:22<2:34:46,  9.00s/it]
[1A  1%|          | 10/1041 [01:31<2:35:44,  9.06s/it]
[1A                                                   
{'loss': '0.3048', 'grad_norm': '2.912', 'learning_rate': '5.625e-05', 'epoch': '0.02886'}
[1A
[1A  1%|          | 10/1041 [01:31<2:35:44,  9.06s/it]
[1A  1%|          | 11/1041 [01:40<2:34:29,  9.00s/it]
[1A                                                   
{'loss': '0.1812', 'grad_norm': '1.73', 'learning_rate': '6.25e-05', 'epoch': '0.03175'}
[1A
[1A  1%|          | 11/1041 [01:40<2:34:29,  9.00s/it]
[1A  1%|          | 12/1041 [01:49<2:34:50,  9.03s/it]
[1A                                                   
{'loss': '0.2778', 'grad_norm': '1.782', 'learning_rate': '6.875e-05', 'epoch': '0.03463'}
[1A
[1A  1%|          | 12/1041 [01:49<2:34:50,  9.03s/it]
[1A  1%|          | 13/1041 [01:59<2:35:02,  9.05s/it]
[1A                                                   
{'loss': '0.1876', 'grad_norm': '1.36', 'learning_rate': '7.5e-05', 'epoch': '0.03752'}
[1A
[1A  1%|          | 13/1041 [01:59<2:35:02,  9.05s/it]
[1A  1%|▏         | 14/1041 [02:08<2:36:38,  9.15s/it]
[1A                                                   
{'loss': '0.2151', 'grad_norm': '1.154', 'learning_rate': '8.125e-05', 'epoch': '0.0404'}
[1A
[1A  1%|▏         | 14/1041 [02:08<2:36:38,  9.15s/it]
[1A  1%|▏         | 15/1041 [02:17<2:35:59,  9.12s/it]
[1A                                                   
{'loss': '0.1641', 'grad_norm': '1.057', 'learning_rate': '8.75e-05', 'epoch': '0.04329'}
[1A
[1A  1%|▏         | 15/1041 [02:17<2:35:59,  9.12s/it]
[1A  2%|▏         | 16/1041 [02:26<2:36:26,  9.16s/it]
[1A                                                   
{'loss': '0.08574', 'grad_norm': '1.103', 'learning_rate': '9.375e-05', 'epoch': '0.04618'}
[1A
[1A  2%|▏         | 16/1041 [02:26<2:36:26,  9.16s/it]
[1A  2%|▏         | 17/1041 [02:35<2:34:57,  9.08s/it]
[1A                                                   
{'loss': '0.105', 'grad_norm': '1.345', 'learning_rate': '0.0001', 'epoch': '0.04906'}
[1A
[1A  2%|▏         | 17/1041 [02:35<2:34:57,  9.08s/it]
[1A  2%|▏         | 18/1041 [02:44<2:33:53,  9.03s/it]
[1A                                                   
{'loss': '0.04823', 'grad_norm': '1.614', 'learning_rate': '0.0001063', 'epoch': '0.05195'}
[1A
[1A  2%|▏         | 18/1041 [02:44<2:33:53,  9.03s/it]
[1A  2%|▏         | 19/1041 [02:53<2:34:27,  9.07s/it]
[1A                                                   
{'loss': '0.03704', 'grad_norm': '0.8046', 'learning_rate': '0.0001125', 'epoch': '0.05483'}
[1A
[1A  2%|▏         | 19/1041 [02:53<2:34:27,  9.07s/it]
[1A  2%|▏         | 20/1041 [03:02<2:34:55,  9.10s/it]                                                   
{'loss': '0.0405', 'grad_norm': '1.775', 'learning_rate': '0.0001187', 'epoch': '0.05772'}
[1A
[1A  2%|▏         | 20/1041 [03:02<2:34:55,  9.10s/it]
[1A  2%|▏         | 21/1041 [03:11<2:33:42,  9.04s/it]
[1A                                                   
{'loss': '0.07666', 'grad_norm': '2.511', 'learning_rate': '0.000125', 'epoch': '0.06061'}
[1A
[1A  2%|▏         | 21/1041 [03:11<2:33:42,  9.04s/it]
[1A  2%|▏         | 22/1041 [03:21<2:35:41,  9.17s/it]
[1A                                                   
{'loss': '0.0731', 'grad_norm': '3.618', 'learning_rate': '0.0001313', 'epoch': '0.06349'}
[1A
[1A  2%|▏         | 22/1041 [03:21<2:35:41,  9.17s/it]
[1A  2%|▏         | 23/1041 [03:30<2:36:11,  9.21s/it]
[1A                                                   
{'loss': '0.06423', 'grad_norm': '1.971', 'learning_rate': '0.0001375', 'epoch': '0.06638'}
[1A
[1A  2%|▏         | 23/1041 [03:30<2:36:11,  9.21s/it]
[1A  2%|▏         | 24/1041 [03:39<2:35:45,  9.19s/it]
[1A                                                   
{'loss': '0.04714', 'grad_norm': '3.183', 'learning_rate': '0.0001437', 'epoch': '0.06926'}
[1A
[1A  2%|▏         | 24/1041 [03:39<2:35:45,  9.19s/it]
[1A  2%|▏         | 25/1041 [03:48<2:35:32,  9.19s/it]
[1A                                                   
{'loss': '0.04568', 'grad_norm': '2.301', 'learning_rate': '0.00015', 'epoch': '0.07215'}
[1A
[1A  2%|▏         | 25/1041 [03:48<2:35:32,  9.19s/it]
[1A  2%|▏         | 26/1041 [03:58<2:36:06,  9.23s/it]
[1A                                                   
{'loss': '0.0177', 'grad_norm': '1.185', 'learning_rate': '0.0001563', 'epoch': '0.07504'}
[1A
[1A  2%|▏         | 26/1041 [03:58<2:36:06,  9.23s/it]
[1A  3%|▎         | 27/1041 [04:07<2:34:17,  9.13s/it]
[1A                                                   
{'loss': '0.01979', 'grad_norm': '0.5455', 'learning_rate': '0.0001625', 'epoch': '0.07792'}
[1A
[1A  3%|▎         | 27/1041 [04:07<2:34:17,  9.13s/it]
[1A  3%|▎         | 28/1041 [04:16<2:35:02,  9.18s/it]
[1A                                                   
{'loss': '0.0341', 'grad_norm': '0.7916', 'learning_rate': '0.0001688', 'epoch': '0.08081'}
[1A
[1A  3%|▎         | 28/1041 [04:16<2:35:02,  9.18s/it]
[1A  3%|▎         | 29/1041 [04:25<2:34:28,  9.16s/it]
[1A                                                   
{'loss': '0.05418', 'grad_norm': '1.783', 'learning_rate': '0.000175', 'epoch': '0.08369'}
[1A
[1A  3%|▎         | 29/1041 [04:25<2:34:28,  9.16s/it]
[1A  3%|▎         | 30/1041 [04:34<2:33:08,  9.09s/it]
[1A                                                   
{'loss': '0.002257', 'grad_norm': '0.1062', 'learning_rate': '0.0001813', 'epoch': '0.08658'}
[1A
[1A  3%|▎         | 30/1041 [04:34<2:33:08,  9.09s/it]
[1A  3%|▎         | 31/1041 [04:43<2:34:14,  9.16s/it]
[1A                                                   
{'loss': '0.02182', 'grad_norm': '1.067', 'learning_rate': '0.0001875', 'epoch': '0.08947'}
[1A
[1A  3%|▎         | 31/1041 [04:43<2:34:14,  9.16s/it]
[1A  3%|▎         | 32/1041 [04:52<2:34:15,  9.17s/it]
[1A                                                   
{'loss': '0.05951', 'grad_norm': '1.166', 'learning_rate': '0.0001938', 'epoch': '0.09235'}
[1A
[1A  3%|▎         | 32/1041 [04:52<2:34:15,  9.17s/it]
[1A  3%|▎         | 33/1041 [05:02<2:34:48,  9.22s/it]
[1A                                                   
{'loss': '0.02157', 'grad_norm': '0.7904', 'learning_rate': '0.0002', 'epoch': '0.09524'}
[1A
[1A  3%|▎         | 33/1041 [05:02<2:34:48,  9.22s/it]
[1A  3%|▎         | 34/1041 [05:10<2:31:48,  9.05s/it]
[1A                                                   
{'loss': '0.001853', 'grad_norm': '0.07162', 'learning_rate': '0.0002', 'epoch': '0.09812'}
[1A
[1A  3%|▎         | 34/1041 [05:10<2:31:48,  9.05s/it]
[1A  3%|▎         | 35/1041 [05:20<2:32:56,  9.12s/it]
[1A                                                   
{'loss': '0.009447', 'grad_norm': '0.6937', 'learning_rate': '0.0002', 'epoch': '0.101'}
[1A
[1A  3%|▎         | 35/1041 [05:20<2:32:56,  9.12s/it]
[1A  3%|▎         | 36/1041 [05:29<2:34:33,  9.23s/it]
[1A                                                   
{'loss': '0.08531', 'grad_norm': '1.923', 'learning_rate': '0.0002', 'epoch': '0.1039'}
[1A
[1A  3%|▎         | 36/1041 [05:29<2:34:33,  9.23s/it]
[1A  4%|▎         | 37/1041 [05:38<2:32:38,  9.12s/it]
[1A                                                   
{'loss': '0.03034', 'grad_norm': '0.7484', 'learning_rate': '0.0002', 'epoch': '0.1068'}
[1A
[1A  4%|▎         | 37/1041 [05:38<2:32:38,  9.12s/it]
[1A  4%|▎         | 38/1041 [05:47<2:33:13,  9.17s/it]
[1A                                                   
{'loss': '0.00361', 'grad_norm': '0.172', 'learning_rate': '0.0002', 'epoch': '0.1097'}
[1A
[1A  4%|▎         | 38/1041 [05:47<2:33:13,  9.17s/it]
[1A  4%|▎         | 39/1041 [05:56<2:31:38,  9.08s/it]
[1A                                                   
{'loss': '0.01337', 'grad_norm': '0.8558', 'learning_rate': '0.0002', 'epoch': '0.1126'}
[1A
[1A  4%|▎         | 39/1041 [05:56<2:31:38,  9.08s/it]
[1A  4%|▍         | 40/1041 [06:05<2:32:12,  9.12s/it]
[1A                                                   
{'loss': '0.003433', 'grad_norm': '0.2961', 'learning_rate': '0.0002', 'epoch': '0.1154'}
[1A
[1A  4%|▍         | 40/1041 [06:05<2:32:12,  9.12s/it]
[1A  4%|▍         | 41/1041 [06:14<2:30:42,  9.04s/it]
[1A                                                   
{'loss': '0.01271', 'grad_norm': '0.4935', 'learning_rate': '0.0002', 'epoch': '0.1183'}
[1A
[1A  4%|▍         | 41/1041 [06:14<2:30:42,  9.04s/it]
[1A  4%|▍         | 42/1041 [06:23<2:31:17,  9.09s/it]
[1A                                                   
{'loss': '0.003062', 'grad_norm': '0.1893', 'learning_rate': '0.0002', 'epoch': '0.1212'}
[1A
[1A  4%|▍         | 42/1041 [06:23<2:31:17,  9.09s/it]
[1A  4%|▍         | 43/1041 [06:33<2:31:15,  9.09s/it]
[1A                                                   
{'loss': '0.03042', 'grad_norm': '3.068', 'learning_rate': '0.0002', 'epoch': '0.1241'}
[1A
[1A  4%|▍         | 43/1041 [06:33<2:31:15,  9.09s/it]
[1A  4%|▍         | 44/1041 [06:42<2:31:38,  9.13s/it]
[1A                                                   
{'loss': '0.004744', 'grad_norm': '0.2117', 'learning_rate': '0.0001999', 'epoch': '0.127'}
[1A
[1A  4%|▍         | 44/1041 [06:42<2:31:38,  9.13s/it]
[1A  4%|▍         | 45/1041 [06:51<2:30:16,  9.05s/it]
[1A                                                   
{'loss': '0.005406', 'grad_norm': '0.4225', 'learning_rate': '0.0001999', 'epoch': '0.1299'}
[1A
[1A  4%|▍         | 45/1041 [06:51<2:30:16,  9.05s/it]
[1A  4%|▍         | 46/1041 [06:59<2:27:05,  8.87s/it]
[1A                                                   
{'loss': '0.0004217', 'grad_norm': '0.01449', 'learning_rate': '0.0001999', 'epoch': '0.1328'}
[1A
[1A  4%|▍         | 46/1041 [06:59<2:27:05,  8.87s/it]
[1A  5%|▍         | 47/1041 [07:08<2:28:18,  8.95s/it]
[1A                                                   
{'loss': '0.03095', 'grad_norm': '1.253', 'learning_rate': '0.0001999', 'epoch': '0.1356'}
[1A
[1A  5%|▍         | 47/1041 [07:08<2:28:18,  8.95s/it]
[1A  5%|▍         | 48/1041 [07:17<2:29:08,  9.01s/it]
[1A                                                   
{'loss': '0.0007032', 'grad_norm': '0.04857', 'learning_rate': '0.0001999', 'epoch': '0.1385'}
[1A
[1A  5%|▍         | 48/1041 [07:17<2:29:08,  9.01s/it]
[1A  5%|▍         | 49/1041 [07:27<2:29:42,  9.05s/it]
[1A                                                   
{'loss': '0.0006228', 'grad_norm': '0.06792', 'learning_rate': '0.0001999', 'epoch': '0.1414'}
[1A
[1A  5%|▍         | 49/1041 [07:27<2:29:42,  9.05s/it]
[1A  5%|▍         | 50/1041 [07:36<2:30:00,  9.08s/it]
[1A                                                   
{'loss': '0.02588', 'grad_norm': '1.332', 'learning_rate': '0.0001999', 'epoch': '0.1443'}
[1A
[1A  5%|▍         | 50/1041 [07:36<2:30:00,  9.08s/it]
[1A  5%|▍         | 51/1041 [07:45<2:31:40,  9.19s/it]
[1A                                                   
{'loss': '0.005', 'grad_norm': '0.2173', 'learning_rate': '0.0001998', 'epoch': '0.1472'}
[1A
[1A  5%|▍         | 51/1041 [07:45<2:31:40,  9.19s/it]
[1A  5%|▍         | 52/1041 [07:54<2:31:24,  9.19s/it]
[1A                                                   
{'loss': '0.03878', 'grad_norm': '0.8893', 'learning_rate': '0.0001998', 'epoch': '0.1501'}
[1A
[1A  5%|▍         | 52/1041 [07:54<2:31:24,  9.19s/it]
[1A  5%|▌         | 53/1041 [08:04<2:32:58,  9.29s/it]                                                   
{'loss': '0.0005191', 'grad_norm': '0.02743', 'learning_rate': '0.0001998', 'epoch': '0.153'}
[1A
[1A  5%|▌         | 53/1041 [08:04<2:32:58,  9.29s/it]
[1A  5%|▌         | 54/1041 [08:13<2:30:11,  9.13s/it]
[1A                                                   
{'loss': '0.0006851', 'grad_norm': '0.05439', 'learning_rate': '0.0001998', 'epoch': '0.1558'}
[1A
[1A  5%|▌         | 54/1041 [08:13<2:30:11,  9.13s/it]
[1A  5%|▌         | 55/1041 [08:22<2:28:52,  9.06s/it]
[1A                                                   
{'loss': '0.03319', 'grad_norm': '0.5715', 'learning_rate': '0.0001998', 'epoch': '0.1587'}
[1A
[1A  5%|▌         | 55/1041 [08:22<2:28:52,  9.06s/it]
[1A  5%|▌         | 56/1041 [08:30<2:27:51,  9.01s/it]
[1A                                                   
{'loss': '0.006751', 'grad_norm': '0.4645', 'learning_rate': '0.0001997', 'epoch': '0.1616'}
[1A
[1A  5%|▌         | 56/1041 [08:30<2:27:51,  9.01s/it]
[1A  5%|▌         | 57/1041 [08:39<2:27:12,  8.98s/it]
[1A                                                   
{'loss': '0.005104', 'grad_norm': '0.2293', 'learning_rate': '0.0001997', 'epoch': '0.1645'}
[1A
[1A  5%|▌         | 57/1041 [08:39<2:27:12,  8.98s/it]
[1A  6%|▌         | 58/1041 [08:48<2:26:57,  8.97s/it]
[1A                                                   
{'loss': '0.02297', 'grad_norm': '1.238', 'learning_rate': '0.0001997', 'epoch': '0.1674'}
[1A
[1A  6%|▌         | 58/1041 [08:48<2:26:57,  8.97s/it]
[1A  6%|▌         | 59/1041 [08:57<2:27:54,  9.04s/it]
[1A                                                   
{'loss': '0.02111', 'grad_norm': '0.7026', 'learning_rate': '0.0001997', 'epoch': '0.1703'}
[1A
[1A  6%|▌         | 59/1041 [08:57<2:27:54,  9.04s/it]
[1A  6%|▌         | 60/1041 [09:06<2:27:06,  9.00s/it]
[1A                                                   
{'loss': '0.008466', 'grad_norm': '0.6081', 'learning_rate': '0.0001996', 'epoch': '0.1732'}
[1A
[1A  6%|▌         | 60/1041 [09:06<2:27:06,  9.00s/it]
[1A  6%|▌         | 61/1041 [09:15<2:27:36,  9.04s/it]
[1A                                                   
{'loss': '0.001151', 'grad_norm': '0.05752', 'learning_rate': '0.0001996', 'epoch': '0.176'}
[1A
[1A  6%|▌         | 61/1041 [09:15<2:27:36,  9.04s/it]
[1A  6%|▌         | 62/1041 [09:25<2:28:55,  9.13s/it]
[1A                                                   
{'loss': '0.04516', 'grad_norm': '0.8082', 'learning_rate': '0.0001996', 'epoch': '0.1789'}
[1A
[1A  6%|▌         | 62/1041 [09:25<2:28:55,  9.13s/it]
[1A  6%|▌         | 63/1041 [09:34<2:28:59,  9.14s/it]
[1A                                                   
{'loss': '0.009607', 'grad_norm': '0.3702', 'learning_rate': '0.0001996', 'epoch': '0.1818'}
[1A
[1A  6%|▌         | 63/1041 [09:34<2:28:59,  9.14s/it]
[1A  6%|▌         | 64/1041 [09:43<2:29:43,  9.19s/it]
[1A                                                   
{'loss': '0.01327', 'grad_norm': '0.8163', 'learning_rate': '0.0001995', 'epoch': '0.1847'}
[1A
[1A  6%|▌         | 64/1041 [09:43<2:29:43,  9.19s/it]
[1A  6%|▌         | 65/1041 [09:52<2:27:14,  9.05s/it]
[1A                                                   
{'loss': '0.002956', 'grad_norm': '0.2779', 'learning_rate': '0.0001995', 'epoch': '0.1876'}
[1A
[1A  6%|▌         | 65/1041 [09:52<2:27:14,  9.05s/it]
[1A  6%|▋         | 66/1041 [10:01<2:26:30,  9.02s/it]
[1A                                                   
{'loss': '0.001623', 'grad_norm': '0.0692', 'learning_rate': '0.0001995', 'epoch': '0.1905'}
[1A
[1A  6%|▋         | 66/1041 [10:01<2:26:30,  9.02s/it]
[1A  6%|▋         | 67/1041 [10:10<2:27:40,  9.10s/it]
[1A                                                   
{'loss': '0.002915', 'grad_norm': '0.2144', 'learning_rate': '0.0001994', 'epoch': '0.1934'}
[1A
[1A  6%|▋         | 67/1041 [10:10<2:27:40,  9.10s/it]
[1A  7%|▋         | 68/1041 [10:20<2:28:24,  9.15s/it]
[1A                                                   
{'loss': '0.00217', 'grad_norm': '0.3144', 'learning_rate': '0.0001994', 'epoch': '0.1962'}
[1A
[1A  7%|▋         | 68/1041 [10:20<2:28:24,  9.15s/it]
[1A  7%|▋         | 69/1041 [10:29<2:28:09,  9.15s/it]
[1A                                                   
{'loss': '0.0002254', 'grad_norm': '0.01034', 'learning_rate': '0.0001994', 'epoch': '0.1991'}
[1A
[1A  7%|▋         | 69/1041 [10:29<2:28:09,  9.15s/it]
[1A  7%|▋         | 70/1041 [10:37<2:25:18,  8.98s/it]
[1A                                                   
{'loss': '0.0001254', 'grad_norm': '0.00527', 'learning_rate': '0.0001993', 'epoch': '0.202'}
[1A
[1A  7%|▋         | 70/1041 [10:37<2:25:18,  8.98s/it]
[1A  7%|▋         | 71/1041 [10:46<2:25:35,  9.01s/it]
[1A                                                   
{'loss': '0.02341', 'grad_norm': '1.359', 'learning_rate': '0.0001993', 'epoch': '0.2049'}
[1A
[1A  7%|▋         | 71/1041 [10:46<2:25:35,  9.01s/it]
[1A  7%|▋         | 72/1041 [10:56<2:26:30,  9.07s/it]
[1A                                                   
{'loss': '0.0009334', 'grad_norm': '0.1519', 'learning_rate': '0.0001993', 'epoch': '0.2078'}
[1A
[1A  7%|▋         | 72/1041 [10:56<2:26:30,  9.07s/it]
[1A  7%|▋         | 73/1041 [11:05<2:25:53,  9.04s/it]
[1A                                                   
{'loss': '0.001168', 'grad_norm': '0.1862', 'learning_rate': '0.0001992', 'epoch': '0.2107'}
[1A
[1A  7%|▋         | 73/1041 [11:05<2:25:53,  9.04s/it]
[1A  7%|▋         | 74/1041 [11:14<2:26:46,  9.11s/it]                                                   
{'loss': '0.01569', 'grad_norm': '1.116', 'learning_rate': '0.0001992', 'epoch': '0.2136'}
[1A
[1A  7%|▋         | 74/1041 [11:14<2:26:46,  9.11s/it]
[1A  7%|▋         | 75/1041 [11:23<2:27:15,  9.15s/it]
[1A                                                   
{'loss': '0.002232', 'grad_norm': '0.2781', 'learning_rate': '0.0001991', 'epoch': '0.2165'}
[1A
[1A  7%|▋         | 75/1041 [11:23<2:27:15,  9.15s/it]
[1A  7%|▋         | 76/1041 [11:32<2:26:59,  9.14s/it]
[1A                                                   
{'loss': '0.000619', 'grad_norm': '0.01952', 'learning_rate': '0.0001991', 'epoch': '0.2193'}
[1A
[1A  7%|▋         | 76/1041 [11:32<2:26:59,  9.14s/it]
[1A  7%|▋         | 77/1041 [11:41<2:26:36,  9.12s/it]
[1A                                                   
{'loss': '0.001125', 'grad_norm': '0.1012', 'learning_rate': '0.0001991', 'epoch': '0.2222'}
[1A
[1A  7%|▋         | 77/1041 [11:41<2:26:36,  9.12s/it]
[1A  7%|▋         | 78/1041 [11:50<2:25:21,  9.06s/it]
[1A                                                   
{'loss': '0.05325', 'grad_norm': '1.633', 'learning_rate': '0.000199', 'epoch': '0.2251'}
[1A
[1A  7%|▋         | 78/1041 [11:50<2:25:21,  9.06s/it]
[1A  8%|▊         | 79/1041 [11:59<2:26:19,  9.13s/it]
[1A                                                   
{'loss': '0.01832', 'grad_norm': '1.254', 'learning_rate': '0.000199', 'epoch': '0.228'}
[1A
[1A  8%|▊         | 79/1041 [11:59<2:26:19,  9.13s/it]
[1A  8%|▊         | 80/1041 [12:08<2:23:03,  8.93s/it]
[1A                                                   
{'loss': '0.0006837', 'grad_norm': '0.05303', 'learning_rate': '0.0001989', 'epoch': '0.2309'}
[1A
[1A  8%|▊         | 80/1041 [12:08<2:23:03,  8.93s/it]
[1A  8%|▊         | 81/1041 [12:17<2:24:43,  9.05s/it]
[1A                                                   
{'loss': '0.02976', 'grad_norm': '5.136', 'learning_rate': '0.0001989', 'epoch': '0.2338'}
[1A
[1A  8%|▊         | 81/1041 [12:17<2:24:43,  9.05s/it]
[1A  8%|▊         | 82/1041 [12:27<2:26:43,  9.18s/it]
[1A                                                   
{'loss': '0.0376', 'grad_norm': '1.577', 'learning_rate': '0.0001988', 'epoch': '0.2367'}
[1A
[1A  8%|▊         | 82/1041 [12:27<2:26:43,  9.18s/it]
[1A  8%|▊         | 83/1041 [12:36<2:26:22,  9.17s/it]
[1A                                                   
{'loss': '0.001166', 'grad_norm': '0.04573', 'learning_rate': '0.0001988', 'epoch': '0.2395'}
[1A
[1A  8%|▊         | 83/1041 [12:36<2:26:22,  9.17s/it]
[1A  8%|▊         | 84/1041 [12:45<2:25:59,  9.15s/it]
[1A                                                   
{'loss': '0.009088', 'grad_norm': '0.6805', 'learning_rate': '0.0001987', 'epoch': '0.2424'}
[1A
[1A  8%|▊         | 84/1041 [12:45<2:25:59,  9.15s/it]
[1A  8%|▊         | 85/1041 [12:54<2:26:45,  9.21s/it]                                                   
{'loss': '0.002041', 'grad_norm': '0.08008', 'learning_rate': '0.0001987', 'epoch': '0.2453'}
[1A
[1A  8%|▊         | 85/1041 [12:54<2:26:45,  9.21s/it]
[1A  8%|▊         | 86/1041 [13:03<2:26:32,  9.21s/it]
[1A                                                   
{'loss': '0.008275', 'grad_norm': '0.5794', 'learning_rate': '0.0001986', 'epoch': '0.2482'}
[1A
[1A  8%|▊         | 86/1041 [13:03<2:26:32,  9.21s/it]
[1A  8%|▊         | 87/1041 [13:13<2:27:04,  9.25s/it]
[1A                                                   
{'loss': '0.008592', 'grad_norm': '0.7297', 'learning_rate': '0.0001986', 'epoch': '0.2511'}
[1A
[1A  8%|▊         | 87/1041 [13:13<2:27:04,  9.25s/it]
[1A  8%|▊         | 88/1041 [13:22<2:26:19,  9.21s/it]                                                   
{'loss': '0.0003459', 'grad_norm': '0.03519', 'learning_rate': '0.0001985', 'epoch': '0.254'}
[1A
[1A  8%|▊         | 88/1041 [13:22<2:26:19,  9.21s/it]
[1A  9%|▊         | 89/1041 [13:31<2:26:02,  9.20s/it]
[1A                                                   
{'loss': '0.002138', 'grad_norm': '0.4244', 'learning_rate': '0.0001985', 'epoch': '0.2569'}
[1A
[1A  9%|▊         | 89/1041 [13:31<2:26:02,  9.20s/it]
[1A  9%|▊         | 90/1041 [13:40<2:25:01,  9.15s/it]
[1A                                                   
{'loss': '0.0003463', 'grad_norm': '0.0252', 'learning_rate': '0.0001984', 'epoch': '0.2597'}
[1A
[1A  9%|▊         | 90/1041 [13:40<2:25:01,  9.15s/it]
[1A  9%|▊         | 91/1041 [13:50<2:25:46,  9.21s/it]
[1A                                                   
{'loss': '0.0005705', 'grad_norm': '0.02858', 'learning_rate': '0.0001984', 'epoch': '0.2626'}
[1A
[1A  9%|▊         | 91/1041 [13:50<2:25:46,  9.21s/it]
[1A  9%|▉         | 92/1041 [13:58<2:23:35,  9.08s/it]
[1A                                                   
{'loss': '0.0002697', 'grad_norm': '0.009833', 'learning_rate': '0.0001983', 'epoch': '0.2655'}
[1A
[1A  9%|▉         | 92/1041 [13:58<2:23:35,  9.08s/it]
[1A  9%|▉         | 93/1041 [14:07<2:23:41,  9.09s/it]
[1A                                                   
{'loss': '0.01561', 'grad_norm': '1.347', 'learning_rate': '0.0001983', 'epoch': '0.2684'}
[1A
[1A  9%|▉         | 93/1041 [14:07<2:23:41,  9.09s/it]
[1A  9%|▉         | 94/1041 [14:16<2:22:25,  9.02s/it]
[1A                                                   
{'loss': '0.01057', 'grad_norm': '0.463', 'learning_rate': '0.0001982', 'epoch': '0.2713'}
[1A
[1A  9%|▉         | 94/1041 [14:16<2:22:25,  9.02s/it]
[1A  9%|▉         | 95/1041 [14:26<2:24:05,  9.14s/it]
[1A                                                   
{'loss': '0.01436', 'grad_norm': '0.3834', 'learning_rate': '0.0001981', 'epoch': '0.2742'}
[1A
[1A  9%|▉         | 95/1041 [14:26<2:24:05,  9.14s/it]
[1A  9%|▉         | 96/1041 [14:35<2:24:38,  9.18s/it]
[1A                                                   
{'loss': '0.002806', 'grad_norm': '0.208', 'learning_rate': '0.0001981', 'epoch': '0.2771'}
[1A
[1A  9%|▉         | 96/1041 [14:35<2:24:38,  9.18s/it]
[1A  9%|▉         | 97/1041 [14:43<2:20:15,  8.91s/it]                                                   
{'loss': '0.001112', 'grad_norm': '0.0855', 'learning_rate': '0.000198', 'epoch': '0.2799'}
[1A
[1A  9%|▉         | 97/1041 [14:43<2:20:15,  8.91s/it]
[1A  9%|▉         | 98/1041 [14:53<2:21:42,  9.02s/it]
[1A                                                   
{'loss': '0.00715', 'grad_norm': '0.5007', 'learning_rate': '0.000198', 'epoch': '0.2828'}
[1A
[1A  9%|▉         | 98/1041 [14:53<2:21:42,  9.02s/it]
[1A 10%|▉         | 99/1041 [15:02<2:23:23,  9.13s/it]
[1A                                                   
{'loss': '0.0006669', 'grad_norm': '0.03003', 'learning_rate': '0.0001979', 'epoch': '0.2857'}
[1A
[1A 10%|▉         | 99/1041 [15:02<2:23:23,  9.13s/it]
[1A 10%|▉         | 100/1041 [15:16<2:48:36, 10.75s/it]
[1A                                                    
{'loss': '0.0002668', 'grad_norm': '0.02329', 'learning_rate': '0.0001978', 'epoch': '0.2886'}
[1A
[1A 10%|▉         | 100/1041 [15:16<2:48:36, 10.75s/it]
[1A 10%|▉         | 101/1041 [15:26<2:41:08, 10.29s/it]
[1A                                                    
{'loss': '0.02352', 'grad_norm': '1.474', 'learning_rate': '0.0001978', 'epoch': '0.2915'}
[1A
[1A 10%|▉         | 101/1041 [15:26<2:41:08, 10.29s/it]
[1A 10%|▉         | 102/1041 [15:35<2:36:01,  9.97s/it]
[1A                                                    
{'loss': '0.02226', 'grad_norm': '1.236', 'learning_rate': '0.0001977', 'epoch': '0.2944'}
[1A
[1A 10%|▉         | 102/1041 [15:35<2:36:01,  9.97s/it]
[1A 10%|▉         | 103/1041 [15:44<2:29:58,  9.59s/it]                                                    
{'loss': '0.01153', 'grad_norm': '0.6776', 'learning_rate': '0.0001976', 'epoch': '0.2973'}
[1A
[1A 10%|▉         | 103/1041 [15:44<2:29:58,  9.59s/it]
[1A 10%|▉         | 104/1041 [15:53<2:27:39,  9.45s/it]
[1A                                                    
{'loss': '0.02761', 'grad_norm': '1.302', 'learning_rate': '0.0001976', 'epoch': '0.3001'}
[1A
[1A 10%|▉         | 104/1041 [15:53<2:27:39,  9.45s/it]
[1A 10%|█         | 105/1041 [16:02<2:26:36,  9.40s/it]
[1A                                                    
{'loss': '0.01136', 'grad_norm': '0.5628', 'learning_rate': '0.0001975', 'epoch': '0.303'}
[1A
[1A 10%|█         | 105/1041 [16:02<2:26:36,  9.40s/it]
[1A 10%|█         | 106/1041 [16:11<2:25:47,  9.36s/it]
[1A                                                    
{'loss': '0.00336', 'grad_norm': '0.2331', 'learning_rate': '0.0001974', 'epoch': '0.3059'}
[1A
[1A 10%|█         | 106/1041 [16:11<2:25:47,  9.36s/it]
[1A 10%|█         | 107/1041 [16:20<2:23:33,  9.22s/it]
[1A                                                    
{'loss': '0.0009959', 'grad_norm': '0.04383', 'learning_rate': '0.0001974', 'epoch': '0.3088'}
[1A
[1A 10%|█         | 107/1041 [16:20<2:23:33,  9.22s/it]
[1A 10%|█         | 108/1041 [16:29<2:23:04,  9.20s/it]                                                    
{'loss': '0.02103', 'grad_norm': '0.7987', 'learning_rate': '0.0001973', 'epoch': '0.3117'}
[1A
[1A 10%|█         | 108/1041 [16:29<2:23:04,  9.20s/it]
[1A 10%|█         | 109/1041 [16:38<2:21:38,  9.12s/it]
[1A                                                    
{'loss': '0.007368', 'grad_norm': '0.3403', 'learning_rate': '0.0001972', 'epoch': '0.3146'}
[1A
[1A 10%|█         | 109/1041 [16:38<2:21:38,  9.12s/it]
[1A 11%|█         | 110/1041 [16:48<2:23:06,  9.22s/it]
[1A                                                    
{'loss': '0.01268', 'grad_norm': '0.3328', 'learning_rate': '0.0001971', 'epoch': '0.3175'}
[1A
[1A 11%|█         | 110/1041 [16:48<2:23:06,  9.22s/it]
[1A 11%|█         | 111/1041 [16:57<2:23:19,  9.25s/it]
[1A                                                    
{'loss': '0.008452', 'grad_norm': '0.4913', 'learning_rate': '0.0001971', 'epoch': '0.3203'}
[1A
[1A 11%|█         | 111/1041 [16:57<2:23:19,  9.25s/it]
[1A 11%|█         | 112/1041 [17:06<2:19:44,  9.03s/it]
[1A                                                    
{'loss': '0.002635', 'grad_norm': '0.4013', 'learning_rate': '0.000197', 'epoch': '0.3232'}
[1A
[1A 11%|█         | 112/1041 [17:06<2:19:44,  9.03s/it]
[1A 11%|█         | 113/1041 [17:15<2:20:13,  9.07s/it]
[1A                                                    
{'loss': '0.02415', 'grad_norm': '1.205', 'learning_rate': '0.0001969', 'epoch': '0.3261'}
[1A
[1A 11%|█         | 113/1041 [17:15<2:20:13,  9.07s/it]
[1A 11%|█         | 114/1041 [17:24<2:20:48,  9.11s/it]
[1A                                                    
{'loss': '0.02132', 'grad_norm': '0.9577', 'learning_rate': '0.0001968', 'epoch': '0.329'}
[1A
[1A 11%|█         | 114/1041 [17:24<2:20:48,  9.11s/it]
[1A 11%|█         | 115/1041 [17:33<2:22:11,  9.21s/it]
[1A                                                    
{'loss': '0.004633', 'grad_norm': '0.4652', 'learning_rate': '0.0001968', 'epoch': '0.3319'}
[1A
[1A 11%|█         | 115/1041 [17:33<2:22:11,  9.21s/it]
[1A 11%|█         | 116/1041 [17:43<2:21:48,  9.20s/it]                                                    
{'loss': '0.0007894', 'grad_norm': '0.07338', 'learning_rate': '0.0001967', 'epoch': '0.3348'}
[1A
[1A 11%|█         | 116/1041 [17:43<2:21:48,  9.20s/it]
[1A 11%|█         | 117/1041 [17:52<2:21:24,  9.18s/it]
[1A                                                    
{'loss': '0.001058', 'grad_norm': '0.3055', 'learning_rate': '0.0001966', 'epoch': '0.3377'}
[1A
[1A 11%|█         | 117/1041 [17:52<2:21:24,  9.18s/it]
[1A 11%|█▏        | 118/1041 [18:01<2:20:03,  9.10s/it]
[1A                                                    
{'loss': '0.01276', 'grad_norm': '0.7852', 'learning_rate': '0.0001965', 'epoch': '0.3405'}
[1A
[1A 11%|█▏        | 118/1041 [18:01<2:20:03,  9.10s/it]
[1A 11%|█▏        | 119/1041 [18:10<2:21:23,  9.20s/it]
[1A                                                    
{'loss': '0.03532', 'grad_norm': '1.515', 'learning_rate': '0.0001964', 'epoch': '0.3434'}
[1A
[1A 11%|█▏        | 119/1041 [18:10<2:21:23,  9.20s/it]
[1A 12%|█▏        | 120/1041 [18:19<2:21:01,  9.19s/it]
[1A                                                    
{'loss': '0.001744', 'grad_norm': '0.1484', 'learning_rate': '0.0001964', 'epoch': '0.3463'}
[1A
[1A 12%|█▏        | 120/1041 [18:19<2:21:01,  9.19s/it]
[1A 12%|█▏        | 121/1041 [18:29<2:21:32,  9.23s/it]
[1A                                                    
{'loss': '0.03997', 'grad_norm': '1.198', 'learning_rate': '0.0001963', 'epoch': '0.3492'}
[1A
[1A 12%|█▏        | 121/1041 [18:29<2:21:32,  9.23s/it]
[1A 12%|█▏        | 122/1041 [18:38<2:20:40,  9.18s/it]
[1A                                                    
{'loss': '0.019', 'grad_norm': '0.2851', 'learning_rate': '0.0001962', 'epoch': '0.3521'}
[1A
[1A 12%|█▏        | 122/1041 [18:38<2:20:40,  9.18s/it]
[1A 12%|█▏        | 123/1041 [18:47<2:21:08,  9.22s/it]
[1A                                                    
{'loss': '0.01734', 'grad_norm': '0.8414', 'learning_rate': '0.0001961', 'epoch': '0.355'}
[1A
[1A 12%|█▏        | 123/1041 [18:47<2:21:08,  9.22s/it]
[1A 12%|█▏        | 124/1041 [18:56<2:20:33,  9.20s/it]
[1A                                                    
{'loss': '0.01357', 'grad_norm': '0.8052', 'learning_rate': '0.000196', 'epoch': '0.3579'}
[1A
[1A 12%|█▏        | 124/1041 [18:56<2:20:33,  9.20s/it]
[1A 12%|█▏        | 125/1041 [19:05<2:20:42,  9.22s/it]
[1A                                                    
{'loss': '0.002968', 'grad_norm': '0.1348', 'learning_rate': '0.0001959', 'epoch': '0.3608'}
[1A
[1A 12%|█▏        | 125/1041 [19:05<2:20:42,  9.22s/it]
[1A 12%|█▏        | 126/1041 [19:15<2:21:35,  9.28s/it]
[1A                                                    
{'loss': '0.01798', 'grad_norm': '0.7445', 'learning_rate': '0.0001958', 'epoch': '0.3636'}
[1A
[1A 12%|█▏        | 126/1041 [19:15<2:21:35,  9.28s/it]
[1A 12%|█▏        | 127/1041 [19:24<2:21:25,  9.28s/it]
[1A                                                    
{'loss': '0.007661', 'grad_norm': '0.4874', 'learning_rate': '0.0001957', 'epoch': '0.3665'}
[1A
[1A 12%|█▏        | 127/1041 [19:24<2:21:25,  9.28s/it]
[1A 12%|█▏        | 128/1041 [19:33<2:20:39,  9.24s/it]
[1A                                                    
{'loss': '0.002724', 'grad_norm': '0.1317', 'learning_rate': '0.0001957', 'epoch': '0.3694'}
[1A
[1A 12%|█▏        | 128/1041 [19:33<2:20:39,  9.24s/it]
[1A 12%|█▏        | 129/1041 [19:42<2:20:51,  9.27s/it]
[1A                                                    
{'loss': '0.00393', 'grad_norm': '0.1541', 'learning_rate': '0.0001956', 'epoch': '0.3723'}
[1A
[1A 12%|█▏        | 129/1041 [19:42<2:20:51,  9.27s/it]
[1A 12%|█▏        | 130/1041 [19:51<2:17:57,  9.09s/it]
[1A                                                    
{'loss': '0.02425', 'grad_norm': '0.7075', 'learning_rate': '0.0001955', 'epoch': '0.3752'}
[1A
[1A 12%|█▏        | 130/1041 [19:51<2:17:57,  9.09s/it]
[1A 13%|█▎        | 131/1041 [20:00<2:16:45,  9.02s/it]
[1A                                                    
{'loss': '0.001257', 'grad_norm': '0.02976', 'learning_rate': '0.0001954', 'epoch': '0.3781'}
[1A
[1A 13%|█▎        | 131/1041 [20:00<2:16:45,  9.02s/it]
[1A 13%|█▎        | 132/1041 [20:09<2:17:39,  9.09s/it]
[1A                                                    
{'loss': '0.002206', 'grad_norm': '0.06139', 'learning_rate': '0.0001953', 'epoch': '0.381'}
[1A
[1A 13%|█▎        | 132/1041 [20:09<2:17:39,  9.09s/it]
[1A 13%|█▎        | 133/1041 [20:18<2:15:53,  8.98s/it]
[1A                                                    
{'loss': '0.009732', 'grad_norm': '0.2924', 'learning_rate': '0.0001952', 'epoch': '0.3838'}
[1A
[1A 13%|█▎        | 133/1041 [20:18<2:15:53,  8.98s/it]
[1A 13%|█▎        | 134/1041 [20:27<2:17:04,  9.07s/it]
[1A                                                    
{'loss': '0.01468', 'grad_norm': '0.5772', 'learning_rate': '0.0001951', 'epoch': '0.3867'}
[1A
[1A 13%|█▎        | 134/1041 [20:27<2:17:04,  9.07s/it]
[1A 13%|█▎        | 135/1041 [20:36<2:16:13,  9.02s/it]
[1A                                                    
{'loss': '0.02178', 'grad_norm': '1.34', 'learning_rate': '0.000195', 'epoch': '0.3896'}
[1A
[1A 13%|█▎        | 135/1041 [20:36<2:16:13,  9.02s/it]
[1A 13%|█▎        | 136/1041 [20:45<2:15:33,  8.99s/it]                                                    
{'loss': '0.002038', 'grad_norm': '0.1403', 'learning_rate': '0.0001949', 'epoch': '0.3925'}
[1A
[1A 13%|█▎        | 136/1041 [20:45<2:15:33,  8.99s/it]
[1A 13%|█▎        | 137/1041 [20:54<2:16:00,  9.03s/it]
[1A                                                    
{'loss': '0.0002811', 'grad_norm': '0.01085', 'learning_rate': '0.0001948', 'epoch': '0.3954'}
[1A
[1A 13%|█▎        | 137/1041 [20:54<2:16:00,  9.03s/it]
[1A 13%|█▎        | 138/1041 [21:03<2:16:15,  9.05s/it]
[1A                                                    
{'loss': '0.0002816', 'grad_norm': '0.01969', 'learning_rate': '0.0001947', 'epoch': '0.3983'}
[1A
[1A 13%|█▎        | 138/1041 [21:03<2:16:15,  9.05s/it]
[1A 13%|█▎        | 139/1041 [21:13<2:17:08,  9.12s/it]
[1A                                                    
{'loss': '0.001355', 'grad_norm': '0.1376', 'learning_rate': '0.0001946', 'epoch': '0.4012'}
[1A
[1A 13%|█▎        | 139/1041 [21:13<2:17:08,  9.12s/it]
[1A 13%|█▎        | 140/1041 [21:22<2:16:56,  9.12s/it]
[1A                                                    
{'loss': '0.0009341', 'grad_norm': '0.04327', 'learning_rate': '0.0001945', 'epoch': '0.404'}
[1A
[1A 13%|█▎        | 140/1041 [21:22<2:16:56,  9.12s/it]
[1A 14%|█▎        | 141/1041 [21:31<2:17:27,  9.16s/it]
[1A                                                    
{'loss': '9.811e-05', 'grad_norm': '0.002799', 'learning_rate': '0.0001944', 'epoch': '0.4069'}
[1A
[1A 14%|█▎        | 141/1041 [21:31<2:17:27,  9.16s/it]
[1A 14%|█▎        | 142/1041 [21:40<2:17:10,  9.16s/it]
[1A                                                    
{'loss': '0.0309', 'grad_norm': '1.022', 'learning_rate': '0.0001943', 'epoch': '0.4098'}
[1A
[1A 14%|█▎        | 142/1041 [21:40<2:17:10,  9.16s/it]
[1A 14%|█▎        | 143/1041 [21:49<2:17:29,  9.19s/it]
[1A                                                    
{'loss': '0.002688', 'grad_norm': '0.3491', 'learning_rate': '0.0001942', 'epoch': '0.4127'}
[1A
[1A 14%|█▎        | 143/1041 [21:49<2:17:29,  9.19s/it]
[1A 14%|█▍        | 144/1041 [21:59<2:17:10,  9.18s/it]
[1A                                                    
{'loss': '9.886e-05', 'grad_norm': '0.004939', 'learning_rate': '0.0001941', 'epoch': '0.4156'}
[1A
[1A 14%|█▍        | 144/1041 [21:59<2:17:10,  9.18s/it]
[1A 14%|█▍        | 145/1041 [22:08<2:16:50,  9.16s/it]                                                    
{'loss': '0.03849', 'grad_norm': '0.8982', 'learning_rate': '0.000194', 'epoch': '0.4185'}
[1A
[1A 14%|█▍        | 145/1041 [22:08<2:16:50,  9.16s/it]
[1A 14%|█▍        | 146/1041 [22:17<2:16:28,  9.15s/it]
[1A                                                    
{'loss': '0.0008708', 'grad_norm': '0.1762', 'learning_rate': '0.0001939', 'epoch': '0.4214'}
[1A
[1A 14%|█▍        | 146/1041 [22:17<2:16:28,  9.15s/it]
[1A 14%|█▍        | 147/1041 [22:26<2:16:17,  9.15s/it]
[1A                                                    
{'loss': '0.0001674', 'grad_norm': '0.007964', 'learning_rate': '0.0001938', 'epoch': '0.4242'}
[1A
[1A 14%|█▍        | 147/1041 [22:26<2:16:17,  9.15s/it]
[1A 14%|█▍        | 148/1041 [22:35<2:14:20,  9.03s/it]
[1A                                                    
{'loss': '0.008794', 'grad_norm': '1.602', 'learning_rate': '0.0001937', 'epoch': '0.4271'}
[1A
[1A 14%|█▍        | 148/1041 [22:35<2:14:20,  9.03s/it]
[1A 14%|█▍        | 149/1041 [22:44<2:13:40,  8.99s/it]
[1A                                                    
{'loss': '4.935e-05', 'grad_norm': '0.003341', 'learning_rate': '0.0001935', 'epoch': '0.43'}
[1A
[1A 14%|█▍        | 149/1041 [22:44<2:13:40,  8.99s/it]
[1A 14%|█▍        | 150/1041 [22:53<2:13:44,  9.01s/it]
[1A                                                    
{'loss': '0.001292', 'grad_norm': '0.4467', 'learning_rate': '0.0001934', 'epoch': '0.4329'}
[1A
[1A 14%|█▍        | 150/1041 [22:53<2:13:44,  9.01s/it]
[1A 15%|█▍        | 151/1041 [23:02<2:14:10,  9.05s/it]
[1A                                                    
{'loss': '0.0264', 'grad_norm': '0.9837', 'learning_rate': '0.0001933', 'epoch': '0.4358'}
[1A
[1A 15%|█▍        | 151/1041 [23:02<2:14:10,  9.05s/it]
[1A 15%|█▍        | 152/1041 [23:11<2:15:02,  9.11s/it]
[1A                                                    
{'loss': '0.02051', 'grad_norm': '0.9754', 'learning_rate': '0.0001932', 'epoch': '0.4387'}
[1A
[1A 15%|█▍        | 152/1041 [23:11<2:15:02,  9.11s/it]
[1A 15%|█▍        | 153/1041 [23:20<2:14:44,  9.10s/it]
[1A                                                    
{'loss': '0.007693', 'grad_norm': '0.7186', 'learning_rate': '0.0001931', 'epoch': '0.4416'}
[1A
[1A 15%|█▍        | 153/1041 [23:20<2:14:44,  9.10s/it]
[1A 15%|█▍        | 154/1041 [23:29<2:14:43,  9.11s/it]                                                    
{'loss': '0.02943', 'grad_norm': '1.988', 'learning_rate': '0.000193', 'epoch': '0.4444'}
[1A
[1A 15%|█▍        | 154/1041 [23:29<2:14:43,  9.11s/it]
[1A 15%|█▍        | 155/1041 [23:38<2:15:08,  9.15s/it]
[1A                                                    
{'loss': '0.01749', 'grad_norm': '0.2473', 'learning_rate': '0.0001929', 'epoch': '0.4473'}
[1A
[1A 15%|█▍        | 155/1041 [23:38<2:15:08,  9.15s/it]
[1A 15%|█▍        | 156/1041 [23:48<2:14:49,  9.14s/it]
[1A                                                    
{'loss': '0.007947', 'grad_norm': '0.4273', 'learning_rate': '0.0001928', 'epoch': '0.4502'}
[1A
[1A 15%|█▍        | 156/1041 [23:48<2:14:49,  9.14s/it]
[1A 15%|█▌        | 157/1041 [23:57<2:14:27,  9.13s/it]
[1A                                                    
{'loss': '0.01044', 'grad_norm': '0.3705', 'learning_rate': '0.0001926', 'epoch': '0.4531'}
[1A
[1A 15%|█▌        | 157/1041 [23:57<2:14:27,  9.13s/it]
[1A 15%|█▌        | 158/1041 [24:06<2:14:13,  9.12s/it]
[1A                                                    
{'loss': '0.012', 'grad_norm': '0.3198', 'learning_rate': '0.0001925', 'epoch': '0.456'}
[1A
[1A 15%|█▌        | 158/1041 [24:06<2:14:13,  9.12s/it]
[1A 15%|█▌        | 159/1041 [24:15<2:13:54,  9.11s/it]
[1A                                                    
{'loss': '0.01742', 'grad_norm': '0.3743', 'learning_rate': '0.0001924', 'epoch': '0.4589'}
[1A
[1A 15%|█▌        | 159/1041 [24:15<2:13:54,  9.11s/it]
[1A 15%|█▌        | 160/1041 [24:24<2:12:42,  9.04s/it]
[1A                                                    
{'loss': '0.01619', 'grad_norm': '0.7178', 'learning_rate': '0.0001923', 'epoch': '0.4618'}
[1A
[1A 15%|█▌        | 160/1041 [24:24<2:12:42,  9.04s/it]
[1A 15%|█▌        | 161/1041 [24:33<2:14:12,  9.15s/it]
[1A                                                    
{'loss': '0.00389', 'grad_norm': '0.1502', 'learning_rate': '0.0001922', 'epoch': '0.4646'}
[1A
[1A 15%|█▌        | 161/1041 [24:33<2:14:12,  9.15s/it]
[1A 16%|█▌        | 162/1041 [24:42<2:14:27,  9.18s/it]
[1A                                                    
{'loss': '0.006221', 'grad_norm': '0.236', 'learning_rate': '0.000192', 'epoch': '0.4675'}
[1A
[1A 16%|█▌        | 162/1041 [24:42<2:14:27,  9.18s/it]
[1A 16%|█▌        | 163/1041 [24:52<2:14:48,  9.21s/it]
[1A                                                    
{'loss': '0.006553', 'grad_norm': '0.2126', 'learning_rate': '0.0001919', 'epoch': '0.4704'}
[1A
[1A 16%|█▌        | 163/1041 [24:52<2:14:48,  9.21s/it]
[1A 16%|█▌        | 164/1041 [25:00<2:11:52,  9.02s/it]
[1A                                                    
{'loss': '0.0004808', 'grad_norm': '0.03031', 'learning_rate': '0.0001918', 'epoch': '0.4733'}
[1A
[1A 16%|█▌        | 164/1041 [25:00<2:11:52,  9.02s/it]
[1A 16%|█▌        | 165/1041 [25:10<2:12:48,  9.10s/it]
[1A                                                    
{'loss': '0.0007476', 'grad_norm': '0.04053', 'learning_rate': '0.0001917', 'epoch': '0.4762'}
[1A
[1A 16%|█▌        | 165/1041 [25:10<2:12:48,  9.10s/it]
[1A 16%|█▌        | 166/1041 [25:19<2:12:35,  9.09s/it]                                                    
{'loss': '0.0006361', 'grad_norm': '0.0525', 'learning_rate': '0.0001915', 'epoch': '0.4791'}
[1A
[1A 16%|█▌        | 166/1041 [25:19<2:12:35,  9.09s/it]
[1A 16%|█▌        | 167/1041 [25:28<2:13:12,  9.15s/it]
[1A                                                    
{'loss': '0.00842', 'grad_norm': '0.2533', 'learning_rate': '0.0001914', 'epoch': '0.482'}
[1A
[1A 16%|█▌        | 167/1041 [25:28<2:13:12,  9.15s/it]
[1A 16%|█▌        | 168/1041 [25:37<2:12:51,  9.13s/it]
[1A                                                    
{'loss': '0.02861', 'grad_norm': '0.8689', 'learning_rate': '0.0001913', 'epoch': '0.4848'}
[1A
[1A 16%|█▌        | 168/1041 [25:37<2:12:51,  9.13s/it]
[1A 16%|█▌        | 169/1041 [25:46<2:12:27,  9.11s/it]
[1A                                                    
{'loss': '0.03636', 'grad_norm': '0.4091', 'learning_rate': '0.0001912', 'epoch': '0.4877'}
[1A
[1A 16%|█▌        | 169/1041 [25:46<2:12:27,  9.11s/it]
[1A 16%|█▋        | 170/1041 [25:55<2:12:24,  9.12s/it]
[1A                                                    
{'loss': '0.01027', 'grad_norm': '1.172', 'learning_rate': '0.000191', 'epoch': '0.4906'}
[1A
[1A 16%|█▋        | 170/1041 [25:55<2:12:24,  9.12s/it]
[1A 16%|█▋        | 171/1041 [26:04<2:12:12,  9.12s/it]
[1A                                                    
{'loss': '0.004453', 'grad_norm': '0.1367', 'learning_rate': '0.0001909', 'epoch': '0.4935'}
[1A
[1A 16%|█▋        | 171/1041 [26:04<2:12:12,  9.12s/it]
[1A 17%|█▋        | 172/1041 [26:14<2:13:24,  9.21s/it]
[1A                                                    
{'loss': '0.001201', 'grad_norm': '0.04303', 'learning_rate': '0.0001908', 'epoch': '0.4964'}
[1A
[1A 17%|█▋        | 172/1041 [26:14<2:13:24,  9.21s/it]
[1A 17%|█▋        | 173/1041 [26:23<2:12:56,  9.19s/it]
[1A                                                    
{'loss': '0.0009794', 'grad_norm': '0.02312', 'learning_rate': '0.0001906', 'epoch': '0.4993'}
[1A
[1A 17%|█▋        | 173/1041 [26:23<2:12:56,  9.19s/it]
[1A 17%|█▋        | 174/1041 [26:32<2:13:07,  9.21s/it]
[1A                                                    
{'loss': '0.0153', 'grad_norm': '1.724', 'learning_rate': '0.0001905', 'epoch': '0.5022'}
[1A
[1A 17%|█▋        | 174/1041 [26:32<2:13:07,  9.21s/it]
[1A 17%|█▋        | 175/1041 [26:41<2:10:37,  9.05s/it]
[1A                                                    
{'loss': '0.02934', 'grad_norm': '0.5046', 'learning_rate': '0.0001904', 'epoch': '0.5051'}
[1A
[1A 17%|█▋        | 175/1041 [26:41<2:10:37,  9.05s/it]
[1A 17%|█▋        | 176/1041 [26:50<2:11:31,  9.12s/it]
[1A                                                    
{'loss': '0.0003042', 'grad_norm': '0.00721', 'learning_rate': '0.0001903', 'epoch': '0.5079'}
[1A
[1A 17%|█▋        | 176/1041 [26:50<2:11:31,  9.12s/it]
[1A 17%|█▋        | 177/1041 [26:59<2:10:58,  9.10s/it]
[1A                                                    
{'loss': '0.006894', 'grad_norm': '0.6203', 'learning_rate': '0.0001901', 'epoch': '0.5108'}
[1A
[1A 17%|█▋        | 177/1041 [26:59<2:10:58,  9.10s/it]
[1A 17%|█▋        | 178/1041 [27:08<2:10:01,  9.04s/it]
[1A                                                    
{'loss': '0.03029', 'grad_norm': '0.6661', 'learning_rate': '0.00019', 'epoch': '0.5137'}
[1A
[1A 17%|█▋        | 178/1041 [27:08<2:10:01,  9.04s/it]
[1A 17%|█▋        | 179/1041 [27:17<2:10:13,  9.06s/it]
[1A                                                    
{'loss': '0.001624', 'grad_norm': '0.04447', 'learning_rate': '0.0001898', 'epoch': '0.5166'}
[1A
[1A 17%|█▋        | 179/1041 [27:17<2:10:13,  9.06s/it]
[1A 17%|█▋        | 180/1041 [27:27<2:11:35,  9.17s/it]
[1A                                                    
{'loss': '0.005595', 'grad_norm': '0.2517', 'learning_rate': '0.0001897', 'epoch': '0.5195'}
[1A
[1A 17%|█▋        | 180/1041 [27:27<2:11:35,  9.17s/it]
[1A 17%|█▋        | 181/1041 [27:36<2:12:00,  9.21s/it]
[1A                                                    
{'loss': '0.002368', 'grad_norm': '0.09193', 'learning_rate': '0.0001896', 'epoch': '0.5224'}
[1A
[1A 17%|█▋        | 181/1041 [27:36<2:12:00,  9.21s/it]
[1A 17%|█▋        | 182/1041 [27:45<2:11:27,  9.18s/it]
[1A                                                    
{'loss': '0.002457', 'grad_norm': '0.23', 'learning_rate': '0.0001894', 'epoch': '0.5253'}
[1A
[1A 17%|█▋        | 182/1041 [27:45<2:11:27,  9.18s/it]
[1A 18%|█▊        | 183/1041 [27:54<2:11:44,  9.21s/it]
[1A                                                    
{'loss': '0.01635', 'grad_norm': '0.3121', 'learning_rate': '0.0001893', 'epoch': '0.5281'}
[1A
[1A 18%|█▊        | 183/1041 [27:54<2:11:44,  9.21s/it]
[1A 18%|█▊        | 184/1041 [28:04<2:11:53,  9.23s/it]
[1A                                                    
{'loss': '0.01898', 'grad_norm': '0.7795', 'learning_rate': '0.0001892', 'epoch': '0.531'}
[1A
[1A 18%|█▊        | 184/1041 [28:04<2:11:53,  9.23s/it]
[1A 18%|█▊        | 185/1041 [28:13<2:11:19,  9.20s/it]
[1A                                                    
{'loss': '0.004545', 'grad_norm': '0.2549', 'learning_rate': '0.000189', 'epoch': '0.5339'}
[1A
[1A 18%|█▊        | 185/1041 [28:13<2:11:19,  9.20s/it]
[1A 18%|█▊        | 186/1041 [28:22<2:10:58,  9.19s/it]
[1A                                                    
{'loss': '0.000948', 'grad_norm': '0.03276', 'learning_rate': '0.0001889', 'epoch': '0.5368'}
[1A
[1A 18%|█▊        | 186/1041 [28:22<2:10:58,  9.19s/it]
[1A 18%|█▊        | 187/1041 [28:31<2:10:25,  9.16s/it]
[1A                                                    
{'loss': '0.002305', 'grad_norm': '0.09231', 'learning_rate': '0.0001887', 'epoch': '0.5397'}
[1A
[1A 18%|█▊        | 187/1041 [28:31<2:10:25,  9.16s/it]
[1A 18%|█▊        | 188/1041 [28:40<2:09:03,  9.08s/it]
[1A                                                    
{'loss': '0.002279', 'grad_norm': '0.3184', 'learning_rate': '0.0001886', 'epoch': '0.5426'}
[1A
[1A 18%|█▊        | 188/1041 [28:40<2:09:03,  9.08s/it]
[1A 18%|█▊        | 189/1041 [28:49<2:10:24,  9.18s/it]
[1A                                                    
{'loss': '0.000408', 'grad_norm': '0.05141', 'learning_rate': '0.0001884', 'epoch': '0.5455'}
[1A
[1A 18%|█▊        | 189/1041 [28:49<2:10:24,  9.18s/it]
[1A 18%|█▊        | 190/1041 [28:59<2:11:10,  9.25s/it]
[1A                                                    
{'loss': '0.006326', 'grad_norm': '0.6855', 'learning_rate': '0.0001883', 'epoch': '0.5483'}
[1A
[1A 18%|█▊        | 190/1041 [28:59<2:11:10,  9.25s/it]
[1A 18%|█▊        | 191/1041 [29:08<2:10:33,  9.22s/it]
[1A                                                    
{'loss': '0.0003351', 'grad_norm': '0.01073', 'learning_rate': '0.0001881', 'epoch': '0.5512'}
[1A
[1A 18%|█▊        | 191/1041 [29:08<2:10:33,  9.22s/it]
[1A 18%|█▊        | 192/1041 [29:17<2:08:13,  9.06s/it]
[1A                                                    
{'loss': '0.002271', 'grad_norm': '0.3549', 'learning_rate': '0.000188', 'epoch': '0.5541'}
[1A
[1A 18%|█▊        | 192/1041 [29:17<2:08:13,  9.06s/it]
[1A 19%|█▊        | 193/1041 [29:26<2:07:41,  9.04s/it]
[1A                                                    
{'loss': '0.005381', 'grad_norm': '1.029', 'learning_rate': '0.0001878', 'epoch': '0.557'}
[1A
[1A 19%|█▊        | 193/1041 [29:26<2:07:41,  9.04s/it]
[1A 19%|█▊        | 194/1041 [29:34<2:05:37,  8.90s/it]
[1A                                                    
{'loss': '0.0003619', 'grad_norm': '0.04079', 'learning_rate': '0.0001877', 'epoch': '0.5599'}
[1A
[1A 19%|█▊        | 194/1041 [29:34<2:05:37,  8.90s/it]
[1A 19%|█▊        | 195/1041 [29:43<2:07:05,  9.01s/it]
[1A                                                    
{'loss': '0.01008', 'grad_norm': '1.113', 'learning_rate': '0.0001875', 'epoch': '0.5628'}
[1A
[1A 19%|█▊        | 195/1041 [29:43<2:07:05,  9.01s/it]
[1A 19%|█▉        | 196/1041 [29:53<2:07:33,  9.06s/it]
[1A                                                    
{'loss': '0.006364', 'grad_norm': '1.253', 'learning_rate': '0.0001874', 'epoch': '0.5657'}
[1A
[1A 19%|█▉        | 196/1041 [29:53<2:07:33,  9.06s/it]
[1A 19%|█▉        | 197/1041 [30:02<2:08:18,  9.12s/it]
[1A                                                    
{'loss': '0.0004185', 'grad_norm': '0.03372', 'learning_rate': '0.0001872', 'epoch': '0.5685'}
[1A
[1A 19%|█▉        | 197/1041 [30:02<2:08:18,  9.12s/it]
[1A 19%|█▉        | 198/1041 [30:11<2:08:40,  9.16s/it]
[1A                                                    
{'loss': '0.009449', 'grad_norm': '0.6725', 'learning_rate': '0.0001871', 'epoch': '0.5714'}
[1A
[1A 19%|█▉        | 198/1041 [30:11<2:08:40,  9.16s/it]
[1A 19%|█▉        | 199/1041 [30:20<2:08:34,  9.16s/it]
[1A                                                    
{'loss': '0.005217', 'grad_norm': '0.32', 'learning_rate': '0.0001869', 'epoch': '0.5743'}
[1A
[1A 19%|█▉        | 199/1041 [30:20<2:08:34,  9.16s/it]
[1A 19%|█▉        | 200/1041 [30:35<2:30:38, 10.75s/it]
[1A                                                    
{'loss': '0.009212', 'grad_norm': '0.6991', 'learning_rate': '0.0001868', 'epoch': '0.5772'}
[1A
[1A 19%|█▉        | 200/1041 [30:35<2:30:38, 10.75s/it]
[1A 19%|█▉        | 201/1041 [30:44<2:24:04, 10.29s/it]
[1A                                                    
{'loss': '0.0002349', 'grad_norm': '0.03107', 'learning_rate': '0.0001866', 'epoch': '0.5801'}
[1A
[1A 19%|█▉        | 201/1041 [30:44<2:24:04, 10.29s/it]
[1A 19%|█▉        | 202/1041 [30:53<2:18:12,  9.88s/it]
[1A                                                    
{'loss': '0.0002173', 'grad_norm': '0.02679', 'learning_rate': '0.0001865', 'epoch': '0.583'}
[1A
[1A 19%|█▉        | 202/1041 [30:53<2:18:12,  9.88s/it]
[1A 20%|█▉        | 203/1041 [31:02<2:15:41,  9.72s/it]
[1A                                                    
{'loss': '0.04513', 'grad_norm': '1.19', 'learning_rate': '0.0001863', 'epoch': '0.5859'}
[1A
[1A 20%|█▉        | 203/1041 [31:02<2:15:41,  9.72s/it]
[1A 20%|█▉        | 204/1041 [31:11<2:13:52,  9.60s/it]
[1A                                                    
{'loss': '0.000475', 'grad_norm': '0.04118', 'learning_rate': '0.0001862', 'epoch': '0.5887'}
[1A
[1A 20%|█▉        | 204/1041 [31:11<2:13:52,  9.60s/it]
[1A 20%|█▉        | 205/1041 [31:21<2:12:26,  9.51s/it]
[1A                                                    
{'loss': '0.03475', 'grad_norm': '0.2591', 'learning_rate': '0.000186', 'epoch': '0.5916'}
[1A
[1A 20%|█▉        | 205/1041 [31:21<2:12:26,  9.51s/it]
[1A 20%|█▉        | 206/1041 [31:30<2:10:01,  9.34s/it]
[1A                                                    
{'loss': '0.005985', 'grad_norm': '1.27', 'learning_rate': '0.0001858', 'epoch': '0.5945'}
[1A
[1A 20%|█▉        | 206/1041 [31:30<2:10:01,  9.34s/it]
[1A 20%|█▉        | 207/1041 [31:39<2:09:16,  9.30s/it]
[1A                                                    
{'loss': '0.02438', 'grad_norm': '0.2022', 'learning_rate': '0.0001857', 'epoch': '0.5974'}
[1A
[1A 20%|█▉        | 207/1041 [31:39<2:09:16,  9.30s/it]
[1A 20%|█▉        | 208/1041 [31:48<2:08:20,  9.24s/it]
[1A                                                    
{'loss': '0.02934', 'grad_norm': '0.6795', 'learning_rate': '0.0001855', 'epoch': '0.6003'}
[1A
[1A 20%|█▉        | 208/1041 [31:48<2:08:20,  9.24s/it]
[1A 20%|██        | 209/1041 [31:57<2:08:20,  9.26s/it]                                                    
{'loss': '0.02002', 'grad_norm': '1.132', 'learning_rate': '0.0001854', 'epoch': '0.6032'}
[1A
[1A 20%|██        | 209/1041 [31:57<2:08:20,  9.26s/it]
[1A 20%|██        | 210/1041 [32:07<2:07:54,  9.24s/it]
[1A                                                    
{'loss': '0.05097', 'grad_norm': '1.635', 'learning_rate': '0.0001852', 'epoch': '0.6061'}
[1A
[1A 20%|██        | 210/1041 [32:07<2:07:54,  9.24s/it]
[1A 20%|██        | 211/1041 [32:16<2:08:10,  9.27s/it]
[1A                                                    
{'loss': '0.06309', 'grad_norm': '1.462', 'learning_rate': '0.000185', 'epoch': '0.6089'}
[1A
[1A 20%|██        | 211/1041 [32:16<2:08:10,  9.27s/it]
[1A 20%|██        | 212/1041 [32:25<2:07:23,  9.22s/it]
[1A                                                    
{'loss': '0.04015', 'grad_norm': '1.796', 'learning_rate': '0.0001849', 'epoch': '0.6118'}
[1A
[1A 20%|██        | 212/1041 [32:25<2:07:23,  9.22s/it]
[1A 20%|██        | 213/1041 [32:34<2:05:28,  9.09s/it]
[1A                                                    
{'loss': '0.00259', 'grad_norm': '0.3286', 'learning_rate': '0.0001847', 'epoch': '0.6147'}
[1A
[1A 20%|██        | 213/1041 [32:34<2:05:28,  9.09s/it]
[1A 21%|██        | 214/1041 [32:43<2:05:37,  9.11s/it]
[1A                                                    
{'loss': '0.02679', 'grad_norm': '0.8567', 'learning_rate': '0.0001845', 'epoch': '0.6176'}
[1A
[1A 21%|██        | 214/1041 [32:43<2:05:37,  9.11s/it]
[1A 21%|██        | 215/1041 [32:52<2:06:12,  9.17s/it]
[1A                                                    
{'loss': '0.01911', 'grad_norm': '1.101', 'learning_rate': '0.0001844', 'epoch': '0.6205'}
[1A
[1A 21%|██        | 215/1041 [32:52<2:06:12,  9.17s/it]
[1A 21%|██        | 216/1041 [33:02<2:07:17,  9.26s/it]
[1A                                                    
{'loss': '0.002157', 'grad_norm': '0.08052', 'learning_rate': '0.0001842', 'epoch': '0.6234'}
[1A
[1A 21%|██        | 216/1041 [33:02<2:07:17,  9.26s/it]
[1A 21%|██        | 217/1041 [33:11<2:05:51,  9.16s/it]
[1A                                                    
{'loss': '0.006226', 'grad_norm': '0.26', 'learning_rate': '0.000184', 'epoch': '0.6263'}
[1A
[1A 21%|██        | 217/1041 [33:11<2:05:51,  9.16s/it]
[1A 21%|██        | 218/1041 [33:20<2:05:44,  9.17s/it]
[1A                                                    
{'loss': '0.008909', 'grad_norm': '0.2957', 'learning_rate': '0.0001839', 'epoch': '0.6291'}
[1A
[1A 21%|██        | 218/1041 [33:20<2:05:44,  9.17s/it]
[1A 21%|██        | 219/1041 [33:29<2:05:57,  9.19s/it]
[1A                                                    
{'loss': '0.004041', 'grad_norm': '0.2422', 'learning_rate': '0.0001837', 'epoch': '0.632'}
[1A
[1A 21%|██        | 219/1041 [33:29<2:05:57,  9.19s/it]
[1A 21%|██        | 220/1041 [33:38<2:06:06,  9.22s/it]
[1A                                                    
{'loss': '0.008323', 'grad_norm': '0.7513', 'learning_rate': '0.0001835', 'epoch': '0.6349'}
[1A
[1A 21%|██        | 220/1041 [33:38<2:06:06,  9.22s/it]
[1A 21%|██        | 221/1041 [33:47<2:05:28,  9.18s/it]
[1A                                                    
{'loss': '0.02247', 'grad_norm': '1.348', 'learning_rate': '0.0001834', 'epoch': '0.6378'}
[1A
[1A 21%|██        | 221/1041 [33:47<2:05:28,  9.18s/it]
[1A 21%|██▏       | 222/1041 [33:57<2:05:08,  9.17s/it]
[1A                                                    
{'loss': '0.02774', 'grad_norm': '0.2973', 'learning_rate': '0.0001832', 'epoch': '0.6407'}
[1A
[1A 21%|██▏       | 222/1041 [33:57<2:05:08,  9.17s/it]
[1A 21%|██▏       | 223/1041 [34:06<2:04:48,  9.15s/it]
[1A                                                    
{'loss': '0.04873', 'grad_norm': '1.312', 'learning_rate': '0.000183', 'epoch': '0.6436'}
[1A
[1A 21%|██▏       | 223/1041 [34:06<2:04:48,  9.15s/it]
[1A 22%|██▏       | 224/1041 [34:15<2:03:34,  9.08s/it]
[1A                                                    
{'loss': '0.0009985', 'grad_norm': '0.03873', 'learning_rate': '0.0001828', 'epoch': '0.6465'}
[1A
[1A 22%|██▏       | 224/1041 [34:15<2:03:34,  9.08s/it]
[1A 22%|██▏       | 225/1041 [34:24<2:03:36,  9.09s/it]
[1A                                                    
{'loss': '0.003553', 'grad_norm': '0.1697', 'learning_rate': '0.0001827', 'epoch': '0.6494'}
[1A
[1A 22%|██▏       | 225/1041 [34:24<2:03:36,  9.09s/it]
[1A 22%|██▏       | 226/1041 [34:33<2:04:48,  9.19s/it]
[1A                                                    
{'loss': '0.01752', 'grad_norm': '0.1381', 'learning_rate': '0.0001825', 'epoch': '0.6522'}
[1A
[1A 22%|██▏       | 226/1041 [34:33<2:04:48,  9.19s/it]
[1A 22%|██▏       | 227/1041 [34:42<2:04:20,  9.16s/it]
[1A                                                    
{'loss': '0.002149', 'grad_norm': '0.08122', 'learning_rate': '0.0001823', 'epoch': '0.6551'}
[1A
[1A 22%|██▏       | 227/1041 [34:42<2:04:20,  9.16s/it]
[1A 22%|██▏       | 228/1041 [34:51<2:03:56,  9.15s/it]
[1A                                                    
{'loss': '0.008037', 'grad_norm': '0.4127', 'learning_rate': '0.0001821', 'epoch': '0.658'}
[1A
[1A 22%|██▏       | 228/1041 [34:51<2:03:56,  9.15s/it]
[1A 22%|██▏       | 229/1041 [35:00<2:02:31,  9.05s/it]
[1A                                                    
{'loss': '0.03281', 'grad_norm': '1.34', 'learning_rate': '0.0001819', 'epoch': '0.6609'}
[1A
[1A 22%|██▏       | 229/1041 [35:00<2:02:31,  9.05s/it]
[1A 22%|██▏       | 230/1041 [35:09<2:03:12,  9.12s/it]
[1A                                                    
{'loss': '0.01772', 'grad_norm': '0.5779', 'learning_rate': '0.0001818', 'epoch': '0.6638'}
[1A
[1A 22%|██▏       | 230/1041 [35:09<2:03:12,  9.12s/it]
[1A 22%|██▏       | 231/1041 [35:19<2:03:40,  9.16s/it]
[1A                                                    
{'loss': '0.008703', 'grad_norm': '0.3254', 'learning_rate': '0.0001816', 'epoch': '0.6667'}
[1A
[1A 22%|██▏       | 231/1041 [35:19<2:03:40,  9.16s/it]
[1A 22%|██▏       | 232/1041 [35:28<2:02:24,  9.08s/it]
[1A                                                    
{'loss': '0.006074', 'grad_norm': '0.1815', 'learning_rate': '0.0001814', 'epoch': '0.6696'}
[1A
[1A 22%|██▏       | 232/1041 [35:28<2:02:24,  9.08s/it]
[1A 22%|██▏       | 233/1041 [35:37<2:03:03,  9.14s/it]
[1A                                                    
{'loss': '0.000946', 'grad_norm': '0.03058', 'learning_rate': '0.0001812', 'epoch': '0.6724'}
[1A
[1A 22%|██▏       | 233/1041 [35:37<2:03:03,  9.14s/it]
[1A 22%|██▏       | 234/1041 [35:46<2:03:20,  9.17s/it]
[1A                                                    
{'loss': '0.000686', 'grad_norm': '0.01353', 'learning_rate': '0.000181', 'epoch': '0.6753'}
[1A
[1A 22%|██▏       | 234/1041 [35:46<2:03:20,  9.17s/it]
[1A 23%|██▎       | 235/1041 [35:55<2:02:53,  9.15s/it]
[1A                                                    
{'loss': '0.008567', 'grad_norm': '0.3632', 'learning_rate': '0.0001809', 'epoch': '0.6782'}
[1A
[1A 23%|██▎       | 235/1041 [35:55<2:02:53,  9.15s/it]
[1A 23%|██▎       | 236/1041 [36:05<2:03:49,  9.23s/it]
[1A                                                    
{'loss': '0.03364', 'grad_norm': '2.476', 'learning_rate': '0.0001807', 'epoch': '0.6811'}
[1A
[1A 23%|██▎       | 236/1041 [36:05<2:03:49,  9.23s/it]
[1A 23%|██▎       | 237/1041 [36:14<2:03:39,  9.23s/it]
[1A                                                    
{'loss': '0.01925', 'grad_norm': '0.2902', 'learning_rate': '0.0001805', 'epoch': '0.684'}
[1A
[1A 23%|██▎       | 237/1041 [36:14<2:03:39,  9.23s/it]
[1A 23%|██▎       | 238/1041 [36:23<2:04:18,  9.29s/it]
[1A                                                    
{'loss': '0.002599', 'grad_norm': '0.1357', 'learning_rate': '0.0001803', 'epoch': '0.6869'}
[1A
[1A 23%|██▎       | 238/1041 [36:23<2:04:18,  9.29s/it]
[1A 23%|██▎       | 239/1041 [36:32<2:03:13,  9.22s/it]
[1A                                                    
{'loss': '0.007379', 'grad_norm': '0.2072', 'learning_rate': '0.0001801', 'epoch': '0.6898'}
[1A
[1A 23%|██▎       | 239/1041 [36:32<2:03:13,  9.22s/it]
[1A 23%|██▎       | 240/1041 [36:42<2:03:21,  9.24s/it]
[1A                                                    
{'loss': '0.01014', 'grad_norm': '0.4098', 'learning_rate': '0.0001799', 'epoch': '0.6926'}
[1A
[1A 23%|██▎       | 240/1041 [36:42<2:03:21,  9.24s/it]
[1A 23%|██▎       | 241/1041 [36:51<2:03:17,  9.25s/it]
[1A                                                    
{'loss': '0.002606', 'grad_norm': '0.2611', 'learning_rate': '0.0001798', 'epoch': '0.6955'}
[1A
[1A 23%|██▎       | 241/1041 [36:51<2:03:17,  9.25s/it]
[1A 23%|██▎       | 242/1041 [37:00<2:01:35,  9.13s/it]
[1A                                                    
{'loss': '0.007454', 'grad_norm': '0.4164', 'learning_rate': '0.0001796', 'epoch': '0.6984'}
[1A
[1A 23%|██▎       | 242/1041 [37:00<2:01:35,  9.13s/it]
[1A 23%|██▎       | 243/1041 [37:09<2:01:20,  9.12s/it]
[1A                                                    
{'loss': '0.003844', 'grad_norm': '0.2274', 'learning_rate': '0.0001794', 'epoch': '0.7013'}
[1A
[1A 23%|██▎       | 243/1041 [37:09<2:01:20,  9.12s/it]
[1A 23%|██▎       | 244/1041 [37:18<2:00:21,  9.06s/it]
[1A                                                    
{'loss': '0.001117', 'grad_norm': '0.03877', 'learning_rate': '0.0001792', 'epoch': '0.7042'}
[1A
[1A 23%|██▎       | 244/1041 [37:18<2:00:21,  9.06s/it]
[1A 24%|██▎       | 245/1041 [37:27<2:00:36,  9.09s/it]
[1A                                                    
{'loss': '0.0006917', 'grad_norm': '0.01542', 'learning_rate': '0.000179', 'epoch': '0.7071'}
[1A
[1A 24%|██▎       | 245/1041 [37:27<2:00:36,  9.09s/it]
[1A 24%|██▎       | 246/1041 [37:36<2:00:51,  9.12s/it]
[1A                                                    
{'loss': '0.001411', 'grad_norm': '0.09578', 'learning_rate': '0.0001788', 'epoch': '0.71'}
[1A
[1A 24%|██▎       | 246/1041 [37:36<2:00:51,  9.12s/it]
[1A 24%|██▎       | 247/1041 [37:45<2:01:11,  9.16s/it]
[1A                                                    
{'loss': '0.02919', 'grad_norm': '0.6353', 'learning_rate': '0.0001786', 'epoch': '0.7128'}
[1A
[1A 24%|██▎       | 247/1041 [37:45<2:01:11,  9.16s/it]
[1A 24%|██▍       | 248/1041 [37:55<2:01:32,  9.20s/it]                                                    
{'loss': '0.002001', 'grad_norm': '0.1229', 'learning_rate': '0.0001784', 'epoch': '0.7157'}
[1A
[1A 24%|██▍       | 248/1041 [37:55<2:01:32,  9.20s/it]
[1A 24%|██▍       | 249/1041 [38:03<1:59:20,  9.04s/it]
[1A                                                    
{'loss': '0.0001849', 'grad_norm': '0.005717', 'learning_rate': '0.0001782', 'epoch': '0.7186'}
[1A
[1A 24%|██▍       | 249/1041 [38:03<1:59:20,  9.04s/it]
[1A 24%|██▍       | 250/1041 [38:12<1:58:36,  9.00s/it]
[1A                                                    
{'loss': '0.006707', 'grad_norm': '0.6162', 'learning_rate': '0.000178', 'epoch': '0.7215'}
[1A
[1A 24%|██▍       | 250/1041 [38:12<1:58:36,  9.00s/it]
[1A 24%|██▍       | 251/1041 [38:21<1:58:13,  8.98s/it]
[1A                                                    
{'loss': '0.000282', 'grad_norm': '0.02439', 'learning_rate': '0.0001778', 'epoch': '0.7244'}
[1A
[1A 24%|██▍       | 251/1041 [38:21<1:58:13,  8.98s/it]
[1A 24%|██▍       | 252/1041 [38:30<1:56:01,  8.82s/it]
[1A                                                    
{'loss': '7.471e-05', 'grad_norm': '0.007111', 'learning_rate': '0.0001776', 'epoch': '0.7273'}
[1A
[1A 24%|██▍       | 252/1041 [38:30<1:56:01,  8.82s/it]
[1A 24%|██▍       | 253/1041 [38:39<1:57:33,  8.95s/it]
[1A                                                    
{'loss': '0.005584', 'grad_norm': '0.2846', 'learning_rate': '0.0001774', 'epoch': '0.7302'}
[1A
[1A 24%|██▍       | 253/1041 [38:39<1:57:33,  8.95s/it]
[1A 24%|██▍       | 254/1041 [38:48<1:58:40,  9.05s/it]
[1A                                                    
{'loss': '0.01546', 'grad_norm': '0.9739', 'learning_rate': '0.0001772', 'epoch': '0.733'}
[1A
[1A 24%|██▍       | 254/1041 [38:48<1:58:40,  9.05s/it]
[1A 24%|██▍       | 255/1041 [38:57<1:58:57,  9.08s/it]
[1A                                                    
{'loss': '0.001377', 'grad_norm': '0.05534', 'learning_rate': '0.000177', 'epoch': '0.7359'}
[1A
[1A 24%|██▍       | 255/1041 [38:57<1:58:57,  9.08s/it]
[1A 25%|██▍       | 256/1041 [39:06<1:57:00,  8.94s/it]
[1A                                                    
{'loss': '0.003577', 'grad_norm': '0.4768', 'learning_rate': '0.0001768', 'epoch': '0.7388'}
[1A
[1A 25%|██▍       | 256/1041 [39:06<1:57:00,  8.94s/it]
[1A 25%|██▍       | 257/1041 [39:15<1:58:37,  9.08s/it]
[1A                                                    
{'loss': '0.0004088', 'grad_norm': '0.02614', 'learning_rate': '0.0001766', 'epoch': '0.7417'}
[1A
[1A 25%|██▍       | 257/1041 [39:15<1:58:37,  9.08s/it]
[1A 25%|██▍       | 258/1041 [39:24<1:57:43,  9.02s/it]                                                    
{'loss': '0.02108', 'grad_norm': '0.3007', 'learning_rate': '0.0001764', 'epoch': '0.7446'}
[1A
[1A 25%|██▍       | 258/1041 [39:24<1:57:43,  9.02s/it]
[1A 25%|██▍       | 259/1041 [39:33<1:58:02,  9.06s/it]
[1A                                                    
{'loss': '0.00304', 'grad_norm': '0.2852', 'learning_rate': '0.0001762', 'epoch': '0.7475'}
[1A
[1A 25%|██▍       | 259/1041 [39:33<1:58:02,  9.06s/it]
[1A 25%|██▍       | 260/1041 [39:43<1:58:41,  9.12s/it]
[1A                                                    
{'loss': '0.0227', 'grad_norm': '0.4136', 'learning_rate': '0.000176', 'epoch': '0.7504'}
[1A
[1A 25%|██▍       | 260/1041 [39:43<1:58:41,  9.12s/it]
[1A 25%|██▌       | 261/1041 [39:51<1:57:36,  9.05s/it]
[1A                                                    
{'loss': '0.0156', 'grad_norm': '0.8111', 'learning_rate': '0.0001758', 'epoch': '0.7532'}
[1A
[1A 25%|██▌       | 261/1041 [39:51<1:57:36,  9.05s/it]
[1A 25%|██▌       | 262/1041 [40:00<1:56:43,  8.99s/it]
[1A                                                    
{'loss': '0.02453', 'grad_norm': '0.4874', 'learning_rate': '0.0001756', 'epoch': '0.7561'}
[1A
[1A 25%|██▌       | 262/1041 [40:00<1:56:43,  8.99s/it]
[1A 25%|██▌       | 263/1041 [40:10<1:58:20,  9.13s/it]
[1A                                                    
{'loss': '0.002611', 'grad_norm': '0.09907', 'learning_rate': '0.0001754', 'epoch': '0.759'}
[1A
[1A 25%|██▌       | 263/1041 [40:10<1:58:20,  9.13s/it]
[1A 25%|██▌       | 264/1041 [40:19<1:58:14,  9.13s/it]                                                    
{'loss': '0.004906', 'grad_norm': '0.638', 'learning_rate': '0.0001752', 'epoch': '0.7619'}
[1A
[1A 25%|██▌       | 264/1041 [40:19<1:58:14,  9.13s/it]
[1A 25%|██▌       | 265/1041 [40:28<1:59:16,  9.22s/it]
[1A                                                    
{'loss': '0.001648', 'grad_norm': '0.1106', 'learning_rate': '0.000175', 'epoch': '0.7648'}
[1A
[1A 25%|██▌       | 265/1041 [40:28<1:59:16,  9.22s/it]
[1A 26%|██▌       | 266/1041 [40:37<1:56:16,  9.00s/it]
[1A                                                    
{'loss': '0.001125', 'grad_norm': '0.09514', 'learning_rate': '0.0001748', 'epoch': '0.7677'}
[1A
[1A 26%|██▌       | 266/1041 [40:37<1:56:16,  9.00s/it]
[1A 26%|██▌       | 267/1041 [40:46<1:55:04,  8.92s/it]
[1A                                                    
{'loss': '0.006787', 'grad_norm': '0.1711', 'learning_rate': '0.0001746', 'epoch': '0.7706'}
[1A
[1A 26%|██▌       | 267/1041 [40:46<1:55:04,  8.92s/it]
[1A 26%|██▌       | 268/1041 [40:55<1:56:18,  9.03s/it]
[1A                                                    
{'loss': '0.007672', 'grad_norm': '0.2325', 'learning_rate': '0.0001744', 'epoch': '0.7734'}
[1A
[1A 26%|██▌       | 268/1041 [40:55<1:56:18,  9.03s/it]
[1A 26%|██▌       | 269/1041 [41:04<1:57:17,  9.12s/it]
[1A                                                    
{'loss': '0.005723', 'grad_norm': '0.09044', 'learning_rate': '0.0001742', 'epoch': '0.7763'}
[1A
[1A 26%|██▌       | 269/1041 [41:04<1:57:17,  9.12s/it]
[1A 26%|██▌       | 270/1041 [41:13<1:56:58,  9.10s/it]
[1A                                                    
{'loss': '0.001756', 'grad_norm': '0.09826', 'learning_rate': '0.000174', 'epoch': '0.7792'}
[1A
[1A 26%|██▌       | 270/1041 [41:13<1:56:58,  9.10s/it]
[1A 26%|██▌       | 271/1041 [41:22<1:56:09,  9.05s/it]
[1A                                                    
{'loss': '0.0005671', 'grad_norm': '0.01986', 'learning_rate': '0.0001738', 'epoch': '0.7821'}
[1A
[1A 26%|██▌       | 271/1041 [41:22<1:56:09,  9.05s/it]
[1A 26%|██▌       | 272/1041 [41:31<1:56:42,  9.11s/it]
[1A                                                    
{'loss': '0.0007032', 'grad_norm': '0.0182', 'learning_rate': '0.0001736', 'epoch': '0.785'}
[1A
[1A 26%|██▌       | 272/1041 [41:31<1:56:42,  9.11s/it]
[1A 26%|██▌       | 273/1041 [41:41<1:57:15,  9.16s/it]
[1A                                                    
{'loss': '0.002918', 'grad_norm': '0.3277', 'learning_rate': '0.0001734', 'epoch': '0.7879'}
[1A
[1A 26%|██▌       | 273/1041 [41:41<1:57:15,  9.16s/it]
[1A 26%|██▋       | 274/1041 [41:50<1:56:54,  9.14s/it]
[1A                                                    
{'loss': '0.01472', 'grad_norm': '0.259', 'learning_rate': '0.0001731', 'epoch': '0.7908'}
[1A
[1A 26%|██▋       | 274/1041 [41:50<1:56:54,  9.14s/it]
[1A 26%|██▋       | 275/1041 [41:59<1:57:51,  9.23s/it]
[1A                                                    
{'loss': '0.007818', 'grad_norm': '0.1711', 'learning_rate': '0.0001729', 'epoch': '0.7937'}
[1A
[1A 26%|██▋       | 275/1041 [41:59<1:57:51,  9.23s/it]
[1A 27%|██▋       | 276/1041 [42:08<1:57:13,  9.19s/it]
[1A                                                    
{'loss': '0.0009029', 'grad_norm': '0.04993', 'learning_rate': '0.0001727', 'epoch': '0.7965'}
[1A
[1A 27%|██▋       | 276/1041 [42:08<1:57:13,  9.19s/it]
[1A 27%|██▋       | 277/1041 [42:17<1:54:27,  8.99s/it]
[1A                                                    
{'loss': '0.0002228', 'grad_norm': '0.008886', 'learning_rate': '0.0001725', 'epoch': '0.7994'}
[1A
[1A 27%|██▋       | 277/1041 [42:17<1:54:27,  8.99s/it]
[1A 27%|██▋       | 278/1041 [42:26<1:54:56,  9.04s/it]
[1A                                                    
{'loss': '0.006557', 'grad_norm': '0.5289', 'learning_rate': '0.0001723', 'epoch': '0.8023'}
[1A
[1A 27%|██▋       | 278/1041 [42:26<1:54:56,  9.04s/it]
[1A 27%|██▋       | 279/1041 [42:35<1:54:11,  8.99s/it]                                                    
{'loss': '0.001372', 'grad_norm': '0.1005', 'learning_rate': '0.0001721', 'epoch': '0.8052'}
[1A
[1A 27%|██▋       | 279/1041 [42:35<1:54:11,  8.99s/it]
[1A 27%|██▋       | 280/1041 [42:44<1:54:01,  8.99s/it]                                                    
{'loss': '0.0003694', 'grad_norm': '0.01353', 'learning_rate': '0.0001719', 'epoch': '0.8081'}
[1A
[1A 27%|██▋       | 280/1041 [42:44<1:54:01,  8.99s/it]
[1A 27%|██▋       | 281/1041 [42:53<1:55:30,  9.12s/it]                                                    
{'loss': '0.008967', 'grad_norm': '2.436', 'learning_rate': '0.0001716', 'epoch': '0.811'}
[1A
[1A 27%|██▋       | 281/1041 [42:53<1:55:30,  9.12s/it]
[1A 27%|██▋       | 282/1041 [43:03<1:56:03,  9.18s/it]                                                    
{'loss': '0.01454', 'grad_norm': '0.9419', 'learning_rate': '0.0001714', 'epoch': '0.8139'}
[1A
[1A 27%|██▋       | 282/1041 [43:03<1:56:03,  9.18s/it]
[1A 27%|██▋       | 283/1041 [43:12<1:55:28,  9.14s/it]
[1A                                                    
{'loss': '0.0004141', 'grad_norm': '0.01766', 'learning_rate': '0.0001712', 'epoch': '0.8167'}
[1A
[1A 27%|██▋       | 283/1041 [43:12<1:55:28,  9.14s/it]
[1A 27%|██▋       | 284/1041 [43:21<1:55:08,  9.13s/it]
[1A                                                    
{'loss': '0.001784', 'grad_norm': '0.2', 'learning_rate': '0.000171', 'epoch': '0.8196'}
[1A
[1A 27%|██▋       | 284/1041 [43:21<1:55:08,  9.13s/it]
[1A 27%|██▋       | 285/1041 [43:30<1:54:48,  9.11s/it]
[1A                                                    
{'loss': '0.002521', 'grad_norm': '0.2228', 'learning_rate': '0.0001708', 'epoch': '0.8225'}
[1A
[1A 27%|██▋       | 285/1041 [43:30<1:54:48,  9.11s/it]
[1A 27%|██▋       | 286/1041 [43:39<1:55:04,  9.14s/it]
[1A                                                    
{'loss': '0.01282', 'grad_norm': '0.24', 'learning_rate': '0.0001705', 'epoch': '0.8254'}
[1A
[1A 27%|██▋       | 286/1041 [43:39<1:55:04,  9.14s/it]
[1A 28%|██▊       | 287/1041 [43:48<1:54:41,  9.13s/it]
[1A                                                    
{'loss': '0.01195', 'grad_norm': '0.7205', 'learning_rate': '0.0001703', 'epoch': '0.8283'}
[1A
[1A 28%|██▊       | 287/1041 [43:48<1:54:41,  9.13s/it]
[1A 28%|██▊       | 288/1041 [43:57<1:54:39,  9.14s/it]                                                    
{'loss': '0.001052', 'grad_norm': '0.1181', 'learning_rate': '0.0001701', 'epoch': '0.8312'}
[1A
[1A 28%|██▊       | 288/1041 [43:57<1:54:39,  9.14s/it]
[1A 28%|██▊       | 289/1041 [44:06<1:54:00,  9.10s/it]
[1A                                                    
{'loss': '7.157e-05', 'grad_norm': '0.001214', 'learning_rate': '0.0001699', 'epoch': '0.8341'}
[1A
[1A 28%|██▊       | 289/1041 [44:06<1:54:00,  9.10s/it]
[1A 28%|██▊       | 290/1041 [44:15<1:52:54,  9.02s/it]
[1A                                                    
{'loss': '0.0001242', 'grad_norm': '0.008248', 'learning_rate': '0.0001697', 'epoch': '0.8369'}
[1A
[1A 28%|██▊       | 290/1041 [44:15<1:52:54,  9.02s/it]
[1A 28%|██▊       | 291/1041 [44:24<1:53:09,  9.05s/it]
[1A                                                    
{'loss': '8.985e-05', 'grad_norm': '0.00263', 'learning_rate': '0.0001694', 'epoch': '0.8398'}
[1A
[1A 28%|██▊       | 291/1041 [44:24<1:53:09,  9.05s/it]
[1A 28%|██▊       | 292/1041 [44:33<1:53:20,  9.08s/it]
[1A                                                    
{'loss': '0.007024', 'grad_norm': '1.2', 'learning_rate': '0.0001692', 'epoch': '0.8427'}
[1A
[1A 28%|██▊       | 292/1041 [44:33<1:53:20,  9.08s/it]
[1A 28%|██▊       | 293/1041 [44:43<1:54:32,  9.19s/it]
[1A                                                    
{'loss': '0.0005312', 'grad_norm': '0.02626', 'learning_rate': '0.000169', 'epoch': '0.8456'}
[1A
[1A 28%|██▊       | 293/1041 [44:43<1:54:32,  9.19s/it]
[1A 28%|██▊       | 294/1041 [44:52<1:53:51,  9.14s/it]
[1A                                                    
{'loss': '0.0007165', 'grad_norm': '0.04229', 'learning_rate': '0.0001688', 'epoch': '0.8485'}
[1A
[1A 28%|██▊       | 294/1041 [44:52<1:53:51,  9.14s/it]
[1A 28%|██▊       | 295/1041 [45:01<1:53:34,  9.13s/it]
[1A                                                    
{'loss': '0.01892', 'grad_norm': '0.5615', 'learning_rate': '0.0001685', 'epoch': '0.8514'}
[1A
[1A 28%|██▊       | 295/1041 [45:01<1:53:34,  9.13s/it]
[1A 28%|██▊       | 296/1041 [45:10<1:52:33,  9.07s/it]                                                    
{'loss': '0.0005165', 'grad_norm': '0.09478', 'learning_rate': '0.0001683', 'epoch': '0.8543'}
[1A
[1A 28%|██▊       | 296/1041 [45:10<1:52:33,  9.07s/it]
[1A 29%|██▊       | 297/1041 [45:19<1:51:48,  9.02s/it]
[1A                                                    
{'loss': '0.01207', 'grad_norm': '0.3176', 'learning_rate': '0.0001681', 'epoch': '0.8571'}
[1A
[1A 29%|██▊       | 297/1041 [45:19<1:51:48,  9.02s/it]
[1A 29%|██▊       | 298/1041 [45:28<1:51:26,  9.00s/it]
[1A                                                    
{'loss': '0.003447', 'grad_norm': '0.3324', 'learning_rate': '0.0001678', 'epoch': '0.86'}
[1A
[1A 29%|██▊       | 298/1041 [45:28<1:51:26,  9.00s/it]
[1A 29%|██▊       | 299/1041 [45:37<1:52:03,  9.06s/it]
[1A                                                    
{'loss': '0.005807', 'grad_norm': '0.1391', 'learning_rate': '0.0001676', 'epoch': '0.8629'}
[1A
[1A 29%|██▊       | 299/1041 [45:37<1:52:03,  9.06s/it]
[1A 29%|██▉       | 300/1041 [45:52<2:15:42, 10.99s/it]                                                    
{'loss': '0.00103', 'grad_norm': '0.1246', 'learning_rate': '0.0001674', 'epoch': '0.8658'}
[1A
[1A 29%|██▉       | 300/1041 [45:52<2:15:42, 10.99s/it]
[1A 29%|██▉       | 301/1041 [46:01<2:07:39, 10.35s/it]
[1A                                                    
{'loss': '0.0007206', 'grad_norm': '0.1247', 'learning_rate': '0.0001672', 'epoch': '0.8687'}
[1A
[1A 29%|██▉       | 301/1041 [46:01<2:07:39, 10.35s/it]
[1A 29%|██▉       | 302/1041 [46:11<2:03:58, 10.07s/it]
[1A                                                    
{'loss': '0.001625', 'grad_norm': '0.7603', 'learning_rate': '0.0001669', 'epoch': '0.8716'}
[1A
[1A 29%|██▉       | 302/1041 [46:11<2:03:58, 10.07s/it]
[1A 29%|██▉       | 303/1041 [46:20<1:59:31,  9.72s/it]
[1A                                                    
{'loss': '0.02458', 'grad_norm': '0.2567', 'learning_rate': '0.0001667', 'epoch': '0.8745'}
[1A
[1A 29%|██▉       | 303/1041 [46:20<1:59:31,  9.72s/it]
[1A 29%|██▉       | 304/1041 [46:29<1:57:13,  9.54s/it]
[1A                                                    
{'loss': '0.0005227', 'grad_norm': '0.0337', 'learning_rate': '0.0001665', 'epoch': '0.8773'}
[1A
[1A 29%|██▉       | 304/1041 [46:29<1:57:13,  9.54s/it]
[1A 29%|██▉       | 305/1041 [46:38<1:54:51,  9.36s/it]
[1A                                                    
{'loss': '0.05364', 'grad_norm': '0.4252', 'learning_rate': '0.0001662', 'epoch': '0.8802'}
[1A
[1A 29%|██▉       | 305/1041 [46:38<1:54:51,  9.36s/it]
[1A 29%|██▉       | 306/1041 [46:47<1:53:11,  9.24s/it]
[1A                                                    
{'loss': '0.03583', 'grad_norm': '0.2628', 'learning_rate': '0.000166', 'epoch': '0.8831'}
[1A
[1A 29%|██▉       | 306/1041 [46:47<1:53:11,  9.24s/it]
[1A 29%|██▉       | 307/1041 [46:56<1:53:18,  9.26s/it]
[1A                                                    
{'loss': '0.03119', 'grad_norm': '1.004', 'learning_rate': '0.0001658', 'epoch': '0.886'}
[1A
[1A 29%|██▉       | 307/1041 [46:56<1:53:18,  9.26s/it]
[1A 30%|██▉       | 308/1041 [47:05<1:52:12,  9.19s/it]
[1A                                                    
{'loss': '0.001004', 'grad_norm': '0.04183', 'learning_rate': '0.0001655', 'epoch': '0.8889'}
[1A
[1A 30%|██▉       | 308/1041 [47:05<1:52:12,  9.19s/it]
[1A 30%|██▉       | 309/1041 [47:14<1:50:01,  9.02s/it]
[1A                                                    
{'loss': '0.00717', 'grad_norm': '0.5206', 'learning_rate': '0.0001653', 'epoch': '0.8918'}
[1A
[1A 30%|██▉       | 309/1041 [47:14<1:50:01,  9.02s/it]
[1A 30%|██▉       | 310/1041 [47:23<1:50:55,  9.10s/it]
[1A                                                    
{'loss': '0.01174', 'grad_norm': '0.2722', 'learning_rate': '0.0001651', 'epoch': '0.8947'}
[1A
[1A 30%|██▉       | 310/1041 [47:23<1:50:55,  9.10s/it]
[1A 30%|██▉       | 311/1041 [47:32<1:51:22,  9.15s/it]
[1A                                                    
{'loss': '0.03048', 'grad_norm': '0.5264', 'learning_rate': '0.0001648', 'epoch': '0.8975'}
[1A
[1A 30%|██▉       | 311/1041 [47:32<1:51:22,  9.15s/it]
[1A 30%|██▉       | 312/1041 [47:41<1:51:19,  9.16s/it]
[1A                                                    
{'loss': '0.008282', 'grad_norm': '0.1907', 'learning_rate': '0.0001646', 'epoch': '0.9004'}
[1A
[1A 30%|██▉       | 312/1041 [47:41<1:51:19,  9.16s/it]
[1A 30%|███       | 313/1041 [47:50<1:50:40,  9.12s/it]
[1A                                                    
{'loss': '0.002047', 'grad_norm': '0.0655', 'learning_rate': '0.0001643', 'epoch': '0.9033'}
[1A
[1A 30%|███       | 313/1041 [47:50<1:50:40,  9.12s/it]
[1A 30%|███       | 314/1041 [48:00<1:51:18,  9.19s/it]
[1A                                                    
{'loss': '0.02287', 'grad_norm': '0.3214', 'learning_rate': '0.0001641', 'epoch': '0.9062'}
[1A
[1A 30%|███       | 314/1041 [48:00<1:51:18,  9.19s/it]
[1A 30%|███       | 315/1041 [48:09<1:51:04,  9.18s/it]
[1A                                                    
{'loss': '0.01126', 'grad_norm': '0.1003', 'learning_rate': '0.0001639', 'epoch': '0.9091'}
[1A
[1A 30%|███       | 315/1041 [48:09<1:51:04,  9.18s/it]
[1A 30%|███       | 316/1041 [48:18<1:51:18,  9.21s/it]
[1A                                                    
{'loss': '0.01732', 'grad_norm': '0.5236', 'learning_rate': '0.0001636', 'epoch': '0.912'}
[1A
[1A 30%|███       | 316/1041 [48:18<1:51:18,  9.21s/it]
[1A 30%|███       | 317/1041 [48:27<1:50:37,  9.17s/it]
[1A                                                    
{'loss': '0.008347', 'grad_norm': '0.453', 'learning_rate': '0.0001634', 'epoch': '0.9149'}
[1A
[1A 30%|███       | 317/1041 [48:27<1:50:37,  9.17s/it]
[1A 31%|███       | 318/1041 [48:36<1:49:21,  9.08s/it]
[1A                                                    
{'loss': '0.004743', 'grad_norm': '0.1583', 'learning_rate': '0.0001631', 'epoch': '0.9177'}
[1A
[1A 31%|███       | 318/1041 [48:36<1:49:21,  9.08s/it]
[1A 31%|███       | 319/1041 [48:45<1:47:48,  8.96s/it]
[1A                                                    
{'loss': '0.002563', 'grad_norm': '0.1086', 'learning_rate': '0.0001629', 'epoch': '0.9206'}
[1A
[1A 31%|███       | 319/1041 [48:45<1:47:48,  8.96s/it]
[1A 31%|███       | 320/1041 [48:54<1:48:42,  9.05s/it]
[1A                                                    
{'loss': '0.0007437', 'grad_norm': '0.02111', 'learning_rate': '0.0001627', 'epoch': '0.9235'}
[1A
[1A 31%|███       | 320/1041 [48:54<1:48:42,  9.05s/it]
[1A 31%|███       | 321/1041 [49:03<1:47:43,  8.98s/it]
[1A                                                    
{'loss': '0.0004335', 'grad_norm': '0.02194', 'learning_rate': '0.0001624', 'epoch': '0.9264'}
[1A
[1A 31%|███       | 321/1041 [49:03<1:47:43,  8.98s/it]
[1A 31%|███       | 322/1041 [49:12<1:47:15,  8.95s/it]
[1A                                                    
{'loss': '0.000363', 'grad_norm': '0.007848', 'learning_rate': '0.0001622', 'epoch': '0.9293'}
[1A
[1A 31%|███       | 322/1041 [49:12<1:47:15,  8.95s/it]
[1A 31%|███       | 323/1041 [49:21<1:47:44,  9.00s/it]
[1A                                                    
{'loss': '0.002845', 'grad_norm': '0.2173', 'learning_rate': '0.0001619', 'epoch': '0.9322'}
[1A
[1A 31%|███       | 323/1041 [49:21<1:47:44,  9.00s/it]
[1A 31%|███       | 324/1041 [49:30<1:47:26,  8.99s/it]
[1A                                                    
{'loss': '0.001176', 'grad_norm': '0.06528', 'learning_rate': '0.0001617', 'epoch': '0.9351'}
[1A
[1A 31%|███       | 324/1041 [49:30<1:47:26,  8.99s/it]
[1A 31%|███       | 325/1041 [49:39<1:46:44,  8.94s/it]
[1A                                                    
{'loss': '0.002235', 'grad_norm': '0.1585', 'learning_rate': '0.0001614', 'epoch': '0.938'}
[1A
[1A 31%|███       | 325/1041 [49:39<1:46:44,  8.94s/it]
[1A 31%|███▏      | 326/1041 [49:48<1:47:02,  8.98s/it]
[1A                                                    
{'loss': '0.03068', 'grad_norm': '0.7705', 'learning_rate': '0.0001612', 'epoch': '0.9408'}
[1A
[1A 31%|███▏      | 326/1041 [49:48<1:47:02,  8.98s/it]
[1A 31%|███▏      | 327/1041 [49:57<1:47:16,  9.02s/it]                                                    
{'loss': '0.002083', 'grad_norm': '0.05215', 'learning_rate': '0.0001609', 'epoch': '0.9437'}
[1A
[1A 31%|███▏      | 327/1041 [49:57<1:47:16,  9.02s/it]
[1A 32%|███▏      | 328/1041 [50:06<1:48:02,  9.09s/it]
[1A                                                    
{'loss': '0.004198', 'grad_norm': '0.2627', 'learning_rate': '0.0001607', 'epoch': '0.9466'}
[1A
[1A 32%|███▏      | 328/1041 [50:06<1:48:02,  9.09s/it]
[1A 32%|███▏      | 329/1041 [50:15<1:48:41,  9.16s/it]
[1A                                                    
{'loss': '0.00428', 'grad_norm': '0.09224', 'learning_rate': '0.0001605', 'epoch': '0.9495'}
[1A
[1A 32%|███▏      | 329/1041 [50:15<1:48:41,  9.16s/it]
[1A 32%|███▏      | 330/1041 [50:25<1:48:36,  9.16s/it]
[1A                                                    
{'loss': '0.01574', 'grad_norm': '0.3292', 'learning_rate': '0.0001602', 'epoch': '0.9524'}
[1A
[1A 32%|███▏      | 330/1041 [50:25<1:48:36,  9.16s/it]
[1A 32%|███▏      | 331/1041 [50:34<1:48:57,  9.21s/it]
[1A                                                    
{'loss': '0.004682', 'grad_norm': '0.2294', 'learning_rate': '0.00016', 'epoch': '0.9553'}
[1A
[1A 32%|███▏      | 331/1041 [50:34<1:48:57,  9.21s/it]
[1A 32%|███▏      | 332/1041 [50:43<1:49:10,  9.24s/it]
[1A                                                    
{'loss': '0.001732', 'grad_norm': '0.1085', 'learning_rate': '0.0001597', 'epoch': '0.9582'}
[1A
[1A 32%|███▏      | 332/1041 [50:43<1:49:10,  9.24s/it]
[1A 32%|███▏      | 333/1041 [50:53<1:49:21,  9.27s/it]
[1A                                                    
{'loss': '0.000887', 'grad_norm': '0.06869', 'learning_rate': '0.0001595', 'epoch': '0.961'}
[1A
[1A 32%|███▏      | 333/1041 [50:53<1:49:21,  9.27s/it]
[1A 32%|███▏      | 334/1041 [51:02<1:48:44,  9.23s/it]
[1A                                                    
{'loss': '0.0002239', 'grad_norm': '0.005257', 'learning_rate': '0.0001592', 'epoch': '0.9639'}
[1A
[1A 32%|███▏      | 334/1041 [51:02<1:48:44,  9.23s/it]
[1A 32%|███▏      | 335/1041 [51:11<1:48:01,  9.18s/it]
[1A                                                    
{'loss': '0.001007', 'grad_norm': '0.03568', 'learning_rate': '0.000159', 'epoch': '0.9668'}
[1A
[1A 32%|███▏      | 335/1041 [51:11<1:48:01,  9.18s/it]
[1A 32%|███▏      | 336/1041 [51:20<1:48:23,  9.23s/it]
[1A                                                    
{'loss': '0.0007901', 'grad_norm': '0.02695', 'learning_rate': '0.0001587', 'epoch': '0.9697'}
[1A
[1A 32%|███▏      | 336/1041 [51:20<1:48:23,  9.23s/it]
[1A 32%|███▏      | 337/1041 [51:29<1:48:29,  9.25s/it]
[1A                                                    
{'loss': '0.0002429', 'grad_norm': '0.0257', 'learning_rate': '0.0001585', 'epoch': '0.9726'}
[1A
[1A 32%|███▏      | 337/1041 [51:29<1:48:29,  9.25s/it]
[1A 32%|███▏      | 338/1041 [51:38<1:47:02,  9.14s/it]
[1A                                                    
{'loss': '0.0002256', 'grad_norm': '0.01581', 'learning_rate': '0.0001582', 'epoch': '0.9755'}
[1A
[1A 32%|███▏      | 338/1041 [51:38<1:47:02,  9.14s/it]
[1A 33%|███▎      | 339/1041 [51:47<1:46:59,  9.14s/it]                                                    
{'loss': '0.006129', 'grad_norm': '1.203', 'learning_rate': '0.0001579', 'epoch': '0.9784'}
[1A
[1A 33%|███▎      | 339/1041 [51:47<1:46:59,  9.14s/it]
[1A 33%|███▎      | 340/1041 [51:56<1:46:33,  9.12s/it]
[1A                                                    
{'loss': '0.0002872', 'grad_norm': '0.006728', 'learning_rate': '0.0001577', 'epoch': '0.9812'}
[1A
[1A 33%|███▎      | 340/1041 [51:56<1:46:33,  9.12s/it]
[1A 33%|███▎      | 341/1041 [52:06<1:46:35,  9.14s/it]
[1A                                                    
{'loss': '0.0001061', 'grad_norm': '0.002408', 'learning_rate': '0.0001574', 'epoch': '0.9841'}
[1A
[1A 33%|███▎      | 341/1041 [52:06<1:46:35,  9.14s/it]
[1A 33%|███▎      | 342/1041 [52:15<1:46:32,  9.15s/it]
[1A                                                    
{'loss': '8.417e-05', 'grad_norm': '0.003217', 'learning_rate': '0.0001572', 'epoch': '0.987'}
[1A
[1A 33%|███▎      | 342/1041 [52:15<1:46:32,  9.15s/it]
[1A 33%|███▎      | 343/1041 [52:24<1:47:36,  9.25s/it]
[1A                                                    
{'loss': '0.001638', 'grad_norm': '0.08514', 'learning_rate': '0.0001569', 'epoch': '0.9899'}
[1A
[1A 33%|███▎      | 343/1041 [52:24<1:47:36,  9.25s/it]
[1A 33%|███▎      | 344/1041 [52:34<1:47:16,  9.23s/it]
[1A                                                    
{'loss': '0.0002063', 'grad_norm': '0.00627', 'learning_rate': '0.0001567', 'epoch': '0.9928'}
[1A
[1A 33%|███▎      | 344/1041 [52:34<1:47:16,  9.23s/it]
[1A 33%|███▎      | 345/1041 [52:43<1:47:25,  9.26s/it]
[1A                                                    
{'loss': '0.0004266', 'grad_norm': '0.05582', 'learning_rate': '0.0001564', 'epoch': '0.9957'}
[1A
[1A 33%|███▎      | 345/1041 [52:43<1:47:25,  9.26s/it]
[1A 33%|███▎      | 346/1041 [52:52<1:45:22,  9.10s/it]
[1A                                                    
{'loss': '0.0004501', 'grad_norm': '0.04359', 'learning_rate': '0.0001562', 'epoch': '0.9986'}
[1A
[1A 33%|███▎      | 346/1041 [52:52<1:45:22,  9.10s/it]
[1A 33%|███▎      | 347/1041 [52:56<1:29:35,  7.75s/it]
[1A                                                    
{'loss': '0.0004638', 'grad_norm': '0.01698', 'learning_rate': '0.0001559', 'epoch': '1'}
[1A
[1A 33%|███▎      | 347/1041 [52:56<1:29:35,  7.75s/it]
[1A 33%|███▎      | 348/1041 [53:05<1:33:20,  8.08s/it]
[1A                                                    
{'loss': '0.0001128', 'grad_norm': '0.01264', 'learning_rate': '0.0001556', 'epoch': '1.003'}
[1A
[1A 33%|███▎      | 348/1041 [53:05<1:33:20,  8.08s/it]
[1A 34%|███▎      | 349/1041 [53:14<1:36:00,  8.32s/it]                                                    
{'loss': '7.91e-05', 'grad_norm': '0.002549', 'learning_rate': '0.0001554', 'epoch': '1.006'}
[1A
[1A 34%|███▎      | 349/1041 [53:14<1:36:00,  8.32s/it]
[1A 34%|███▎      | 350/1041 [53:23<1:38:46,  8.58s/it]
[1A                                                    
{'loss': '0.0002184', 'grad_norm': '0.01448', 'learning_rate': '0.0001551', 'epoch': '1.009'}
[1A
[1A 34%|███▎      | 350/1041 [53:23<1:38:46,  8.58s/it]
[1A 34%|███▎      | 351/1041 [53:32<1:40:35,  8.75s/it]
[1A                                                    
{'loss': '0.0123', 'grad_norm': '0.5993', 'learning_rate': '0.0001549', 'epoch': '1.012'}
[1A
[1A 34%|███▎      | 351/1041 [53:32<1:40:35,  8.75s/it]
[1A 34%|███▍      | 352/1041 [53:42<1:42:45,  8.95s/it]                                                    
{'loss': '0.005695', 'grad_norm': '0.2806', 'learning_rate': '0.0001546', 'epoch': '1.014'}
[1A
[1A 34%|███▍      | 352/1041 [53:42<1:42:45,  8.95s/it]
[1A 34%|███▍      | 353/1041 [53:50<1:41:52,  8.88s/it]
[1A                                                    
{'loss': '0.01074', 'grad_norm': '0.3742', 'learning_rate': '0.0001543', 'epoch': '1.017'}
[1A
[1A 34%|███▍      | 353/1041 [53:50<1:41:52,  8.88s/it]
[1A 34%|███▍      | 354/1041 [54:00<1:42:51,  8.98s/it]
[1A                                                    
{'loss': '0.0003987', 'grad_norm': '0.04094', 'learning_rate': '0.0001541', 'epoch': '1.02'}
[1A
[1A 34%|███▍      | 354/1041 [54:00<1:42:51,  8.98s/it]
[1A 34%|███▍      | 355/1041 [54:09<1:43:42,  9.07s/it]
[1A                                                    
{'loss': '0.0002492', 'grad_norm': '0.0187', 'learning_rate': '0.0001538', 'epoch': '1.023'}
[1A
[1A 34%|███▍      | 355/1041 [54:09<1:43:42,  9.07s/it]
[1A 34%|███▍      | 356/1041 [54:18<1:44:15,  9.13s/it]
[1A                                                    
{'loss': '0.01289', 'grad_norm': '0.5804', 'learning_rate': '0.0001536', 'epoch': '1.026'}
[1A
[1A 34%|███▍      | 356/1041 [54:18<1:44:15,  9.13s/it]
[1A 34%|███▍      | 357/1041 [54:27<1:43:11,  9.05s/it]                                                    
{'loss': '0.0001231', 'grad_norm': '0.01674', 'learning_rate': '0.0001533', 'epoch': '1.029'}
[1A
[1A 34%|███▍      | 357/1041 [54:27<1:43:11,  9.05s/it]
[1A 34%|███▍      | 358/1041 [54:36<1:43:09,  9.06s/it]
[1A                                                    
{'loss': '0.01266', 'grad_norm': '0.7518', 'learning_rate': '0.000153', 'epoch': '1.032'}
[1A
[1A 34%|███▍      | 358/1041 [54:36<1:43:09,  9.06s/it]
[1A 34%|███▍      | 359/1041 [54:45<1:43:06,  9.07s/it]
[1A                                                    
{'loss': '0.002198', 'grad_norm': '0.1243', 'learning_rate': '0.0001528', 'epoch': '1.035'}
[1A
[1A 34%|███▍      | 359/1041 [54:45<1:43:06,  9.07s/it]
[1A 35%|███▍      | 360/1041 [54:54<1:43:08,  9.09s/it]
[1A                                                    
{'loss': '0.000418', 'grad_norm': '0.03112', 'learning_rate': '0.0001525', 'epoch': '1.038'}
[1A
[1A 35%|███▍      | 360/1041 [54:54<1:43:08,  9.09s/it]
[1A 35%|███▍      | 361/1041 [55:03<1:42:15,  9.02s/it]                                                    
{'loss': '0.01059', 'grad_norm': '0.6609', 'learning_rate': '0.0001522', 'epoch': '1.04'}
[1A
[1A 35%|███▍      | 361/1041 [55:03<1:42:15,  9.02s/it]
[1A 35%|███▍      | 362/1041 [55:12<1:42:25,  9.05s/it]
[1A                                                    
{'loss': '0.001688', 'grad_norm': '0.113', 'learning_rate': '0.000152', 'epoch': '1.043'}
[1A
[1A 35%|███▍      | 362/1041 [55:12<1:42:25,  9.05s/it]
[1A 35%|███▍      | 363/1041 [55:21<1:42:21,  9.06s/it]
[1A                                                    
{'loss': '0.01162', 'grad_norm': '0.2669', 'learning_rate': '0.0001517', 'epoch': '1.046'}
[1A
[1A 35%|███▍      | 363/1041 [55:21<1:42:21,  9.06s/it]
[1A 35%|███▍      | 364/1041 [55:30<1:41:37,  9.01s/it]
[1A                                                    
{'loss': '0.0002817', 'grad_norm': '0.01419', 'learning_rate': '0.0001514', 'epoch': '1.049'}
[1A
[1A 35%|███▍      | 364/1041 [55:30<1:41:37,  9.01s/it]
[1A 35%|███▌      | 365/1041 [55:39<1:42:09,  9.07s/it]
[1A                                                    
{'loss': '4.939e-05', 'grad_norm': '0.001515', 'learning_rate': '0.0001512', 'epoch': '1.052'}
[1A
[1A 35%|███▌      | 365/1041 [55:39<1:42:09,  9.07s/it]
[1A 35%|███▌      | 366/1041 [55:49<1:42:36,  9.12s/it]                                                    
{'loss': '0.001442', 'grad_norm': '0.05991', 'learning_rate': '0.0001509', 'epoch': '1.055'}
[1A
[1A 35%|███▌      | 366/1041 [55:49<1:42:36,  9.12s/it]
[1A 35%|███▌      | 367/1041 [55:58<1:42:09,  9.09s/it]
[1A                                                    
{'loss': '0.003413', 'grad_norm': '0.1472', 'learning_rate': '0.0001506', 'epoch': '1.058'}
[1A
[1A 35%|███▌      | 367/1041 [55:58<1:42:09,  9.09s/it]
[1A 35%|███▌      | 368/1041 [56:07<1:42:47,  9.16s/it]
[1A                                                    
{'loss': '0.001638', 'grad_norm': '0.07368', 'learning_rate': '0.0001504', 'epoch': '1.061'}
[1A
[1A 35%|███▌      | 368/1041 [56:07<1:42:47,  9.16s/it]
[1A 35%|███▌      | 369/1041 [56:16<1:42:44,  9.17s/it]
[1A                                                    
{'loss': '0.0002484', 'grad_norm': '0.006919', 'learning_rate': '0.0001501', 'epoch': '1.063'}
[1A
[1A 35%|███▌      | 369/1041 [56:16<1:42:44,  9.17s/it]
[1A 36%|███▌      | 370/1041 [56:25<1:42:23,  9.16s/it]
[1A                                                    
{'loss': '0.000869', 'grad_norm': '0.03757', 'learning_rate': '0.0001498', 'epoch': '1.066'}
[1A
[1A 36%|███▌      | 370/1041 [56:25<1:42:23,  9.16s/it]
[1A 36%|███▌      | 371/1041 [56:34<1:41:54,  9.13s/it]
[1A                                                    
{'loss': '0.0002739', 'grad_norm': '0.02435', 'learning_rate': '0.0001495', 'epoch': '1.069'}
[1A
[1A 36%|███▌      | 371/1041 [56:34<1:41:54,  9.13s/it]
[1A 36%|███▌      | 372/1041 [56:43<1:40:54,  9.05s/it]
[1A                                                    
{'loss': '0.002591', 'grad_norm': '0.1947', 'learning_rate': '0.0001493', 'epoch': '1.072'}
[1A
[1A 36%|███▌      | 372/1041 [56:43<1:40:54,  9.05s/it]
[1A 36%|███▌      | 373/1041 [56:53<1:41:19,  9.10s/it]
[1A                                                    
{'loss': '0.0001463', 'grad_norm': '0.003435', 'learning_rate': '0.000149', 'epoch': '1.075'}
[1A
[1A 36%|███▌      | 373/1041 [56:53<1:41:19,  9.10s/it]
[1A 36%|███▌      | 374/1041 [57:02<1:41:34,  9.14s/it]
[1A                                                    
{'loss': '0.005225', 'grad_norm': '0.1325', 'learning_rate': '0.0001487', 'epoch': '1.078'}
[1A
[1A 36%|███▌      | 374/1041 [57:02<1:41:34,  9.14s/it]
[1A 36%|███▌      | 375/1041 [57:11<1:41:37,  9.16s/it]
[1A                                                    
{'loss': '0.0002762', 'grad_norm': '0.01098', 'learning_rate': '0.0001485', 'epoch': '1.081'}
[1A
[1A 36%|███▌      | 375/1041 [57:11<1:41:37,  9.16s/it]
[1A 36%|███▌      | 376/1041 [57:20<1:41:13,  9.13s/it]                                                    
{'loss': '8.445e-05', 'grad_norm': '0.001868', 'learning_rate': '0.0001482', 'epoch': '1.084'}
[1A
[1A 36%|███▌      | 376/1041 [57:20<1:41:13,  9.13s/it]
[1A 36%|███▌      | 377/1041 [57:29<1:41:53,  9.21s/it]
[1A                                                    
{'loss': '9.563e-05', 'grad_norm': '0.002102', 'learning_rate': '0.0001479', 'epoch': '1.087'}
[1A
[1A 36%|███▌      | 377/1041 [57:29<1:41:53,  9.21s/it]
[1A 36%|███▋      | 378/1041 [57:39<1:41:57,  9.23s/it]
[1A                                                    
{'loss': '0.0001933', 'grad_norm': '0.005507', 'learning_rate': '0.0001476', 'epoch': '1.089'}
[1A
[1A 36%|███▋      | 378/1041 [57:39<1:41:57,  9.23s/it]
[1A 36%|███▋      | 379/1041 [57:48<1:41:21,  9.19s/it]                                                    
{'loss': '0.0004564', 'grad_norm': '0.009968', 'learning_rate': '0.0001474', 'epoch': '1.092'}
[1A
[1A 36%|███▋      | 379/1041 [57:48<1:41:21,  9.19s/it]
[1A 37%|███▋      | 380/1041 [57:57<1:41:08,  9.18s/it]                                                    
{'loss': '0.00186', 'grad_norm': '0.06541', 'learning_rate': '0.0001471', 'epoch': '1.095'}
[1A
[1A 37%|███▋      | 380/1041 [57:57<1:41:08,  9.18s/it]
[1A 37%|███▋      | 381/1041 [58:06<1:41:21,  9.21s/it]
[1A                                                    
{'loss': '0.001825', 'grad_norm': '0.1551', 'learning_rate': '0.0001468', 'epoch': '1.098'}
[1A
[1A 37%|███▋      | 381/1041 [58:06<1:41:21,  9.21s/it]
[1A 37%|███▋      | 382/1041 [58:15<1:40:10,  9.12s/it]
[1A                                                    
{'loss': '0.0005459', 'grad_norm': '0.0217', 'learning_rate': '0.0001465', 'epoch': '1.101'}
[1A
[1A 37%|███▋      | 382/1041 [58:15<1:40:10,  9.12s/it]
[1A 37%|███▋      | 383/1041 [58:24<1:39:26,  9.07s/it]
[1A                                                    
{'loss': '0.0003246', 'grad_norm': '0.01029', 'learning_rate': '0.0001463', 'epoch': '1.104'}
[1A
[1A 37%|███▋      | 383/1041 [58:24<1:39:26,  9.07s/it]
[1A 37%|███▋      | 384/1041 [58:33<1:39:38,  9.10s/it]
[1A                                                    
{'loss': '0.0005997', 'grad_norm': '0.02911', 'learning_rate': '0.000146', 'epoch': '1.107'}
[1A
[1A 37%|███▋      | 384/1041 [58:33<1:39:38,  9.10s/it]
[1A 37%|███▋      | 385/1041 [58:43<1:40:01,  9.15s/it]                                                    
{'loss': '0.0002637', 'grad_norm': '0.004272', 'learning_rate': '0.0001457', 'epoch': '1.11'}
[1A
[1A 37%|███▋      | 385/1041 [58:43<1:40:01,  9.15s/it]
[1A 37%|███▋      | 386/1041 [58:52<1:40:04,  9.17s/it]
[1A                                                    
{'loss': '0.000114', 'grad_norm': '0.007854', 'learning_rate': '0.0001454', 'epoch': '1.113'}
[1A
[1A 37%|███▋      | 386/1041 [58:52<1:40:04,  9.17s/it]
[1A 37%|███▋      | 387/1041 [59:01<1:40:19,  9.20s/it]
[1A                                                    
{'loss': '0.00037', 'grad_norm': '0.02089', 'learning_rate': '0.0001452', 'epoch': '1.115'}
[1A
[1A 37%|███▋      | 387/1041 [59:01<1:40:19,  9.20s/it]
[1A 37%|███▋      | 388/1041 [59:10<1:40:32,  9.24s/it]
[1A                                                    
{'loss': '0.0003071', 'grad_norm': '0.0256', 'learning_rate': '0.0001449', 'epoch': '1.118'}
[1A
[1A 37%|███▋      | 388/1041 [59:10<1:40:32,  9.24s/it]
[1A 37%|███▋      | 389/1041 [59:19<1:40:02,  9.21s/it]
[1A                                                    
{'loss': '0.0001554', 'grad_norm': '0.005602', 'learning_rate': '0.0001446', 'epoch': '1.121'}
[1A
[1A 37%|███▋      | 389/1041 [59:19<1:40:02,  9.21s/it]
[1A 37%|███▋      | 390/1041 [59:28<1:38:41,  9.10s/it]
[1A                                                    
{'loss': '0.001063', 'grad_norm': '0.2127', 'learning_rate': '0.0001443', 'epoch': '1.124'}
[1A
[1A 37%|███▋      | 390/1041 [59:28<1:38:41,  9.10s/it]
[1A 38%|███▊      | 391/1041 [59:37<1:38:43,  9.11s/it]
[1A                                                    
{'loss': '0.0002905', 'grad_norm': '0.02392', 'learning_rate': '0.000144', 'epoch': '1.127'}
[1A
[1A 38%|███▊      | 391/1041 [59:37<1:38:43,  9.11s/it]
[1A 38%|███▊      | 392/1041 [59:47<1:38:46,  9.13s/it]                                                    
{'loss': '7.054e-05', 'grad_norm': '0.00749', 'learning_rate': '0.0001438', 'epoch': '1.13'}
[1A
[1A 38%|███▊      | 392/1041 [59:47<1:38:46,  9.13s/it]
[1A 38%|███▊      | 393/1041 [59:56<1:38:46,  9.15s/it]
[1A                                                    
{'loss': '0.0001408', 'grad_norm': '0.01227', 'learning_rate': '0.0001435', 'epoch': '1.133'}
[1A
[1A 38%|███▊      | 393/1041 [59:56<1:38:46,  9.15s/it]
[1A 38%|███▊      | 394/1041 [1:00:05<1:37:40,  9.06s/it]
[1A                                                      
{'loss': '4.723e-05', 'grad_norm': '0.004031', 'learning_rate': '0.0001432', 'epoch': '1.136'}
[1A
[1A 38%|███▊      | 394/1041 [1:00:05<1:37:40,  9.06s/it]
[1A 38%|███▊      | 395/1041 [1:00:14<1:38:12,  9.12s/it]
[1A                                                      
{'loss': '0.000215', 'grad_norm': '0.01174', 'learning_rate': '0.0001429', 'epoch': '1.139'}
[1A
[1A 38%|███▊      | 395/1041 [1:00:14<1:38:12,  9.12s/it]
[1A 38%|███▊      | 396/1041 [1:00:23<1:36:30,  8.98s/it]
[1A                                                      
{'loss': '1.003e-05', 'grad_norm': '0.0002248', 'learning_rate': '0.0001426', 'epoch': '1.141'}
[1A
[1A 38%|███▊      | 396/1041 [1:00:23<1:36:30,  8.98s/it]
[1A 38%|███▊      | 397/1041 [1:00:32<1:37:16,  9.06s/it]
[1A                                                      
{'loss': '3.704e-05', 'grad_norm': '0.00131', 'learning_rate': '0.0001424', 'epoch': '1.144'}
[1A
[1A 38%|███▊      | 397/1041 [1:00:32<1:37:16,  9.06s/it]
[1A 38%|███▊      | 398/1041 [1:00:41<1:37:23,  9.09s/it]
[1A                                                      
{'loss': '0.0002563', 'grad_norm': '0.01228', 'learning_rate': '0.0001421', 'epoch': '1.147'}
[1A
[1A 38%|███▊      | 398/1041 [1:00:41<1:37:23,  9.09s/it]
[1A 38%|███▊      | 399/1041 [1:00:50<1:36:36,  9.03s/it]
[1A                                                      
{'loss': '2.602e-05', 'grad_norm': '0.0009147', 'learning_rate': '0.0001418', 'epoch': '1.15'}
[1A
[1A 38%|███▊      | 399/1041 [1:00:50<1:36:36,  9.03s/it]
[1A 38%|███▊      | 400/1041 [1:01:05<1:56:08, 10.87s/it]                                                      
{'loss': '0.002436', 'grad_norm': '0.7102', 'learning_rate': '0.0001415', 'epoch': '1.153'}
[1A
[1A 38%|███▊      | 400/1041 [1:01:05<1:56:08, 10.87s/it]
[1A 39%|███▊      | 401/1041 [1:01:14<1:51:12, 10.43s/it]
[1A                                                      
{'loss': '5.917e-05', 'grad_norm': '0.002673', 'learning_rate': '0.0001412', 'epoch': '1.156'}
[1A
[1A 39%|███▊      | 401/1041 [1:01:14<1:51:12, 10.43s/it]
[1A 39%|███▊      | 402/1041 [1:01:24<1:46:43, 10.02s/it]
[1A                                                      
{'loss': '3.671e-05', 'grad_norm': '0.002089', 'learning_rate': '0.0001409', 'epoch': '1.159'}
[1A
[1A 39%|███▊      | 402/1041 [1:01:24<1:46:43, 10.02s/it]
[1A 39%|███▊      | 403/1041 [1:01:33<1:44:13,  9.80s/it]
[1A                                                      
{'loss': '0.002615', 'grad_norm': '0.2666', 'learning_rate': '0.0001407', 'epoch': '1.162'}
[1A
[1A 39%|███▊      | 403/1041 [1:01:33<1:44:13,  9.80s/it]
[1A 39%|███▉      | 404/1041 [1:01:42<1:41:09,  9.53s/it]
[1A                                                      
{'loss': '3.689e-05', 'grad_norm': '0.001456', 'learning_rate': '0.0001404', 'epoch': '1.165'}
[1A
[1A 39%|███▉      | 404/1041 [1:01:42<1:41:09,  9.53s/it]
[1A 39%|███▉      | 405/1041 [1:01:51<1:39:47,  9.41s/it]
[1A                                                      
{'loss': '0.0001151', 'grad_norm': '0.005448', 'learning_rate': '0.0001401', 'epoch': '1.167'}
[1A
[1A 39%|███▉      | 405/1041 [1:01:51<1:39:47,  9.41s/it]
[1A 39%|███▉      | 406/1041 [1:02:00<1:38:50,  9.34s/it]
[1A                                                      
{'loss': '0.0004417', 'grad_norm': '0.07133', 'learning_rate': '0.0001398', 'epoch': '1.17'}
[1A
[1A 39%|███▉      | 406/1041 [1:02:00<1:38:50,  9.34s/it]
[1A 39%|███▉      | 407/1041 [1:02:09<1:38:39,  9.34s/it]                                                      
{'loss': '0.005458', 'grad_norm': '0.8189', 'learning_rate': '0.0001395', 'epoch': '1.173'}
[1A
[1A 39%|███▉      | 407/1041 [1:02:09<1:38:39,  9.34s/it]
[1A 39%|███▉      | 408/1041 [1:02:19<1:38:30,  9.34s/it]
[1A                                                      
{'loss': '0.004353', 'grad_norm': '0.6934', 'learning_rate': '0.0001392', 'epoch': '1.176'}
[1A
[1A 39%|███▉      | 408/1041 [1:02:19<1:38:30,  9.34s/it]
[1A 39%|███▉      | 409/1041 [1:02:28<1:38:16,  9.33s/it]
[1A                                                      
{'loss': '0.009375', 'grad_norm': '0.1539', 'learning_rate': '0.000139', 'epoch': '1.179'}
[1A
[1A 39%|███▉      | 409/1041 [1:02:28<1:38:16,  9.33s/it]
[1A 39%|███▉      | 410/1041 [1:02:37<1:38:01,  9.32s/it]
[1A                                                      
{'loss': '0.006003', 'grad_norm': '0.3741', 'learning_rate': '0.0001387', 'epoch': '1.182'}
[1A
[1A 39%|███▉      | 410/1041 [1:02:37<1:38:01,  9.32s/it]
[1A 39%|███▉      | 411/1041 [1:02:46<1:36:33,  9.20s/it]
[1A                                                      
{'loss': '0.00199', 'grad_norm': '0.3699', 'learning_rate': '0.0001384', 'epoch': '1.185'}
[1A
[1A 39%|███▉      | 411/1041 [1:02:46<1:36:33,  9.20s/it]
[1A 40%|███▉      | 412/1041 [1:02:55<1:35:27,  9.11s/it]
[1A                                                      
{'loss': '0.0001828', 'grad_norm': '0.01751', 'learning_rate': '0.0001381', 'epoch': '1.188'}
[1A
[1A 40%|███▉      | 412/1041 [1:02:55<1:35:27,  9.11s/it]
[1A 40%|███▉      | 413/1041 [1:03:04<1:35:31,  9.13s/it]                                                      
{'loss': '0.005161', 'grad_norm': '0.725', 'learning_rate': '0.0001378', 'epoch': '1.19'}
[1A
[1A 40%|███▉      | 413/1041 [1:03:04<1:35:31,  9.13s/it]
[1A 40%|███▉      | 414/1041 [1:03:13<1:35:33,  9.14s/it]
[1A                                                      
{'loss': '0.0001169', 'grad_norm': '0.006318', 'learning_rate': '0.0001375', 'epoch': '1.193'}
[1A
[1A 40%|███▉      | 414/1041 [1:03:13<1:35:33,  9.14s/it]
[1A 40%|███▉      | 415/1041 [1:03:23<1:35:28,  9.15s/it]
[1A                                                      
{'loss': '5.485e-05', 'grad_norm': '0.001643', 'learning_rate': '0.0001372', 'epoch': '1.196'}
[1A
[1A 40%|███▉      | 415/1041 [1:03:23<1:35:28,  9.15s/it]
[1A 40%|███▉      | 416/1041 [1:03:32<1:35:38,  9.18s/it]                                                      
{'loss': '0.0001709', 'grad_norm': '0.003285', 'learning_rate': '0.0001369', 'epoch': '1.199'}
[1A
[1A 40%|███▉      | 416/1041 [1:03:32<1:35:38,  9.18s/it]
[1A 40%|████      | 417/1041 [1:03:41<1:35:04,  9.14s/it]                                                      
{'loss': '0.0003624', 'grad_norm': '0.02388', 'learning_rate': '0.0001366', 'epoch': '1.202'}
[1A
[1A 40%|████      | 417/1041 [1:03:41<1:35:04,  9.14s/it]
[1A 40%|████      | 418/1041 [1:03:50<1:34:19,  9.08s/it]
[1A                                                      
{'loss': '0.009092', 'grad_norm': '0.6046', 'learning_rate': '0.0001364', 'epoch': '1.205'}
[1A
[1A 40%|████      | 418/1041 [1:03:50<1:34:19,  9.08s/it]
[1A 40%|████      | 419/1041 [1:03:59<1:34:52,  9.15s/it]
[1A                                                      
{'loss': '0.0007414', 'grad_norm': '0.08872', 'learning_rate': '0.0001361', 'epoch': '1.208'}
[1A
[1A 40%|████      | 419/1041 [1:03:59<1:34:52,  9.15s/it]
[1A 40%|████      | 420/1041 [1:04:08<1:35:08,  9.19s/it]
[1A                                                      
{'loss': '0.000155', 'grad_norm': '0.008004', 'learning_rate': '0.0001358', 'epoch': '1.211'}
[1A
[1A 40%|████      | 420/1041 [1:04:08<1:35:08,  9.19s/it]
[1A 40%|████      | 421/1041 [1:04:18<1:35:21,  9.23s/it]                                                      
{'loss': '0.0002551', 'grad_norm': '0.005303', 'learning_rate': '0.0001355', 'epoch': '1.214'}
[1A
[1A 40%|████      | 421/1041 [1:04:18<1:35:21,  9.23s/it]
[1A 41%|████      | 422/1041 [1:04:27<1:34:56,  9.20s/it]                                                      
{'loss': '5.23e-05', 'grad_norm': '0.001041', 'learning_rate': '0.0001352', 'epoch': '1.216'}
[1A
[1A 41%|████      | 422/1041 [1:04:27<1:34:56,  9.20s/it]
[1A 41%|████      | 423/1041 [1:04:36<1:34:40,  9.19s/it]
[1A                                                      
{'loss': '0.0001607', 'grad_norm': '0.00825', 'learning_rate': '0.0001349', 'epoch': '1.219'}
[1A
[1A 41%|████      | 423/1041 [1:04:36<1:34:40,  9.19s/it]
[1A 41%|████      | 424/1041 [1:04:45<1:34:20,  9.17s/it]
[1A                                                      
{'loss': '0.0001434', 'grad_norm': '0.01533', 'learning_rate': '0.0001346', 'epoch': '1.222'}
[1A
[1A 41%|████      | 424/1041 [1:04:45<1:34:20,  9.17s/it]
[1A 41%|████      | 425/1041 [1:04:54<1:33:51,  9.14s/it]
[1A                                                      
{'loss': '0.0001101', 'grad_norm': '0.005902', 'learning_rate': '0.0001343', 'epoch': '1.225'}
[1A
[1A 41%|████      | 425/1041 [1:04:54<1:33:51,  9.14s/it]
[1A 41%|████      | 426/1041 [1:05:03<1:32:54,  9.06s/it]
[1A                                                      
{'loss': '0.003783', 'grad_norm': '0.7002', 'learning_rate': '0.000134', 'epoch': '1.228'}
[1A
[1A 41%|████      | 426/1041 [1:05:03<1:32:54,  9.06s/it]
[1A 41%|████      | 427/1041 [1:05:12<1:32:51,  9.07s/it]
[1A                                                      
{'loss': '3.045e-05', 'grad_norm': '0.0006239', 'learning_rate': '0.0001337', 'epoch': '1.231'}
[1A
[1A 41%|████      | 427/1041 [1:05:12<1:32:51,  9.07s/it]
[1A 41%|████      | 428/1041 [1:05:21<1:32:44,  9.08s/it]
[1A                                                      
{'loss': '3.818e-05', 'grad_norm': '0.001182', 'learning_rate': '0.0001334', 'epoch': '1.234'}
[1A
[1A 41%|████      | 428/1041 [1:05:21<1:32:44,  9.08s/it]
[1A 41%|████      | 429/1041 [1:05:30<1:30:33,  8.88s/it]
[1A                                                      
{'loss': '1.897e-05', 'grad_norm': '0.0003509', 'learning_rate': '0.0001331', 'epoch': '1.237'}
[1A
[1A 41%|████      | 429/1041 [1:05:30<1:30:33,  8.88s/it]
[1A 41%|████▏     | 430/1041 [1:05:38<1:29:53,  8.83s/it]
[1A                                                      
{'loss': '0.0001382', 'grad_norm': '0.005546', 'learning_rate': '0.0001328', 'epoch': '1.24'}
[1A
[1A 41%|████▏     | 430/1041 [1:05:38<1:29:53,  8.83s/it]
[1A 41%|████▏     | 431/1041 [1:05:48<1:30:58,  8.95s/it]
[1A                                                      
{'loss': '0.0002385', 'grad_norm': '0.0149', 'learning_rate': '0.0001326', 'epoch': '1.242'}
[1A
[1A 41%|████▏     | 431/1041 [1:05:48<1:30:58,  8.95s/it]
[1A 41%|████▏     | 432/1041 [1:05:56<1:29:09,  8.78s/it]
[1A                                                      
{'loss': '7.981e-06', 'grad_norm': '0.0001464', 'learning_rate': '0.0001323', 'epoch': '1.245'}
[1A
[1A 41%|████▏     | 432/1041 [1:05:56<1:29:09,  8.78s/it]
[1A 42%|████▏     | 433/1041 [1:06:05<1:29:51,  8.87s/it]
[1A                                                      
{'loss': '0.002132', 'grad_norm': '0.1403', 'learning_rate': '0.000132', 'epoch': '1.248'}
[1A
[1A 42%|████▏     | 433/1041 [1:06:05<1:29:51,  8.87s/it]
[1A 42%|████▏     | 434/1041 [1:06:14<1:30:52,  8.98s/it]
[1A                                                      
{'loss': '0.0101', 'grad_norm': '0.615', 'learning_rate': '0.0001317', 'epoch': '1.251'}
[1A
[1A 42%|████▏     | 434/1041 [1:06:14<1:30:52,  8.98s/it] 42%|████▏     | 435/1041 [1:06:23<1:30:48,  8.99s/it]
[1A                                                      
{'loss': '0.0008847', 'grad_norm': '0.06491', 'learning_rate': '0.0001314', 'epoch': '1.254'}
[1A
[1A 42%|████▏     | 435/1041 [1:06:23<1:30:48,  8.99s/it]
[1A 42%|████▏     | 436/1041 [1:06:33<1:31:48,  9.11s/it]
[1A                                                      
{'loss': '7.079e-05', 'grad_norm': '0.00273', 'learning_rate': '0.0001311', 'epoch': '1.257'}
[1A
[1A 42%|████▏     | 436/1041 [1:06:33<1:31:48,  9.11s/it]
[1A 42%|████▏     | 437/1041 [1:06:42<1:30:38,  9.00s/it]
[1A                                                      
{'loss': '1.296e-05', 'grad_norm': '0.0002304', 'learning_rate': '0.0001308', 'epoch': '1.26'}
[1A
[1A 42%|████▏     | 437/1041 [1:06:42<1:30:38,  9.00s/it]
[1A 42%|████▏     | 438/1041 [1:06:51<1:30:54,  9.05s/it]
[1A                                                      
{'loss': '0.0001323', 'grad_norm': '0.004383', 'learning_rate': '0.0001305', 'epoch': '1.263'}
[1A
[1A 42%|████▏     | 438/1041 [1:06:51<1:30:54,  9.05s/it]
[1A 42%|████▏     | 439/1041 [1:07:00<1:31:17,  9.10s/it]
[1A                                                      
{'loss': '0.0004571', 'grad_norm': '0.01948', 'learning_rate': '0.0001302', 'epoch': '1.266'}
[1A
[1A 42%|████▏     | 439/1041 [1:07:00<1:31:17,  9.10s/it]
[1A 42%|████▏     | 440/1041 [1:07:09<1:31:25,  9.13s/it]
[1A                                                      
{'loss': '0.0001162', 'grad_norm': '0.01002', 'learning_rate': '0.0001299', 'epoch': '1.268'}
[1A
[1A 42%|████▏     | 440/1041 [1:07:09<1:31:25,  9.13s/it]
[1A 42%|████▏     | 441/1041 [1:07:18<1:31:12,  9.12s/it]
[1A                                                      
{'loss': '0.001485', 'grad_norm': '0.183', 'learning_rate': '0.0001296', 'epoch': '1.271'}
[1A
[1A 42%|████▏     | 441/1041 [1:07:18<1:31:12,  9.12s/it]
[1A 42%|████▏     | 442/1041 [1:07:27<1:31:22,  9.15s/it]
[1A                                                      
{'loss': '0.0003731', 'grad_norm': '0.01291', 'learning_rate': '0.0001293', 'epoch': '1.274'}
[1A
[1A 42%|████▏     | 442/1041 [1:07:27<1:31:22,  9.15s/it]
[1A 43%|████▎     | 443/1041 [1:07:37<1:31:08,  9.14s/it]                                                      
{'loss': '4.498e-05', 'grad_norm': '0.001106', 'learning_rate': '0.000129', 'epoch': '1.277'}
[1A
[1A 43%|████▎     | 443/1041 [1:07:37<1:31:08,  9.14s/it]
[1A 43%|████▎     | 444/1041 [1:07:46<1:31:50,  9.23s/it]
[1A                                                      
{'loss': '0.000529', 'grad_norm': '0.04391', 'learning_rate': '0.0001287', 'epoch': '1.28'}
[1A
[1A 43%|████▎     | 444/1041 [1:07:46<1:31:50,  9.23s/it]
[1A 43%|████▎     | 445/1041 [1:07:55<1:31:23,  9.20s/it]
[1A                                                      
{'loss': '0.0003547', 'grad_norm': '0.01096', 'learning_rate': '0.0001284', 'epoch': '1.283'}
[1A
[1A 43%|████▎     | 445/1041 [1:07:55<1:31:23,  9.20s/it]
[1A 43%|████▎     | 446/1041 [1:08:04<1:31:03,  9.18s/it]
[1A                                                      
{'loss': '0.000196', 'grad_norm': '0.004414', 'learning_rate': '0.0001281', 'epoch': '1.286'}
[1A
[1A 43%|████▎     | 446/1041 [1:08:04<1:31:03,  9.18s/it]
[1A 43%|████▎     | 447/1041 [1:08:14<1:31:22,  9.23s/it]
[1A                                                      
{'loss': '4.516e-05', 'grad_norm': '0.0008348', 'learning_rate': '0.0001278', 'epoch': '1.289'}
[1A
[1A 43%|████▎     | 447/1041 [1:08:14<1:31:22,  9.23s/it]
[1A 43%|████▎     | 448/1041 [1:08:23<1:31:31,  9.26s/it]
[1A                                                      
{'loss': '7.211e-05', 'grad_norm': '0.002645', 'learning_rate': '0.0001275', 'epoch': '1.291'}
[1A
[1A 43%|████▎     | 448/1041 [1:08:23<1:31:31,  9.26s/it]
[1A 43%|████▎     | 449/1041 [1:08:32<1:30:09,  9.14s/it]                                                      
{'loss': '3.751e-05', 'grad_norm': '0.001189', 'learning_rate': '0.0001272', 'epoch': '1.294'}
[1A
[1A 43%|████▎     | 449/1041 [1:08:32<1:30:09,  9.14s/it]
[1A 43%|████▎     | 450/1041 [1:08:41<1:30:55,  9.23s/it]                                                      
{'loss': '6.199e-05', 'grad_norm': '0.01153', 'learning_rate': '0.0001269', 'epoch': '1.297'}
[1A
[1A 43%|████▎     | 450/1041 [1:08:41<1:30:55,  9.23s/it]
[1A 43%|████▎     | 451/1041 [1:08:50<1:30:29,  9.20s/it]                                                      
{'loss': '0.0003861', 'grad_norm': '0.01567', 'learning_rate': '0.0001266', 'epoch': '1.3'}
[1A
[1A 43%|████▎     | 451/1041 [1:08:50<1:30:29,  9.20s/it]
[1A 43%|████▎     | 452/1041 [1:09:00<1:31:04,  9.28s/it]
[1A                                                      
{'loss': '5.498e-05', 'grad_norm': '0.001828', 'learning_rate': '0.0001263', 'epoch': '1.303'}
[1A
[1A 43%|████▎     | 452/1041 [1:09:00<1:31:04,  9.28s/it]
[1A 44%|████▎     | 453/1041 [1:09:09<1:30:29,  9.23s/it]                                                      
{'loss': '1.992e-05', 'grad_norm': '0.0005527', 'learning_rate': '0.000126', 'epoch': '1.306'}
[1A
[1A 44%|████▎     | 453/1041 [1:09:09<1:30:29,  9.23s/it]
[1A 44%|████▎     | 454/1041 [1:09:18<1:29:21,  9.13s/it]
[1A                                                      
{'loss': '0.0002707', 'grad_norm': '0.03293', 'learning_rate': '0.0001257', 'epoch': '1.309'}
[1A
[1A 44%|████▎     | 454/1041 [1:09:18<1:29:21,  9.13s/it]
[1A 44%|████▎     | 455/1041 [1:09:27<1:28:34,  9.07s/it]
[1A                                                      
{'loss': '0.0001068', 'grad_norm': '0.01932', 'learning_rate': '0.0001254', 'epoch': '1.312'}
[1A
[1A 44%|████▎     | 455/1041 [1:09:27<1:28:34,  9.07s/it]
[1A 44%|████▍     | 456/1041 [1:09:36<1:29:13,  9.15s/it]
[1A                                                      
{'loss': '0.0002043', 'grad_norm': '0.005759', 'learning_rate': '0.0001251', 'epoch': '1.315'}
[1A
[1A 44%|████▍     | 456/1041 [1:09:36<1:29:13,  9.15s/it]
[1A 44%|████▍     | 457/1041 [1:09:45<1:28:52,  9.13s/it]                                                      
{'loss': '9.525e-05', 'grad_norm': '0.001908', 'learning_rate': '0.0001248', 'epoch': '1.317'}
[1A
[1A 44%|████▍     | 457/1041 [1:09:45<1:28:52,  9.13s/it]
[1A 44%|████▍     | 458/1041 [1:09:54<1:28:50,  9.14s/it]
[1A                                                      
{'loss': '0.0001068', 'grad_norm': '0.009484', 'learning_rate': '0.0001245', 'epoch': '1.32'}
[1A
[1A 44%|████▍     | 458/1041 [1:09:54<1:28:50,  9.14s/it]
[1A 44%|████▍     | 459/1041 [1:10:04<1:28:44,  9.15s/it]
[1A                                                      
{'loss': '1.663e-05', 'grad_norm': '0.0003759', 'learning_rate': '0.0001242', 'epoch': '1.323'}
[1A
[1A 44%|████▍     | 459/1041 [1:10:04<1:28:44,  9.15s/it]
[1A 44%|████▍     | 460/1041 [1:10:12<1:26:48,  8.96s/it]
[1A                                                      
{'loss': '0.001231', 'grad_norm': '0.1514', 'learning_rate': '0.0001239', 'epoch': '1.326'}
[1A
[1A 44%|████▍     | 460/1041 [1:10:12<1:26:48,  8.96s/it]
[1A 44%|████▍     | 461/1041 [1:10:21<1:27:35,  9.06s/it]
[1A                                                      
{'loss': '0.0002805', 'grad_norm': '0.0602', 'learning_rate': '0.0001236', 'epoch': '1.329'}
[1A
[1A 44%|████▍     | 461/1041 [1:10:21<1:27:35,  9.06s/it]
[1A 44%|████▍     | 462/1041 [1:10:31<1:27:55,  9.11s/it]
[1A                                                      
{'loss': '9.45e-05', 'grad_norm': '0.002862', 'learning_rate': '0.0001233', 'epoch': '1.332'}
[1A
[1A 44%|████▍     | 462/1041 [1:10:31<1:27:55,  9.11s/it]
[1A 44%|████▍     | 463/1041 [1:10:40<1:27:10,  9.05s/it]
[1A                                                      
{'loss': '0.0001019', 'grad_norm': '0.009898', 'learning_rate': '0.000123', 'epoch': '1.335'}
[1A
[1A 44%|████▍     | 463/1041 [1:10:40<1:27:10,  9.05s/it]
[1A 45%|████▍     | 464/1041 [1:10:48<1:26:30,  9.00s/it]                                                      
{'loss': '0.0001316', 'grad_norm': '0.00466', 'learning_rate': '0.0001227', 'epoch': '1.338'}
[1A
[1A 45%|████▍     | 464/1041 [1:10:48<1:26:30,  9.00s/it]
[1A 45%|████▍     | 465/1041 [1:10:58<1:26:45,  9.04s/it]
[1A                                                      
{'loss': '2.194e-05', 'grad_norm': '0.0005422', 'learning_rate': '0.0001224', 'epoch': '1.341'}
[1A
[1A 45%|████▍     | 465/1041 [1:10:58<1:26:45,  9.04s/it]
[1A 45%|████▍     | 466/1041 [1:11:06<1:25:40,  8.94s/it]
[1A                                                      
{'loss': '2.281e-05', 'grad_norm': '0.000758', 'learning_rate': '0.0001221', 'epoch': '1.343'}
[1A
[1A 45%|████▍     | 466/1041 [1:11:06<1:25:40,  8.94s/it]
[1A 45%|████▍     | 467/1041 [1:11:15<1:24:53,  8.87s/it]
[1A                                                      
{'loss': '2.348e-05', 'grad_norm': '0.0007562', 'learning_rate': '0.0001218', 'epoch': '1.346'}
[1A
[1A 45%|████▍     | 467/1041 [1:11:15<1:24:53,  8.87s/it]
[1A 45%|████▍     | 468/1041 [1:11:24<1:25:18,  8.93s/it]
[1A                                                      
{'loss': '0.00379', 'grad_norm': '0.8872', 'learning_rate': '0.0001215', 'epoch': '1.349'}
[1A
[1A 45%|████▍     | 468/1041 [1:11:24<1:25:18,  8.93s/it]
[1A 45%|████▌     | 469/1041 [1:11:33<1:25:28,  8.97s/it]
[1A                                                      
{'loss': '2.852e-05', 'grad_norm': '0.0006552', 'learning_rate': '0.0001212', 'epoch': '1.352'}
[1A
[1A 45%|████▌     | 469/1041 [1:11:33<1:25:28,  8.97s/it]
[1A 45%|████▌     | 470/1041 [1:11:42<1:26:05,  9.05s/it]
[1A                                                      
{'loss': '0.0001216', 'grad_norm': '0.0119', 'learning_rate': '0.0001209', 'epoch': '1.355'}
[1A
[1A 45%|████▌     | 470/1041 [1:11:42<1:26:05,  9.05s/it]
[1A 45%|████▌     | 471/1041 [1:11:52<1:26:58,  9.16s/it]                                                      
{'loss': '0.006449', 'grad_norm': '0.3135', 'learning_rate': '0.0001206', 'epoch': '1.358'}
[1A
[1A 45%|████▌     | 471/1041 [1:11:52<1:26:58,  9.16s/it]
[1A 45%|████▌     | 472/1041 [1:12:01<1:26:30,  9.12s/it]
[1A                                                      
{'loss': '0.01517', 'grad_norm': '0.6247', 'learning_rate': '0.0001203', 'epoch': '1.361'}
[1A
[1A 45%|████▌     | 472/1041 [1:12:01<1:26:30,  9.12s/it]
[1A 45%|████▌     | 473/1041 [1:12:10<1:25:36,  9.04s/it]
[1A                                                      
{'loss': '0.002343', 'grad_norm': '0.2814', 'learning_rate': '0.0001199', 'epoch': '1.364'}
[1A
[1A 45%|████▌     | 473/1041 [1:12:10<1:25:36,  9.04s/it]
[1A 46%|████▌     | 474/1041 [1:12:19<1:26:14,  9.13s/it]
[1A                                                      
{'loss': '4.609e-05', 'grad_norm': '0.001157', 'learning_rate': '0.0001196', 'epoch': '1.367'}
[1A
[1A 46%|████▌     | 474/1041 [1:12:19<1:26:14,  9.13s/it]
[1A 46%|████▌     | 475/1041 [1:12:28<1:26:48,  9.20s/it]
[1A                                                      
{'loss': '0.0001388', 'grad_norm': '0.0126', 'learning_rate': '0.0001193', 'epoch': '1.369'}
[1A
[1A 46%|████▌     | 475/1041 [1:12:28<1:26:48,  9.20s/it]
[1A 46%|████▌     | 476/1041 [1:12:37<1:25:46,  9.11s/it]
[1A                                                      
{'loss': '0.0002605', 'grad_norm': '0.01385', 'learning_rate': '0.000119', 'epoch': '1.372'}
[1A
[1A 46%|████▌     | 476/1041 [1:12:37<1:25:46,  9.11s/it]
[1A 46%|████▌     | 477/1041 [1:12:47<1:26:32,  9.21s/it]
[1A                                                      
{'loss': '8.732e-05', 'grad_norm': '0.003754', 'learning_rate': '0.0001187', 'epoch': '1.375'}
[1A
[1A 46%|████▌     | 477/1041 [1:12:47<1:26:32,  9.21s/it]
[1A 46%|████▌     | 478/1041 [1:12:56<1:26:07,  9.18s/it]
[1A                                                      
{'loss': '0.01208', 'grad_norm': '0.9606', 'learning_rate': '0.0001184', 'epoch': '1.378'}
[1A
[1A 46%|████▌     | 478/1041 [1:12:56<1:26:07,  9.18s/it]
[1A 46%|████▌     | 479/1041 [1:13:05<1:25:02,  9.08s/it]
[1A                                                      
{'loss': '0.0002657', 'grad_norm': '0.02566', 'learning_rate': '0.0001181', 'epoch': '1.381'}
[1A
[1A 46%|████▌     | 479/1041 [1:13:05<1:25:02,  9.08s/it]
[1A 46%|████▌     | 480/1041 [1:13:14<1:24:49,  9.07s/it]                                                      
{'loss': '0.001241', 'grad_norm': '0.2088', 'learning_rate': '0.0001178', 'epoch': '1.384'}
[1A
[1A 46%|████▌     | 480/1041 [1:13:14<1:24:49,  9.07s/it]
[1A 46%|████▌     | 481/1041 [1:13:23<1:25:14,  9.13s/it]
[1A                                                      
{'loss': '0.00466', 'grad_norm': '0.3807', 'learning_rate': '0.0001175', 'epoch': '1.387'}
[1A
[1A 46%|████▌     | 481/1041 [1:13:23<1:25:14,  9.13s/it]
[1A 46%|████▋     | 482/1041 [1:13:32<1:24:18,  9.05s/it]
[1A                                                      
{'loss': '2.992e-05', 'grad_norm': '0.000951', 'learning_rate': '0.0001172', 'epoch': '1.39'}
[1A
[1A 46%|████▋     | 482/1041 [1:13:32<1:24:18,  9.05s/it]
[1A 46%|████▋     | 483/1041 [1:13:40<1:23:13,  8.95s/it]
[1A                                                      
{'loss': '0.0003461', 'grad_norm': '0.07781', 'learning_rate': '0.0001169', 'epoch': '1.392'}
[1A
[1A 46%|████▋     | 483/1041 [1:13:40<1:23:13,  8.95s/it]
[1A 46%|████▋     | 484/1041 [1:13:50<1:23:37,  9.01s/it]
[1A                                                      
{'loss': '0.0003692', 'grad_norm': '0.02885', 'learning_rate': '0.0001166', 'epoch': '1.395'}
[1A
[1A 46%|████▋     | 484/1041 [1:13:50<1:23:37,  9.01s/it]
[1A 47%|████▋     | 485/1041 [1:13:58<1:23:01,  8.96s/it]
[1A                                                      
{'loss': '2.979e-05', 'grad_norm': '0.0007389', 'learning_rate': '0.0001163', 'epoch': '1.398'}
[1A
[1A 47%|████▋     | 485/1041 [1:13:58<1:23:01,  8.96s/it]
[1A 47%|████▋     | 486/1041 [1:14:07<1:22:43,  8.94s/it]                                                      
{'loss': '0.0001603', 'grad_norm': '0.04996', 'learning_rate': '0.000116', 'epoch': '1.401'}
[1A
[1A 47%|████▋     | 486/1041 [1:14:07<1:22:43,  8.94s/it]
[1A 47%|████▋     | 487/1041 [1:14:17<1:23:32,  9.05s/it]
[1A                                                      
{'loss': '0.002017', 'grad_norm': '0.1337', 'learning_rate': '0.0001157', 'epoch': '1.404'}
[1A
[1A 47%|████▋     | 487/1041 [1:14:17<1:23:32,  9.05s/it]
[1A 47%|████▋     | 488/1041 [1:14:26<1:24:24,  9.16s/it]
[1A                                                      
{'loss': '0.0002056', 'grad_norm': '0.01777', 'learning_rate': '0.0001154', 'epoch': '1.407'}
[1A
[1A 47%|████▋     | 488/1041 [1:14:26<1:24:24,  9.16s/it]
[1A 47%|████▋     | 489/1041 [1:14:35<1:24:06,  9.14s/it]
[1A                                                      
{'loss': '0.001016', 'grad_norm': '0.07427', 'learning_rate': '0.000115', 'epoch': '1.41'}
[1A
[1A 47%|████▋     | 489/1041 [1:14:35<1:24:06,  9.14s/it]
[1A 47%|████▋     | 490/1041 [1:14:45<1:24:50,  9.24s/it]
[1A                                                      
{'loss': '0.0001858', 'grad_norm': '0.01005', 'learning_rate': '0.0001147', 'epoch': '1.413'}
[1A
[1A 47%|████▋     | 490/1041 [1:14:45<1:24:50,  9.24s/it]
[1A 47%|████▋     | 491/1041 [1:14:54<1:25:16,  9.30s/it]                                                      
{'loss': '0.0002099', 'grad_norm': '0.007233', 'learning_rate': '0.0001144', 'epoch': '1.416'}
[1A
[1A 47%|████▋     | 491/1041 [1:14:54<1:25:16,  9.30s/it]
[1A 47%|████▋     | 492/1041 [1:15:03<1:24:57,  9.28s/it]
[1A                                                      
{'loss': '0.001543', 'grad_norm': '0.1357', 'learning_rate': '0.0001141', 'epoch': '1.418'}
[1A
[1A 47%|████▋     | 492/1041 [1:15:03<1:24:57,  9.28s/it]
[1A 47%|████▋     | 493/1041 [1:15:13<1:24:45,  9.28s/it]
[1A                                                      
{'loss': '0.002311', 'grad_norm': '0.2708', 'learning_rate': '0.0001138', 'epoch': '1.421'}
[1A
[1A 47%|████▋     | 493/1041 [1:15:13<1:24:45,  9.28s/it]
[1A 47%|████▋     | 494/1041 [1:15:22<1:23:55,  9.21s/it]
[1A                                                      
{'loss': '0.02936', 'grad_norm': '0.6816', 'learning_rate': '0.0001135', 'epoch': '1.424'}
[1A
[1A 47%|████▋     | 494/1041 [1:15:22<1:23:55,  9.21s/it]
[1A 48%|████▊     | 495/1041 [1:15:31<1:23:55,  9.22s/it]
[1A                                                      
{'loss': '0.0007245', 'grad_norm': '0.08567', 'learning_rate': '0.0001132', 'epoch': '1.427'}
[1A
[1A 48%|████▊     | 495/1041 [1:15:31<1:23:55,  9.22s/it]
[1A 48%|████▊     | 496/1041 [1:15:40<1:23:17,  9.17s/it]                                                      
{'loss': '0.0001086', 'grad_norm': '0.003506', 'learning_rate': '0.0001129', 'epoch': '1.43'}
[1A
[1A 48%|████▊     | 496/1041 [1:15:40<1:23:17,  9.17s/it]
[1A 48%|████▊     | 497/1041 [1:15:49<1:23:01,  9.16s/it]
[1A                                                      
{'loss': '0.0006404', 'grad_norm': '0.02385', 'learning_rate': '0.0001126', 'epoch': '1.433'}
[1A
[1A 48%|████▊     | 497/1041 [1:15:49<1:23:01,  9.16s/it]
[1A 48%|████▊     | 498/1041 [1:15:58<1:23:01,  9.17s/it]
[1A                                                      
{'loss': '5.186e-05', 'grad_norm': '0.00142', 'learning_rate': '0.0001123', 'epoch': '1.436'}
[1A
[1A 48%|████▊     | 498/1041 [1:15:58<1:23:01,  9.17s/it]
[1A 48%|████▊     | 499/1041 [1:16:07<1:22:40,  9.15s/it]
[1A                                                      
{'loss': '0.0002185', 'grad_norm': '0.01349', 'learning_rate': '0.000112', 'epoch': '1.439'}
[1A
[1A 48%|████▊     | 499/1041 [1:16:07<1:22:40,  9.15s/it]
[1A 48%|████▊     | 500/1041 [1:16:22<1:37:16, 10.79s/it]
[1A                                                      
{'loss': '0.001424', 'grad_norm': '0.216', 'learning_rate': '0.0001116', 'epoch': '1.442'}
[1A
[1A 48%|████▊     | 500/1041 [1:16:22<1:37:16, 10.79s/it]
[1A 48%|████▊     | 501/1041 [1:16:31<1:32:30, 10.28s/it]
[1A                                                      
{'loss': '3.312e-05', 'grad_norm': '0.001166', 'learning_rate': '0.0001113', 'epoch': '1.444'}
[1A
[1A 48%|████▊     | 501/1041 [1:16:31<1:32:30, 10.28s/it]
[1A 48%|████▊     | 502/1041 [1:16:40<1:29:28,  9.96s/it]
[1A                                                      
{'loss': '0.001982', 'grad_norm': '0.2414', 'learning_rate': '0.000111', 'epoch': '1.447'}
[1A
[1A 48%|████▊     | 502/1041 [1:16:40<1:29:28,  9.96s/it]
[1A 48%|████▊     | 503/1041 [1:16:49<1:26:27,  9.64s/it]                                                      
{'loss': '0.0001293', 'grad_norm': '0.00361', 'learning_rate': '0.0001107', 'epoch': '1.45'}
[1A
[1A 48%|████▊     | 503/1041 [1:16:49<1:26:27,  9.64s/it]
[1A 48%|████▊     | 504/1041 [1:16:59<1:25:20,  9.54s/it]
[1A                                                      
{'loss': '0.0002239', 'grad_norm': '0.005155', 'learning_rate': '0.0001104', 'epoch': '1.453'}
[1A
[1A 48%|████▊     | 504/1041 [1:16:59<1:25:20,  9.54s/it]
[1A 49%|████▊     | 505/1041 [1:17:07<1:22:21,  9.22s/it]
[1A                                                      
{'loss': '0.0001511', 'grad_norm': '0.005449', 'learning_rate': '0.0001101', 'epoch': '1.456'}
[1A
[1A 49%|████▊     | 505/1041 [1:17:07<1:22:21,  9.22s/it]
[1A 49%|████▊     | 506/1041 [1:17:16<1:22:26,  9.25s/it]
[1A                                                      
{'loss': '0.0003008', 'grad_norm': '0.02347', 'learning_rate': '0.0001098', 'epoch': '1.459'}
[1A
[1A 49%|████▊     | 506/1041 [1:17:16<1:22:26,  9.25s/it]
[1A 49%|████▊     | 507/1041 [1:17:25<1:22:09,  9.23s/it]
[1A                                                      
{'loss': '0.003249', 'grad_norm': '0.2664', 'learning_rate': '0.0001095', 'epoch': '1.462'}
[1A
[1A 49%|████▊     | 507/1041 [1:17:25<1:22:09,  9.23s/it]
[1A 49%|████▉     | 508/1041 [1:17:34<1:21:10,  9.14s/it]
[1A                                                      
{'loss': '9.306e-05', 'grad_norm': '0.002837', 'learning_rate': '0.0001092', 'epoch': '1.465'}
[1A
[1A 49%|████▉     | 508/1041 [1:17:34<1:21:10,  9.14s/it]
[1A 49%|████▉     | 509/1041 [1:17:43<1:20:35,  9.09s/it]
[1A                                                      
{'loss': '7.631e-05', 'grad_norm': '0.002035', 'learning_rate': '0.0001089', 'epoch': '1.468'}
[1A
[1A 49%|████▉     | 509/1041 [1:17:43<1:20:35,  9.09s/it]
[1A 49%|████▉     | 510/1041 [1:17:53<1:20:34,  9.10s/it]
[1A                                                      
{'loss': '6.475e-05', 'grad_norm': '0.01927', 'learning_rate': '0.0001086', 'epoch': '1.47'}
[1A
[1A 49%|████▉     | 510/1041 [1:17:53<1:20:34,  9.10s/it]
[1A 49%|████▉     | 511/1041 [1:18:02<1:20:30,  9.11s/it]
[1A                                                      
{'loss': '0.0001245', 'grad_norm': '0.003357', 'learning_rate': '0.0001082', 'epoch': '1.473'}
[1A
[1A 49%|████▉     | 511/1041 [1:18:02<1:20:30,  9.11s/it]
[1A 49%|████▉     | 512/1041 [1:18:11<1:20:46,  9.16s/it]
[1A                                                      
{'loss': '5.079e-05', 'grad_norm': '0.0009109', 'learning_rate': '0.0001079', 'epoch': '1.476'}
[1A
[1A 49%|████▉     | 512/1041 [1:18:11<1:20:46,  9.16s/it]
[1A 49%|████▉     | 513/1041 [1:18:20<1:20:53,  9.19s/it]
[1A                                                      
{'loss': '0.002148', 'grad_norm': '0.206', 'learning_rate': '0.0001076', 'epoch': '1.479'}
[1A
[1A 49%|████▉     | 513/1041 [1:18:20<1:20:53,  9.19s/it]
[1A 49%|████▉     | 514/1041 [1:18:29<1:20:57,  9.22s/it]
[1A                                                      
{'loss': '9.53e-05', 'grad_norm': '0.002311', 'learning_rate': '0.0001073', 'epoch': '1.482'}
[1A
[1A 49%|████▉     | 514/1041 [1:18:29<1:20:57,  9.22s/it]
[1A 49%|████▉     | 515/1041 [1:18:39<1:20:34,  9.19s/it]
[1A                                                      
{'loss': '0.0001494', 'grad_norm': '0.003402', 'learning_rate': '0.000107', 'epoch': '1.485'}
[1A
[1A 49%|████▉     | 515/1041 [1:18:39<1:20:34,  9.19s/it]
[1A 50%|████▉     | 516/1041 [1:18:48<1:20:46,  9.23s/it]
[1A                                                      
{'loss': '0.0001228', 'grad_norm': '0.003659', 'learning_rate': '0.0001067', 'epoch': '1.488'}
[1A
[1A 50%|████▉     | 516/1041 [1:18:48<1:20:46,  9.23s/it]
[1A 50%|████▉     | 517/1041 [1:18:57<1:19:20,  9.09s/it]
[1A                                                      
{'loss': '0.0002213', 'grad_norm': '0.01197', 'learning_rate': '0.0001064', 'epoch': '1.491'}
[1A
[1A 50%|████▉     | 517/1041 [1:18:57<1:19:20,  9.09s/it]
[1A 50%|████▉     | 518/1041 [1:19:06<1:19:31,  9.12s/it]
[1A                                                      
{'loss': '0.001402', 'grad_norm': '0.3587', 'learning_rate': '0.0001061', 'epoch': '1.494'}
[1A
[1A 50%|████▉     | 518/1041 [1:19:06<1:19:31,  9.12s/it]
[1A 50%|████▉     | 519/1041 [1:19:15<1:19:24,  9.13s/it]
[1A                                                      
{'loss': '6.851e-05', 'grad_norm': '0.001865', 'learning_rate': '0.0001058', 'epoch': '1.496'}
[1A
[1A 50%|████▉     | 519/1041 [1:19:15<1:19:24,  9.13s/it]
[1A 50%|████▉     | 520/1041 [1:19:24<1:19:46,  9.19s/it]                                                      
{'loss': '0.0001997', 'grad_norm': '0.004066', 'learning_rate': '0.0001054', 'epoch': '1.499'}
[1A
[1A 50%|████▉     | 520/1041 [1:19:24<1:19:46,  9.19s/it]
[1A 50%|█████     | 521/1041 [1:19:34<1:19:34,  9.18s/it]                                                      
{'loss': '6.471e-05', 'grad_norm': '0.001907', 'learning_rate': '0.0001051', 'epoch': '1.502'}
[1A 50%|█████     | 521/1041 [1:19:34<1:19:34,  9.18s/it]
[1A 50%|█████     | 522/1041 [1:19:42<1:18:01,  9.02s/it]
[1A                                                      
{'loss': '1.23e-05', 'grad_norm': '0.0003089', 'learning_rate': '0.0001048', 'epoch': '1.505'}
[1A
[1A 50%|█████     | 522/1041 [1:19:42<1:18:01,  9.02s/it]
[1A 50%|█████     | 523/1041 [1:19:51<1:18:29,  9.09s/it]
[1A                                                      
{'loss': '0.0001616', 'grad_norm': '0.006681', 'learning_rate': '0.0001045', 'epoch': '1.508'}
[1A
[1A 50%|█████     | 523/1041 [1:19:51<1:18:29,  9.09s/it]
[1A 50%|█████     | 524/1041 [1:20:01<1:18:51,  9.15s/it]
[1A                                                      
{'loss': '0.0002865', 'grad_norm': '0.009199', 'learning_rate': '0.0001042', 'epoch': '1.511'}
[1A
[1A 50%|█████     | 524/1041 [1:20:01<1:18:51,  9.15s/it]
[1A 50%|█████     | 525/1041 [1:20:10<1:18:03,  9.08s/it]
[1A                                                      
{'loss': '0.0004736', 'grad_norm': '0.08084', 'learning_rate': '0.0001039', 'epoch': '1.514'}
[1A
[1A 50%|█████     | 525/1041 [1:20:10<1:18:03,  9.08s/it]
[1A 51%|█████     | 526/1041 [1:20:19<1:18:20,  9.13s/it]
[1A                                                      
{'loss': '9.321e-05', 'grad_norm': '0.002738', 'learning_rate': '0.0001036', 'epoch': '1.517'}
[1A
[1A 51%|█████     | 526/1041 [1:20:19<1:18:20,  9.13s/it]
[1A 51%|█████     | 527/1041 [1:20:28<1:18:02,  9.11s/it]
[1A                                                      
{'loss': '0.0002062', 'grad_norm': '0.009', 'learning_rate': '0.0001033', 'epoch': '1.519'}
[1A
[1A 51%|█████     | 527/1041 [1:20:28<1:18:02,  9.11s/it]
[1A 51%|█████     | 528/1041 [1:20:37<1:17:58,  9.12s/it]
[1A                                                      
{'loss': '0.0002125', 'grad_norm': '0.005606', 'learning_rate': '0.000103', 'epoch': '1.522'}
[1A
[1A 51%|█████     | 528/1041 [1:20:37<1:17:58,  9.12s/it]
[1A 51%|█████     | 529/1041 [1:20:46<1:17:54,  9.13s/it]                                                      
{'loss': '0.0001731', 'grad_norm': '0.005461', 'learning_rate': '0.0001026', 'epoch': '1.525'}
[1A
[1A 51%|█████     | 529/1041 [1:20:46<1:17:54,  9.13s/it]
[1A 51%|█████     | 530/1041 [1:20:56<1:18:11,  9.18s/it]
[1A                                                      
{'loss': '7.324e-05', 'grad_norm': '0.001942', 'learning_rate': '0.0001023', 'epoch': '1.528'}
[1A
[1A 51%|█████     | 530/1041 [1:20:56<1:18:11,  9.18s/it]
[1A 51%|█████     | 531/1041 [1:21:04<1:16:50,  9.04s/it]
[1A                                                      
{'loss': '5.205e-05', 'grad_norm': '0.00176', 'learning_rate': '0.000102', 'epoch': '1.531'}
[1A
[1A 51%|█████     | 531/1041 [1:21:04<1:16:50,  9.04s/it]
[1A 51%|█████     | 532/1041 [1:21:13<1:16:12,  8.98s/it]
[1A                                                      
{'loss': '0.0001718', 'grad_norm': '0.009088', 'learning_rate': '0.0001017', 'epoch': '1.534'}
[1A
[1A 51%|█████     | 532/1041 [1:21:13<1:16:12,  8.98s/it]
[1A 51%|█████     | 533/1041 [1:21:22<1:15:12,  8.88s/it]
[1A                                                      
{'loss': '1.173e-05', 'grad_norm': '0.0003076', 'learning_rate': '0.0001014', 'epoch': '1.537'}
[1A
[1A 51%|█████     | 533/1041 [1:21:22<1:15:12,  8.88s/it]
[1A 51%|█████▏    | 534/1041 [1:21:31<1:15:07,  8.89s/it]
[1A                                                      
{'loss': '7.213e-05', 'grad_norm': '0.004782', 'learning_rate': '0.0001011', 'epoch': '1.54'}
[1A
[1A 51%|█████▏    | 534/1041 [1:21:31<1:15:07,  8.89s/it]
[1A 51%|█████▏    | 535/1041 [1:21:39<1:14:31,  8.84s/it]
[1A                                                      
{'loss': '0.000115', 'grad_norm': '0.004438', 'learning_rate': '0.0001008', 'epoch': '1.543'}
[1A
[1A 51%|█████▏    | 535/1041 [1:21:39<1:14:31,  8.84s/it]
[1A 51%|█████▏    | 536/1041 [1:21:48<1:14:35,  8.86s/it]
[1A                                                      
{'loss': '5.648e-05', 'grad_norm': '0.001703', 'learning_rate': '0.0001005', 'epoch': '1.545'}
[1A
[1A 51%|█████▏    | 536/1041 [1:21:48<1:14:35,  8.86s/it]
[1A 52%|█████▏    | 537/1041 [1:21:57<1:14:24,  8.86s/it]
[1A                                                      
{'loss': '0.0001011', 'grad_norm': '0.002786', 'learning_rate': '0.0001002', 'epoch': '1.548'}
[1A
[1A 52%|█████▏    | 537/1041 [1:21:57<1:14:24,  8.86s/it]
[1A 52%|█████▏    | 538/1041 [1:22:06<1:15:19,  8.99s/it]
[1A                                                      
{'loss': '0.0001227', 'grad_norm': '0.00495', 'learning_rate': '9.984e-05', 'epoch': '1.551'}
[1A
[1A 52%|█████▏    | 538/1041 [1:22:06<1:15:19,  8.99s/it]
[1A 52%|█████▏    | 539/1041 [1:22:15<1:15:14,  8.99s/it]
[1A                                                      
{'loss': '2.673e-05', 'grad_norm': '0.001813', 'learning_rate': '9.953e-05', 'epoch': '1.554'}
[1A
[1A 52%|█████▏    | 539/1041 [1:22:15<1:15:14,  8.99s/it]
[1A 52%|█████▏    | 540/1041 [1:22:24<1:14:42,  8.95s/it]                                                      
{'loss': '2.115e-05', 'grad_norm': '0.0006087', 'learning_rate': '9.922e-05', 'epoch': '1.557'}
[1A
[1A 52%|█████▏    | 540/1041 [1:22:24<1:14:42,  8.95s/it]
[1A 52%|█████▏    | 541/1041 [1:22:33<1:14:24,  8.93s/it]                                                      
{'loss': '5.584e-05', 'grad_norm': '0.001247', 'learning_rate': '9.891e-05', 'epoch': '1.56'}
[1A
[1A 52%|█████▏    | 541/1041 [1:22:33<1:14:24,  8.93s/it]
[1A 52%|█████▏    | 542/1041 [1:22:42<1:13:22,  8.82s/it]
[1A                                                      
{'loss': '1.967e-05', 'grad_norm': '0.0008709', 'learning_rate': '9.86e-05', 'epoch': '1.563'}
[1A
[1A 52%|█████▏    | 542/1041 [1:22:42<1:13:22,  8.82s/it]
[1A 52%|█████▏    | 543/1041 [1:22:51<1:13:53,  8.90s/it]
[1A                                                      
{'loss': '8.472e-05', 'grad_norm': '0.002112', 'learning_rate': '9.829e-05', 'epoch': '1.566'}
[1A
[1A 52%|█████▏    | 543/1041 [1:22:51<1:13:53,  8.90s/it]
[1A 52%|█████▏    | 544/1041 [1:23:00<1:14:20,  8.98s/it]
[1A                                                      
{'loss': '0.0001215', 'grad_norm': '0.005867', 'learning_rate': '9.798e-05', 'epoch': '1.569'}
[1A
[1A 52%|█████▏    | 544/1041 [1:23:00<1:14:20,  8.98s/it]
[1A 52%|█████▏    | 545/1041 [1:23:09<1:14:27,  9.01s/it]                                                      
{'loss': '0.0009082', 'grad_norm': '0.07172', 'learning_rate': '9.767e-05', 'epoch': '1.571'}
[1A
[1A 52%|█████▏    | 545/1041 [1:23:09<1:14:27,  9.01s/it]
[1A 52%|█████▏    | 546/1041 [1:23:18<1:14:26,  9.02s/it]                                                      
{'loss': '8.25e-05', 'grad_norm': '0.001857', 'learning_rate': '9.735e-05', 'epoch': '1.574'}
[1A
[1A 52%|█████▏    | 546/1041 [1:23:18<1:14:26,  9.02s/it]
[1A 53%|█████▎    | 547/1041 [1:23:27<1:14:11,  9.01s/it]
[1A                                                      
{'loss': '1.823e-05', 'grad_norm': '0.0006366', 'learning_rate': '9.704e-05', 'epoch': '1.577'}
[1A
[1A 53%|█████▎    | 547/1041 [1:23:27<1:14:11,  9.01s/it]
[1A 53%|█████▎    | 548/1041 [1:23:36<1:14:18,  9.04s/it]                                                      
{'loss': '0.001483', 'grad_norm': '0.1093', 'learning_rate': '9.673e-05', 'epoch': '1.58'}
[1A
[1A 53%|█████▎    | 548/1041 [1:23:36<1:14:18,  9.04s/it]
[1A 53%|█████▎    | 549/1041 [1:23:45<1:14:19,  9.06s/it]
[1A                                                      
{'loss': '6.375e-05', 'grad_norm': '0.002034', 'learning_rate': '9.642e-05', 'epoch': '1.583'}
[1A
[1A 53%|█████▎    | 549/1041 [1:23:45<1:14:19,  9.06s/it]
[1A 53%|█████▎    | 550/1041 [1:23:54<1:13:43,  9.01s/it]                                                      
{'loss': '6.88e-05', 'grad_norm': '0.001561', 'learning_rate': '9.611e-05', 'epoch': '1.586'}
[1A
[1A 53%|█████▎    | 550/1041 [1:23:54<1:13:43,  9.01s/it]
[1A 53%|█████▎    | 551/1041 [1:24:03<1:12:45,  8.91s/it]
[1A                                                      
{'loss': '1.178e-05', 'grad_norm': '0.0004523', 'learning_rate': '9.58e-05', 'epoch': '1.589'}
[1A
[1A 53%|█████▎    | 551/1041 [1:24:03<1:12:45,  8.91s/it]
[1A 53%|█████▎    | 552/1041 [1:24:12<1:13:47,  9.05s/it]                                                      
{'loss': '0.0001063', 'grad_norm': '0.00481', 'learning_rate': '9.549e-05', 'epoch': '1.592'}
[1A
[1A 53%|█████▎    | 552/1041 [1:24:12<1:13:47,  9.05s/it]
[1A 53%|█████▎    | 553/1041 [1:24:21<1:13:18,  9.01s/it]
[1A                                                      
{'loss': '7.804e-05', 'grad_norm': '0.001905', 'learning_rate': '9.518e-05', 'epoch': '1.595'}
[1A
[1A 53%|█████▎    | 553/1041 [1:24:21<1:13:18,  9.01s/it]
[1A 53%|█████▎    | 554/1041 [1:24:30<1:13:53,  9.10s/it]
[1A                                                      
{'loss': '3.587e-05', 'grad_norm': '0.00104', 'learning_rate': '9.486e-05', 'epoch': '1.597'}
[1A
[1A 53%|█████▎    | 554/1041 [1:24:31<1:13:53,  9.10s/it]
[1A 53%|█████▎    | 555/1041 [1:24:39<1:13:09,  9.03s/it]                                                      
{'loss': '2.508e-05', 'grad_norm': '0.0006071', 'learning_rate': '9.455e-05', 'epoch': '1.6'}
[1A
[1A 53%|█████▎    | 555/1041 [1:24:39<1:13:09,  9.03s/it]
[1A 53%|█████▎    | 556/1041 [1:24:48<1:13:09,  9.05s/it]
[1A                                                      
{'loss': '0.0001225', 'grad_norm': '0.003448', 'learning_rate': '9.424e-05', 'epoch': '1.603'}
[1A
[1A 53%|█████▎    | 556/1041 [1:24:48<1:13:09,  9.05s/it]
[1A 54%|█████▎    | 557/1041 [1:24:58<1:13:12,  9.08s/it]
[1A                                                      
{'loss': '3.123e-05', 'grad_norm': '0.003938', 'learning_rate': '9.393e-05', 'epoch': '1.606'}
[1A
[1A 54%|█████▎    | 557/1041 [1:24:58<1:13:12,  9.08s/it]
[1A 54%|█████▎    | 558/1041 [1:25:07<1:13:12,  9.09s/it]                                                      
{'loss': '0.0002039', 'grad_norm': '0.03605', 'learning_rate': '9.362e-05', 'epoch': '1.609'}
[1A
[1A 54%|█████▎    | 558/1041 [1:25:07<1:13:12,  9.09s/it]
[1A 54%|█████▎    | 559/1041 [1:25:16<1:12:35,  9.04s/it]
[1A                                                      
{'loss': '1.079e-05', 'grad_norm': '0.0002066', 'learning_rate': '9.331e-05', 'epoch': '1.612'}
[1A
[1A 54%|█████▎    | 559/1041 [1:25:16<1:12:35,  9.04s/it]
[1A 54%|█████▍    | 560/1041 [1:25:25<1:12:43,  9.07s/it]
[1A                                                      
{'loss': '9.648e-05', 'grad_norm': '0.003782', 'learning_rate': '9.3e-05', 'epoch': '1.615'}
[1A
[1A 54%|█████▍    | 560/1041 [1:25:25<1:12:43,  9.07s/it]
[1A 54%|█████▍    | 561/1041 [1:25:34<1:12:09,  9.02s/it]
[1A                                                      
{'loss': '1.061e-05', 'grad_norm': '0.0002534', 'learning_rate': '9.269e-05', 'epoch': '1.618'}
[1A
[1A 54%|█████▍    | 561/1041 [1:25:34<1:12:09,  9.02s/it]
[1A 54%|█████▍    | 562/1041 [1:25:43<1:12:41,  9.10s/it]
[1A                                                      
{'loss': '2.252e-05', 'grad_norm': '0.0004987', 'learning_rate': '9.238e-05', 'epoch': '1.62'}
[1A
[1A 54%|█████▍    | 562/1041 [1:25:43<1:12:41,  9.10s/it]
[1A 54%|█████▍    | 563/1041 [1:25:52<1:11:22,  8.96s/it]
[1A                                                      
{'loss': '3.361e-06', 'grad_norm': '6.538e-05', 'learning_rate': '9.207e-05', 'epoch': '1.623'}
[1A
[1A 54%|█████▍    | 563/1041 [1:25:52<1:11:22,  8.96s/it]
[1A 54%|█████▍    | 564/1041 [1:26:00<1:10:33,  8.88s/it]
[1A                                                      
{'loss': '8.67e-05', 'grad_norm': '0.001867', 'learning_rate': '9.176e-05', 'epoch': '1.626'}
[1A
[1A 54%|█████▍    | 564/1041 [1:26:00<1:10:33,  8.88s/it]
[1A 54%|█████▍    | 565/1041 [1:26:09<1:10:58,  8.95s/it]
[1A                                                      
{'loss': '1.558e-05', 'grad_norm': '0.0002866', 'learning_rate': '9.145e-05', 'epoch': '1.629'}
[1A
[1A 54%|█████▍    | 565/1041 [1:26:09<1:10:58,  8.95s/it]
[1A 54%|█████▍    | 566/1041 [1:26:19<1:11:32,  9.04s/it]                                                      
{'loss': '6.177e-06', 'grad_norm': '0.0001259', 'learning_rate': '9.114e-05', 'epoch': '1.632'}
[1A
[1A 54%|█████▍    | 566/1041 [1:26:19<1:11:32,  9.04s/it]
[1A 54%|█████▍    | 567/1041 [1:26:28<1:11:52,  9.10s/it]
[1A                                                      
{'loss': '1.604e-05', 'grad_norm': '0.0004298', 'learning_rate': '9.083e-05', 'epoch': '1.635'}
[1A
[1A 54%|█████▍    | 567/1041 [1:26:28<1:11:52,  9.10s/it]
[1A 55%|█████▍    | 568/1041 [1:26:37<1:12:08,  9.15s/it]
[1A                                                      
{'loss': '0.0007627', 'grad_norm': '0.07626', 'learning_rate': '9.052e-05', 'epoch': '1.638'}
[1A
[1A 55%|█████▍    | 568/1041 [1:26:37<1:12:08,  9.15s/it]
[1A 55%|█████▍    | 569/1041 [1:26:46<1:12:18,  9.19s/it]
[1A                                                      
{'loss': '0.0001821', 'grad_norm': '0.009949', 'learning_rate': '9.021e-05', 'epoch': '1.641'}
[1A
[1A 55%|█████▍    | 569/1041 [1:26:46<1:12:18,  9.19s/it]
[1A 55%|█████▍    | 570/1041 [1:26:56<1:11:54,  9.16s/it]                                                      
{'loss': '8.879e-06', 'grad_norm': '0.0005091', 'learning_rate': '8.99e-05', 'epoch': '1.644'}
[1A
[1A 55%|█████▍    | 570/1041 [1:26:56<1:11:54,  9.16s/it]
[1A 55%|█████▍    | 571/1041 [1:27:05<1:11:56,  9.18s/it]
[1A                                                      
{'loss': '2.147e-05', 'grad_norm': '0.0006819', 'learning_rate': '8.959e-05', 'epoch': '1.646'}
[1A
[1A 55%|█████▍    | 571/1041 [1:27:05<1:11:56,  9.18s/it]
[1A 55%|█████▍    | 572/1041 [1:27:14<1:11:33,  9.15s/it]
[1A                                                      
{'loss': '4.565e-05', 'grad_norm': '0.001421', 'learning_rate': '8.928e-05', 'epoch': '1.649'}
[1A
[1A 55%|█████▍    | 572/1041 [1:27:14<1:11:33,  9.15s/it]
[1A 55%|█████▌    | 573/1041 [1:27:23<1:11:18,  9.14s/it]
[1A                                                      
{'loss': '7.909e-06', 'grad_norm': '0.0001553', 'learning_rate': '8.897e-05', 'epoch': '1.652'}
[1A
[1A 55%|█████▌    | 573/1041 [1:27:23<1:11:18,  9.14s/it]
[1A 55%|█████▌    | 574/1041 [1:27:32<1:10:55,  9.11s/it]
[1A                                                      
{'loss': '3.645e-05', 'grad_norm': '0.001233', 'learning_rate': '8.866e-05', 'epoch': '1.655'}
[1A
[1A 55%|█████▌    | 574/1041 [1:27:32<1:10:55,  9.11s/it]
[1A 55%|█████▌    | 575/1041 [1:27:41<1:10:49,  9.12s/it]
[1A                                                      
{'loss': '9.586e-05', 'grad_norm': '0.004411', 'learning_rate': '8.835e-05', 'epoch': '1.658'}
[1A
[1A 55%|█████▌    | 575/1041 [1:27:41<1:10:49,  9.12s/it]
[1A 55%|█████▌    | 576/1041 [1:27:50<1:10:58,  9.16s/it]
[1A                                                      
{'loss': '7.042e-05', 'grad_norm': '0.002466', 'learning_rate': '8.804e-05', 'epoch': '1.661'}
[1A
[1A 55%|█████▌    | 576/1041 [1:27:50<1:10:58,  9.16s/it]
[1A 55%|█████▌    | 577/1041 [1:28:00<1:11:28,  9.24s/it]
[1A                                                      
{'loss': '0.0002042', 'grad_norm': '0.01604', 'learning_rate': '8.773e-05', 'epoch': '1.664'}
[1A
[1A 55%|█████▌    | 577/1041 [1:28:00<1:11:28,  9.24s/it]
[1A 56%|█████▌    | 578/1041 [1:28:09<1:11:04,  9.21s/it]
[1A                                                      
{'loss': '1.828e-05', 'grad_norm': '0.0006901', 'learning_rate': '8.742e-05', 'epoch': '1.667'}
[1A
[1A 56%|█████▌    | 578/1041 [1:28:09<1:11:04,  9.21s/it]
[1A 56%|█████▌    | 579/1041 [1:28:18<1:10:05,  9.10s/it]
[1A                                                      
{'loss': '8.809e-06', 'grad_norm': '0.000201', 'learning_rate': '8.711e-05', 'epoch': '1.67'}
[1A
[1A 56%|█████▌    | 579/1041 [1:28:18<1:10:05,  9.10s/it]
[1A 56%|█████▌    | 580/1041 [1:28:27<1:10:35,  9.19s/it]
[1A                                                      
{'loss': '4.685e-05', 'grad_norm': '0.001278', 'learning_rate': '8.681e-05', 'epoch': '1.672'}
[1A
[1A 56%|█████▌    | 580/1041 [1:28:27<1:10:35,  9.19s/it]
[1A 56%|█████▌    | 581/1041 [1:28:36<1:10:13,  9.16s/it]
[1A                                                      
{'loss': '8.453e-06', 'grad_norm': '0.0001838', 'learning_rate': '8.65e-05', 'epoch': '1.675'}
[1A
[1A 56%|█████▌    | 581/1041 [1:28:36<1:10:13,  9.16s/it]
[1A 56%|█████▌    | 582/1041 [1:28:45<1:09:57,  9.15s/it]
[1A                                                      
{'loss': '0.0002238', 'grad_norm': '0.02728', 'learning_rate': '8.619e-05', 'epoch': '1.678'}
[1A
[1A 56%|█████▌    | 582/1041 [1:28:45<1:09:57,  9.15s/it]
[1A 56%|█████▌    | 583/1041 [1:28:54<1:08:46,  9.01s/it]
[1A                                                      
{'loss': '5.239e-06', 'grad_norm': '0.000149', 'learning_rate': '8.588e-05', 'epoch': '1.681'}
[1A
[1A 56%|█████▌    | 583/1041 [1:28:54<1:08:46,  9.01s/it]
[1A 56%|█████▌    | 584/1041 [1:29:03<1:08:18,  8.97s/it]
[1A                                                      
{'loss': '5.23e-05', 'grad_norm': '0.003556', 'learning_rate': '8.557e-05', 'epoch': '1.684'}
[1A
[1A 56%|█████▌    | 584/1041 [1:29:03<1:08:18,  8.97s/it]
[1A 56%|█████▌    | 585/1041 [1:29:12<1:08:47,  9.05s/it]
[1A                                                      
{'loss': '0.02362', 'grad_norm': '0.2078', 'learning_rate': '8.526e-05', 'epoch': '1.687'}
[1A
[1A 56%|█████▌    | 585/1041 [1:29:12<1:08:47,  9.05s/it]
[1A 56%|█████▋    | 586/1041 [1:29:21<1:08:42,  9.06s/it]
[1A                                                      
{'loss': '1.268e-05', 'grad_norm': '0.0003664', 'learning_rate': '8.496e-05', 'epoch': '1.69'}
[1A
[1A 56%|█████▋    | 586/1041 [1:29:21<1:08:42,  9.06s/it]
[1A 56%|█████▋    | 587/1041 [1:29:30<1:08:43,  9.08s/it]
[1A                                                      
{'loss': '3.107e-06', 'grad_norm': '6.308e-05', 'learning_rate': '8.465e-05', 'epoch': '1.693'}
[1A
[1A 56%|█████▋    | 587/1041 [1:29:30<1:08:43,  9.08s/it]
[1A 56%|█████▋    | 588/1041 [1:29:39<1:08:09,  9.03s/it]
[1A                                                      
{'loss': '3.476e-05', 'grad_norm': '0.006517', 'learning_rate': '8.434e-05', 'epoch': '1.696'}
[1A
[1A 56%|█████▋    | 588/1041 [1:29:39<1:08:09,  9.03s/it]
[1A 57%|█████▋    | 589/1041 [1:29:48<1:07:36,  8.97s/it]
[1A                                                      
{'loss': '1.588e-05', 'grad_norm': '0.000483', 'learning_rate': '8.403e-05', 'epoch': '1.698'}
[1A
[1A 57%|█████▋    | 589/1041 [1:29:48<1:07:36,  8.97s/it]
[1A 57%|█████▋    | 590/1041 [1:29:57<1:07:10,  8.94s/it]
[1A                                                      
{'loss': '1.757e-05', 'grad_norm': '0.0006244', 'learning_rate': '8.373e-05', 'epoch': '1.701'}
[1A
[1A 57%|█████▋    | 590/1041 [1:29:57<1:07:10,  8.94s/it]
[1A 57%|█████▋    | 591/1041 [1:30:06<1:06:28,  8.86s/it]
[1A                                                      
{'loss': '7.063e-06', 'grad_norm': '0.0001642', 'learning_rate': '8.342e-05', 'epoch': '1.704'}
[1A
[1A 57%|█████▋    | 591/1041 [1:30:06<1:06:28,  8.86s/it]
[1A 57%|█████▋    | 592/1041 [1:30:15<1:06:39,  8.91s/it]
[1A                                                      
{'loss': '2.486e-05', 'grad_norm': '0.0007134', 'learning_rate': '8.311e-05', 'epoch': '1.707'}
[1A
[1A 57%|█████▋    | 592/1041 [1:30:15<1:06:39,  8.91s/it]
[1A 57%|█████▋    | 593/1041 [1:30:24<1:06:55,  8.96s/it]
[1A                                                      
{'loss': '1.755e-05', 'grad_norm': '0.0004322', 'learning_rate': '8.281e-05', 'epoch': '1.71'}
[1A
[1A 57%|█████▋    | 593/1041 [1:30:24<1:06:55,  8.96s/it]
[1A 57%|█████▋    | 594/1041 [1:30:33<1:07:28,  9.06s/it]
[1A                                                      
{'loss': '0.0001329', 'grad_norm': '0.005508', 'learning_rate': '8.25e-05', 'epoch': '1.713'}
[1A
[1A 57%|█████▋    | 594/1041 [1:30:33<1:07:28,  9.06s/it]
[1A 57%|█████▋    | 595/1041 [1:30:42<1:07:28,  9.08s/it]
[1A                                                      
{'loss': '4.192e-05', 'grad_norm': '0.000986', 'learning_rate': '8.219e-05', 'epoch': '1.716'}
[1A
[1A 57%|█████▋    | 595/1041 [1:30:42<1:07:28,  9.08s/it]
[1A 57%|█████▋    | 596/1041 [1:30:51<1:07:24,  9.09s/it]
[1A                                                      
{'loss': '2.273e-05', 'grad_norm': '0.0006691', 'learning_rate': '8.189e-05', 'epoch': '1.719'}
[1A
[1A 57%|█████▋    | 596/1041 [1:30:51<1:07:24,  9.09s/it]
[1A 57%|█████▋    | 597/1041 [1:31:00<1:07:16,  9.09s/it]
[1A                                                      
{'loss': '0.0002855', 'grad_norm': '0.0144', 'learning_rate': '8.158e-05', 'epoch': '1.722'}
[1A
[1A 57%|█████▋    | 597/1041 [1:31:00<1:07:16,  9.09s/it]
[1A 57%|█████▋    | 598/1041 [1:31:10<1:07:20,  9.12s/it]
[1A                                                      
{'loss': '2.383e-05', 'grad_norm': '0.0004938', 'learning_rate': '8.127e-05', 'epoch': '1.724'}
[1A
[1A 57%|█████▋    | 598/1041 [1:31:10<1:07:20,  9.12s/it]
[1A 58%|█████▊    | 599/1041 [1:31:19<1:06:38,  9.05s/it]
[1A                                                      
{'loss': '5.332e-05', 'grad_norm': '0.001751', 'learning_rate': '8.097e-05', 'epoch': '1.727'}
[1A
[1A 58%|█████▊    | 599/1041 [1:31:19<1:06:38,  9.05s/it]
[1A 58%|█████▊    | 600/1041 [1:31:33<1:18:09, 10.63s/it]
[1A                                                      
{'loss': '0.000136', 'grad_norm': '0.003839', 'learning_rate': '8.066e-05', 'epoch': '1.73'}
[1A
[1A 58%|█████▊    | 600/1041 [1:31:33<1:18:09, 10.63s/it]
[1A 58%|█████▊    | 601/1041 [1:31:42<1:14:27, 10.15s/it]
[1A                                                      
{'loss': '6.338e-05', 'grad_norm': '0.00203', 'learning_rate': '8.036e-05', 'epoch': '1.733'}
[1A
[1A 58%|█████▊    | 601/1041 [1:31:42<1:14:27, 10.15s/it]
[1A 58%|█████▊    | 602/1041 [1:31:51<1:12:14,  9.87s/it]
[1A                                                      
{'loss': '2.981e-05', 'grad_norm': '0.001008', 'learning_rate': '8.005e-05', 'epoch': '1.736'}
[1A
[1A 58%|█████▊    | 602/1041 [1:31:51<1:12:14,  9.87s/it]
[1A 58%|█████▊    | 603/1041 [1:32:00<1:10:49,  9.70s/it]
[1A                                                      
{'loss': '0.0001811', 'grad_norm': '0.005571', 'learning_rate': '7.975e-05', 'epoch': '1.739'}
[1A
[1A 58%|█████▊    | 603/1041 [1:32:00<1:10:49,  9.70s/it]
[1A 58%|█████▊    | 604/1041 [1:32:10<1:09:29,  9.54s/it]
[1A                                                      
{'loss': '6.993e-05', 'grad_norm': '0.001546', 'learning_rate': '7.944e-05', 'epoch': '1.742'}
[1A
[1A 58%|█████▊    | 604/1041 [1:32:10<1:09:29,  9.54s/it]
[1A 58%|█████▊    | 605/1041 [1:32:19<1:08:16,  9.39s/it]
[1A                                                      
{'loss': '5.453e-05', 'grad_norm': '0.002601', 'learning_rate': '7.914e-05', 'epoch': '1.745'}
[1A
[1A 58%|█████▊    | 605/1041 [1:32:19<1:08:16,  9.39s/it]
[1A 58%|█████▊    | 606/1041 [1:32:28<1:06:58,  9.24s/it]                                                      
{'loss': '1.29e-05', 'grad_norm': '0.0002698', 'learning_rate': '7.883e-05', 'epoch': '1.747'}
[1A
[1A 58%|█████▊    | 606/1041 [1:32:28<1:06:58,  9.24s/it]
[1A 58%|█████▊    | 607/1041 [1:32:37<1:06:58,  9.26s/it]                                                      
{'loss': '2.47e-05', 'grad_norm': '0.0009317', 'learning_rate': '7.853e-05', 'epoch': '1.75'}
[1A
[1A 58%|█████▊    | 607/1041 [1:32:37<1:06:58,  9.26s/it]
[1A 58%|█████▊    | 608/1041 [1:32:46<1:06:07,  9.16s/it]
[1A                                                      
{'loss': '4.934e-05', 'grad_norm': '0.002815', 'learning_rate': '7.823e-05', 'epoch': '1.753'}
[1A
[1A 58%|█████▊    | 608/1041 [1:32:46<1:06:07,  9.16s/it]
[1A 59%|█████▊    | 609/1041 [1:32:55<1:05:57,  9.16s/it]
[1A                                                      
{'loss': '3.387e-05', 'grad_norm': '0.0008629', 'learning_rate': '7.792e-05', 'epoch': '1.756'}
[1A
[1A 59%|█████▊    | 609/1041 [1:32:55<1:05:57,  9.16s/it]
[1A 59%|█████▊    | 610/1041 [1:33:04<1:06:00,  9.19s/it]
[1A                                                      
{'loss': '6.113e-05', 'grad_norm': '0.002024', 'learning_rate': '7.762e-05', 'epoch': '1.759'}
[1A
[1A 59%|█████▊    | 610/1041 [1:33:04<1:06:00,  9.19s/it]
[1A 59%|█████▊    | 611/1041 [1:33:13<1:05:34,  9.15s/it]
[1A                                                      
{'loss': '7.017e-05', 'grad_norm': '0.001929', 'learning_rate': '7.731e-05', 'epoch': '1.762'}
[1A
[1A 59%|█████▊    | 611/1041 [1:33:13<1:05:34,  9.15s/it]
[1A 59%|█████▉    | 612/1041 [1:33:23<1:06:03,  9.24s/it]
[1A                                                      
{'loss': '3.669e-05', 'grad_norm': '0.001097', 'learning_rate': '7.701e-05', 'epoch': '1.765'}
[1A
[1A 59%|█████▉    | 612/1041 [1:33:23<1:06:03,  9.24s/it]
[1A 59%|█████▉    | 613/1041 [1:33:32<1:05:45,  9.22s/it]
[1A                                                      
{'loss': '8.034e-05', 'grad_norm': '0.002497', 'learning_rate': '7.671e-05', 'epoch': '1.768'}
[1A
[1A 59%|█████▉    | 613/1041 [1:33:32<1:05:45,  9.22s/it]
[1A 59%|█████▉    | 614/1041 [1:33:41<1:06:07,  9.29s/it]
[1A                                                      
{'loss': '0.0003303', 'grad_norm': '0.01029', 'learning_rate': '7.641e-05', 'epoch': '1.771'}
[1A
[1A 59%|█████▉    | 614/1041 [1:33:41<1:06:07,  9.29s/it]
[1A 59%|█████▉    | 615/1041 [1:33:50<1:05:17,  9.20s/it]
[1A                                                      
{'loss': '7.781e-05', 'grad_norm': '0.001815', 'learning_rate': '7.61e-05', 'epoch': '1.773'}
[1A
[1A 59%|█████▉    | 615/1041 [1:33:50<1:05:17,  9.20s/it]
[1A 59%|█████▉    | 616/1041 [1:33:59<1:04:05,  9.05s/it]                                                      
{'loss': '1.038e-05', 'grad_norm': '0.0003414', 'learning_rate': '7.58e-05', 'epoch': '1.776'}
[1A
[1A 59%|█████▉    | 616/1041 [1:33:59<1:04:05,  9.05s/it]
[1A 59%|█████▉    | 617/1041 [1:34:08<1:03:36,  9.00s/it]
[1A                                                      
{'loss': '0.0001616', 'grad_norm': '0.005229', 'learning_rate': '7.55e-05', 'epoch': '1.779'}
[1A
[1A 59%|█████▉    | 617/1041 [1:34:08<1:03:36,  9.00s/it]
[1A 59%|█████▉    | 618/1041 [1:34:17<1:03:16,  8.98s/it]
[1A                                                      
{'loss': '1.57e-05', 'grad_norm': '0.0004584', 'learning_rate': '7.52e-05', 'epoch': '1.782'}
[1A
[1A 59%|█████▉    | 618/1041 [1:34:17<1:03:16,  8.98s/it]
[1A 59%|█████▉    | 619/1041 [1:34:26<1:02:38,  8.91s/it]                                                      
{'loss': '4.524e-05', 'grad_norm': '0.001589', 'learning_rate': '7.49e-05', 'epoch': '1.785'}
[1A
[1A 59%|█████▉    | 619/1041 [1:34:26<1:02:38,  8.91s/it]
[1A 60%|█████▉    | 620/1041 [1:34:35<1:02:56,  8.97s/it]
[1A                                                      
{'loss': '4.835e-05', 'grad_norm': '0.001243', 'learning_rate': '7.459e-05', 'epoch': '1.788'}
[1A
[1A 60%|█████▉    | 620/1041 [1:34:35<1:02:56,  8.97s/it]
[1A 60%|█████▉    | 621/1041 [1:34:44<1:03:27,  9.06s/it]                                                      
{'loss': '2.933e-05', 'grad_norm': '0.001347', 'learning_rate': '7.429e-05', 'epoch': '1.791'}
[1A
[1A 60%|█████▉    | 621/1041 [1:34:44<1:03:27,  9.06s/it]
[1A 60%|█████▉    | 622/1041 [1:34:53<1:02:56,  9.01s/it]
[1A                                                      
{'loss': '9.968e-06', 'grad_norm': '0.0002737', 'learning_rate': '7.399e-05', 'epoch': '1.794'}
[1A
[1A 60%|█████▉    | 622/1041 [1:34:53<1:02:56,  9.01s/it]
[1A 60%|█████▉    | 623/1041 [1:35:02<1:02:57,  9.04s/it]                                                      
{'loss': '4.833e-05', 'grad_norm': '0.002013', 'learning_rate': '7.369e-05', 'epoch': '1.797'}
[1A
[1A 60%|█████▉    | 623/1041 [1:35:02<1:02:57,  9.04s/it]
[1A 60%|█████▉    | 624/1041 [1:35:11<1:03:04,  9.07s/it]
[1A                                                      
{'loss': '4.535e-05', 'grad_norm': '0.002312', 'learning_rate': '7.339e-05', 'epoch': '1.799'}
[1A
[1A 60%|█████▉    | 624/1041 [1:35:11<1:03:04,  9.07s/it]
[1A 60%|██████    | 625/1041 [1:35:20<1:02:31,  9.02s/it]
[1A                                                      
{'loss': '3.281e-05', 'grad_norm': '0.001369', 'learning_rate': '7.309e-05', 'epoch': '1.802'}
[1A
[1A 60%|██████    | 625/1041 [1:35:20<1:02:31,  9.02s/it]
[1A 60%|██████    | 626/1041 [1:35:29<1:01:39,  8.91s/it]                                                      
{'loss': '0.0001535', 'grad_norm': '0.006567', 'learning_rate': '7.279e-05', 'epoch': '1.805'}
[1A
[1A 60%|██████    | 626/1041 [1:35:29<1:01:39,  8.91s/it]
[1A 60%|██████    | 627/1041 [1:35:38<1:01:56,  8.98s/it]                                                      
{'loss': '2.353e-05', 'grad_norm': '0.0007075', 'learning_rate': '7.249e-05', 'epoch': '1.808'}
[1A
[1A 60%|██████    | 627/1041 [1:35:38<1:01:56,  8.98s/it]
[1A 60%|██████    | 628/1041 [1:35:47<1:02:03,  9.02s/it]
[1A                                                      
{'loss': '0.0001195', 'grad_norm': '0.004954', 'learning_rate': '7.219e-05', 'epoch': '1.811'}
[1A
[1A 60%|██████    | 628/1041 [1:35:47<1:02:03,  9.02s/it]
[1A 60%|██████    | 629/1041 [1:35:56<1:02:04,  9.04s/it]
[1A                                                      
{'loss': '5.97e-05', 'grad_norm': '0.001894', 'learning_rate': '7.189e-05', 'epoch': '1.814'}
[1A
[1A 60%|██████    | 629/1041 [1:35:56<1:02:04,  9.04s/it]
[1A 61%|██████    | 630/1041 [1:36:05<1:01:54,  9.04s/it]
[1A                                                      
{'loss': '0.0004564', 'grad_norm': '0.02851', 'learning_rate': '7.16e-05', 'epoch': '1.817'}
[1A
[1A 61%|██████    | 630/1041 [1:36:05<1:01:54,  9.04s/it]
[1A 61%|██████    | 631/1041 [1:36:14<1:01:25,  8.99s/it]
[1A                                                      
{'loss': '8.88e-06', 'grad_norm': '0.0003928', 'learning_rate': '7.13e-05', 'epoch': '1.82'}
[1A
[1A 61%|██████    | 631/1041 [1:36:14<1:01:25,  8.99s/it]
[1A 61%|██████    | 632/1041 [1:36:23<1:01:44,  9.06s/it]
[1A                                                      
{'loss': '0.0004565', 'grad_norm': '0.03872', 'learning_rate': '7.1e-05', 'epoch': '1.823'}
[1A
[1A 61%|██████    | 632/1041 [1:36:23<1:01:44,  9.06s/it]
[1A 61%|██████    | 633/1041 [1:36:32<1:01:55,  9.11s/it]
[1A                                                      
{'loss': '7.7e-05', 'grad_norm': '0.005873', 'learning_rate': '7.07e-05', 'epoch': '1.825'}
[1A
[1A 61%|██████    | 633/1041 [1:36:32<1:01:55,  9.11s/it]
[1A 61%|██████    | 634/1041 [1:36:41<1:01:47,  9.11s/it]
[1A                                                      
{'loss': '9.122e-06', 'grad_norm': '0.0003833', 'learning_rate': '7.04e-05', 'epoch': '1.828'}
[1A
[1A 61%|██████    | 634/1041 [1:36:41<1:01:47,  9.11s/it]
[1A 61%|██████    | 635/1041 [1:36:51<1:01:36,  9.10s/it]                                                      
{'loss': '3.334e-05', 'grad_norm': '0.001059', 'learning_rate': '7.011e-05', 'epoch': '1.831'}
[1A
[1A 61%|██████    | 635/1041 [1:36:51<1:01:36,  9.10s/it]
[1A 61%|██████    | 636/1041 [1:37:00<1:01:30,  9.11s/it]
[1A                                                      
{'loss': '1.498e-05', 'grad_norm': '0.0005647', 'learning_rate': '6.981e-05', 'epoch': '1.834'}
[1A
[1A 61%|██████    | 636/1041 [1:37:00<1:01:30,  9.11s/it]
[1A 61%|██████    | 637/1041 [1:37:09<1:01:46,  9.17s/it]
[1A                                                      
{'loss': '4.644e-05', 'grad_norm': '0.001437', 'learning_rate': '6.951e-05', 'epoch': '1.837'}
[1A
[1A 61%|██████    | 637/1041 [1:37:09<1:01:46,  9.17s/it]
[1A 61%|██████▏   | 638/1041 [1:37:18<1:02:10,  9.26s/it]                                                      
{'loss': '9.15e-05', 'grad_norm': '0.00463', 'learning_rate': '6.922e-05', 'epoch': '1.84'}
[1A
[1A 61%|██████▏   | 638/1041 [1:37:18<1:02:10,  9.26s/it]
[1A 61%|██████▏   | 639/1041 [1:37:28<1:02:06,  9.27s/it]
[1A                                                      
{'loss': '5.936e-05', 'grad_norm': '0.001608', 'learning_rate': '6.892e-05', 'epoch': '1.843'}
[1A
[1A 61%|██████▏   | 639/1041 [1:37:28<1:02:06,  9.27s/it]
[1A 61%|██████▏   | 640/1041 [1:37:37<1:02:18,  9.32s/it]
[1A                                                      
{'loss': '0.0007152', 'grad_norm': '0.06667', 'learning_rate': '6.862e-05', 'epoch': '1.846'}
[1A
[1A 61%|██████▏   | 640/1041 [1:37:37<1:02:18,  9.32s/it]
[1A 62%|██████▏   | 641/1041 [1:37:46<1:02:03,  9.31s/it]
[1A                                                      
{'loss': '3.045e-05', 'grad_norm': '0.0006879', 'learning_rate': '6.833e-05', 'epoch': '1.848'}
[1A
[1A 62%|██████▏   | 641/1041 [1:37:46<1:02:03,  9.31s/it]
[1A 62%|██████▏   | 642/1041 [1:37:56<1:02:18,  9.37s/it]
[1A                                                      
{'loss': '8.575e-06', 'grad_norm': '0.0001947', 'learning_rate': '6.803e-05', 'epoch': '1.851'}
[1A
[1A 62%|██████▏   | 642/1041 [1:37:56<1:02:18,  9.37s/it]
[1A 62%|██████▏   | 643/1041 [1:38:05<1:01:48,  9.32s/it]
[1A                                                      
{'loss': '5.173e-05', 'grad_norm': '0.001159', 'learning_rate': '6.774e-05', 'epoch': '1.854'}
[1A
[1A 62%|██████▏   | 643/1041 [1:38:05<1:01:48,  9.32s/it]
[1A 62%|██████▏   | 644/1041 [1:38:14<1:01:35,  9.31s/it]
[1A                                                      
{'loss': '1.589e-05', 'grad_norm': '0.0005337', 'learning_rate': '6.744e-05', 'epoch': '1.857'}
[1A
[1A 62%|██████▏   | 644/1041 [1:38:14<1:01:35,  9.31s/it]
[1A 62%|██████▏   | 645/1041 [1:38:23<1:00:39,  9.19s/it]
[1A                                                      
{'loss': '1.17e-05', 'grad_norm': '0.0002197', 'learning_rate': '6.715e-05', 'epoch': '1.86'}
[1A
[1A 62%|██████▏   | 645/1041 [1:38:23<1:00:39,  9.19s/it]
[1A 62%|██████▏   | 646/1041 [1:38:32<59:59,  9.11s/it]  
[1A                                                    
{'loss': '7.958e-06', 'grad_norm': '0.000218', 'learning_rate': '6.686e-05', 'epoch': '1.863'}
[1A
[1A 62%|██████▏   | 646/1041 [1:38:32<59:59,  9.11s/it]
[1A 62%|██████▏   | 647/1041 [1:38:41<59:58,  9.13s/it]
[1A                                                    
{'loss': '6.631e-06', 'grad_norm': '0.0001733', 'learning_rate': '6.656e-05', 'epoch': '1.866'}
[1A
[1A 62%|██████▏   | 647/1041 [1:38:41<59:58,  9.13s/it]
[1A 62%|██████▏   | 648/1041 [1:38:51<1:00:02,  9.17s/it]
[1A                                                      
{'loss': '4.105e-05', 'grad_norm': '0.002099', 'learning_rate': '6.627e-05', 'epoch': '1.869'}
[1A
[1A 62%|██████▏   | 648/1041 [1:38:51<1:00:02,  9.17s/it]
[1A 62%|██████▏   | 649/1041 [1:38:59<58:34,  8.97s/it]                                                      
{'loss': '4.094e-06', 'grad_norm': '9.296e-05', 'learning_rate': '6.598e-05', 'epoch': '1.872'}
[1A
[1A 62%|██████▏   | 649/1041 [1:38:59<58:34,  8.97s/it]
[1A 62%|██████▏   | 650/1041 [1:39:09<59:16,  9.10s/it]                                                    
{'loss': '6.277e-05', 'grad_norm': '0.002601', 'learning_rate': '6.568e-05', 'epoch': '1.874'}
[1A
[1A 62%|██████▏   | 650/1041 [1:39:09<59:16,  9.10s/it]
[1A 63%|██████▎   | 651/1041 [1:39:18<59:31,  9.16s/it]
[1A                                                    
{'loss': '2.878e-05', 'grad_norm': '0.0007296', 'learning_rate': '6.539e-05', 'epoch': '1.877'}
[1A
[1A 63%|██████▎   | 651/1041 [1:39:18<59:31,  9.16s/it]
[1A 63%|██████▎   | 652/1041 [1:39:27<59:39,  9.20s/it]                                                    
{'loss': '7.665e-05', 'grad_norm': '0.002547', 'learning_rate': '6.51e-05', 'epoch': '1.88'}
[1A
[1A 63%|██████▎   | 652/1041 [1:39:27<59:39,  9.20s/it]
[1A 63%|██████▎   | 653/1041 [1:39:37<59:45,  9.24s/it]                                                    
{'loss': '3.28e-05', 'grad_norm': '0.001985', 'learning_rate': '6.481e-05', 'epoch': '1.883'}
[1A
[1A 63%|██████▎   | 653/1041 [1:39:37<59:45,  9.24s/it]
[1A 63%|██████▎   | 654/1041 [1:39:46<59:25,  9.21s/it]
[1A                                                    
{'loss': '9.943e-06', 'grad_norm': '0.000277', 'learning_rate': '6.452e-05', 'epoch': '1.886'}
[1A
[1A 63%|██████▎   | 654/1041 [1:39:46<59:25,  9.21s/it]
[1A 63%|██████▎   | 655/1041 [1:39:55<59:23,  9.23s/it]
[1A                                                    
{'loss': '1.346e-05', 'grad_norm': '0.0002764', 'learning_rate': '6.423e-05', 'epoch': '1.889'}
[1A
[1A 63%|██████▎   | 655/1041 [1:39:55<59:23,  9.23s/it]
[1A 63%|██████▎   | 656/1041 [1:40:04<58:34,  9.13s/it]
[1A                                                    
{'loss': '3.419e-06', 'grad_norm': '6.137e-05', 'learning_rate': '6.394e-05', 'epoch': '1.892'}
[1A
[1A 63%|██████▎   | 656/1041 [1:40:04<58:34,  9.13s/it]
[1A 63%|██████▎   | 657/1041 [1:40:13<59:03,  9.23s/it]
[1A                                                    
{'loss': '1.623e-05', 'grad_norm': '0.0004274', 'learning_rate': '6.365e-05', 'epoch': '1.895'}
[1A
[1A 63%|██████▎   | 657/1041 [1:40:13<59:03,  9.23s/it]
[1A 63%|██████▎   | 658/1041 [1:40:22<58:35,  9.18s/it]
[1A                                                    
{'loss': '1.605e-05', 'grad_norm': '0.0004137', 'learning_rate': '6.336e-05', 'epoch': '1.898'}
[1A
[1A 63%|██████▎   | 658/1041 [1:40:22<58:35,  9.18s/it]
[1A 63%|██████▎   | 659/1041 [1:40:32<58:26,  9.18s/it]
[1A                                                    
{'loss': '2.73e-05', 'grad_norm': '0.0005853', 'learning_rate': '6.307e-05', 'epoch': '1.9'}
[1A
[1A 63%|██████▎   | 659/1041 [1:40:32<58:26,  9.18s/it]
[1A 63%|██████▎   | 660/1041 [1:40:41<58:27,  9.21s/it]                                                    
{'loss': '0.0001031', 'grad_norm': '0.003832', 'learning_rate': '6.278e-05', 'epoch': '1.903'}
[1A
[1A 63%|██████▎   | 660/1041 [1:40:41<58:27,  9.21s/it]
[1A 63%|██████▎   | 661/1041 [1:40:50<58:04,  9.17s/it]
[1A                                                    
{'loss': '1.405e-05', 'grad_norm': '0.0004018', 'learning_rate': '6.249e-05', 'epoch': '1.906'}
[1A
[1A 63%|██████▎   | 661/1041 [1:40:50<58:04,  9.17s/it]
[1A 64%|██████▎   | 662/1041 [1:40:59<58:04,  9.19s/it]
[1A                                                    
{'loss': '1.796e-05', 'grad_norm': '0.0005471', 'learning_rate': '6.22e-05', 'epoch': '1.909'}
[1A
[1A 64%|██████▎   | 662/1041 [1:40:59<58:04,  9.19s/it]
[1A 64%|██████▎   | 663/1041 [1:41:08<57:25,  9.12s/it]
[1A                                                    
{'loss': '1.393e-05', 'grad_norm': '0.0005498', 'learning_rate': '6.191e-05', 'epoch': '1.912'}
[1A
[1A 64%|██████▎   | 663/1041 [1:41:08<57:25,  9.12s/it]
[1A 64%|██████▍   | 664/1041 [1:41:17<57:17,  9.12s/it]
[1A                                                    
{'loss': '4.182e-05', 'grad_norm': '0.001447', 'learning_rate': '6.162e-05', 'epoch': '1.915'}
[1A
[1A 64%|██████▍   | 664/1041 [1:41:17<57:17,  9.12s/it]
[1A 64%|██████▍   | 665/1041 [1:41:26<56:59,  9.09s/it]
[1A                                                    
{'loss': '2.692e-05', 'grad_norm': '0.001825', 'learning_rate': '6.134e-05', 'epoch': '1.918'}
[1A
[1A 64%|██████▍   | 665/1041 [1:41:26<56:59,  9.09s/it]
[1A 64%|██████▍   | 666/1041 [1:41:36<57:08,  9.14s/it]
[1A                                                    
{'loss': '9.744e-06', 'grad_norm': '0.0002297', 'learning_rate': '6.105e-05', 'epoch': '1.921'}
[1A
[1A 64%|██████▍   | 666/1041 [1:41:36<57:08,  9.14s/it]
[1A 64%|██████▍   | 667/1041 [1:41:45<57:29,  9.22s/it]                                                    
{'loss': '3.37e-05', 'grad_norm': '0.0009056', 'learning_rate': '6.076e-05', 'epoch': '1.924'}
[1A
[1A 64%|██████▍   | 667/1041 [1:41:45<57:29,  9.22s/it]
[1A 64%|██████▍   | 668/1041 [1:41:54<56:52,  9.15s/it]
[1A                                                    
{'loss': '1.688e-05', 'grad_norm': '0.0004753', 'learning_rate': '6.048e-05', 'epoch': '1.926'}
[1A
[1A 64%|██████▍   | 668/1041 [1:41:54<56:52,  9.15s/it]
[1A 64%|██████▍   | 669/1041 [1:42:03<56:55,  9.18s/it]
[1A                                                    
{'loss': '1.787e-05', 'grad_norm': '0.002348', 'learning_rate': '6.019e-05', 'epoch': '1.929'}
[1A
[1A 64%|██████▍   | 669/1041 [1:42:03<56:55,  9.18s/it]
[1A 64%|██████▍   | 670/1041 [1:42:12<56:39,  9.16s/it]
[1A                                                    
{'loss': '9.237e-06', 'grad_norm': '0.0002741', 'learning_rate': '5.991e-05', 'epoch': '1.932'}
[1A
[1A 64%|██████▍   | 670/1041 [1:42:12<56:39,  9.16s/it]
[1A 64%|██████▍   | 671/1041 [1:42:21<56:22,  9.14s/it]
[1A                                                    
{'loss': '0.0002262', 'grad_norm': '0.02218', 'learning_rate': '5.962e-05', 'epoch': '1.935'}
[1A
[1A 64%|██████▍   | 671/1041 [1:42:21<56:22,  9.14s/it]
[1A 65%|██████▍   | 672/1041 [1:42:30<55:42,  9.06s/it]
[1A                                                    
{'loss': '4.92e-06', 'grad_norm': '0.0001057', 'learning_rate': '5.934e-05', 'epoch': '1.938'}
[1A
[1A 65%|██████▍   | 672/1041 [1:42:30<55:42,  9.06s/it]
[1A 65%|██████▍   | 673/1041 [1:42:39<55:53,  9.11s/it]
[1A                                                    
{'loss': '8.187e-05', 'grad_norm': '0.002887', 'learning_rate': '5.905e-05', 'epoch': '1.941'}
[1A
[1A 65%|██████▍   | 673/1041 [1:42:39<55:53,  9.11s/it]
[1A 65%|██████▍   | 674/1041 [1:42:48<55:02,  9.00s/it]                                                    
{'loss': '2.355e-05', 'grad_norm': '0.0009796', 'learning_rate': '5.877e-05', 'epoch': '1.944'}
[1A
[1A 65%|██████▍   | 674/1041 [1:42:48<55:02,  9.00s/it]
[1A 65%|██████▍   | 675/1041 [1:42:57<54:37,  8.96s/it]                                                    
{'loss': '5.846e-05', 'grad_norm': '0.002216', 'learning_rate': '5.848e-05', 'epoch': '1.947'}
[1A
[1A 65%|██████▍   | 675/1041 [1:42:57<54:37,  8.96s/it]
[1A 65%|██████▍   | 676/1041 [1:43:06<55:19,  9.09s/it]
[1A                                                    
{'loss': '2.65e-05', 'grad_norm': '0.001252', 'learning_rate': '5.82e-05', 'epoch': '1.949'}
[1A
[1A 65%|██████▍   | 676/1041 [1:43:07<55:19,  9.09s/it]
[1A 65%|██████▌   | 677/1041 [1:43:16<55:11,  9.10s/it]
[1A                                                    
{'loss': '1.396e-05', 'grad_norm': '0.0003422', 'learning_rate': '5.792e-05', 'epoch': '1.952'}
[1A
[1A 65%|██████▌   | 677/1041 [1:43:16<55:11,  9.10s/it]
[1A 65%|██████▌   | 678/1041 [1:43:25<54:47,  9.06s/it]
[1A                                                    
{'loss': '0.003604', 'grad_norm': '0.3714', 'learning_rate': '5.764e-05', 'epoch': '1.955'}
[1A
[1A 65%|██████▌   | 678/1041 [1:43:25<54:47,  9.06s/it]
[1A 65%|██████▌   | 679/1041 [1:43:34<54:44,  9.07s/it]                                                    
{'loss': '1.662e-05', 'grad_norm': '0.0003985', 'learning_rate': '5.735e-05', 'epoch': '1.958'}
[1A
[1A 65%|██████▌   | 679/1041 [1:43:34<54:44,  9.07s/it]
[1A 65%|██████▌   | 680/1041 [1:43:43<54:40,  9.09s/it]
[1A                                                    
{'loss': '2.779e-06', 'grad_norm': '5.338e-05', 'learning_rate': '5.707e-05', 'epoch': '1.961'}
[1A
[1A 65%|██████▌   | 680/1041 [1:43:43<54:40,  9.09s/it]
[1A 65%|██████▌   | 681/1041 [1:43:52<54:05,  9.02s/it]
[1A                                                    
{'loss': '1.831e-05', 'grad_norm': '0.0005936', 'learning_rate': '5.679e-05', 'epoch': '1.964'}
[1A
[1A 65%|██████▌   | 681/1041 [1:43:52<54:05,  9.02s/it]
[1A 66%|██████▌   | 682/1041 [1:44:01<54:26,  9.10s/it]                                                    
{'loss': '2.979e-05', 'grad_norm': '0.001425', 'learning_rate': '5.651e-05', 'epoch': '1.967'}
[1A
[1A 66%|██████▌   | 682/1041 [1:44:01<54:26,  9.10s/it]
[1A 66%|██████▌   | 683/1041 [1:44:10<54:36,  9.15s/it]                                                    
{'loss': '2.488e-05', 'grad_norm': '0.0008122', 'learning_rate': '5.623e-05', 'epoch': '1.97'}
[1A
[1A 66%|██████▌   | 683/1041 [1:44:10<54:36,  9.15s/it]
[1A 66%|██████▌   | 684/1041 [1:44:19<54:00,  9.08s/it]
[1A                                                    
{'loss': '7.143e-05', 'grad_norm': '0.004636', 'learning_rate': '5.595e-05', 'epoch': '1.973'}
[1A
[1A 66%|██████▌   | 684/1041 [1:44:19<54:00,  9.08s/it]
[1A 66%|██████▌   | 685/1041 [1:44:28<54:16,  9.15s/it]
[1A                                                    
{'loss': '1.395e-05', 'grad_norm': '0.0003515', 'learning_rate': '5.567e-05', 'epoch': '1.975'}
[1A
[1A 66%|██████▌   | 685/1041 [1:44:28<54:16,  9.15s/it]
[1A 66%|██████▌   | 686/1041 [1:44:37<53:44,  9.08s/it]
[1A                                                    
{'loss': '1.745e-05', 'grad_norm': '0.0005873', 'learning_rate': '5.539e-05', 'epoch': '1.978'}
[1A
[1A 66%|██████▌   | 686/1041 [1:44:37<53:44,  9.08s/it]
[1A 66%|██████▌   | 687/1041 [1:44:46<53:26,  9.06s/it]                                                    
{'loss': '0.000355', 'grad_norm': '0.03109', 'learning_rate': '5.511e-05', 'epoch': '1.981'}
[1A
[1A 66%|██████▌   | 687/1041 [1:44:46<53:26,  9.06s/it]
[1A 66%|██████▌   | 688/1041 [1:44:55<52:52,  8.99s/it]
[1A                                                    
{'loss': '2.376e-05', 'grad_norm': '0.0009045', 'learning_rate': '5.484e-05', 'epoch': '1.984'}
[1A
[1A 66%|██████▌   | 688/1041 [1:44:55<52:52,  8.99s/it]
[1A 66%|██████▌   | 689/1041 [1:45:04<53:11,  9.07s/it]
[1A                                                    
{'loss': '0.000348', 'grad_norm': '0.0405', 'learning_rate': '5.456e-05', 'epoch': '1.987'}
[1A
[1A 66%|██████▌   | 689/1041 [1:45:04<53:11,  9.07s/it]
[1A 66%|██████▋   | 690/1041 [1:45:14<53:12,  9.10s/it]
[1A                                                    
{'loss': '9.618e-06', 'grad_norm': '0.0002775', 'learning_rate': '5.428e-05', 'epoch': '1.99'}
[1A
[1A 66%|██████▋   | 690/1041 [1:45:14<53:12,  9.10s/it]
[1A 66%|██████▋   | 691/1041 [1:45:22<52:17,  8.97s/it]
[1A                                                    
{'loss': '2.257e-06', 'grad_norm': '4.835e-05', 'learning_rate': '5.401e-05', 'epoch': '1.993'}
[1A
[1A 66%|██████▋   | 691/1041 [1:45:22<52:17,  8.97s/it]
[1A 66%|██████▋   | 692/1041 [1:45:31<52:16,  8.99s/it]
[1A                                                    
{'loss': '3.897e-05', 'grad_norm': '0.002714', 'learning_rate': '5.373e-05', 'epoch': '1.996'}
[1A
[1A 66%|██████▋   | 692/1041 [1:45:31<52:16,  8.99s/it]
[1A 67%|██████▋   | 693/1041 [1:45:40<52:11,  9.00s/it]
[1A                                                    
{'loss': '0.01666', 'grad_norm': '1.017', 'learning_rate': '5.345e-05', 'epoch': '1.999'}
[1A
[1A 67%|██████▋   | 693/1041 [1:45:40<52:11,  9.00s/it]
[1A 67%|██████▋   | 694/1041 [1:45:45<43:58,  7.60s/it]
[1A                                                    
{'loss': '1.506e-06', 'grad_norm': '2.194e-05', 'learning_rate': '5.318e-05', 'epoch': '2'}
[1A
[1A 67%|██████▋   | 694/1041 [1:45:45<43:58,  7.60s/it]
[1A 67%|██████▋   | 695/1041 [1:45:54<46:28,  8.06s/it]
[1A                                                    
{'loss': '3.045e-06', 'grad_norm': '6.384e-05', 'learning_rate': '5.29e-05', 'epoch': '2.003'}
[1A
[1A 67%|██████▋   | 695/1041 [1:45:54<46:28,  8.06s/it]
[1A 67%|██████▋   | 696/1041 [1:46:03<48:04,  8.36s/it]
[1A                                                    
{'loss': '1.474e-05', 'grad_norm': '0.0004124', 'learning_rate': '5.263e-05', 'epoch': '2.006'}
[1A
[1A 67%|██████▋   | 696/1041 [1:46:03<48:04,  8.36s/it]
[1A 67%|██████▋   | 697/1041 [1:46:12<49:04,  8.56s/it]                                                    
{'loss': '1.083e-05', 'grad_norm': '0.0005948', 'learning_rate': '5.235e-05', 'epoch': '2.009'}
[1A
[1A 67%|██████▋   | 697/1041 [1:46:12<49:04,  8.56s/it]
[1A 67%|██████▋   | 698/1041 [1:46:21<50:21,  8.81s/it]                                                    
{'loss': '3.206e-05', 'grad_norm': '0.00128', 'learning_rate': '5.208e-05', 'epoch': '2.012'}
[1A
[1A 67%|██████▋   | 698/1041 [1:46:21<50:21,  8.81s/it]
[1A 67%|██████▋   | 699/1041 [1:46:30<50:24,  8.84s/it]
[1A                                                    
{'loss': '0.002217', 'grad_norm': '0.2534', 'learning_rate': '5.181e-05', 'epoch': '2.014'}
[1A
[1A 67%|██████▋   | 699/1041 [1:46:30<50:24,  8.84s/it]
[1A 67%|██████▋   | 700/1041 [1:46:45<1:00:39, 10.67s/it]
[1A                                                      
{'loss': '4.937e-06', 'grad_norm': '0.0001105', 'learning_rate': '5.154e-05', 'epoch': '2.017'}
[1A
[1A 67%|██████▋   | 700/1041 [1:46:45<1:00:39, 10.67s/it]
[1A 67%|██████▋   | 701/1041 [1:46:55<58:18, 10.29s/it]  
[1A                                                    
{'loss': '2.516e-05', 'grad_norm': '0.005388', 'learning_rate': '5.126e-05', 'epoch': '2.02'}
[1A
[1A 67%|██████▋   | 701/1041 [1:46:55<58:18, 10.29s/it]
[1A 67%|██████▋   | 702/1041 [1:47:04<56:00,  9.91s/it]                                                    
{'loss': '4.084e-05', 'grad_norm': '0.001467', 'learning_rate': '5.099e-05', 'epoch': '2.023'}
[1A
[1A 67%|██████▋   | 702/1041 [1:47:04<56:00,  9.91s/it]
[1A 68%|██████▊   | 703/1041 [1:47:13<54:31,  9.68s/it]
[1A                                                    
{'loss': '2.407e-05', 'grad_norm': '0.0004109', 'learning_rate': '5.072e-05', 'epoch': '2.026'}
[1A
[1A 68%|██████▊   | 703/1041 [1:47:13<54:31,  9.68s/it]
[1A 68%|██████▊   | 704/1041 [1:47:22<53:58,  9.61s/it]
[1A                                                    
{'loss': '1.968e-05', 'grad_norm': '0.001583', 'learning_rate': '5.045e-05', 'epoch': '2.029'}
[1A
[1A 68%|██████▊   | 704/1041 [1:47:22<53:58,  9.61s/it]
[1A 68%|██████▊   | 705/1041 [1:47:31<53:04,  9.48s/it]
[1A                                                    
{'loss': '1.284e-05', 'grad_norm': '0.0005745', 'learning_rate': '5.018e-05', 'epoch': '2.032'}
[1A
[1A 68%|██████▊   | 705/1041 [1:47:31<53:04,  9.48s/it]
[1A 68%|██████▊   | 706/1041 [1:47:40<51:45,  9.27s/it]
[1A                                                    
{'loss': '5.337e-06', 'grad_norm': '0.0001471', 'learning_rate': '4.991e-05', 'epoch': '2.035'}
[1A
[1A 68%|██████▊   | 706/1041 [1:47:40<51:45,  9.27s/it]
[1A 68%|██████▊   | 707/1041 [1:47:49<50:54,  9.14s/it]
[1A                                                    
{'loss': '1.365e-05', 'grad_norm': '0.0005245', 'learning_rate': '4.964e-05', 'epoch': '2.038'}
[1A
[1A 68%|██████▊   | 707/1041 [1:47:49<50:54,  9.14s/it]
[1A 68%|██████▊   | 708/1041 [1:47:58<51:02,  9.20s/it]                                                    
{'loss': '2.246e-05', 'grad_norm': '0.001065', 'learning_rate': '4.937e-05', 'epoch': '2.04'}
[1A
[1A 68%|██████▊   | 708/1041 [1:47:58<51:02,  9.20s/it]
[1A 68%|██████▊   | 709/1041 [1:48:07<50:29,  9.13s/it]
[1A                                                    
{'loss': '4.751e-06', 'grad_norm': '7.885e-05', 'learning_rate': '4.91e-05', 'epoch': '2.043'}
[1A
[1A 68%|██████▊   | 709/1041 [1:48:07<50:29,  9.13s/it]
[1A 68%|██████▊   | 710/1041 [1:48:16<50:22,  9.13s/it]
[1A                                                    
{'loss': '7.099e-06', 'grad_norm': '0.0001467', 'learning_rate': '4.884e-05', 'epoch': '2.046'}
[1A
[1A 68%|██████▊   | 710/1041 [1:48:16<50:22,  9.13s/it]
[1A 68%|██████▊   | 711/1041 [1:48:25<49:51,  9.07s/it]
[1A                                                    
{'loss': '9.261e-06', 'grad_norm': '0.0002919', 'learning_rate': '4.857e-05', 'epoch': '2.049'}
[1A
[1A 68%|██████▊   | 711/1041 [1:48:25<49:51,  9.07s/it]
[1A 68%|██████▊   | 712/1041 [1:48:35<50:08,  9.14s/it]
[1A                                                    
{'loss': '2.953e-05', 'grad_norm': '0.0008104', 'learning_rate': '4.83e-05', 'epoch': '2.052'}
[1A
[1A 68%|██████▊   | 712/1041 [1:48:35<50:08,  9.14s/it]
[1A 68%|██████▊   | 713/1041 [1:48:44<49:57,  9.14s/it]                                                    
{'loss': '4.295e-05', 'grad_norm': '0.007987', 'learning_rate': '4.804e-05', 'epoch': '2.055'}
[1A
[1A 68%|██████▊   | 713/1041 [1:48:44<49:57,  9.14s/it]
[1A 69%|██████▊   | 714/1041 [1:48:53<49:46,  9.13s/it]                                                    
{'loss': '0.003218', 'grad_norm': '0.2064', 'learning_rate': '4.777e-05', 'epoch': '2.058'}
[1A
[1A 69%|██████▊   | 714/1041 [1:48:53<49:46,  9.13s/it]
[1A 69%|██████▊   | 715/1041 [1:49:02<49:13,  9.06s/it]
[1A                                                    
{'loss': '2.332e-05', 'grad_norm': '0.0005519', 'learning_rate': '4.75e-05', 'epoch': '2.061'}
[1A
[1A 69%|██████▊   | 715/1041 [1:49:02<49:13,  9.06s/it]
[1A 69%|██████▉   | 716/1041 [1:49:11<49:06,  9.07s/it]
[1A                                                    
{'loss': '2.159e-05', 'grad_norm': '0.0009444', 'learning_rate': '4.724e-05', 'epoch': '2.063'}
[1A
[1A 69%|██████▉   | 716/1041 [1:49:11<49:06,  9.07s/it]
[1A 69%|██████▉   | 717/1041 [1:49:20<48:59,  9.07s/it]                                                    
{'loss': '2.835e-05', 'grad_norm': '0.0006434', 'learning_rate': '4.698e-05', 'epoch': '2.066'}
[1A
[1A 69%|██████▉   | 717/1041 [1:49:20<48:59,  9.07s/it]
[1A 69%|██████▉   | 718/1041 [1:49:29<49:13,  9.15s/it]                                                    
{'loss': '1.401e-05', 'grad_norm': '0.0002883', 'learning_rate': '4.671e-05', 'epoch': '2.069'}
[1A
[1A 69%|██████▉   | 718/1041 [1:49:29<49:13,  9.15s/it]
[1A 69%|██████▉   | 719/1041 [1:49:38<49:04,  9.14s/it]
[1A                                                    
{'loss': '1.763e-05', 'grad_norm': '0.0005636', 'learning_rate': '4.645e-05', 'epoch': '2.072'}
[1A
[1A 69%|██████▉   | 719/1041 [1:49:38<49:04,  9.14s/it]
[1A 69%|██████▉   | 720/1041 [1:49:47<48:35,  9.08s/it]
[1A                                                    
{'loss': '3.476e-06', 'grad_norm': '5.976e-05', 'learning_rate': '4.619e-05', 'epoch': '2.075'}
[1A
[1A 69%|██████▉   | 720/1041 [1:49:47<48:35,  9.08s/it]
[1A 69%|██████▉   | 721/1041 [1:49:56<48:30,  9.09s/it]
[1A                                                    
{'loss': '8.672e-06', 'grad_norm': '0.0002032', 'learning_rate': '4.592e-05', 'epoch': '2.078'}
[1A
[1A 69%|██████▉   | 721/1041 [1:49:56<48:30,  9.09s/it]
[1A 69%|██████▉   | 722/1041 [1:50:06<48:55,  9.20s/it]
[1A                                                    
{'loss': '1.016e-05', 'grad_norm': '0.0004944', 'learning_rate': '4.566e-05', 'epoch': '2.081'}
[1A
[1A 69%|██████▉   | 722/1041 [1:50:06<48:55,  9.20s/it]
[1A 69%|██████▉   | 723/1041 [1:50:15<47:57,  9.05s/it]
[1A                                                    
{'loss': '5.75e-06', 'grad_norm': '0.0001783', 'learning_rate': '4.54e-05', 'epoch': '2.084'}
[1A
[1A 69%|██████▉   | 723/1041 [1:50:15<47:57,  9.05s/it]
[1A 70%|██████▉   | 724/1041 [1:50:24<47:57,  9.08s/it]
[1A                                                    
{'loss': '0.02164', 'grad_norm': '0.1136', 'learning_rate': '4.514e-05', 'epoch': '2.087'}
[1A
[1A 70%|██████▉   | 724/1041 [1:50:24<47:57,  9.08s/it]
[1A 70%|██████▉   | 725/1041 [1:50:33<47:25,  9.00s/it]
[1A                                                    
{'loss': '3.256e-06', 'grad_norm': '5.658e-05', 'learning_rate': '4.488e-05', 'epoch': '2.089'}
[1A
[1A 70%|██████▉   | 725/1041 [1:50:33<47:25,  9.00s/it]
[1A 70%|██████▉   | 726/1041 [1:50:42<47:25,  9.03s/it]
[1A                                                    
{'loss': '1.036e-05', 'grad_norm': '0.000209', 'learning_rate': '4.462e-05', 'epoch': '2.092'}
[1A
[1A 70%|██████▉   | 726/1041 [1:50:42<47:25,  9.03s/it]
[1A 70%|██████▉   | 727/1041 [1:50:51<46:59,  8.98s/it]
[1A                                                    
{'loss': '0.004455', 'grad_norm': '0.222', 'learning_rate': '4.436e-05', 'epoch': '2.095'}
[1A
[1A 70%|██████▉   | 727/1041 [1:50:51<46:59,  8.98s/it]
[1A 70%|██████▉   | 728/1041 [1:51:00<46:57,  9.00s/it]
[1A                                                    
{'loss': '6.902e-05', 'grad_norm': '0.002532', 'learning_rate': '4.41e-05', 'epoch': '2.098'}
[1A
[1A 70%|██████▉   | 728/1041 [1:51:00<46:57,  9.00s/it]
[1A 70%|███████   | 729/1041 [1:51:08<46:32,  8.95s/it]                                                    
{'loss': '2.112e-05', 'grad_norm': '0.0008886', 'learning_rate': '4.385e-05', 'epoch': '2.101'}
[1A
[1A 70%|███████   | 729/1041 [1:51:08<46:32,  8.95s/it]
[1A 70%|███████   | 730/1041 [1:51:17<46:09,  8.90s/it]
[1A                                                    
{'loss': '1.83e-05', 'grad_norm': '0.0004684', 'learning_rate': '4.359e-05', 'epoch': '2.104'}
[1A
[1A 70%|███████   | 730/1041 [1:51:17<46:09,  8.90s/it]
[1A 70%|███████   | 731/1041 [1:51:26<46:00,  8.91s/it]
[1A                                                    
{'loss': '5.259e-05', 'grad_norm': '0.004915', 'learning_rate': '4.333e-05', 'epoch': '2.107'}
[1A
[1A 70%|███████   | 731/1041 [1:51:26<46:00,  8.91s/it]
[1A 70%|███████   | 732/1041 [1:51:35<46:02,  8.94s/it]
[1A                                                    
{'loss': '0.0002271', 'grad_norm': '0.01355', 'learning_rate': '4.308e-05', 'epoch': '2.11'}
[1A
[1A 70%|███████   | 732/1041 [1:51:35<46:02,  8.94s/it]
[1A 70%|███████   | 733/1041 [1:51:44<46:04,  8.98s/it]
[1A                                                    
{'loss': '4.276e-05', 'grad_norm': '0.001604', 'learning_rate': '4.282e-05', 'epoch': '2.113'}
[1A
[1A 70%|███████   | 733/1041 [1:51:44<46:04,  8.98s/it]
[1A 71%|███████   | 734/1041 [1:51:54<46:37,  9.11s/it]
[1A                                                    
{'loss': '0.0002014', 'grad_norm': '0.03057', 'learning_rate': '4.256e-05', 'epoch': '2.115'}
[1A
[1A 71%|███████   | 734/1041 [1:51:54<46:37,  9.11s/it]
[1A 71%|███████   | 735/1041 [1:52:02<46:06,  9.04s/it]
[1A                                                    
{'loss': '0.0001287', 'grad_norm': '0.01537', 'learning_rate': '4.231e-05', 'epoch': '2.118'}
[1A
[1A 71%|███████   | 735/1041 [1:52:02<46:06,  9.04s/it]
[1A 71%|███████   | 736/1041 [1:52:12<46:08,  9.08s/it]
[1A                                                    
{'loss': '4.071e-05', 'grad_norm': '0.004713', 'learning_rate': '4.206e-05', 'epoch': '2.121'}
[1A
[1A 71%|███████   | 736/1041 [1:52:12<46:08,  9.08s/it]
[1A 71%|███████   | 737/1041 [1:52:21<45:58,  9.07s/it]
[1A                                                    
{'loss': '0.0005519', 'grad_norm': '0.03036', 'learning_rate': '4.18e-05', 'epoch': '2.124'}
[1A
[1A 71%|███████   | 737/1041 [1:52:21<45:58,  9.07s/it]
[1A 71%|███████   | 738/1041 [1:52:30<45:49,  9.07s/it]                                                    
{'loss': '4.081e-05', 'grad_norm': '0.001398', 'learning_rate': '4.155e-05', 'epoch': '2.127'}
[1A
[1A 71%|███████   | 738/1041 [1:52:30<45:49,  9.07s/it]
[1A 71%|███████   | 739/1041 [1:52:39<45:31,  9.04s/it]
[1A                                                    
{'loss': '2.629e-05', 'grad_norm': '0.001152', 'learning_rate': '4.13e-05', 'epoch': '2.13'}
[1A
[1A 71%|███████   | 739/1041 [1:52:39<45:31,  9.04s/it]
[1A 71%|███████   | 740/1041 [1:52:48<45:11,  9.01s/it]
[1A                                                    
{'loss': '0.0002527', 'grad_norm': '0.01342', 'learning_rate': '4.105e-05', 'epoch': '2.133'}
[1A
[1A 71%|███████   | 740/1041 [1:52:48<45:11,  9.01s/it]
[1A 71%|███████   | 741/1041 [1:52:57<45:29,  9.10s/it]
[1A                                                    
{'loss': '0.000295', 'grad_norm': '0.02865', 'learning_rate': '4.079e-05', 'epoch': '2.136'}
[1A
[1A 71%|███████   | 741/1041 [1:52:57<45:29,  9.10s/it]
[1A 71%|███████▏  | 742/1041 [1:53:06<45:26,  9.12s/it]
[1A                                                    
{'loss': '2.133e-05', 'grad_norm': '0.0006484', 'learning_rate': '4.054e-05', 'epoch': '2.139'}
[1A
[1A 71%|███████▏  | 742/1041 [1:53:06<45:26,  9.12s/it]
[1A 71%|███████▏  | 743/1041 [1:53:15<45:33,  9.17s/it]
[1A                                                    
{'loss': '1.906e-05', 'grad_norm': '0.0007296', 'learning_rate': '4.029e-05', 'epoch': '2.141'}
[1A
[1A 71%|███████▏  | 743/1041 [1:53:15<45:33,  9.17s/it]
[1A 71%|███████▏  | 744/1041 [1:53:25<45:23,  9.17s/it]
[1A                                                    
{'loss': '4.422e-05', 'grad_norm': '0.001637', 'learning_rate': '4.004e-05', 'epoch': '2.144'}
[1A
[1A 71%|███████▏  | 744/1041 [1:53:25<45:23,  9.17s/it]
[1A 72%|███████▏  | 745/1041 [1:53:34<45:41,  9.26s/it]
[1A                                                    
{'loss': '0.0007042', 'grad_norm': '0.09215', 'learning_rate': '3.98e-05', 'epoch': '2.147'}
[1A
[1A 72%|███████▏  | 745/1041 [1:53:34<45:41,  9.26s/it]
[1A 72%|███████▏  | 746/1041 [1:53:43<45:25,  9.24s/it]
[1A                                                    
{'loss': '6.99e-05', 'grad_norm': '0.002577', 'learning_rate': '3.955e-05', 'epoch': '2.15'}
[1A
[1A 72%|███████▏  | 746/1041 [1:53:43<45:25,  9.24s/it]
[1A 72%|███████▏  | 747/1041 [1:53:53<45:23,  9.26s/it]
[1A                                                    
{'loss': '0.0002871', 'grad_norm': '0.01201', 'learning_rate': '3.93e-05', 'epoch': '2.153'}
[1A
[1A 72%|███████▏  | 747/1041 [1:53:53<45:23,  9.26s/it]
[1A 72%|███████▏  | 748/1041 [1:54:01<43:59,  9.01s/it]
[1A                                                    
{'loss': '6.076e-06', 'grad_norm': '0.0002751', 'learning_rate': '3.905e-05', 'epoch': '2.156'}
[1A
[1A 72%|███████▏  | 748/1041 [1:54:01<43:59,  9.01s/it]
[1A 72%|███████▏  | 749/1041 [1:54:10<43:55,  9.03s/it]
[1A                                                    
{'loss': '1.782e-05', 'grad_norm': '0.0008981', 'learning_rate': '3.881e-05', 'epoch': '2.159'}
[1A
[1A 72%|███████▏  | 749/1041 [1:54:10<43:55,  9.03s/it]
[1A 72%|███████▏  | 750/1041 [1:54:19<44:12,  9.11s/it]
[1A                                                    
{'loss': '2.77e-05', 'grad_norm': '0.0008147', 'learning_rate': '3.856e-05', 'epoch': '2.162'}
[1A
[1A 72%|███████▏  | 750/1041 [1:54:19<44:12,  9.11s/it]
[1A 72%|███████▏  | 751/1041 [1:54:29<44:04,  9.12s/it]
[1A                                                    
{'loss': '2.317e-05', 'grad_norm': '0.001499', 'learning_rate': '3.831e-05', 'epoch': '2.165'}
[1A
[1A 72%|███████▏  | 751/1041 [1:54:29<44:04,  9.12s/it]
[1A 72%|███████▏  | 752/1041 [1:54:38<44:10,  9.17s/it]
[1A                                                    
{'loss': '3.652e-05', 'grad_norm': '0.002792', 'learning_rate': '3.807e-05', 'epoch': '2.167'}
[1A
[1A 72%|███████▏  | 752/1041 [1:54:38<44:10,  9.17s/it]
[1A 72%|███████▏  | 753/1041 [1:54:47<43:41,  9.10s/it]
[1A                                                    
{'loss': '3.281e-05', 'grad_norm': '0.001005', 'learning_rate': '3.783e-05', 'epoch': '2.17'}
[1A
[1A 72%|███████▏  | 753/1041 [1:54:47<43:41,  9.10s/it]
[1A 72%|███████▏  | 754/1041 [1:54:56<43:15,  9.04s/it]                                                    
{'loss': '2.272e-05', 'grad_norm': '0.0006882', 'learning_rate': '3.758e-05', 'epoch': '2.173'}
[1A
[1A 72%|███████▏  | 754/1041 [1:54:56<43:15,  9.04s/it]
[1A 73%|███████▎  | 755/1041 [1:55:05<43:12,  9.06s/it]
[1A                                                    
{'loss': '5.415e-05', 'grad_norm': '0.002705', 'learning_rate': '3.734e-05', 'epoch': '2.176'}
[1A
[1A 73%|███████▎  | 755/1041 [1:55:05<43:12,  9.06s/it]
[1A 73%|███████▎  | 756/1041 [1:55:14<42:47,  9.01s/it]
[1A                                                    
{'loss': '0.0002444', 'grad_norm': '0.03237', 'learning_rate': '3.71e-05', 'epoch': '2.179'}
[1A
[1A 73%|███████▎  | 756/1041 [1:55:14<42:47,  9.01s/it]
[1A 73%|███████▎  | 757/1041 [1:55:23<43:30,  9.19s/it]
[1A                                                    
{'loss': '0.0002294', 'grad_norm': '0.01116', 'learning_rate': '3.685e-05', 'epoch': '2.182'}
[1A
[1A 73%|███████▎  | 757/1041 [1:55:23<43:30,  9.19s/it]
[1A 73%|███████▎  | 758/1041 [1:55:32<43:09,  9.15s/it]
[1A                                                    
{'loss': '5.412e-05', 'grad_norm': '0.004632', 'learning_rate': '3.661e-05', 'epoch': '2.185'}
[1A
[1A 73%|███████▎  | 758/1041 [1:55:32<43:09,  9.15s/it]
[1A 73%|███████▎  | 759/1041 [1:55:41<42:57,  9.14s/it]
[1A                                                    
{'loss': '4.345e-05', 'grad_norm': '0.001156', 'learning_rate': '3.637e-05', 'epoch': '2.188'}
[1A
[1A 73%|███████▎  | 759/1041 [1:55:41<42:57,  9.14s/it]
[1A 73%|███████▎  | 760/1041 [1:55:50<42:38,  9.10s/it]
[1A                                                    
{'loss': '1.801e-05', 'grad_norm': '0.001039', 'learning_rate': '3.613e-05', 'epoch': '2.19'}
[1A
[1A 73%|███████▎  | 760/1041 [1:55:50<42:38,  9.10s/it]
[1A 73%|███████▎  | 761/1041 [1:55:59<42:08,  9.03s/it]                                                    
{'loss': '7.599e-06', 'grad_norm': '0.0001592', 'learning_rate': '3.589e-05', 'epoch': '2.193'}
[1A
[1A 73%|███████▎  | 761/1041 [1:55:59<42:08,  9.03s/it]
[1A 73%|███████▎  | 762/1041 [1:56:08<42:09,  9.07s/it]
[1A                                                    
{'loss': '5.298e-06', 'grad_norm': '0.0001037', 'learning_rate': '3.566e-05', 'epoch': '2.196'}
[1A
[1A 73%|███████▎  | 762/1041 [1:56:09<42:09,  9.07s/it]
[1A 73%|███████▎  | 763/1041 [1:56:17<41:32,  8.96s/it]
[1A                                                    
{'loss': '3.107e-06', 'grad_norm': '6.568e-05', 'learning_rate': '3.542e-05', 'epoch': '2.199'}
[1A
[1A 73%|███████▎  | 763/1041 [1:56:17<41:32,  8.96s/it]
[1A 73%|███████▎  | 764/1041 [1:56:27<41:50,  9.06s/it]
[1A                                                    
{'loss': '7.932e-05', 'grad_norm': '0.002458', 'learning_rate': '3.518e-05', 'epoch': '2.202'}
[1A
[1A 73%|███████▎  | 764/1041 [1:56:27<41:50,  9.06s/it]
[1A 73%|███████▎  | 765/1041 [1:56:36<41:49,  9.09s/it]
[1A                                                    
{'loss': '7.872e-06', 'grad_norm': '0.0001688', 'learning_rate': '3.494e-05', 'epoch': '2.205'}
[1A
[1A 73%|███████▎  | 765/1041 [1:56:36<41:49,  9.09s/it]
[1A 74%|███████▎  | 766/1041 [1:56:45<41:33,  9.07s/it]
[1A                                                    
{'loss': '1.797e-05', 'grad_norm': '0.000338', 'learning_rate': '3.471e-05', 'epoch': '2.208'}
[1A
[1A 74%|███████▎  | 766/1041 [1:56:45<41:33,  9.07s/it]
[1A 74%|███████▎  | 767/1041 [1:56:54<41:38,  9.12s/it]
[1A                                                    
{'loss': '5.652e-05', 'grad_norm': '0.002226', 'learning_rate': '3.447e-05', 'epoch': '2.211'}
[1A
[1A 74%|███████▎  | 767/1041 [1:56:54<41:38,  9.12s/it]
[1A 74%|███████▍  | 768/1041 [1:57:03<41:31,  9.13s/it]
[1A                                                    
{'loss': '1.722e-05', 'grad_norm': '0.0006271', 'learning_rate': '3.424e-05', 'epoch': '2.214'}
[1A
[1A 74%|███████▍  | 768/1041 [1:57:03<41:31,  9.13s/it]
[1A 74%|███████▍  | 769/1041 [1:57:12<41:34,  9.17s/it]
[1A                                                    
{'loss': '1.482e-05', 'grad_norm': '0.002843', 'learning_rate': '3.4e-05', 'epoch': '2.216'}
[1A
[1A 74%|███████▍  | 769/1041 [1:57:12<41:34,  9.17s/it]
[1A 74%|███████▍  | 770/1041 [1:57:21<40:39,  9.00s/it]
[1A                                                    
{'loss': '3.084e-05', 'grad_norm': '0.001006', 'learning_rate': '3.377e-05', 'epoch': '2.219'}
[1A
[1A 74%|███████▍  | 770/1041 [1:57:21<40:39,  9.00s/it]
[1A 74%|███████▍  | 771/1041 [1:57:30<40:42,  9.05s/it]                                                    
{'loss': '1.714e-05', 'grad_norm': '0.0008067', 'learning_rate': '3.354e-05', 'epoch': '2.222'}
[1A
[1A 74%|███████▍  | 771/1041 [1:57:30<40:42,  9.05s/it]
[1A 74%|███████▍  | 772/1041 [1:57:39<40:38,  9.07s/it]                                                    
{'loss': '8.299e-06', 'grad_norm': '0.0002694', 'learning_rate': '3.33e-05', 'epoch': '2.225'}
[1A
[1A 74%|███████▍  | 772/1041 [1:57:39<40:38,  9.07s/it]
[1A 74%|███████▍  | 773/1041 [1:57:48<40:41,  9.11s/it]
[1A                                                    
{'loss': '9.224e-06', 'grad_norm': '0.0004693', 'learning_rate': '3.307e-05', 'epoch': '2.228'}
[1A
[1A 74%|███████▍  | 773/1041 [1:57:48<40:41,  9.11s/it]
[1A 74%|███████▍  | 774/1041 [1:57:58<40:42,  9.15s/it]                                                    
{'loss': '1.14e-05', 'grad_norm': '0.0002131', 'learning_rate': '3.284e-05', 'epoch': '2.231'}
[1A
[1A 74%|███████▍  | 774/1041 [1:57:58<40:42,  9.15s/it]
[1A 74%|███████▍  | 775/1041 [1:58:07<40:43,  9.18s/it]
[1A                                                    
{'loss': '0.0001729', 'grad_norm': '0.006152', 'learning_rate': '3.261e-05', 'epoch': '2.234'}
[1A
[1A 74%|███████▍  | 775/1041 [1:58:07<40:43,  9.18s/it]
[1A 75%|███████▍  | 776/1041 [1:58:16<40:41,  9.21s/it]
[1A                                                    
{'loss': '3.679e-05', 'grad_norm': '0.001816', 'learning_rate': '3.238e-05', 'epoch': '2.237'}
[1A
[1A 75%|███████▍  | 776/1041 [1:58:16<40:41,  9.21s/it]
[1A 75%|███████▍  | 777/1041 [1:58:26<40:48,  9.28s/it]
[1A                                                    
{'loss': '5.414e-05', 'grad_norm': '0.001462', 'learning_rate': '3.215e-05', 'epoch': '2.24'}
[1A
[1A 75%|███████▍  | 777/1041 [1:58:26<40:48,  9.28s/it]
[1A 75%|███████▍  | 778/1041 [1:58:34<40:04,  9.14s/it]
[1A                                                    
{'loss': '4.88e-06', 'grad_norm': '9.609e-05', 'learning_rate': '3.192e-05', 'epoch': '2.242'}
[1A
[1A 75%|███████▍  | 778/1041 [1:58:34<40:04,  9.14s/it]
[1A 75%|███████▍  | 779/1041 [1:58:43<39:36,  9.07s/it]                                                    
{'loss': '1.005e-05', 'grad_norm': '0.0003181', 'learning_rate': '3.17e-05', 'epoch': '2.245'}
[1A
[1A 75%|███████▍  | 779/1041 [1:58:43<39:36,  9.07s/it]
[1A 75%|███████▍  | 780/1041 [1:58:52<39:30,  9.08s/it]                                                    
{'loss': '0.000489', 'grad_norm': '0.07935', 'learning_rate': '3.147e-05', 'epoch': '2.248'}
[1A
[1A 75%|███████▍  | 780/1041 [1:58:52<39:30,  9.08s/it]
[1A 75%|███████▌  | 781/1041 [1:59:02<39:19,  9.07s/it]                                                    
{'loss': '3.196e-05', 'grad_norm': '0.0006415', 'learning_rate': '3.124e-05', 'epoch': '2.251'}
[1A
[1A 75%|███████▌  | 781/1041 [1:59:02<39:19,  9.07s/it]
[1A 75%|███████▌  | 782/1041 [1:59:11<39:20,  9.11s/it]
[1A                                                    
{'loss': '1.235e-05', 'grad_norm': '0.0004483', 'learning_rate': '3.102e-05', 'epoch': '2.254'}
[1A
[1A 75%|███████▌  | 782/1041 [1:59:11<39:20,  9.11s/it]
[1A 75%|███████▌  | 783/1041 [1:59:20<39:03,  9.09s/it]
[1A                                                    
{'loss': '4.908e-05', 'grad_norm': '0.002176', 'learning_rate': '3.079e-05', 'epoch': '2.257'}
[1A
[1A 75%|███████▌  | 783/1041 [1:59:20<39:03,  9.09s/it]
[1A 75%|███████▌  | 784/1041 [1:59:29<39:19,  9.18s/it]
[1A                                                    
{'loss': '2.534e-05', 'grad_norm': '0.00298', 'learning_rate': '3.057e-05', 'epoch': '2.26'}
[1A
[1A 75%|███████▌  | 784/1041 [1:59:29<39:19,  9.18s/it]
[1A 75%|███████▌  | 785/1041 [1:59:38<38:47,  9.09s/it]
[1A                                                    
{'loss': '7.177e-06', 'grad_norm': '0.0002469', 'learning_rate': '3.034e-05', 'epoch': '2.263'}
[1A
[1A 75%|███████▌  | 785/1041 [1:59:38<38:47,  9.09s/it]
[1A 76%|███████▌  | 786/1041 [1:59:47<38:38,  9.09s/it]
[1A                                                    
{'loss': '4.423e-05', 'grad_norm': '0.001475', 'learning_rate': '3.012e-05', 'epoch': '2.266'}
[1A
[1A 76%|███████▌  | 786/1041 [1:59:47<38:38,  9.09s/it]
[1A 76%|███████▌  | 787/1041 [1:59:56<38:41,  9.14s/it]
[1A                                                    
{'loss': '4.682e-06', 'grad_norm': '0.0001028', 'learning_rate': '2.99e-05', 'epoch': '2.268'}
[1A
[1A 76%|███████▌  | 787/1041 [1:59:56<38:41,  9.14s/it]
[1A 76%|███████▌  | 788/1041 [2:00:05<38:11,  9.06s/it]
[1A                                                    
{'loss': '6.043e-06', 'grad_norm': '0.0002205', 'learning_rate': '2.968e-05', 'epoch': '2.271'}
[1A
[1A 76%|███████▌  | 788/1041 [2:00:05<38:11,  9.06s/it]
[1A 76%|███████▌  | 789/1041 [2:00:14<38:01,  9.06s/it]
[1A                                                    
{'loss': '8.641e-06', 'grad_norm': '0.0001822', 'learning_rate': '2.945e-05', 'epoch': '2.274'}
[1A
[1A 76%|███████▌  | 789/1041 [2:00:14<38:01,  9.06s/it]
[1A 76%|███████▌  | 790/1041 [2:00:23<37:58,  9.08s/it]
[1A                                                    
{'loss': '3.518e-05', 'grad_norm': '0.001028', 'learning_rate': '2.923e-05', 'epoch': '2.277'}
[1A
[1A 76%|███████▌  | 790/1041 [2:00:23<37:58,  9.08s/it]
[1A 76%|███████▌  | 791/1041 [2:00:32<37:01,  8.88s/it]
[1A                                                    
{'loss': '3.719e-06', 'grad_norm': '9.496e-05', 'learning_rate': '2.901e-05', 'epoch': '2.28'}
[1A
[1A 76%|███████▌  | 791/1041 [2:00:32<37:01,  8.88s/it]
[1A 76%|███████▌  | 792/1041 [2:00:41<36:46,  8.86s/it]
[1A                                                    
{'loss': '8.908e-06', 'grad_norm': '0.0001867', 'learning_rate': '2.88e-05', 'epoch': '2.283'}
[1A
[1A 76%|███████▌  | 792/1041 [2:00:41<36:46,  8.86s/it]
[1A 76%|███████▌  | 793/1041 [2:00:50<36:37,  8.86s/it]
[1A                                                    
{'loss': '2.073e-05', 'grad_norm': '0.000717', 'learning_rate': '2.858e-05', 'epoch': '2.286'}
[1A
[1A 76%|███████▌  | 793/1041 [2:00:50<36:37,  8.86s/it]
[1A 76%|███████▋  | 794/1041 [2:00:59<36:56,  8.97s/it]
[1A                                                    
{'loss': '5.774e-05', 'grad_norm': '0.00239', 'learning_rate': '2.836e-05', 'epoch': '2.289'}
[1A
[1A 76%|███████▋  | 794/1041 [2:00:59<36:56,  8.97s/it]
[1A 76%|███████▋  | 795/1041 [2:01:08<37:11,  9.07s/it]
[1A                                                    
{'loss': '7.548e-06', 'grad_norm': '0.0002225', 'learning_rate': '2.814e-05', 'epoch': '2.291'}
[1A
[1A 76%|███████▋  | 795/1041 [2:01:08<37:11,  9.07s/it]
[1A 76%|███████▋  | 796/1041 [2:01:17<37:04,  9.08s/it]
[1A                                                    
{'loss': '3.231e-05', 'grad_norm': '0.0009989', 'learning_rate': '2.793e-05', 'epoch': '2.294'}
[1A
[1A 76%|███████▋  | 796/1041 [2:01:17<37:04,  9.08s/it]
[1A 77%|███████▋  | 797/1041 [2:01:26<37:09,  9.14s/it]
[1A                                                    
{'loss': '9.753e-06', 'grad_norm': '0.0003684', 'learning_rate': '2.771e-05', 'epoch': '2.297'}
[1A
[1A 77%|███████▋  | 797/1041 [2:01:26<37:09,  9.14s/it]
[1A 77%|███████▋  | 798/1041 [2:01:36<37:00,  9.14s/it]
[1A                                                    
{'loss': '1.838e-05', 'grad_norm': '0.0004317', 'learning_rate': '2.75e-05', 'epoch': '2.3'}
[1A
[1A 77%|███████▋  | 798/1041 [2:01:36<37:00,  9.14s/it]
[1A 77%|███████▋  | 799/1041 [2:01:45<37:13,  9.23s/it]
[1A                                                    
{'loss': '0.0002225', 'grad_norm': '0.01185', 'learning_rate': '2.728e-05', 'epoch': '2.303'}
[1A
[1A 77%|███████▋  | 799/1041 [2:01:45<37:13,  9.23s/it]
[1A 77%|███████▋  | 800/1041 [2:01:59<42:45, 10.65s/it]
[1A                                                    
{'loss': '2.497e-05', 'grad_norm': '0.000661', 'learning_rate': '2.707e-05', 'epoch': '2.306'}
[1A
[1A 77%|███████▋  | 800/1041 [2:01:59<42:45, 10.65s/it]
[1A 77%|███████▋  | 801/1041 [2:02:08<40:52, 10.22s/it]
[1A                                                    
{'loss': '1.391e-05', 'grad_norm': '0.0005801', 'learning_rate': '2.686e-05', 'epoch': '2.309'}
[1A
[1A 77%|███████▋  | 801/1041 [2:02:08<40:52, 10.22s/it]
[1A 77%|███████▋  | 802/1041 [2:02:17<38:52,  9.76s/it]
[1A                                                    
{'loss': '2.858e-05', 'grad_norm': '0.0007121', 'learning_rate': '2.664e-05', 'epoch': '2.312'}
[1A
[1A 77%|███████▋  | 802/1041 [2:02:17<38:52,  9.76s/it]
[1A 77%|███████▋  | 803/1041 [2:02:26<37:37,  9.49s/it]                                                    
{'loss': '4.78e-06', 'grad_norm': '0.0001126', 'learning_rate': '2.643e-05', 'epoch': '2.315'}
[1A
[1A 77%|███████▋  | 803/1041 [2:02:26<37:37,  9.49s/it]
[1A 77%|███████▋  | 804/1041 [2:02:35<37:13,  9.43s/it]
[1A                                                    
{'loss': '8.34e-05', 'grad_norm': '0.005125', 'learning_rate': '2.622e-05', 'epoch': '2.317'}
[1A
[1A 77%|███████▋  | 804/1041 [2:02:35<37:13,  9.43s/it]
[1A 77%|███████▋  | 805/1041 [2:02:44<36:53,  9.38s/it]
[1A                                                    
{'loss': '4.962e-05', 'grad_norm': '0.001987', 'learning_rate': '2.601e-05', 'epoch': '2.32'}
[1A
[1A 77%|███████▋  | 805/1041 [2:02:44<36:53,  9.38s/it]
[1A 77%|███████▋  | 806/1041 [2:02:54<36:38,  9.36s/it]
[1A                                                    
{'loss': '1.086e-05', 'grad_norm': '0.0003389', 'learning_rate': '2.58e-05', 'epoch': '2.323'}
[1A
[1A 77%|███████▋  | 806/1041 [2:02:54<36:38,  9.36s/it]
[1A 78%|███████▊  | 807/1041 [2:03:03<36:24,  9.34s/it]
[1A                                                    
{'loss': '2.399e-05', 'grad_norm': '0.000799', 'learning_rate': '2.56e-05', 'epoch': '2.326'}
[1A
[1A 78%|███████▊  | 807/1041 [2:03:03<36:24,  9.34s/it]
[1A 78%|███████▊  | 808/1041 [2:03:12<36:04,  9.29s/it]
[1A                                                    
{'loss': '3.411e-05', 'grad_norm': '0.001379', 'learning_rate': '2.539e-05', 'epoch': '2.329'}
[1A
[1A 78%|███████▊  | 808/1041 [2:03:12<36:04,  9.29s/it]
[1A 78%|███████▊  | 809/1041 [2:03:21<35:34,  9.20s/it]
[1A                                                    
{'loss': '0.0001832', 'grad_norm': '0.01262', 'learning_rate': '2.518e-05', 'epoch': '2.332'}
[1A
[1A 78%|███████▊  | 809/1041 [2:03:21<35:34,  9.20s/it]
[1A 78%|███████▊  | 810/1041 [2:03:30<35:17,  9.17s/it]
[1A                                                    
{'loss': '2.739e-05', 'grad_norm': '0.0009002', 'learning_rate': '2.497e-05', 'epoch': '2.335'}
[1A
[1A 78%|███████▊  | 810/1041 [2:03:30<35:17,  9.17s/it]
[1A 78%|███████▊  | 811/1041 [2:03:39<34:54,  9.11s/it]
[1A                                                    
{'loss': '3.342e-05', 'grad_norm': '0.002344', 'learning_rate': '2.477e-05', 'epoch': '2.338'}
[1A
[1A 78%|███████▊  | 811/1041 [2:03:39<34:54,  9.11s/it]
[1A 78%|███████▊  | 812/1041 [2:03:48<34:31,  9.05s/it]
[1A                                                    
{'loss': '2.273e-05', 'grad_norm': '0.0005622', 'learning_rate': '2.456e-05', 'epoch': '2.341'}
[1A
[1A 78%|███████▊  | 812/1041 [2:03:48<34:31,  9.05s/it]
[1A 78%|███████▊  | 813/1041 [2:03:57<33:54,  8.92s/it]
[1A                                                    
{'loss': '2.906e-06', 'grad_norm': '5.103e-05', 'learning_rate': '2.436e-05', 'epoch': '2.343'}
[1A
[1A 78%|███████▊  | 813/1041 [2:03:57<33:54,  8.92s/it]
[1A 78%|███████▊  | 814/1041 [2:04:06<34:21,  9.08s/it]
[1A                                                    
{'loss': '1.814e-05', 'grad_norm': '0.0005053', 'learning_rate': '2.416e-05', 'epoch': '2.346'}
[1A
[1A 78%|███████▊  | 814/1041 [2:04:06<34:21,  9.08s/it]
[1A 78%|███████▊  | 815/1041 [2:04:15<34:10,  9.07s/it]
[1A                                                    
{'loss': '3.341e-05', 'grad_norm': '0.001769', 'learning_rate': '2.395e-05', 'epoch': '2.349'}
[1A
[1A 78%|███████▊  | 815/1041 [2:04:15<34:10,  9.07s/it]
[1A 78%|███████▊  | 816/1041 [2:04:24<33:51,  9.03s/it]
[1A                                                    
{'loss': '1.076e-05', 'grad_norm': '0.0003613', 'learning_rate': '2.375e-05', 'epoch': '2.352'}
[1A
[1A 78%|███████▊  | 816/1041 [2:04:24<33:51,  9.03s/it]
[1A 78%|███████▊  | 817/1041 [2:04:33<34:02,  9.12s/it]
[1A                                                    
{'loss': '0.000108', 'grad_norm': '0.01484', 'learning_rate': '2.355e-05', 'epoch': '2.355'}
[1A
[1A 78%|███████▊  | 817/1041 [2:04:33<34:02,  9.12s/it]
[1A 79%|███████▊  | 818/1041 [2:04:43<33:54,  9.12s/it]
[1A                                                    
{'loss': '7.409e-06', 'grad_norm': '0.0002121', 'learning_rate': '2.335e-05', 'epoch': '2.358'}
[1A
[1A 79%|███████▊  | 818/1041 [2:04:43<33:54,  9.12s/it]
[1A 79%|███████▊  | 819/1041 [2:04:52<33:54,  9.16s/it]
[1A                                                    
{'loss': '8.405e-06', 'grad_norm': '0.0001999', 'learning_rate': '2.315e-05', 'epoch': '2.361'}
[1A
[1A 79%|███████▊  | 819/1041 [2:04:52<33:54,  9.16s/it]
[1A 79%|███████▉  | 820/1041 [2:05:01<33:41,  9.15s/it]
[1A                                                    
{'loss': '2.081e-05', 'grad_norm': '0.00112', 'learning_rate': '2.295e-05', 'epoch': '2.364'}
[1A
[1A 79%|███████▉  | 820/1041 [2:05:01<33:41,  9.15s/it]
[1A 79%|███████▉  | 821/1041 [2:05:10<33:19,  9.09s/it]
[1A                                                    
{'loss': '3.789e-06', 'grad_norm': '0.0001197', 'learning_rate': '2.275e-05', 'epoch': '2.367'}
[1A
[1A 79%|███████▉  | 821/1041 [2:05:10<33:19,  9.09s/it]
[1A 79%|███████▉  | 822/1041 [2:05:19<33:08,  9.08s/it]
[1A                                                    
{'loss': '1.038e-05', 'grad_norm': '0.0002042', 'learning_rate': '2.256e-05', 'epoch': '2.369'}
[1A
[1A 79%|███████▉  | 822/1041 [2:05:19<33:08,  9.08s/it]
[1A 79%|███████▉  | 823/1041 [2:05:28<33:00,  9.08s/it]
[1A                                                    
{'loss': '1.049e-05', 'grad_norm': '0.0003776', 'learning_rate': '2.236e-05', 'epoch': '2.372'}
[1A
[1A 79%|███████▉  | 823/1041 [2:05:28<33:00,  9.08s/it]
[1A 79%|███████▉  | 824/1041 [2:05:37<33:03,  9.14s/it]
[1A                                                    
{'loss': '2.29e-05', 'grad_norm': '0.001143', 'learning_rate': '2.216e-05', 'epoch': '2.375'}
[1A
[1A 79%|███████▉  | 824/1041 [2:05:37<33:03,  9.14s/it]
[1A 79%|███████▉  | 825/1041 [2:05:47<33:00,  9.17s/it]
[1A                                                    
{'loss': '0.0008108', 'grad_norm': '0.04217', 'learning_rate': '2.197e-05', 'epoch': '2.378'}
[1A
[1A 79%|███████▉  | 825/1041 [2:05:47<33:00,  9.17s/it]
[1A 79%|███████▉  | 826/1041 [2:05:56<32:45,  9.14s/it]
[1A                                                    
{'loss': '9.402e-06', 'grad_norm': '0.0002023', 'learning_rate': '2.178e-05', 'epoch': '2.381'}
[1A
[1A 79%|███████▉  | 826/1041 [2:05:56<32:45,  9.14s/it]
[1A 79%|███████▉  | 827/1041 [2:06:04<32:15,  9.04s/it]                                                    
{'loss': '8.55e-06', 'grad_norm': '0.0001847', 'learning_rate': '2.158e-05', 'epoch': '2.384'}
[1A
[1A 79%|███████▉  | 827/1041 [2:06:04<32:15,  9.04s/it]
[1A 80%|███████▉  | 828/1041 [2:06:14<32:12,  9.07s/it]
[1A                                                    
{'loss': '4.574e-05', 'grad_norm': '0.001552', 'learning_rate': '2.139e-05', 'epoch': '2.387'}
[1A
[1A 80%|███████▉  | 828/1041 [2:06:14<32:12,  9.07s/it]
[1A 80%|███████▉  | 829/1041 [2:06:23<32:06,  9.09s/it]
[1A                                                    
{'loss': '1.111e-05', 'grad_norm': '0.0005862', 'learning_rate': '2.12e-05', 'epoch': '2.39'}
[1A
[1A 80%|███████▉  | 829/1041 [2:06:23<32:06,  9.09s/it]
[1A 80%|███████▉  | 830/1041 [2:06:32<31:56,  9.08s/it]
[1A                                                    
{'loss': '1.663e-05', 'grad_norm': '0.000717', 'learning_rate': '2.101e-05', 'epoch': '2.392'}
[1A
[1A 80%|███████▉  | 830/1041 [2:06:32<31:56,  9.08s/it]
[1A 80%|███████▉  | 831/1041 [2:06:41<31:58,  9.14s/it]
[1A                                                    
{'loss': '8.369e-06', 'grad_norm': '0.0001686', 'learning_rate': '2.081e-05', 'epoch': '2.395'}
[1A
[1A 80%|███████▉  | 831/1041 [2:06:41<31:58,  9.14s/it]
[1A 80%|███████▉  | 832/1041 [2:06:50<31:44,  9.11s/it]
[1A                                                    
{'loss': '2.577e-05', 'grad_norm': '0.001052', 'learning_rate': '2.063e-05', 'epoch': '2.398'}
[1A
[1A 80%|███████▉  | 832/1041 [2:06:50<31:44,  9.11s/it]
[1A 80%|████████  | 833/1041 [2:06:59<31:10,  8.99s/it]
[1A                                                    
{'loss': '3.696e-06', 'grad_norm': '7.442e-05', 'learning_rate': '2.044e-05', 'epoch': '2.401'}
[1A
[1A 80%|████████  | 833/1041 [2:06:59<31:10,  8.99s/it]
[1A 80%|████████  | 834/1041 [2:07:08<30:52,  8.95s/it]
[1A                                                    
{'loss': '2.106e-05', 'grad_norm': '0.0004689', 'learning_rate': '2.025e-05', 'epoch': '2.404'}
[1A
[1A 80%|████████  | 834/1041 [2:07:08<30:52,  8.95s/it]
[1A 80%|████████  | 835/1041 [2:07:16<30:26,  8.87s/it]
[1A                                                    
{'loss': '2.773e-05', 'grad_norm': '0.00123', 'learning_rate': '2.006e-05', 'epoch': '2.407'}
[1A
[1A 80%|████████  | 835/1041 [2:07:16<30:26,  8.87s/it]
[1A 80%|████████  | 836/1041 [2:07:26<30:41,  8.98s/it]
[1A                                                    
{'loss': '0.0002896', 'grad_norm': '0.01947', 'learning_rate': '1.987e-05', 'epoch': '2.41'}
[1A
[1A 80%|████████  | 836/1041 [2:07:26<30:41,  8.98s/it]
[1A 80%|████████  | 837/1041 [2:07:35<30:35,  9.00s/it]
[1A                                                    
{'loss': '1.74e-05', 'grad_norm': '0.0003979', 'learning_rate': '1.969e-05', 'epoch': '2.413'}
[1A
[1A 80%|████████  | 837/1041 [2:07:35<30:35,  9.00s/it]
[1A 80%|████████  | 838/1041 [2:07:44<30:21,  8.97s/it]
[1A                                                    
{'loss': '1.106e-05', 'grad_norm': '0.000262', 'learning_rate': '1.95e-05', 'epoch': '2.416'}
[1A
[1A 80%|████████  | 838/1041 [2:07:44<30:21,  8.97s/it]
[1A 81%|████████  | 839/1041 [2:07:53<30:31,  9.07s/it]                                                    
{'loss': '3.775e-05', 'grad_norm': '0.001125', 'learning_rate': '1.932e-05', 'epoch': '2.418'}
[1A
[1A 81%|████████  | 839/1041 [2:07:53<30:31,  9.07s/it]
[1A 81%|████████  | 840/1041 [2:08:02<30:26,  9.09s/it]
[1A                                                    
{'loss': '1.634e-05', 'grad_norm': '0.0004103', 'learning_rate': '1.913e-05', 'epoch': '2.421'}
[1A
[1A 81%|████████  | 840/1041 [2:08:02<30:26,  9.09s/it]
[1A 81%|████████  | 841/1041 [2:08:11<30:29,  9.15s/it]
[1A                                                    
{'loss': '3.289e-06', 'grad_norm': '6.234e-05', 'learning_rate': '1.895e-05', 'epoch': '2.424'}
[1A
[1A 81%|████████  | 841/1041 [2:08:11<30:29,  9.15s/it]
[1A 81%|████████  | 842/1041 [2:08:20<30:22,  9.16s/it]
[1A                                                    
{'loss': '4.619e-05', 'grad_norm': '0.003944', 'learning_rate': '1.877e-05', 'epoch': '2.427'}
[1A
[1A 81%|████████  | 842/1041 [2:08:20<30:22,  9.16s/it]
[1A 81%|████████  | 843/1041 [2:08:30<30:14,  9.16s/it]
[1A                                                    
{'loss': '5.982e-06', 'grad_norm': '0.000154', 'learning_rate': '1.859e-05', 'epoch': '2.43'}
[1A
[1A 81%|████████  | 843/1041 [2:08:30<30:14,  9.16s/it]
[1A 81%|████████  | 844/1041 [2:08:39<30:05,  9.16s/it]
[1A                                                    
{'loss': '1.09e-05', 'grad_norm': '0.0002602', 'learning_rate': '1.841e-05', 'epoch': '2.433'}
[1A
[1A 81%|████████  | 844/1041 [2:08:39<30:05,  9.16s/it]
[1A 81%|████████  | 845/1041 [2:08:48<29:48,  9.12s/it]
[1A                                                    
{'loss': '7.395e-06', 'grad_norm': '0.0001548', 'learning_rate': '1.823e-05', 'epoch': '2.436'}
[1A
[1A 81%|████████  | 845/1041 [2:08:48<29:48,  9.12s/it]
[1A 81%|████████▏ | 846/1041 [2:08:57<30:01,  9.24s/it]
[1A                                                    
{'loss': '3.9e-05', 'grad_norm': '0.001818', 'learning_rate': '1.805e-05', 'epoch': '2.439'}
[1A
[1A 81%|████████▏ | 846/1041 [2:08:57<30:01,  9.24s/it]
[1A 81%|████████▏ | 847/1041 [2:09:06<29:48,  9.22s/it]
[1A                                                    
{'loss': '6.762e-06', 'grad_norm': '0.0001773', 'learning_rate': '1.787e-05', 'epoch': '2.442'}
[1A
[1A 81%|████████▏ | 847/1041 [2:09:06<29:48,  9.22s/it]
[1A 81%|████████▏ | 848/1041 [2:09:15<29:12,  9.08s/it]
[1A                                                    
{'loss': '4.084e-05', 'grad_norm': '0.002012', 'learning_rate': '1.769e-05', 'epoch': '2.444'}
[1A
[1A 81%|████████▏ | 848/1041 [2:09:15<29:12,  9.08s/it]
[1A 82%|████████▏ | 849/1041 [2:09:24<29:05,  9.09s/it]                                                    
{'loss': '5.24e-06', 'grad_norm': '0.0001762', 'learning_rate': '1.752e-05', 'epoch': '2.447'}
[1A
[1A 82%|████████▏ | 849/1041 [2:09:24<29:05,  9.09s/it]
[1A 82%|████████▏ | 850/1041 [2:09:33<28:58,  9.10s/it]
[1A                                                    
{'loss': '1.158e-05', 'grad_norm': '0.000246', 'learning_rate': '1.734e-05', 'epoch': '2.45'}
[1A
[1A 82%|████████▏ | 850/1041 [2:09:33<28:58,  9.10s/it]
[1A 82%|████████▏ | 851/1041 [2:09:42<28:44,  9.08s/it]
[1A                                                    
{'loss': '2.297e-05', 'grad_norm': '0.001352', 'learning_rate': '1.717e-05', 'epoch': '2.453'}
[1A
[1A 82%|████████▏ | 851/1041 [2:09:42<28:44,  9.08s/it]
[1A 82%|████████▏ | 852/1041 [2:09:51<28:28,  9.04s/it]
[1A                                                    
{'loss': '2.94e-06', 'grad_norm': '6.523e-05', 'learning_rate': '1.699e-05', 'epoch': '2.456'}
[1A
[1A 82%|████████▏ | 852/1041 [2:09:51<28:28,  9.04s/it]
[1A 82%|████████▏ | 853/1041 [2:10:01<28:35,  9.12s/it]                                                    
{'loss': '1.038e-05', 'grad_norm': '0.0003206', 'learning_rate': '1.682e-05', 'epoch': '2.459'}
[1A
[1A 82%|████████▏ | 853/1041 [2:10:01<28:35,  9.12s/it]
[1A 82%|████████▏ | 854/1041 [2:10:10<28:45,  9.23s/it]
[1A                                                    
{'loss': '9.533e-06', 'grad_norm': '0.0002159', 'learning_rate': '1.665e-05', 'epoch': '2.462'}
[1A
[1A 82%|████████▏ | 854/1041 [2:10:10<28:45,  9.23s/it]
[1A 82%|████████▏ | 855/1041 [2:10:19<28:16,  9.12s/it]
[1A                                                    
{'loss': '5.113e-06', 'grad_norm': '0.000118', 'learning_rate': '1.648e-05', 'epoch': '2.465'}
[1A
[1A 82%|████████▏ | 855/1041 [2:10:19<28:16,  9.12s/it]
[1A 82%|████████▏ | 856/1041 [2:10:28<28:17,  9.18s/it]                                                    
{'loss': '5.218e-06', 'grad_norm': '0.0001053', 'learning_rate': '1.631e-05', 'epoch': '2.468'}
[1A
[1A 82%|████████▏ | 856/1041 [2:10:28<28:17,  9.18s/it]
[1A 82%|████████▏ | 857/1041 [2:10:37<28:03,  9.15s/it]
[1A                                                    
{'loss': '5.746e-06', 'grad_norm': '0.0001468', 'learning_rate': '1.614e-05', 'epoch': '2.47'}
[1A
[1A 82%|████████▏ | 857/1041 [2:10:37<28:03,  9.15s/it]
[1A 82%|████████▏ | 858/1041 [2:10:47<27:50,  9.13s/it]                                                    
{'loss': '0.0004371', 'grad_norm': '0.03094', 'learning_rate': '1.597e-05', 'epoch': '2.473'}
[1A
[1A 82%|████████▏ | 858/1041 [2:10:47<27:50,  9.13s/it]
[1A 83%|████████▎ | 859/1041 [2:10:56<27:41,  9.13s/it]
[1A                                                    
{'loss': '0.002264', 'grad_norm': '0.216', 'learning_rate': '1.58e-05', 'epoch': '2.476'}
[1A
[1A 83%|████████▎ | 859/1041 [2:10:56<27:41,  9.13s/it]
[1A 83%|████████▎ | 860/1041 [2:11:05<27:31,  9.13s/it]                                                    
{'loss': '1.255e-05', 'grad_norm': '0.0005416', 'learning_rate': '1.563e-05', 'epoch': '2.479'}
[1A
[1A 83%|████████▎ | 860/1041 [2:11:05<27:31,  9.13s/it]
[1A 83%|████████▎ | 861/1041 [2:11:14<27:28,  9.16s/it]
[1A                                                    
{'loss': '1.105e-05', 'grad_norm': '0.0003069', 'learning_rate': '1.546e-05', 'epoch': '2.482'}
[1A
[1A 83%|████████▎ | 861/1041 [2:11:14<27:28,  9.16s/it]
[1A 83%|████████▎ | 862/1041 [2:11:23<27:16,  9.14s/it]
[1A                                                    
{'loss': '3.178e-05', 'grad_norm': '0.0007241', 'learning_rate': '1.53e-05', 'epoch': '2.485'}
[1A
[1A 83%|████████▎ | 862/1041 [2:11:23<27:16,  9.14s/it]
[1A 83%|████████▎ | 863/1041 [2:11:32<27:05,  9.13s/it]
[1A                                                    
{'loss': '8.026e-06', 'grad_norm': '0.0001678', 'learning_rate': '1.513e-05', 'epoch': '2.488'}
[1A
[1A 83%|████████▎ | 863/1041 [2:11:32<27:05,  9.13s/it]
{'loss': '5.238e-06', 'grad_norm': '9.205e-05', 'learning_rate': '1.497e-05', 'epoch': '2.491'}
[1A 83%|████████▎ | 864/1041 [2:11:41<26:54,  9.12s/it]                                                    
[1A 83%|████████▎ | 864/1041 [2:11:41<26:54,  9.12s/it]
[1A 83%|████████▎ | 865/1041 [2:11:50<26:30,  9.03s/it]
[1A                                                    
{'loss': '1.841e-05', 'grad_norm': '0.002364', 'learning_rate': '1.481e-05', 'epoch': '2.494'}
[1A
[1A 83%|████████▎ | 865/1041 [2:11:50<26:30,  9.03s/it]
[1A 83%|████████▎ | 866/1041 [2:11:59<26:24,  9.05s/it]
[1A                                                    
{'loss': '1.022e-05', 'grad_norm': '0.0003285', 'learning_rate': '1.464e-05', 'epoch': '2.496'}
[1A
[1A 83%|████████▎ | 866/1041 [2:11:59<26:24,  9.05s/it]
[1A 83%|████████▎ | 867/1041 [2:12:08<26:14,  9.05s/it]                                                    
{'loss': '1.907e-05', 'grad_norm': '0.0005693', 'learning_rate': '1.448e-05', 'epoch': '2.499'}
[1A
[1A 83%|████████▎ | 867/1041 [2:12:08<26:14,  9.05s/it]
[1A 83%|████████▎ | 868/1041 [2:12:18<26:15,  9.10s/it]                                                    
{'loss': '7.432e-06', 'grad_norm': '0.0002375', 'learning_rate': '1.432e-05', 'epoch': '2.502'}
[1A
[1A 83%|████████▎ | 868/1041 [2:12:18<26:15,  9.10s/it]
[1A 83%|████████▎ | 869/1041 [2:12:27<26:04,  9.10s/it]                                                    
{'loss': '1.423e-05', 'grad_norm': '0.0006356', 'learning_rate': '1.416e-05', 'epoch': '2.505'}
[1A
[1A 83%|████████▎ | 869/1041 [2:12:27<26:04,  9.10s/it]
[1A 84%|████████▎ | 870/1041 [2:12:36<26:05,  9.16s/it]
[1A                                                    
{'loss': '1.245e-05', 'grad_norm': '0.0003384', 'learning_rate': '1.4e-05', 'epoch': '2.508'}
[1A
[1A 84%|████████▎ | 870/1041 [2:12:36<26:05,  9.16s/it]
[1A 84%|████████▎ | 871/1041 [2:12:45<25:55,  9.15s/it]
[1A                                                    
{'loss': '8.318e-06', 'grad_norm': '0.0002054', 'learning_rate': '1.384e-05', 'epoch': '2.511'}
[1A
[1A 84%|████████▎ | 871/1041 [2:12:45<25:55,  9.15s/it]
[1A 84%|████████▍ | 872/1041 [2:12:54<25:33,  9.07s/it]                                                    
{'loss': '4.026e-06', 'grad_norm': '0.0001435', 'learning_rate': '1.368e-05', 'epoch': '2.514'}
[1A
[1A 84%|████████▍ | 872/1041 [2:12:54<25:33,  9.07s/it]
[1A 84%|████████▍ | 873/1041 [2:13:03<25:33,  9.13s/it]                                                    
{'loss': '1.824e-05', 'grad_norm': '0.0004659', 'learning_rate': '1.353e-05', 'epoch': '2.517'}
[1A
[1A 84%|████████▍ | 873/1041 [2:13:03<25:33,  9.13s/it]
[1A 84%|████████▍ | 874/1041 [2:13:12<25:14,  9.07s/it]
[1A                                                    
{'loss': '8.545e-06', 'grad_norm': '0.0002743', 'learning_rate': '1.337e-05', 'epoch': '2.519'}
[1A
[1A 84%|████████▍ | 874/1041 [2:13:12<25:14,  9.07s/it]
[1A 84%|████████▍ | 875/1041 [2:13:22<25:20,  9.16s/it]
[1A                                                    
{'loss': '3.663e-05', 'grad_norm': '0.002391', 'learning_rate': '1.322e-05', 'epoch': '2.522'}
[1A
[1A 84%|████████▍ | 875/1041 [2:13:22<25:20,  9.16s/it]
[1A 84%|████████▍ | 876/1041 [2:13:31<25:05,  9.13s/it]
[1A                                                    
{'loss': '3.776e-05', 'grad_norm': '0.001239', 'learning_rate': '1.306e-05', 'epoch': '2.525'}
[1A
[1A 84%|████████▍ | 876/1041 [2:13:31<25:05,  9.13s/it]
[1A 84%|████████▍ | 877/1041 [2:13:40<24:56,  9.12s/it]
[1A                                                    
{'loss': '7.606e-05', 'grad_norm': '0.003594', 'learning_rate': '1.291e-05', 'epoch': '2.528'}
[1A
[1A 84%|████████▍ | 877/1041 [2:13:40<24:56,  9.12s/it]
[1A 84%|████████▍ | 878/1041 [2:13:48<24:30,  9.02s/it]
[1A                                                    
{'loss': '4.009e-06', 'grad_norm': '8.079e-05', 'learning_rate': '1.276e-05', 'epoch': '2.531'}
[1A
[1A 84%|████████▍ | 878/1041 [2:13:48<24:30,  9.02s/it]
[1A 84%|████████▍ | 879/1041 [2:13:58<24:33,  9.10s/it]
[1A                                                    
{'loss': '8.761e-06', 'grad_norm': '0.0002987', 'learning_rate': '1.26e-05', 'epoch': '2.534'}
[1A
[1A 84%|████████▍ | 879/1041 [2:13:58<24:33,  9.10s/it]
[1A 85%|████████▍ | 880/1041 [2:14:07<24:44,  9.22s/it]
[1A                                                    
{'loss': '4.055e-05', 'grad_norm': '0.001917', 'learning_rate': '1.245e-05', 'epoch': '2.537'}
[1A
[1A 85%|████████▍ | 880/1041 [2:14:07<24:44,  9.22s/it]
[1A 85%|████████▍ | 881/1041 [2:14:16<24:27,  9.17s/it]                                                    
{'loss': '1.648e-05', 'grad_norm': '0.0004511', 'learning_rate': '1.23e-05', 'epoch': '2.54'}
[1A
[1A 85%|████████▍ | 881/1041 [2:14:16<24:27,  9.17s/it]
[1A 85%|████████▍ | 882/1041 [2:14:26<24:31,  9.25s/it]
[1A                                                    
{'loss': '1.576e-05', 'grad_norm': '0.001227', 'learning_rate': '1.215e-05', 'epoch': '2.543'}
[1A
[1A 85%|████████▍ | 882/1041 [2:14:26<24:31,  9.25s/it]
[1A 85%|████████▍ | 883/1041 [2:14:35<24:17,  9.22s/it]
[1A                                                    
{'loss': '1.4e-05', 'grad_norm': '0.001253', 'learning_rate': '1.201e-05', 'epoch': '2.545'}
[1A
[1A 85%|████████▍ | 883/1041 [2:14:35<24:17,  9.22s/it]
[1A 85%|████████▍ | 884/1041 [2:14:44<24:03,  9.20s/it]                                                    
{'loss': '3.232e-05', 'grad_norm': '0.001267', 'learning_rate': '1.186e-05', 'epoch': '2.548'}
[1A
[1A 85%|████████▍ | 884/1041 [2:14:44<24:03,  9.20s/it]
[1A 85%|████████▌ | 885/1041 [2:14:53<23:52,  9.18s/it]                                                    
{'loss': '0.009362', 'grad_norm': '0.1957', 'learning_rate': '1.171e-05', 'epoch': '2.551'}
[1A
[1A 85%|████████▌ | 885/1041 [2:14:53<23:52,  9.18s/it]
[1A 85%|████████▌ | 886/1041 [2:15:03<23:49,  9.22s/it]                                                    
{'loss': '0.000137', 'grad_norm': '0.008844', 'learning_rate': '1.157e-05', 'epoch': '2.554'}
[1A
[1A 85%|████████▌ | 886/1041 [2:15:03<23:49,  9.22s/it]
[1A 85%|████████▌ | 887/1041 [2:15:11<23:26,  9.13s/it]
[1A                                                    
{'loss': '6.823e-05', 'grad_norm': '0.006092', 'learning_rate': '1.142e-05', 'epoch': '2.557'}
[1A
[1A 85%|████████▌ | 887/1041 [2:15:11<23:26,  9.13s/it]
[1A 85%|████████▌ | 888/1041 [2:15:21<23:23,  9.18s/it]                                                    
{'loss': '4.322e-05', 'grad_norm': '0.002397', 'learning_rate': '1.128e-05', 'epoch': '2.56'}
[1A
[1A 85%|████████▌ | 888/1041 [2:15:21<23:23,  9.18s/it]
[1A 85%|████████▌ | 889/1041 [2:15:30<23:16,  9.19s/it]
[1A                                                    
{'loss': '9.87e-06', 'grad_norm': '0.0002227', 'learning_rate': '1.113e-05', 'epoch': '2.563'}
[1A
[1A 85%|████████▌ | 889/1041 [2:15:30<23:16,  9.19s/it]
[1A 85%|████████▌ | 890/1041 [2:15:39<22:59,  9.14s/it]
[1A                                                    
{'loss': '1.639e-05', 'grad_norm': '0.0005126', 'learning_rate': '1.099e-05', 'epoch': '2.566'}
[1A
[1A 85%|████████▌ | 890/1041 [2:15:39<22:59,  9.14s/it]
[1A 86%|████████▌ | 891/1041 [2:15:48<22:47,  9.11s/it]
[1A                                                    
{'loss': '8.051e-06', 'grad_norm': '0.0001597', 'learning_rate': '1.085e-05', 'epoch': '2.569'}
[1A
[1A 86%|████████▌ | 891/1041 [2:15:48<22:47,  9.11s/it]
[1A 86%|████████▌ | 892/1041 [2:15:57<22:43,  9.15s/it]
[1A                                                    
{'loss': '1.687e-05', 'grad_norm': '0.0005699', 'learning_rate': '1.071e-05', 'epoch': '2.571'}
[1A
[1A 86%|████████▌ | 892/1041 [2:15:57<22:43,  9.15s/it]
[1A 86%|████████▌ | 893/1041 [2:16:06<22:34,  9.15s/it]
[1A                                                    
{'loss': '2.265e-05', 'grad_norm': '0.0009083', 'learning_rate': '1.057e-05', 'epoch': '2.574'}
[1A
[1A 86%|████████▌ | 893/1041 [2:16:06<22:34,  9.15s/it]
[1A 86%|████████▌ | 894/1041 [2:16:16<22:29,  9.18s/it]
[1A                                                    
{'loss': '2.275e-05', 'grad_norm': '0.0006609', 'learning_rate': '1.043e-05', 'epoch': '2.577'}
[1A
[1A 86%|████████▌ | 894/1041 [2:16:16<22:29,  9.18s/it]
[1A 86%|████████▌ | 895/1041 [2:16:24<21:55,  9.01s/it]
[1A                                                    
{'loss': '1.493e-05', 'grad_norm': '0.0006381', 'learning_rate': '1.029e-05', 'epoch': '2.58'}
[1A
[1A 86%|████████▌ | 895/1041 [2:16:24<21:55,  9.01s/it]
[1A 86%|████████▌ | 896/1041 [2:16:33<21:34,  8.93s/it]
[1A                                                    
{'loss': '1.823e-05', 'grad_norm': '0.0004464', 'learning_rate': '1.016e-05', 'epoch': '2.583'}
[1A
[1A 86%|████████▌ | 896/1041 [2:16:33<21:34,  8.93s/it]
[1A 86%|████████▌ | 897/1041 [2:16:42<21:45,  9.06s/it]                                                    
{'loss': '2.504e-05', 'grad_norm': '0.00103', 'learning_rate': '1.002e-05', 'epoch': '2.586'}
[1A
[1A 86%|████████▌ | 897/1041 [2:16:42<21:45,  9.06s/it]
[1A 86%|████████▋ | 898/1041 [2:16:51<21:36,  9.07s/it]                                                    
{'loss': '1.912e-05', 'grad_norm': '0.0004015', 'learning_rate': '9.884e-06', 'epoch': '2.589'}
[1A
[1A 86%|████████▋ | 898/1041 [2:16:51<21:36,  9.07s/it]
[1A 86%|████████▋ | 899/1041 [2:17:00<21:12,  8.96s/it]
[1A                                                    
{'loss': '5.357e-05', 'grad_norm': '0.001554', 'learning_rate': '9.749e-06', 'epoch': '2.592'}
[1A
[1A 86%|████████▋ | 899/1041 [2:17:00<21:12,  8.96s/it]
[1A 86%|████████▋ | 900/1041 [2:17:16<25:38, 10.91s/it]
[1A                                                    
{'loss': '0.0002313', 'grad_norm': '0.01386', 'learning_rate': '9.616e-06', 'epoch': '2.595'}
[1A
[1A 86%|████████▋ | 900/1041 [2:17:16<25:38, 10.91s/it]
[1A 87%|████████▋ | 901/1041 [2:17:24<24:01, 10.30s/it]                                                    
{'loss': '6.654e-05', 'grad_norm': '0.003096', 'learning_rate': '9.483e-06', 'epoch': '2.597'}
[1A
[1A 87%|████████▋ | 901/1041 [2:17:24<24:01, 10.30s/it]
[1A 87%|████████▋ | 902/1041 [2:17:34<23:07,  9.98s/it]
[1A                                                    
{'loss': '6.186e-05', 'grad_norm': '0.002931', 'learning_rate': '9.351e-06', 'epoch': '2.6'}
[1A
[1A 87%|████████▋ | 902/1041 [2:17:34<23:07,  9.98s/it]
[1A 87%|████████▋ | 903/1041 [2:17:43<22:33,  9.81s/it]
[1A                                                    
{'loss': '1.156e-05', 'grad_norm': '0.0004356', 'learning_rate': '9.22e-06', 'epoch': '2.603'}
[1A
[1A 87%|████████▋ | 903/1041 [2:17:43<22:33,  9.81s/it]
[1A 87%|████████▋ | 904/1041 [2:17:52<21:57,  9.61s/it]
[1A                                                    
{'loss': '1.28e-05', 'grad_norm': '0.0006059', 'learning_rate': '9.09e-06', 'epoch': '2.606'}
[1A
[1A 87%|████████▋ | 904/1041 [2:17:52<21:57,  9.61s/it]
[1A 87%|████████▋ | 905/1041 [2:18:01<21:24,  9.45s/it]
[1A                                                    
{'loss': '0.0001269', 'grad_norm': '0.005808', 'learning_rate': '8.961e-06', 'epoch': '2.609'}
[1A
[1A 87%|████████▋ | 905/1041 [2:18:01<21:24,  9.45s/it]
[1A 87%|████████▋ | 906/1041 [2:18:11<21:09,  9.40s/it]
[1A                                                    
{'loss': '1.636e-05', 'grad_norm': '0.0003323', 'learning_rate': '8.832e-06', 'epoch': '2.612'}
[1A
[1A 87%|████████▋ | 906/1041 [2:18:11<21:09,  9.40s/it]
[1A 87%|████████▋ | 907/1041 [2:18:20<20:49,  9.32s/it]
[1A                                                    
{'loss': '1.069e-05', 'grad_norm': '0.0003991', 'learning_rate': '8.705e-06', 'epoch': '2.615'}
[1A
[1A 87%|████████▋ | 907/1041 [2:18:20<20:49,  9.32s/it]
[1A 87%|████████▋ | 908/1041 [2:18:29<20:30,  9.25s/it]
[1A                                                    
{'loss': '1.367e-05', 'grad_norm': '0.0003948', 'learning_rate': '8.578e-06', 'epoch': '2.618'}
[1A
[1A 87%|████████▋ | 908/1041 [2:18:29<20:30,  9.25s/it]
[1A 87%|████████▋ | 909/1041 [2:18:38<20:23,  9.27s/it]
[1A                                                    
{'loss': '2.107e-05', 'grad_norm': '0.000703', 'learning_rate': '8.452e-06', 'epoch': '2.62'}
[1A
[1A 87%|████████▋ | 909/1041 [2:18:38<20:23,  9.27s/it]
[1A 87%|████████▋ | 910/1041 [2:18:47<20:14,  9.27s/it]
[1A                                                    
{'loss': '1.103e-05', 'grad_norm': '0.0002067', 'learning_rate': '8.327e-06', 'epoch': '2.623'}
[1A
[1A 87%|████████▋ | 910/1041 [2:18:47<20:14,  9.27s/it]
[1A 88%|████████▊ | 911/1041 [2:18:57<20:06,  9.28s/it]
[1A                                                    
{'loss': '1.927e-05', 'grad_norm': '0.0008687', 'learning_rate': '8.204e-06', 'epoch': '2.626'}
[1A
[1A 88%|████████▊ | 911/1041 [2:18:57<20:06,  9.28s/it]
[1A 88%|████████▊ | 912/1041 [2:19:06<19:56,  9.28s/it]
[1A                                                    
{'loss': '4.296e-05', 'grad_norm': '0.002865', 'learning_rate': '8.08e-06', 'epoch': '2.629'}
[1A
[1A 88%|████████▊ | 912/1041 [2:19:06<19:56,  9.28s/it]
[1A 88%|████████▊ | 913/1041 [2:19:15<19:48,  9.28s/it]
[1A                                                    
{'loss': '1.714e-05', 'grad_norm': '0.0006335', 'learning_rate': '7.958e-06', 'epoch': '2.632'}
[1A
[1A 88%|████████▊ | 913/1041 [2:19:15<19:48,  9.28s/it]
[1A 88%|████████▊ | 914/1041 [2:19:25<19:39,  9.29s/it]
[1A                                                    
{'loss': '4.527e-05', 'grad_norm': '0.001999', 'learning_rate': '7.837e-06', 'epoch': '2.635'}
[1A
[1A 88%|████████▊ | 914/1041 [2:19:25<19:39,  9.29s/it]
[1A 88%|████████▊ | 915/1041 [2:19:34<19:27,  9.27s/it]
[1A                                                    
{'loss': '7.353e-06', 'grad_norm': '0.0001769', 'learning_rate': '7.717e-06', 'epoch': '2.638'}
[1A
[1A 88%|████████▊ | 915/1041 [2:19:34<19:27,  9.27s/it]
[1A 88%|████████▊ | 916/1041 [2:19:43<19:15,  9.24s/it]
[1A                                                    
{'loss': '0.0002055', 'grad_norm': '0.01276', 'learning_rate': '7.597e-06', 'epoch': '2.641'}
[1A
[1A 88%|████████▊ | 916/1041 [2:19:43<19:15,  9.24s/it]
[1A 88%|████████▊ | 917/1041 [2:19:52<19:01,  9.21s/it]
[1A                                                    
{'loss': '2.049e-05', 'grad_norm': '0.0006256', 'learning_rate': '7.479e-06', 'epoch': '2.644'}
[1A
[1A 88%|████████▊ | 917/1041 [2:19:52<19:01,  9.21s/it]
[1A 88%|████████▊ | 918/1041 [2:20:02<19:03,  9.30s/it]
[1A                                                    
{'loss': '7.476e-05', 'grad_norm': '0.008549', 'learning_rate': '7.361e-06', 'epoch': '2.646'}
[1A
[1A 88%|████████▊ | 918/1041 [2:20:02<19:03,  9.30s/it]
[1A 88%|████████▊ | 919/1041 [2:20:11<18:52,  9.28s/it]
[1A                                                    
{'loss': '3.926e-05', 'grad_norm': '0.001274', 'learning_rate': '7.244e-06', 'epoch': '2.649'}
[1A
[1A 88%|████████▊ | 919/1041 [2:20:11<18:52,  9.28s/it]
[1A 88%|████████▊ | 920/1041 [2:20:20<18:42,  9.28s/it]                                                    
{'loss': '2.095e-05', 'grad_norm': '0.0009312', 'learning_rate': '7.128e-06', 'epoch': '2.652'}
[1A
[1A 88%|████████▊ | 920/1041 [2:20:20<18:42,  9.28s/it]
[1A 88%|████████▊ | 921/1041 [2:20:29<18:28,  9.24s/it]
[1A                                                    
{'loss': '1.114e-05', 'grad_norm': '0.0006272', 'learning_rate': '7.013e-06', 'epoch': '2.655'}
[1A
[1A 88%|████████▊ | 921/1041 [2:20:29<18:28,  9.24s/it]
[1A 89%|████████▊ | 922/1041 [2:20:38<18:14,  9.20s/it]
[1A                                                    
{'loss': '1.555e-05', 'grad_norm': '0.0004904', 'learning_rate': '6.899e-06', 'epoch': '2.658'}
[1A
[1A 89%|████████▊ | 922/1041 [2:20:38<18:14,  9.20s/it]
[1A 89%|████████▊ | 923/1041 [2:20:48<18:14,  9.27s/it]                                                    
{'loss': '9.459e-06', 'grad_norm': '0.0002184', 'learning_rate': '6.786e-06', 'epoch': '2.661'}
[1A
[1A 89%|████████▊ | 923/1041 [2:20:48<18:14,  9.27s/it]
[1A 89%|████████▉ | 924/1041 [2:20:57<17:46,  9.12s/it]
[1A                                                    
{'loss': '0.0001317', 'grad_norm': '0.0158', 'learning_rate': '6.674e-06', 'epoch': '2.664'}
[1A
[1A 89%|████████▉ | 924/1041 [2:20:57<17:46,  9.12s/it]
[1A 89%|████████▉ | 925/1041 [2:21:06<17:44,  9.18s/it]
[1A                                                    
{'loss': '5.601e-06', 'grad_norm': '0.0001372', 'learning_rate': '6.562e-06', 'epoch': '2.667'}
[1A
[1A 89%|████████▉ | 925/1041 [2:21:06<17:44,  9.18s/it]
[1A 89%|████████▉ | 926/1041 [2:21:15<17:25,  9.09s/it]
[1A                                                    
{'loss': '5.997e-06', 'grad_norm': '0.000132', 'learning_rate': '6.452e-06', 'epoch': '2.67'}
[1A
[1A 89%|████████▉ | 926/1041 [2:21:15<17:25,  9.09s/it]
[1A 89%|████████▉ | 927/1041 [2:21:24<17:06,  9.01s/it]
[1A                                                    
{'loss': '2.174e-06', 'grad_norm': '4.027e-05', 'learning_rate': '6.342e-06', 'epoch': '2.672'}
[1A
[1A 89%|████████▉ | 927/1041 [2:21:24<17:06,  9.01s/it]
[1A 89%|████████▉ | 928/1041 [2:21:33<17:02,  9.05s/it]
[1A                                                    
{'loss': '2.236e-05', 'grad_norm': '0.001195', 'learning_rate': '6.234e-06', 'epoch': '2.675'}
[1A
[1A 89%|████████▉ | 928/1041 [2:21:33<17:02,  9.05s/it]
[1A 89%|████████▉ | 929/1041 [2:21:42<17:06,  9.17s/it]
[1A                                                    
{'loss': '0.0006058', 'grad_norm': '0.03419', 'learning_rate': '6.126e-06', 'epoch': '2.678'}
[1A
[1A 89%|████████▉ | 929/1041 [2:21:42<17:06,  9.17s/it]
[1A 89%|████████▉ | 930/1041 [2:21:51<16:51,  9.11s/it]
[1A                                                    
{'loss': '1.71e-05', 'grad_norm': '0.0006581', 'learning_rate': '6.019e-06', 'epoch': '2.681'}
[1A
[1A 89%|████████▉ | 930/1041 [2:21:51<16:51,  9.11s/it]
[1A 89%|████████▉ | 931/1041 [2:22:00<16:46,  9.15s/it]
[1A                                                    
{'loss': '1.537e-05', 'grad_norm': '0.0003907', 'learning_rate': '5.913e-06', 'epoch': '2.684'}
[1A
[1A 89%|████████▉ | 931/1041 [2:22:00<16:46,  9.15s/it]
[1A 90%|████████▉ | 932/1041 [2:22:09<16:26,  9.05s/it]
[1A                                                    
{'loss': '6.339e-06', 'grad_norm': '0.0002353', 'learning_rate': '5.808e-06', 'epoch': '2.687'}
[1A
[1A 90%|████████▉ | 932/1041 [2:22:09<16:26,  9.05s/it]
[1A 90%|████████▉ | 933/1041 [2:22:19<16:24,  9.12s/it]
[1A                                                    
{'loss': '0.001537', 'grad_norm': '0.2861', 'learning_rate': '5.704e-06', 'epoch': '2.69'}
[1A
[1A 90%|████████▉ | 933/1041 [2:22:19<16:24,  9.12s/it]
[1A 90%|████████▉ | 934/1041 [2:22:27<16:05,  9.03s/it]
[1A                                                    
{'loss': '7.907e-06', 'grad_norm': '0.000231', 'learning_rate': '5.601e-06', 'epoch': '2.693'}
[1A
[1A 90%|████████▉ | 934/1041 [2:22:27<16:05,  9.03s/it]
[1A 90%|████████▉ | 935/1041 [2:22:36<15:52,  8.98s/it]
[1A                                                    
{'loss': '1.808e-05', 'grad_norm': '0.0007122', 'learning_rate': '5.498e-06', 'epoch': '2.696'}
[1A
[1A 90%|████████▉ | 935/1041 [2:22:36<15:52,  8.98s/it]
[1A 90%|████████▉ | 936/1041 [2:22:46<15:56,  9.11s/it]
[1A                                                    
{'loss': '5.881e-06', 'grad_norm': '0.0001301', 'learning_rate': '5.397e-06', 'epoch': '2.698'}
[1A
[1A 90%|████████▉ | 936/1041 [2:22:46<15:56,  9.11s/it]
[1A 90%|█████████ | 937/1041 [2:22:55<15:49,  9.13s/it]
[1A                                                    
{'loss': '8.297e-06', 'grad_norm': '0.0002253', 'learning_rate': '5.297e-06', 'epoch': '2.701'}
[1A
[1A 90%|█████████ | 937/1041 [2:22:55<15:49,  9.13s/it]
[1A 90%|█████████ | 938/1041 [2:23:04<15:34,  9.07s/it]
[1A                                                    
{'loss': '6.966e-05', 'grad_norm': '0.004273', 'learning_rate': '5.197e-06', 'epoch': '2.704'}
[1A
[1A 90%|█████████ | 938/1041 [2:23:04<15:34,  9.07s/it]
[1A 90%|█████████ | 939/1041 [2:23:13<15:20,  9.02s/it]
[1A                                                    
{'loss': '2.817e-05', 'grad_norm': '0.0008799', 'learning_rate': '5.098e-06', 'epoch': '2.707'}
[1A
[1A 90%|█████████ | 939/1041 [2:23:13<15:20,  9.02s/it]
[1A 90%|█████████ | 940/1041 [2:23:22<15:14,  9.05s/it]                                                    
{'loss': '1.629e-05', 'grad_norm': '0.0005402', 'learning_rate': '5.001e-06', 'epoch': '2.71'}
[1A
[1A 90%|█████████ | 940/1041 [2:23:22<15:14,  9.05s/it]
[1A 90%|█████████ | 941/1041 [2:23:31<15:17,  9.17s/it]
[1A                                                    
{'loss': '1.5e-05', 'grad_norm': '0.0007939', 'learning_rate': '4.904e-06', 'epoch': '2.713'}
[1A
[1A 90%|█████████ | 941/1041 [2:23:31<15:17,  9.17s/it]
[1A 90%|█████████ | 942/1041 [2:23:40<15:05,  9.15s/it]
[1A                                                    
{'loss': '1.501e-05', 'grad_norm': '0.0005021', 'learning_rate': '4.808e-06', 'epoch': '2.716'}
[1A
[1A 90%|█████████ | 942/1041 [2:23:40<15:05,  9.15s/it]
[1A 91%|█████████ | 943/1041 [2:23:49<14:56,  9.14s/it]
[1A                                                    
{'loss': '6.13e-05', 'grad_norm': '0.001407', 'learning_rate': '4.713e-06', 'epoch': '2.719'}
[1A
[1A 91%|█████████ | 943/1041 [2:23:49<14:56,  9.14s/it]
[1A 91%|█████████ | 944/1041 [2:23:58<14:41,  9.09s/it]
[1A                                                    
{'loss': '4.95e-05', 'grad_norm': '0.001876', 'learning_rate': '4.619e-06', 'epoch': '2.722'}
[1A
[1A 91%|█████████ | 944/1041 [2:23:58<14:41,  9.09s/it]
[1A 91%|█████████ | 945/1041 [2:24:08<14:33,  9.10s/it]
[1A                                                    
{'loss': '2.522e-05', 'grad_norm': '0.0007649', 'learning_rate': '4.526e-06', 'epoch': '2.724'}
[1A
[modal-client] 2026-08-19T07:57:22+0530 Loop attempt for _run_app.<locals>.heartbeat failed
Traceback (most recent call last):
  File "/opt/anaconda3/envs/main/lib/python3.13/site-packages/grpclib/client.py", line 369, in recv_initial_metadata
    headers = await self._stream.recv_headers()
              ^^^^^^^^^^^^^^^^^^^^^^^^^^^^^^^^^
  File "/opt/anaconda3/envs/main/lib/python3.13/site-packages/grpclib/protocol.py", line 342, in recv_headers
    await self.headers_received.wait()
  File "/opt/anaconda3/envs/main/lib/python3.13/asyncio/locks.py", line 213, in wait
    await fut
asyncio.exceptions.CancelledError

During handling of the above exception, another exception occurred:

Traceback (most recent call last):
  File "/opt/anaconda3/envs/main/lib/python3.13/site-packages/modal/_grpc_client.py", line 158, in direct
    return await self.client._call_unary(self.wrapped_method, req, timeout=timeout, metadata=metadata)
           ^^^^^^^^^^^^^^^^^^^^^^^^^^^^^^^^^^^^^^^^^^^^^^^^^^^^^^^^^^^^^^^^^^^^^^^^^^^^^^^^^^^^^^^^^^^
  File "/opt/anaconda3/envs/main/lib/python3.13/site-packages/modal/client.py", line 338, in _call_unary
    return await self._call_safely(coro, grpclib_method.name)
           ^^^^^^^^^^^^^^^^^^^^^^^^^^^^^^^^^^^^^^^^^^^^^^^^^^
  File "/opt/anaconda3/envs/main/lib/python3.13/site-packages/modal/client.py", line 298, in _call_safely
    return await request_task
           ^^^^^^^^^^^^^^^^^^
  File "/opt/anaconda3/envs/main/lib/python3.13/site-packages/grpclib/client.py", line 913, in __call__
    reply = await stream.recv_message()
            ^^^^^^^^^^^^^^^^^^^^^^^^^^^
  File "/opt/anaconda3/envs/main/lib/python3.13/site-packages/grpclib/client.py", line 426, in recv_message
    await self.recv_initial_metadata()
  File "/opt/anaconda3/envs/main/lib/python3.13/site-packages/grpclib/client.py", line 368, in recv_initial_metadata
    with self._wrapper:
         ^^^^^^^^^^^^^
  File "/opt/anaconda3/envs/main/lib/python3.13/site-packages/grpclib/utils.py", line 70, in __exit__
    raise self._error
TimeoutError: Deadline exceeded

During handling of the above exception, another exception occurred:

Traceback (most recent call last):
  File "/opt/anaconda3/envs/main/lib/python3.13/site-packages/modal/_utils/async_utils.py", line 537, in loop_coro
    await asyncio.wait_for(async_f(), timeout=timeout)
  File "/opt/anaconda3/envs/main/lib/python3.13/asyncio/tasks.py", line 507, in wait_for
    return await fut
           ^^^^^^^^^
  File "/opt/anaconda3/envs/main/lib/python3.13/site-packages/modal/runner.py", line 56, in _heartbeat
    await client.stub.AppHeartbeat(request, retry=Retry(attempt_timeout=HEARTBEAT_TIMEOUT))
modal.exception.ConnectionError: Deadline exceeded
[1A 91%|█████████ | 945/1041 [2:24:08<14:33,  9.10s/it]
[modal-client] 2026-08-19T07:58:07+0530 Loop attempt for _run_app.<locals>.heartbeat failed
Traceback (most recent call last):
  File "/opt/anaconda3/envs/main/lib/python3.13/site-packages/modal/_utils/async_utils.py", line 537, in loop_coro
    await asyncio.wait_for(async_f(), timeout=timeout)
  File "/opt/anaconda3/envs/main/lib/python3.13/asyncio/tasks.py", line 507, in wait_for
    return await fut
           ^^^^^^^^^
  File "/opt/anaconda3/envs/main/lib/python3.13/site-packages/modal/runner.py", line 56, in _heartbeat
    await client.stub.AppHeartbeat(request, retry=Retry(attempt_timeout=HEARTBEAT_TIMEOUT))
modal.exception.ConflictError: App state is APP_STATE_STOPPED
[1A 91%|█████████ | 946/1041 [2:24:17<14:24,  9.10s/it]                                                    
{'loss': '5.141e-06', 'grad_norm': '0.0001146', 'learning_rate': '4.434e-06', 'epoch': '2.727'}
[1A
[1A 91%|█████████ | 946/1041 [2:24:17<14:24,  9.10s/it]
[1A 91%|█████████ | 947/1041 [2:24:26<14:09,  9.04s/it]
[1A                                                    
{'loss': '6.691e-06', 'grad_norm': '0.0001401', 'learning_rate': '4.343e-06', 'epoch': '2.73'}
[1A
[1A 91%|█████████ | 947/1041 [2:24:26<14:09,  9.04s/it]
[1A 91%|█████████ | 948/1041 [2:24:34<13:55,  8.99s/it]
[1A                                                    
{'loss': '4.082e-06', 'grad_norm': '9.19e-05', 'learning_rate': '4.252e-06', 'epoch': '2.733'}
[1A
[1A 91%|█████████ | 948/1041 [2:24:34<13:55,  8.99s/it]
[1A 91%|█████████ | 949/1041 [2:24:44<13:51,  9.03s/it]
[1A                                                    
{'loss': '3.554e-05', 'grad_norm': '0.001102', 'learning_rate': '4.163e-06', 'epoch': '2.736'}
[1A
[1A 91%|█████████ | 949/1041 [2:24:44<13:51,  9.03s/it]
[1A 91%|█████████▏| 950/1041 [2:24:53<13:46,  9.08s/it]
[1A                                                    
{'loss': '2.315e-05', 'grad_norm': '0.0005956', 'learning_rate': '4.075e-06', 'epoch': '2.739'}
[1A
[1A 91%|█████████▏| 950/1041 [2:24:53<13:46,  9.08s/it]
[1A 91%|█████████▏| 951/1041 [2:25:02<13:39,  9.11s/it]
[1A                                                    
{'loss': '9.159e-06', 'grad_norm': '0.0003177', 'learning_rate': '3.987e-06', 'epoch': '2.742'}
[1A
[1A 91%|█████████▏| 951/1041 [2:25:02<13:39,  9.11s/it]
[1A 91%|█████████▏| 952/1041 [2:25:11<13:35,  9.16s/it]
[1A                                                    
{'loss': '1.939e-05', 'grad_norm': '0.0006869', 'learning_rate': '3.901e-06', 'epoch': '2.745'}
[1A
[1A 91%|█████████▏| 952/1041 [2:25:11<13:35,  9.16s/it]
[1A 92%|█████████▏| 953/1041 [2:25:20<13:26,  9.16s/it]                                                    
{'loss': '0.0009666', 'grad_norm': '0.05634', 'learning_rate': '3.815e-06', 'epoch': '2.747'}
[1A
[1A 92%|█████████▏| 953/1041 [2:25:20<13:26,  9.16s/it]
[1A 92%|█████████▏| 954/1041 [2:25:29<13:15,  9.14s/it]                                                    
{'loss': '8.385e-06', 'grad_norm': '0.0002085', 'learning_rate': '3.73e-06', 'epoch': '2.75'}
[1A
[1A 92%|█████████▏| 954/1041 [2:25:29<13:15,  9.14s/it]
[1A 92%|█████████▏| 955/1041 [2:25:39<13:08,  9.17s/it]
[1A                                                    
{'loss': '6.488e-06', 'grad_norm': '0.0001549', 'learning_rate': '3.646e-06', 'epoch': '2.753'}
[1A
[1A 92%|█████████▏| 955/1041 [2:25:39<13:08,  9.17s/it]
[1A 92%|█████████▏| 956/1041 [2:25:48<13:05,  9.24s/it]                                                    
{'loss': '2.587e-05', 'grad_norm': '0.0007921', 'learning_rate': '3.564e-06', 'epoch': '2.756'}
[1A
[1A 92%|█████████▏| 956/1041 [2:25:48<13:05,  9.24s/it]
[1A 92%|█████████▏| 957/1041 [2:25:57<12:48,  9.15s/it]
[1A                                                    
{'loss': '4.514e-05', 'grad_norm': '0.002323', 'learning_rate': '3.482e-06', 'epoch': '2.759'}
[1A
[1A 92%|█████████▏| 957/1041 [2:25:57<12:48,  9.15s/it]
[1A 92%|█████████▏| 958/1041 [2:26:06<12:31,  9.06s/it]
[1A                                                    
{'loss': '3.231e-05', 'grad_norm': '0.003011', 'learning_rate': '3.401e-06', 'epoch': '2.762'}
[1A
[1A 92%|█████████▏| 958/1041 [2:26:06<12:31,  9.06s/it][modal-client] 2026-08-19T02:18:23+0000 Received a cancellation signal while processing input ('in-01M0BMAR8GFCH27M01SHERHMR0:1787096817936-0',)

[1A 92%|█████████▏| 959/1041 [2:26:15<12:24,  9.07s/it]
[1A                                                    
{'loss': '2.441e-05', 'grad_norm': '0.001386', 'learning_rate': '3.321e-06', 'epoch': '2.765'}
[1A
[1A 92%|█████████▏| 959/1041 [2:26:15<12:24,  9.07s/it]
[1A 92%|█████████▏| 960/1041 [2:26:24<12:18,  9.12s/it]
[1A                                                    
{'loss': '1.928e-05', 'grad_norm': '0.000523', 'learning_rate': '3.242e-06', 'epoch': '2.768'}
[1A
[1A 92%|█████████▏| 960/1041 [2:26:24<12:18,  9.12s/it]
[1A 92%|█████████▏| 961/1041 [2:26:33<12:13,  9.16s/it]
[1A                                                    
{'loss': '4.009e-05', 'grad_norm': '0.000855', 'learning_rate': '3.163e-06', 'epoch': '2.771'}
[1A
[1A 92%|█████████▏| 961/1041 [2:26:33<12:13,  9.16s/it]
[1A 92%|█████████▏| 961/1041 [2:26:43<12:12,  9.16s/it]
Input in-01M0BMAR8GFCH27M01SHERHMR0:1787096817936-0 failed to respond to cancellation for too long: 30 seconds - killing task
Stopping app - local client disconnected. Use `modal run --detach` to keep apps running even if your local client disconnects.
[modal-client] 2026-08-19T07:59:15+0530 Loop attempt for _run_app.<locals>.heartbeat failed
Traceback (most recent call last):
  File "/opt/anaconda3/envs/main/lib/python3.13/site-packages/modal/_utils/async_utils.py", line 537, in loop_coro
    await asyncio.wait_for(async_f(), timeout=timeout)
  File "/opt/anaconda3/envs/main/lib/python3.13/asyncio/tasks.py", line 507, in wait_for
    return await fut
           ^^^^^^^^^
  File "/opt/anaconda3/envs/main/lib/python3.13/site-packages/modal/runner.py", line 56, in _heartbeat
    await client.stub.AppHeartbeat(request, retry=Retry(attempt_timeout=HEARTBEAT_TIMEOUT))
modal.exception.ConflictError: App state is APP_STATE_STOPPED
