Note that running a local entrypoint in detached mode only keeps the last triggered Modal function alive after the parent process has been killed or disconnected.
✓ Initialized. View run at 
https://modal.com/apps/order-evaluation/main/ap-D8jwdztpEuxIo1dt5ycY9J
✓ Created objects.
├── 🔨 Created mount 
│   /Users/harsh/semantic-drift-autoformalization/ft-experiments/v2/train_pairs.
│   py
└── 🔨 Created function train.
= resolved training config: {"run_name": "v2-ministral-14b-s0", "model_id": "mistralai/Ministral-3-14B-Instruct-2512-BF16", "seed": 0, "rank": 16, "lora_alpha": 16, "target_modules": ["q_proj", "k_proj", "v_proj", "o_proj", "gate_proj", "up_proj", "down_proj"], "batch_size": 4, "grad_accum": 2, "lr": 0.0002, "save_steps": 100, "max_len": 2048, "template_sha": "ad33f6de859156b81be0d889abd3c56e4d9275bd855eb6d804d4e8ebcfe4983c", "epochs": 3}  samples=all

==========
== CUDA ==
==========

CUDA Version 12.8.1

Container image Copyright (c) 2016-2023, NVIDIA CORPORATION & AFFILIATES. All rights reserved.

This container image and its contents are governed by the NVIDIA Deep Learning Container License.
By pulling and using the container, you accept the terms and conditions of this license:
https://developer.nvidia.com/ngc/nvidia-deep-learning-container-license

A copy of this license is made available in this container at /NGC-DL-CONTAINER-LICENSE for your convenience.

/usr/local/lib/python3.12/site-packages/huggingface_hub/constants.py:298: FutureWarning: The `HF_HUB_ENABLE_HF_TRANSFER` environment variable is deprecated as 'hf_transfer' is not used anymore. Please use `HF_XET_HIGH_PERFORMANCE` instead to enable high performance transfer with Xet. Visit https://huggingface.co/docs/huggingface_hub/package_reference/environment_variables#hfxethighperformance for more details.
  warnings.warn(
[transformers] The tokenizer you are loading from 'mistralai/Ministral-3-14B-Instruct-2512-BF16' with an incorrect regex pattern: https://huggingface.co/mistralai/Mistral-Small-3.1-24B-Instruct-2503/discussions/84#69121093e8b480e709447d5e. This will lead to incorrect tokenization. You should set the `fix_mistral_regex=True` flag when loading this tokenizer to fix this issue.
= dataset: 2772 kept, 0 dropped overlong, seq len max 1832 mean 1686.0

[1ALoading weights:   0%|          | 0/585 [00:00<?, ?it/s]
[1ALoading weights:   0%|          | 1/585 [00:02<21:14,  2.18s/it]
[1ALoading weights:   0%|          | 2/585 [00:02<13:19,  1.37s/it]
[1ALoading weights:   1%|          | 5/585 [00:03<04:07,  2.34it/s]
[1ALoading weights:   2%|▏         | 10/585 [00:03<01:39,  5.78it/s]
[1ALoading weights:   2%|▏         | 14/585 [00:03<01:08,  8.33it/s]
[1ALoading weights:   3%|▎         | 17/585 [00:03<00:53, 10.57it/s]
[1ALoading weights:   4%|▍         | 22/585 [00:03<00:36, 15.26it/s]
[1ALoading weights:   4%|▍         | 25/585 [00:03<00:36, 15.42it/s]
[1ALoading weights:   5%|▌         | 31/585 [00:03<00:24, 22.18it/s]
[1ALoading weights:   6%|▌         | 35/585 [00:04<00:26, 20.90it/s]
[1ALoading weights:   7%|▋         | 40/585 [00:04<00:22, 23.98it/s]
[1ALoading weights:   8%|▊         | 44/585 [00:04<00:22, 23.99it/s]
[1ALoading weights:   8%|▊         | 49/585 [00:04<00:19, 27.90it/s]
[1ALoading weights:   9%|▉         | 53/585 [00:04<00:20, 25.81it/s]
[1ALoading weights:  10%|▉         | 58/585 [00:04<00:17, 30.03it/s]
[1ALoading weights:  11%|█         | 62/585 [00:05<00:19, 27.07it/s]
[1ALoading weights:  11%|█▏        | 67/585 [00:05<00:16, 31.30it/s]
[1ALoading weights:  12%|█▏        | 71/585 [00:05<00:18, 27.91it/s]
[1ALoading weights:  13%|█▎        | 76/585 [00:05<00:15, 32.13it/s]
[1ALoading weights:  14%|█▎        | 80/585 [00:05<00:17, 29.39it/s]
[1ALoading weights:  15%|█▍        | 86/585 [00:05<00:16, 30.95it/s]
[1ALoading weights:  15%|█▌        | 90/585 [00:05<00:15, 32.60it/s]
[1ALoading weights:  16%|█▌        | 94/585 [00:06<00:14, 33.35it/s]
[1ALoading weights:  17%|█▋        | 98/585 [00:06<00:16, 30.37it/s]
[1ALoading weights:  18%|█▊        | 103/585 [00:06<00:13, 34.45it/s]
[1ALoading weights:  18%|█▊        | 107/585 [00:06<00:15, 30.46it/s]
[1ALoading weights:  19%|█▉        | 112/585 [00:06<00:14, 33.62it/s]
[1ALoading weights:  20%|█▉        | 116/585 [00:06<00:15, 30.29it/s]
[1ALoading weights:  21%|██        | 121/585 [00:06<00:13, 34.57it/s]
[1ALoading weights:  21%|██▏       | 125/585 [00:07<00:15, 29.90it/s]
[1ALoading weights:  22%|██▏       | 130/585 [00:07<00:13, 33.71it/s]
[1ALoading weights:  23%|██▎       | 134/585 [00:07<00:15, 29.93it/s]
[1ALoading weights:  24%|██▍       | 139/585 [00:07<00:13, 33.69it/s]
[1ALoading weights:  24%|██▍       | 143/585 [00:07<00:14, 30.05it/s]
[1ALoading weights:  25%|██▌       | 148/585 [00:07<00:12, 34.14it/s]
[1ALoading weights:  26%|██▌       | 152/585 [00:07<00:14, 29.99it/s]
[1ALoading weights:  27%|██▋       | 157/585 [00:08<00:12, 34.28it/s]
[1ALoading weights:  28%|██▊       | 161/585 [00:08<00:14, 30.04it/s]
[1ALoading weights:  28%|██▊       | 166/585 [00:08<00:12, 33.74it/s]
[1ALoading weights:  29%|██▉       | 170/585 [00:08<00:13, 30.45it/s]
[1ALoading weights:  30%|███       | 176/585 [00:08<00:12, 31.73it/s]
[1ALoading weights:  31%|███       | 180/585 [00:08<00:12, 32.12it/s]
[1ALoading weights:  31%|███▏      | 184/585 [00:08<00:12, 32.13it/s]
[1ALoading weights:  32%|███▏      | 188/585 [00:09<00:12, 30.78it/s]
[1ALoading weights:  33%|███▎      | 194/585 [00:09<00:11, 32.65it/s]
[1ALoading weights:  34%|███▍      | 198/585 [00:09<00:11, 34.18it/s]
[1ALoading weights:  35%|███▍      | 202/585 [00:09<00:11, 34.06it/s]
[1ALoading weights:  35%|███▌      | 206/585 [00:09<00:12, 30.03it/s]
[1ALoading weights:  36%|███▌      | 211/585 [00:09<00:10, 34.41it/s]
[1ALoading weights:  37%|███▋      | 215/585 [00:09<00:12, 30.59it/s]
[1ALoading weights:  38%|███▊      | 220/585 [00:10<00:10, 34.60it/s]
[1ALoading weights:  38%|███▊      | 224/585 [00:10<00:11, 31.23it/s]
[1ALoading weights:  39%|███▉      | 229/585 [00:10<00:10, 34.95it/s]
[1ALoading weights:  40%|███▉      | 233/585 [00:10<00:11, 31.69it/s]
[1ALoading weights:  41%|████      | 238/585 [00:10<00:09, 35.42it/s]
[1ALoading weights:  41%|████▏     | 242/585 [00:10<00:10, 31.46it/s]
[1ALoading weights:  42%|████▏     | 247/585 [00:10<00:09, 35.70it/s]
[1ALoading weights:  43%|████▎     | 251/585 [00:10<00:10, 31.18it/s]
[1ALoading weights:  44%|████▍     | 256/585 [00:11<00:09, 33.71it/s]
[1ALoading weights:  44%|████▍     | 260/585 [00:11<00:10, 32.35it/s]
[1ALoading weights:  45%|████▌     | 264/585 [00:11<00:09, 33.18it/s]
[1ALoading weights:  46%|████▌     | 268/585 [00:11<00:10, 30.28it/s]
[1ALoading weights:  47%|████▋     | 274/585 [00:11<00:08, 36.46it/s]
[1ALoading weights:  48%|████▊     | 278/585 [00:11<00:09, 32.02it/s]
[1ALoading weights:  49%|████▊     | 284/585 [00:11<00:09, 32.67it/s]
[1ALoading weights:  49%|████▉     | 289/585 [00:12<00:08, 34.91it/s]
[1ALoading weights:  50%|█████     | 293/585 [00:12<00:09, 31.08it/s]
[1ALoading weights:  51%|█████     | 298/585 [00:12<00:08, 33.91it/s]
[1ALoading weights:  52%|█████▏    | 302/585 [00:12<00:10, 27.57it/s]
[1ALoading weights:  52%|█████▏    | 307/585 [00:12<00:09, 28.95it/s]
[1ALoading weights:  53%|█████▎    | 312/585 [00:12<00:08, 30.64it/s]
[1ALoading weights:  55%|█████▍    | 319/585 [00:13<00:07, 37.69it/s]
[1ALoading weights:  55%|█████▌    | 324/585 [00:13<00:07, 34.82it/s]
[1ALoading weights:  56%|█████▌    | 328/585 [00:13<00:07, 35.53it/s]
[1ALoading weights:  57%|█████▋    | 332/585 [00:13<00:07, 32.19it/s]
[1ALoading weights:  57%|█████▋    | 336/585 [00:13<00:07, 33.17it/s]
[1ALoading weights:  58%|█████▊    | 340/585 [00:13<00:07, 30.80it/s]
[1ALoading weights:  59%|█████▉    | 346/585 [00:13<00:06, 37.30it/s]
[1ALoading weights:  60%|█████▉    | 350/585 [00:13<00:07, 32.82it/s]
[1ALoading weights:  61%|██████    | 356/585 [00:14<00:07, 32.59it/s]
[1ALoading weights:  64%|██████▎   | 372/585 [00:14<00:03, 58.89it/s]
[1ALoading weights:  69%|██████▊   | 401/585 [00:14<00:01, 110.66it/s]
[1ALoading weights:  79%|███████▉  | 465/585 [00:14<00:00, 235.14it/s]
[1ALoading weights:  89%|████████▊ | 519/585 [00:14<00:00, 306.28it/s]Loading weights: 100%|██████████| 585/585 [00:14<00:00, 39.82it/s] 
[transformers] The tied weights mapping and config for this model specifies to tie model.language_model.embed_tokens.weight to lm_head.weight, but both are present in the checkpoints with different values, so we will NOT tie them. You should update the config with `tie_word_embeddings=False` to silence this warning.
= model loaded: bf16 (multimodal wrapper, text-only training)
[transformers] warmup_ratio is deprecated and will be removed in v5.2. Use `warmup_steps` instead.
[RANK 0] Detected kernel version 4.19.0, which is below the recommended minimum of 5.5.0; this can cause the process to hang. It is recommended to upgrade the kernel to the minimum version or higher.

[1A  0%|          | 0/1041 [00:00<?, ?it/s]
[1A  0%|          | 1/1041 [00:11<3:20:02, 11.54s/it]
[1A                                                  
{'loss': '0.8301', 'grad_norm': '2.596', 'learning_rate': '0', 'epoch': '0.002886'}
[1A
[1A  0%|          | 1/1041 [00:11<3:20:02, 11.54s/it]
[1A  0%|          | 2/1041 [00:20<2:51:50,  9.92s/it]
[1A                                                  
{'loss': '0.921', 'grad_norm': '2.669', 'learning_rate': '6.25e-06', 'epoch': '0.005772'}
[1A
[1A  0%|          | 2/1041 [00:20<2:51:50,  9.92s/it]
[1A  0%|          | 3/1041 [00:29<2:42:40,  9.40s/it]
[1A                                                  
{'loss': '0.9569', 'grad_norm': '2.688', 'learning_rate': '1.25e-05', 'epoch': '0.008658'}
[1A
[1A  0%|          | 3/1041 [00:29<2:42:40,  9.40s/it]
[1A  0%|          | 4/1041 [00:37<2:37:49,  9.13s/it]
[1A                                                  
{'loss': '0.9848', 'grad_norm': '3.42', 'learning_rate': '1.875e-05', 'epoch': '0.01154'}
[1A
[1A  0%|          | 4/1041 [00:37<2:37:49,  9.13s/it]
[1A  0%|          | 5/1041 [00:46<2:36:18,  9.05s/it]
[1A                                                  
{'loss': '0.893', 'grad_norm': '2.62', 'learning_rate': '2.5e-05', 'epoch': '0.01443'}
[1A
[1A  0%|          | 5/1041 [00:46<2:36:18,  9.05s/it]
[1A  1%|          | 6/1041 [00:56<2:37:24,  9.12s/it]
[1A                                                  
{'loss': '0.7966', 'grad_norm': '2.595', 'learning_rate': '3.125e-05', 'epoch': '0.01732'}
[1A
[1A  1%|          | 6/1041 [00:56<2:37:24,  9.12s/it]
[1A  1%|          | 7/1041 [01:04<2:35:53,  9.05s/it]
[1A                                                  
{'loss': '0.7745', 'grad_norm': '2.84', 'learning_rate': '3.75e-05', 'epoch': '0.0202'}
[1A
[1A  1%|          | 7/1041 [01:04<2:35:53,  9.05s/it]
[1A  1%|          | 8/1041 [01:13<2:33:25,  8.91s/it]
[1A                                                  
{'loss': '0.665', 'grad_norm': '3.627', 'learning_rate': '4.375e-05', 'epoch': '0.02309'}
[1A
[1A  1%|          | 8/1041 [01:13<2:33:25,  8.91s/it]
[1A  1%|          | 9/1041 [01:22<2:34:39,  8.99s/it]
[1A                                                  
{'loss': '0.495', 'grad_norm': '2.218', 'learning_rate': '5e-05', 'epoch': '0.02597'}
[1A
[1A  1%|          | 9/1041 [01:22<2:34:39,  8.99s/it]
[1A  1%|          | 10/1041 [01:31<2:35:26,  9.05s/it]
[1A                                                   
{'loss': '0.3118', 'grad_norm': '2.941', 'learning_rate': '5.625e-05', 'epoch': '0.02886'}
[1A
[1A  1%|          | 10/1041 [01:31<2:35:26,  9.05s/it]
[1A  1%|          | 11/1041 [01:40<2:33:55,  8.97s/it]
[1A                                                   
{'loss': '0.1866', 'grad_norm': '1.791', 'learning_rate': '6.25e-05', 'epoch': '0.03175'}
[1A
[1A  1%|          | 11/1041 [01:40<2:33:55,  8.97s/it]
[1A  1%|          | 12/1041 [01:49<2:34:02,  8.98s/it]
[1A                                                   
{'loss': '0.2785', 'grad_norm': '1.812', 'learning_rate': '6.875e-05', 'epoch': '0.03463'}
[1A
[1A  1%|          | 12/1041 [01:49<2:34:02,  8.98s/it]
[1A  1%|          | 13/1041 [01:58<2:34:05,  8.99s/it]
[1A                                                   
{'loss': '0.1848', 'grad_norm': '1.317', 'learning_rate': '7.5e-05', 'epoch': '0.03752'}
[1A
[1A  1%|          | 13/1041 [01:58<2:34:05,  8.99s/it]
[1A  1%|▏         | 14/1041 [02:07<2:35:34,  9.09s/it]
[1A                                                   
{'loss': '0.2176', 'grad_norm': '1.174', 'learning_rate': '8.125e-05', 'epoch': '0.0404'}
[1A
[1A  1%|▏         | 14/1041 [02:07<2:35:34,  9.09s/it]
[1A  1%|▏         | 15/1041 [02:16<2:34:49,  9.05s/it]
[1A                                                   
{'loss': '0.1662', 'grad_norm': '1.024', 'learning_rate': '8.75e-05', 'epoch': '0.04329'}
[1A
[1A  1%|▏         | 15/1041 [02:16<2:34:49,  9.05s/it]
[1A  2%|▏         | 16/1041 [02:26<2:35:03,  9.08s/it]
[1A                                                   
{'loss': '0.08582', 'grad_norm': '0.9973', 'learning_rate': '9.375e-05', 'epoch': '0.04618'}
[1A
[1A  2%|▏         | 16/1041 [02:26<2:35:03,  9.08s/it]
[1A  2%|▏         | 17/1041 [02:34<2:33:29,  8.99s/it]
[1A                                                   
{'loss': '0.1024', 'grad_norm': '1.281', 'learning_rate': '0.0001', 'epoch': '0.04906'}
[1A
[1A  2%|▏         | 17/1041 [02:34<2:33:29,  8.99s/it]
[1A  2%|▏         | 18/1041 [02:43<2:32:32,  8.95s/it]
[1A                                                   
{'loss': '0.03919', 'grad_norm': '1.374', 'learning_rate': '0.0001063', 'epoch': '0.05195'}
[1A
[1A  2%|▏         | 18/1041 [02:43<2:32:32,  8.95s/it]
[1A  2%|▏         | 19/1041 [02:52<2:32:54,  8.98s/it]
[1A                                                   
{'loss': '0.03567', 'grad_norm': '1.007', 'learning_rate': '0.0001125', 'epoch': '0.05483'}
[1A
[1A  2%|▏         | 19/1041 [02:52<2:32:54,  8.98s/it]
[1A  2%|▏         | 20/1041 [03:01<2:33:15,  9.01s/it]
[1A                                                   
{'loss': '0.04802', 'grad_norm': '2.533', 'learning_rate': '0.0001187', 'epoch': '0.05772'}
[1A
[1A  2%|▏         | 20/1041 [03:01<2:33:15,  9.01s/it]
[1A  2%|▏         | 21/1041 [03:10<2:31:59,  8.94s/it]
[1A                                                   
{'loss': '0.08894', 'grad_norm': '2.116', 'learning_rate': '0.000125', 'epoch': '0.06061'}
[1A
[1A  2%|▏         | 21/1041 [03:10<2:31:59,  8.94s/it]
[1A  2%|▏         | 22/1041 [03:19<2:33:58,  9.07s/it]
[1A                                                   
{'loss': '0.08367', 'grad_norm': '2.817', 'learning_rate': '0.0001313', 'epoch': '0.06349'}
[1A
[1A  2%|▏         | 22/1041 [03:19<2:33:58,  9.07s/it]
[1A  2%|▏         | 23/1041 [03:29<2:34:24,  9.10s/it]
[1A                                                   
{'loss': '0.06169', 'grad_norm': '1.605', 'learning_rate': '0.0001375', 'epoch': '0.06638'}
[1A
[1A  2%|▏         | 23/1041 [03:29<2:34:24,  9.10s/it]
[1A  2%|▏         | 24/1041 [03:38<2:33:54,  9.08s/it]
[1A                                                   
{'loss': '0.04014', 'grad_norm': '3.337', 'learning_rate': '0.0001437', 'epoch': '0.06926'}
[1A
[1A  2%|▏         | 24/1041 [03:38<2:33:54,  9.08s/it]
[1A  2%|▏         | 25/1041 [03:47<2:33:41,  9.08s/it]
[1A                                                   
{'loss': '0.05981', 'grad_norm': '2.855', 'learning_rate': '0.00015', 'epoch': '0.07215'}
[1A
[1A  2%|▏         | 25/1041 [03:47<2:33:41,  9.08s/it]
[1A  2%|▏         | 26/1041 [03:56<2:34:17,  9.12s/it]
[1A                                                   
{'loss': '0.02606', 'grad_norm': '1.583', 'learning_rate': '0.0001563', 'epoch': '0.07504'}
[1A
[1A  2%|▏         | 26/1041 [03:56<2:34:17,  9.12s/it]
[1A  3%|▎         | 27/1041 [04:05<2:32:43,  9.04s/it]
[1A                                                   
{'loss': '0.01642', 'grad_norm': '0.6905', 'learning_rate': '0.0001625', 'epoch': '0.07792'}
[1A
[1A  3%|▎         | 27/1041 [04:05<2:32:43,  9.04s/it]
[1A  3%|▎         | 28/1041 [04:14<2:33:25,  9.09s/it]
[1A                                                   
{'loss': '0.03195', 'grad_norm': '0.6835', 'learning_rate': '0.0001688', 'epoch': '0.08081'}
[1A
[1A  3%|▎         | 28/1041 [04:14<2:33:25,  9.09s/it]
[1A  3%|▎         | 29/1041 [04:23<2:32:45,  9.06s/it]
[1A                                                   
{'loss': '0.07348', 'grad_norm': '1.838', 'learning_rate': '0.000175', 'epoch': '0.08369'}
[1A
[1A  3%|▎         | 29/1041 [04:23<2:32:45,  9.06s/it]
[1A  3%|▎         | 30/1041 [04:32<2:31:24,  8.99s/it]
[1A                                                   
{'loss': '0.002303', 'grad_norm': '0.06008', 'learning_rate': '0.0001813', 'epoch': '0.08658'}
[1A
[1A  3%|▎         | 30/1041 [04:32<2:31:24,  8.99s/it]
[1A  3%|▎         | 31/1041 [04:41<2:32:23,  9.05s/it]
[1A                                                   
{'loss': '0.02839', 'grad_norm': '0.7067', 'learning_rate': '0.0001875', 'epoch': '0.08947'}
[1A
[1A  3%|▎         | 31/1041 [04:41<2:32:23,  9.05s/it]
[1A  3%|▎         | 32/1041 [04:50<2:32:28,  9.07s/it]
[1A                                                   
{'loss': '0.06116', 'grad_norm': '3.709', 'learning_rate': '0.0001938', 'epoch': '0.09235'}
[1A
[1A  3%|▎         | 32/1041 [04:50<2:32:28,  9.07s/it]
[1A  3%|▎         | 33/1041 [04:59<2:33:04,  9.11s/it]
[1A                                                   
{'loss': '0.03592', 'grad_norm': '0.8826', 'learning_rate': '0.0002', 'epoch': '0.09524'}
[1A
[1A  3%|▎         | 33/1041 [04:59<2:33:04,  9.11s/it]
[1A  3%|▎         | 34/1041 [05:08<2:30:06,  8.94s/it]
[1A                                                   
{'loss': '0.01065', 'grad_norm': '0.4272', 'learning_rate': '0.0002', 'epoch': '0.09812'}
[1A
[1A  3%|▎         | 34/1041 [05:08<2:30:06,  8.94s/it]
[1A  3%|▎         | 35/1041 [05:17<2:31:28,  9.03s/it]
[1A                                                   
{'loss': '0.00443', 'grad_norm': '0.2063', 'learning_rate': '0.0002', 'epoch': '0.101'}
[1A
[1A  3%|▎         | 35/1041 [05:17<2:31:28,  9.03s/it]
[1A  3%|▎         | 36/1041 [05:27<2:33:00,  9.13s/it]
[1A                                                   
{'loss': '0.04568', 'grad_norm': '0.7825', 'learning_rate': '0.0002', 'epoch': '0.1039'}
[1A
[1A  3%|▎         | 36/1041 [05:27<2:33:00,  9.13s/it]
[1A  4%|▎         | 37/1041 [05:35<2:31:11,  9.04s/it]
[1A                                                   
{'loss': '0.007993', 'grad_norm': '0.259', 'learning_rate': '0.0002', 'epoch': '0.1068'}
[1A
[1A  4%|▎         | 37/1041 [05:35<2:31:11,  9.04s/it]
[1A  4%|▎         | 38/1041 [05:45<2:31:53,  9.09s/it]                                                   
{'loss': '0.002562', 'grad_norm': '0.08876', 'learning_rate': '0.0002', 'epoch': '0.1097'}
[1A
[1A  4%|▎         | 38/1041 [05:45<2:31:53,  9.09s/it]
[1A  4%|▎         | 39/1041 [05:53<2:30:28,  9.01s/it]
[1A                                                   
{'loss': '0.004047', 'grad_norm': '0.1887', 'learning_rate': '0.0002', 'epoch': '0.1126'}
[1A
[1A  4%|▎         | 39/1041 [05:53<2:30:28,  9.01s/it]
[1A  4%|▍         | 40/1041 [06:03<2:31:13,  9.06s/it]
[1A                                                   
{'loss': '0.00296', 'grad_norm': '0.3154', 'learning_rate': '0.0002', 'epoch': '0.1154'}
[1A
[1A  4%|▍         | 40/1041 [06:03<2:31:13,  9.06s/it]
[1A  4%|▍         | 41/1041 [06:11<2:29:51,  8.99s/it]
[1A                                                   
{'loss': '0.0122', 'grad_norm': '1.482', 'learning_rate': '0.0002', 'epoch': '0.1183'}
[1A
[1A  4%|▍         | 41/1041 [06:11<2:29:51,  8.99s/it]
[1A  4%|▍         | 42/1041 [06:21<2:30:38,  9.05s/it]
[1A                                                   
{'loss': '0.001592', 'grad_norm': '0.3369', 'learning_rate': '0.0002', 'epoch': '0.1212'}
[1A
[1A  4%|▍         | 42/1041 [06:21<2:30:38,  9.05s/it]
[1A  4%|▍         | 43/1041 [06:30<2:30:36,  9.05s/it]
[1A                                                   
{'loss': '0.03431', 'grad_norm': '1.019', 'learning_rate': '0.0002', 'epoch': '0.1241'}
[1A
[1A  4%|▍         | 43/1041 [06:30<2:30:36,  9.05s/it]
[1A  4%|▍         | 44/1041 [06:39<2:31:07,  9.10s/it]
[1A                                                   
{'loss': '0.02756', 'grad_norm': '1.651', 'learning_rate': '0.0001999', 'epoch': '0.127'}
[1A
[1A  4%|▍         | 44/1041 [06:39<2:31:07,  9.10s/it]
[1A  4%|▍         | 45/1041 [06:48<2:29:40,  9.02s/it]
[1A                                                   
{'loss': '0.01462', 'grad_norm': '0.7339', 'learning_rate': '0.0001999', 'epoch': '0.1299'}
[1A
[1A  4%|▍         | 45/1041 [06:48<2:29:40,  9.02s/it]
[1A  4%|▍         | 46/1041 [06:56<2:26:24,  8.83s/it]
[1A                                                   
{'loss': '0.0001277', 'grad_norm': '0.004998', 'learning_rate': '0.0001999', 'epoch': '0.1328'}
[1A
[1A  4%|▍         | 46/1041 [06:56<2:26:24,  8.83s/it]
[1A  5%|▍         | 47/1041 [07:05<2:27:24,  8.90s/it]
[1A                                                   
{'loss': '0.05567', 'grad_norm': '1.734', 'learning_rate': '0.0001999', 'epoch': '0.1356'}
[1A
[1A  5%|▍         | 47/1041 [07:05<2:27:24,  8.90s/it]
[1A  5%|▍         | 48/1041 [07:14<2:28:02,  8.95s/it]
[1A                                                   
{'loss': '0.01698', 'grad_norm': '1.222', 'learning_rate': '0.0001999', 'epoch': '0.1385'}
[1A
[1A  5%|▍         | 48/1041 [07:14<2:28:02,  8.95s/it]
[1A  5%|▍         | 49/1041 [07:23<2:28:23,  8.98s/it]
[1A                                                   
{'loss': '0.001411', 'grad_norm': '0.1252', 'learning_rate': '0.0001999', 'epoch': '0.1414'}
[1A
[1A  5%|▍         | 49/1041 [07:23<2:28:23,  8.98s/it]
[1A  5%|▍         | 50/1041 [07:32<2:28:31,  8.99s/it]
[1A                                                   
{'loss': '0.002618', 'grad_norm': '0.1903', 'learning_rate': '0.0001999', 'epoch': '0.1443'}
[1A
[1A  5%|▍         | 50/1041 [07:32<2:28:31,  8.99s/it]
[1A  5%|▍         | 51/1041 [07:42<2:30:08,  9.10s/it]
[1A                                                   
{'loss': '0.002535', 'grad_norm': '0.1274', 'learning_rate': '0.0001998', 'epoch': '0.1472'}
[1A
[1A  5%|▍         | 51/1041 [07:42<2:30:08,  9.10s/it]
[1A  5%|▍         | 52/1041 [07:51<2:29:40,  9.08s/it]
[1A                                                   
{'loss': '0.02255', 'grad_norm': '0.4311', 'learning_rate': '0.0001998', 'epoch': '0.1501'}
[1A
[1A  5%|▍         | 52/1041 [07:51<2:29:40,  9.08s/it]
[1A  5%|▌         | 53/1041 [08:00<2:31:24,  9.19s/it]
[1A                                                   
{'loss': '0.002175', 'grad_norm': '0.1393', 'learning_rate': '0.0001998', 'epoch': '0.153'}
[1A
[1A  5%|▌         | 53/1041 [08:00<2:31:24,  9.19s/it]
[1A  5%|▌         | 54/1041 [08:09<2:28:27,  9.02s/it]
[1A                                                   
{'loss': '0.007302', 'grad_norm': '0.3115', 'learning_rate': '0.0001998', 'epoch': '0.1558'}
[1A
[1A  5%|▌         | 54/1041 [08:09<2:28:27,  9.02s/it]
[1A  5%|▌         | 55/1041 [08:18<2:27:08,  8.95s/it]
[1A                                                   
{'loss': '0.02699', 'grad_norm': '0.6212', 'learning_rate': '0.0001998', 'epoch': '0.1587'}
[1A
[1A  5%|▌         | 55/1041 [08:18<2:27:08,  8.95s/it]
[1A  5%|▌         | 56/1041 [08:26<2:26:08,  8.90s/it]
[1A                                                   
{'loss': '0.01184', 'grad_norm': '0.5458', 'learning_rate': '0.0001997', 'epoch': '0.1616'}
[1A
[1A  5%|▌         | 56/1041 [08:26<2:26:08,  8.90s/it]
[1A  5%|▌         | 57/1041 [08:35<2:25:29,  8.87s/it]
[1A                                                   
{'loss': '0.02136', 'grad_norm': '1.078', 'learning_rate': '0.0001997', 'epoch': '0.1645'}
[1A
[1A  5%|▌         | 57/1041 [08:35<2:25:29,  8.87s/it]
[1A  6%|▌         | 58/1041 [08:44<2:25:12,  8.86s/it]
[1A                                                   
{'loss': '0.01018', 'grad_norm': '0.57', 'learning_rate': '0.0001997', 'epoch': '0.1674'}
[1A
[1A  6%|▌         | 58/1041 [08:44<2:25:12,  8.86s/it]
[1A  6%|▌         | 59/1041 [08:53<2:26:06,  8.93s/it]
[1A                                                   
{'loss': '0.03568', 'grad_norm': '0.5842', 'learning_rate': '0.0001997', 'epoch': '0.1703'}
[1A
[1A  6%|▌         | 59/1041 [08:53<2:26:06,  8.93s/it]
[1A  6%|▌         | 60/1041 [09:02<2:25:14,  8.88s/it]
[1A                                                   
{'loss': '0.03015', 'grad_norm': '1.172', 'learning_rate': '0.0001996', 'epoch': '0.1732'}
[1A
[1A  6%|▌         | 60/1041 [09:02<2:25:14,  8.88s/it]
[1A  6%|▌         | 61/1041 [09:11<2:25:42,  8.92s/it]
[1A                                                   
{'loss': '0.003116', 'grad_norm': '0.1788', 'learning_rate': '0.0001996', 'epoch': '0.176'}
[1A
[1A  6%|▌         | 61/1041 [09:11<2:25:42,  8.92s/it]
[1A  6%|▌         | 62/1041 [09:20<2:27:11,  9.02s/it]
[1A                                                   
{'loss': '0.03194', 'grad_norm': '0.5982', 'learning_rate': '0.0001996', 'epoch': '0.1789'}
[1A
[1A  6%|▌         | 62/1041 [09:20<2:27:11,  9.02s/it]
[1A  6%|▌         | 63/1041 [09:29<2:27:12,  9.03s/it]
[1A                                                   
{'loss': '0.02231', 'grad_norm': '1.487', 'learning_rate': '0.0001996', 'epoch': '0.1818'}
[1A
[1A  6%|▌         | 63/1041 [09:29<2:27:12,  9.03s/it]
[1A  6%|▌         | 64/1041 [09:38<2:27:54,  9.08s/it]
[1A                                                   
{'loss': '0.01609', 'grad_norm': '0.8534', 'learning_rate': '0.0001995', 'epoch': '0.1847'}
[1A
[1A  6%|▌         | 64/1041 [09:38<2:27:54,  9.08s/it]
[1A  6%|▌         | 65/1041 [09:47<2:25:29,  8.94s/it]
[1A                                                   
{'loss': '0.002735', 'grad_norm': '0.1658', 'learning_rate': '0.0001995', 'epoch': '0.1876'}
[1A
[1A  6%|▌         | 65/1041 [09:47<2:25:29,  8.94s/it]
[1A  6%|▋         | 66/1041 [09:56<2:24:53,  8.92s/it]
[1A                                                   
{'loss': '0.01038', 'grad_norm': '0.4131', 'learning_rate': '0.0001995', 'epoch': '0.1905'}
[1A
[1A  6%|▋         | 66/1041 [09:56<2:24:53,  8.92s/it]
[1A  6%|▋         | 67/1041 [10:05<2:26:08,  9.00s/it]
[1A                                                   
{'loss': '0.002545', 'grad_norm': '0.2239', 'learning_rate': '0.0001994', 'epoch': '0.1934'}
[1A
[1A  6%|▋         | 67/1041 [10:05<2:26:08,  9.00s/it]
[1A  7%|▋         | 68/1041 [10:14<2:26:56,  9.06s/it]
[1A                                                   
{'loss': '0.002899', 'grad_norm': '0.2079', 'learning_rate': '0.0001994', 'epoch': '0.1962'}
[1A
[1A  7%|▋         | 68/1041 [10:14<2:26:56,  9.06s/it]
[1A  7%|▋         | 69/1041 [10:23<2:26:50,  9.06s/it]
[1A                                                   
{'loss': '0.001062', 'grad_norm': '0.1159', 'learning_rate': '0.0001994', 'epoch': '0.1991'}
[1A
[1A  7%|▋         | 69/1041 [10:23<2:26:50,  9.06s/it]
[1A  7%|▋         | 70/1041 [10:32<2:24:08,  8.91s/it]
[1A                                                   
{'loss': '0.001333', 'grad_norm': '0.4322', 'learning_rate': '0.0001993', 'epoch': '0.202'}
[1A
[1A  7%|▋         | 70/1041 [10:32<2:24:08,  8.91s/it]
[1A  7%|▋         | 71/1041 [10:41<2:24:58,  8.97s/it]
[1A                                                   
{'loss': '0.0002185', 'grad_norm': '0.009058', 'learning_rate': '0.0001993', 'epoch': '0.2049'}
[1A
[1A  7%|▋         | 71/1041 [10:41<2:24:58,  8.97s/it]
[1A  7%|▋         | 72/1041 [10:50<2:25:51,  9.03s/it]
[1A                                                   
{'loss': '0.0004461', 'grad_norm': '0.02672', 'learning_rate': '0.0001993', 'epoch': '0.2078'}
[1A
[1A  7%|▋         | 72/1041 [10:50<2:25:51,  9.03s/it]
[1A  7%|▋         | 73/1041 [10:59<2:25:12,  9.00s/it]
[1A                                                   
{'loss': '0.00622', 'grad_norm': '0.8682', 'learning_rate': '0.0001992', 'epoch': '0.2107'}
[1A
[1A  7%|▋         | 73/1041 [10:59<2:25:12,  9.00s/it]
[1A  7%|▋         | 74/1041 [11:08<2:26:05,  9.06s/it]
[1A                                                   
{'loss': '0.03237', 'grad_norm': '0.7589', 'learning_rate': '0.0001992', 'epoch': '0.2136'}
[1A
[1A  7%|▋         | 74/1041 [11:08<2:26:05,  9.06s/it]
[1A  7%|▋         | 75/1041 [11:17<2:26:34,  9.10s/it]
[1A                                                   
{'loss': '0.07778', 'grad_norm': '2.732', 'learning_rate': '0.0001991', 'epoch': '0.2165'}
[1A
[1A  7%|▋         | 75/1041 [11:17<2:26:34,  9.10s/it]
[1A  7%|▋         | 76/1041 [11:26<2:26:15,  9.09s/it]
[1A                                                   
{'loss': '0.01741', 'grad_norm': '1.011', 'learning_rate': '0.0001991', 'epoch': '0.2193'}
[1A
[1A  7%|▋         | 76/1041 [11:27<2:26:15,  9.09s/it]
[1A  7%|▋         | 77/1041 [11:36<2:25:43,  9.07s/it]
[1A                                                   
{'loss': '0.004892', 'grad_norm': '0.3944', 'learning_rate': '0.0001991', 'epoch': '0.2222'}
[1A
[1A  7%|▋         | 77/1041 [11:36<2:25:43,  9.07s/it]
[1A  7%|▋         | 78/1041 [11:44<2:24:22,  8.99s/it]
[1A                                                   
{'loss': '0.04097', 'grad_norm': '2.174', 'learning_rate': '0.000199', 'epoch': '0.2251'}
[1A
[1A  7%|▋         | 78/1041 [11:44<2:24:22,  8.99s/it]
[1A  8%|▊         | 79/1041 [11:54<2:25:20,  9.06s/it]
[1A                                                   
{'loss': '0.04407', 'grad_norm': '1.999', 'learning_rate': '0.000199', 'epoch': '0.228'}
[1A
[1A  8%|▊         | 79/1041 [11:54<2:25:20,  9.06s/it]
[1A  8%|▊         | 80/1041 [12:02<2:21:55,  8.86s/it]
[1A                                                   
{'loss': '9.302e-05', 'grad_norm': '0.00306', 'learning_rate': '0.0001989', 'epoch': '0.2309'}
[1A
[1A  8%|▊         | 80/1041 [12:02<2:21:55,  8.86s/it]
[1A  8%|▊         | 81/1041 [12:11<2:23:20,  8.96s/it]
[1A                                                   
{'loss': '0.09455', 'grad_norm': '2.087', 'learning_rate': '0.0001989', 'epoch': '0.2338'}
[1A
[1A  8%|▊         | 81/1041 [12:11<2:23:20,  8.96s/it]
[1A  8%|▊         | 82/1041 [12:21<2:25:10,  9.08s/it]
[1A                                                   
{'loss': '0.03668', 'grad_norm': '0.6821', 'learning_rate': '0.0001988', 'epoch': '0.2367'}
[1A
[1A  8%|▊         | 82/1041 [12:21<2:25:10,  9.08s/it]
[1A  8%|▊         | 83/1041 [12:30<2:24:38,  9.06s/it]
[1A                                                   
{'loss': '0.03664', 'grad_norm': '0.6613', 'learning_rate': '0.0001988', 'epoch': '0.2395'}
[1A
[1A  8%|▊         | 83/1041 [12:30<2:24:38,  9.06s/it]
[1A  8%|▊         | 84/1041 [12:39<2:24:11,  9.04s/it]
[1A                                                   
{'loss': '0.006268', 'grad_norm': '0.1275', 'learning_rate': '0.0001987', 'epoch': '0.2424'}
[1A
[1A  8%|▊         | 84/1041 [12:39<2:24:11,  9.04s/it]
[1A  8%|▊         | 85/1041 [12:48<2:24:54,  9.09s/it]
[1A                                                   
{'loss': '0.0415', 'grad_norm': '1.253', 'learning_rate': '0.0001987', 'epoch': '0.2453'}
[1A
[1A  8%|▊         | 85/1041 [12:48<2:24:54,  9.09s/it]
[1A  8%|▊         | 86/1041 [12:57<2:24:39,  9.09s/it]
[1A                                                   
{'loss': '0.01679', 'grad_norm': '0.3615', 'learning_rate': '0.0001986', 'epoch': '0.2482'}
[1A
[1A  8%|▊         | 86/1041 [12:57<2:24:39,  9.09s/it]
[1A  8%|▊         | 87/1041 [13:06<2:25:12,  9.13s/it]
[1A                                                   
{'loss': '0.008333', 'grad_norm': '0.2958', 'learning_rate': '0.0001986', 'epoch': '0.2511'}
[1A
[1A  8%|▊         | 87/1041 [13:06<2:25:12,  9.13s/it]
[1A  8%|▊         | 88/1041 [13:15<2:24:23,  9.09s/it]
[1A                                                   
{'loss': '0.002922', 'grad_norm': '0.08978', 'learning_rate': '0.0001985', 'epoch': '0.254'}
[1A
[1A  8%|▊         | 88/1041 [13:15<2:24:23,  9.09s/it]
[1A  9%|▊         | 89/1041 [13:24<2:24:07,  9.08s/it]
[1A                                                   
{'loss': '0.03984', 'grad_norm': '1.45', 'learning_rate': '0.0001985', 'epoch': '0.2569'}
[1A
[1A  9%|▊         | 89/1041 [13:24<2:24:07,  9.08s/it]
[1A  9%|▊         | 90/1041 [13:33<2:23:09,  9.03s/it]
[1A                                                   
{'loss': '0.01964', 'grad_norm': '0.5331', 'learning_rate': '0.0001984', 'epoch': '0.2597'}
[1A
[1A  9%|▊         | 90/1041 [13:33<2:23:09,  9.03s/it]
[1A  9%|▊         | 91/1041 [13:42<2:23:53,  9.09s/it]
[1A                                                   
{'loss': '0.00727', 'grad_norm': '0.5876', 'learning_rate': '0.0001984', 'epoch': '0.2626'}
[1A
[1A  9%|▊         | 91/1041 [13:42<2:23:53,  9.09s/it]
[1A  9%|▉         | 92/1041 [13:51<2:21:41,  8.96s/it]
[1A                                                   
{'loss': '0.0001875', 'grad_norm': '0.01018', 'learning_rate': '0.0001983', 'epoch': '0.2655'}
[1A
[1A  9%|▉         | 92/1041 [13:51<2:21:41,  8.96s/it]
[1A  9%|▉         | 93/1041 [14:00<2:21:46,  8.97s/it]
[1A                                                   
{'loss': '0.007932', 'grad_norm': '0.752', 'learning_rate': '0.0001983', 'epoch': '0.2684'}
[1A
[1A  9%|▉         | 93/1041 [14:00<2:21:46,  8.97s/it]
[1A  9%|▉         | 94/1041 [14:09<2:20:35,  8.91s/it]
[1A                                                   
{'loss': '0.02328', 'grad_norm': '0.8198', 'learning_rate': '0.0001982', 'epoch': '0.2713'}
[1A
[1A  9%|▉         | 94/1041 [14:09<2:20:35,  8.91s/it]
[1A  9%|▉         | 95/1041 [14:18<2:22:23,  9.03s/it]
[1A                                                   
{'loss': '0.01791', 'grad_norm': '0.6546', 'learning_rate': '0.0001981', 'epoch': '0.2742'}
[1A
[1A  9%|▉         | 95/1041 [14:18<2:22:23,  9.03s/it]
[1A  9%|▉         | 96/1041 [14:27<2:23:19,  9.10s/it]
[1A                                                   
{'loss': '0.001692', 'grad_norm': '0.1409', 'learning_rate': '0.0001981', 'epoch': '0.2771'}
[1A
[1A  9%|▉         | 96/1041 [14:27<2:23:19,  9.10s/it]
[1A  9%|▉         | 97/1041 [14:35<2:19:00,  8.84s/it]
[1A                                                   
{'loss': '0.005734', 'grad_norm': '0.6863', 'learning_rate': '0.000198', 'epoch': '0.2799'}
[1A
[1A  9%|▉         | 97/1041 [14:35<2:19:00,  8.84s/it]
[1A  9%|▉         | 98/1041 [14:45<2:20:36,  8.95s/it]
[1A                                                   
{'loss': '0.04049', 'grad_norm': '1.376', 'learning_rate': '0.000198', 'epoch': '0.2828'}
[1A
[1A  9%|▉         | 98/1041 [14:45<2:20:36,  8.95s/it]
[1A 10%|▉         | 99/1041 [14:54<2:22:20,  9.07s/it]
[1A                                                   
{'loss': '0.001018', 'grad_norm': '0.06948', 'learning_rate': '0.0001979', 'epoch': '0.2857'}
[1A
[1A 10%|▉         | 99/1041 [14:54<2:22:20,  9.07s/it]
[1A 10%|▉         | 100/1041 [15:07<2:40:52, 10.26s/it]
[1A                                                    
{'loss': '0.0001661', 'grad_norm': '0.005376', 'learning_rate': '0.0001978', 'epoch': '0.2886'}
[1A
[1A 10%|▉         | 100/1041 [15:07<2:40:52, 10.26s/it]
[1A 10%|▉         | 101/1041 [15:16<2:35:26,  9.92s/it]
[1A                                                    
{'loss': '0.06175', 'grad_norm': '1.43', 'learning_rate': '0.0001978', 'epoch': '0.2915'}
[1A
[1A 10%|▉         | 101/1041 [15:16<2:35:26,  9.92s/it]
[1A 10%|▉         | 102/1041 [15:25<2:31:41,  9.69s/it]
[1A                                                    
{'loss': '0.07911', 'grad_norm': '1.661', 'learning_rate': '0.0001977', 'epoch': '0.2944'}
[1A
[1A 10%|▉         | 102/1041 [15:25<2:31:41,  9.69s/it]
[1A 10%|▉         | 103/1041 [15:34<2:26:35,  9.38s/it]
[1A                                                    
{'loss': '0.001254', 'grad_norm': '0.05644', 'learning_rate': '0.0001976', 'epoch': '0.2973'}
[1A
[1A 10%|▉         | 103/1041 [15:34<2:26:35,  9.38s/it]
[1A 10%|▉         | 104/1041 [15:43<2:24:51,  9.28s/it]
[1A                                                    
{'loss': '0.008088', 'grad_norm': '0.2348', 'learning_rate': '0.0001976', 'epoch': '0.3001'}
[1A
[1A 10%|▉         | 104/1041 [15:43<2:24:51,  9.28s/it]
[1A 10%|█         | 105/1041 [15:52<2:24:08,  9.24s/it]
[1A                                                    
{'loss': '0.01359', 'grad_norm': '0.3919', 'learning_rate': '0.0001975', 'epoch': '0.303'}
[1A
[1A 10%|█         | 105/1041 [15:52<2:24:08,  9.24s/it]
[1A 10%|█         | 106/1041 [16:01<2:23:37,  9.22s/it]
[1A                                                    
{'loss': '0.03443', 'grad_norm': '1.698', 'learning_rate': '0.0001974', 'epoch': '0.3059'}
[1A
[1A 10%|█         | 106/1041 [16:01<2:23:37,  9.22s/it]
[1A 10%|█         | 107/1041 [16:10<2:21:32,  9.09s/it]
[1A                                                    
{'loss': '0.01481', 'grad_norm': '0.2935', 'learning_rate': '0.0001974', 'epoch': '0.3088'}
[1A
[1A 10%|█         | 107/1041 [16:10<2:21:32,  9.09s/it]
[1A 10%|█         | 108/1041 [16:19<2:21:29,  9.10s/it]
[1A                                                    
{'loss': '0.00652', 'grad_norm': '0.09852', 'learning_rate': '0.0001973', 'epoch': '0.3117'}
[1A
[1A 10%|█         | 108/1041 [16:19<2:21:29,  9.10s/it]
[1A 10%|█         | 109/1041 [16:28<2:20:23,  9.04s/it]
[1A                                                    
{'loss': '0.007384', 'grad_norm': '0.2008', 'learning_rate': '0.0001972', 'epoch': '0.3146'}
[1A
[1A 10%|█         | 109/1041 [16:28<2:20:23,  9.04s/it]
[1A 11%|█         | 110/1041 [16:38<2:21:48,  9.14s/it]
[1A                                                    
{'loss': '0.03576', 'grad_norm': '0.4373', 'learning_rate': '0.0001971', 'epoch': '0.3175'}
[1A
[1A 11%|█         | 110/1041 [16:38<2:21:48,  9.14s/it]
[1A 11%|█         | 111/1041 [16:47<2:22:05,  9.17s/it]
[1A                                                    
{'loss': '0.05396', 'grad_norm': '0.9696', 'learning_rate': '0.0001971', 'epoch': '0.3203'}
[1A
[1A 11%|█         | 111/1041 [16:47<2:22:05,  9.17s/it]
[1A 11%|█         | 112/1041 [16:55<2:18:55,  8.97s/it]
[1A                                                    
{'loss': '0.001281', 'grad_norm': '0.04381', 'learning_rate': '0.000197', 'epoch': '0.3232'}
[1A
[1A 11%|█         | 112/1041 [16:55<2:18:55,  8.97s/it]
[1A 11%|█         | 113/1041 [17:04<2:19:38,  9.03s/it]
[1A                                                    
{'loss': '0.008524', 'grad_norm': '0.2721', 'learning_rate': '0.0001969', 'epoch': '0.3261'}
[1A
[1A 11%|█         | 113/1041 [17:04<2:19:38,  9.03s/it]
[1A 11%|█         | 114/1041 [17:14<2:20:17,  9.08s/it]
[1A                                                    
{'loss': '0.01683', 'grad_norm': '1.462', 'learning_rate': '0.0001968', 'epoch': '0.329'}
[1A
[1A 11%|█         | 114/1041 [17:14<2:20:17,  9.08s/it]
[1A 11%|█         | 115/1041 [17:23<2:21:15,  9.15s/it]                                                    
{'loss': '0.006093', 'grad_norm': '0.142', 'learning_rate': '0.0001968', 'epoch': '0.3319'}
[1A
[1A 11%|█         | 115/1041 [17:23<2:21:15,  9.15s/it]
[1A 11%|█         | 116/1041 [17:32<2:20:50,  9.14s/it]
[1A                                                    
{'loss': '0.02451', 'grad_norm': '0.2472', 'learning_rate': '0.0001967', 'epoch': '0.3348'}
[1A
[1A 11%|█         | 116/1041 [17:32<2:20:50,  9.14s/it]
[1A 11%|█         | 117/1041 [17:41<2:20:16,  9.11s/it]
[1A                                                    
{'loss': '0.01703', 'grad_norm': '0.5532', 'learning_rate': '0.0001966', 'epoch': '0.3377'}
[1A
[1A 11%|█         | 117/1041 [17:41<2:20:16,  9.11s/it]
[1A 11%|█▏        | 118/1041 [17:50<2:19:08,  9.05s/it]
[1A                                                    
{'loss': '0.0004989', 'grad_norm': '0.02282', 'learning_rate': '0.0001965', 'epoch': '0.3405'}
[1A
[1A 11%|█▏        | 118/1041 [17:50<2:19:08,  9.05s/it]
[1A 11%|█▏        | 119/1041 [17:59<2:20:20,  9.13s/it]                                                    
{'loss': '0.1323', 'grad_norm': '1.103', 'learning_rate': '0.0001964', 'epoch': '0.3434'}
[1A
[1A 11%|█▏        | 119/1041 [17:59<2:20:20,  9.13s/it]
[1A 12%|█▏        | 120/1041 [18:08<2:19:54,  9.11s/it]
[1A                                                    
{'loss': '0.009453', 'grad_norm': '0.3318', 'learning_rate': '0.0001964', 'epoch': '0.3463'}
[1A
[1A 12%|█▏        | 120/1041 [18:08<2:19:54,  9.11s/it]
[1A 12%|█▏        | 121/1041 [18:18<2:20:44,  9.18s/it]                                                    
{'loss': '0.04512', 'grad_norm': '1.506', 'learning_rate': '0.0001963', 'epoch': '0.3492'}
[1A
[1A 12%|█▏        | 121/1041 [18:18<2:20:44,  9.18s/it]
[1A 12%|█▏        | 122/1041 [18:27<2:19:50,  9.13s/it]
[1A                                                    
{'loss': '0.003804', 'grad_norm': '0.1074', 'learning_rate': '0.0001962', 'epoch': '0.3521'}
[1A
[1A 12%|█▏        | 122/1041 [18:27<2:19:50,  9.13s/it]
[1A 12%|█▏        | 123/1041 [18:36<2:20:36,  9.19s/it]
[1A                                                    
{'loss': '0.002785', 'grad_norm': '0.05513', 'learning_rate': '0.0001961', 'epoch': '0.355'}
[1A
[1A 12%|█▏        | 123/1041 [18:36<2:20:36,  9.19s/it]
[1A 12%|█▏        | 124/1041 [18:45<2:19:51,  9.15s/it]
[1A                                                    
{'loss': '0.001792', 'grad_norm': '0.04784', 'learning_rate': '0.000196', 'epoch': '0.3579'}
[1A
[1A 12%|█▏        | 124/1041 [18:45<2:19:51,  9.15s/it]
[1A 12%|█▏        | 125/1041 [18:54<2:20:33,  9.21s/it]
[1A                                                    
{'loss': '0.01169', 'grad_norm': '0.5858', 'learning_rate': '0.0001959', 'epoch': '0.3608'}
[1A
[1A 12%|█▏        | 125/1041 [18:54<2:20:33,  9.21s/it]
[1A 12%|█▏        | 126/1041 [19:04<2:21:27,  9.28s/it]
[1A                                                    
{'loss': '0.004166', 'grad_norm': '0.1088', 'learning_rate': '0.0001958', 'epoch': '0.3636'}
[1A
[1A 12%|█▏        | 126/1041 [19:04<2:21:27,  9.28s/it]
[1A 12%|█▏        | 127/1041 [19:13<2:21:17,  9.28s/it]
[1A                                                    
{'loss': '0.003734', 'grad_norm': '0.3222', 'learning_rate': '0.0001957', 'epoch': '0.3665'}
[1A
[1A 12%|█▏        | 127/1041 [19:13<2:21:17,  9.28s/it]
[1A 12%|█▏        | 128/1041 [19:22<2:20:55,  9.26s/it]
[1A                                                    
{'loss': '0.001214', 'grad_norm': '0.04024', 'learning_rate': '0.0001957', 'epoch': '0.3694'}
[1A
[1A 12%|█▏        | 128/1041 [19:22<2:20:55,  9.26s/it]
[1A 12%|█▏        | 129/1041 [19:32<2:21:20,  9.30s/it]
[1A                                                    
{'loss': '0.004459', 'grad_norm': '0.3395', 'learning_rate': '0.0001956', 'epoch': '0.3723'}
[1A
[1A 12%|█▏        | 129/1041 [19:32<2:21:20,  9.30s/it]
[1A 12%|█▏        | 130/1041 [19:41<2:19:35,  9.19s/it]
[1A                                                    
{'loss': '0.01393', 'grad_norm': '0.5309', 'learning_rate': '0.0001955', 'epoch': '0.3752'}
[1A
[1A 12%|█▏        | 130/1041 [19:41<2:19:35,  9.19s/it]
[1A 13%|█▎        | 131/1041 [19:50<2:17:48,  9.09s/it]
[1A                                                    
{'loss': '0.0003535', 'grad_norm': '0.008476', 'learning_rate': '0.0001954', 'epoch': '0.3781'}
[1A
[1A 13%|█▎        | 131/1041 [19:50<2:17:48,  9.09s/it]
[1A 13%|█▎        | 132/1041 [19:59<2:19:22,  9.20s/it]
[1A                                                    
{'loss': '0.003358', 'grad_norm': '0.2008', 'learning_rate': '0.0001953', 'epoch': '0.381'}
[1A
[1A 13%|█▎        | 132/1041 [19:59<2:19:22,  9.20s/it]
[1A 13%|█▎        | 133/1041 [20:08<2:17:10,  9.06s/it]
[1A                                                    
{'loss': '0.004646', 'grad_norm': '0.2275', 'learning_rate': '0.0001952', 'epoch': '0.3838'}
[1A
[1A 13%|█▎        | 133/1041 [20:08<2:17:10,  9.06s/it]
[1A 13%|█▎        | 134/1041 [20:17<2:18:57,  9.19s/it]
[1A                                                    
{'loss': '0.01213', 'grad_norm': '0.8374', 'learning_rate': '0.0001951', 'epoch': '0.3867'}
[1A
[1A 13%|█▎        | 134/1041 [20:17<2:18:57,  9.19s/it]
[1A 13%|█▎        | 135/1041 [20:26<2:17:43,  9.12s/it]
[1A                                                    
{'loss': '0.0008299', 'grad_norm': '0.06145', 'learning_rate': '0.000195', 'epoch': '0.3896'}
[1A
[1A 13%|█▎        | 135/1041 [20:26<2:17:43,  9.12s/it]
[1A 13%|█▎        | 136/1041 [20:35<2:16:24,  9.04s/it]
[1A                                                    
{'loss': '8.26e-05', 'grad_norm': '0.001313', 'learning_rate': '0.0001949', 'epoch': '0.3925'}
[1A
[1A 13%|█▎        | 136/1041 [20:35<2:16:24,  9.04s/it]
[1A 13%|█▎        | 137/1041 [20:44<2:16:34,  9.06s/it]
[1A                                                    
{'loss': '0.0001469', 'grad_norm': '0.01579', 'learning_rate': '0.0001948', 'epoch': '0.3954'}
[1A
[1A 13%|█▎        | 137/1041 [20:44<2:16:34,  9.06s/it]
[1A 13%|█▎        | 138/1041 [20:54<2:17:30,  9.14s/it]
[1A                                                    
{'loss': '0.03413', 'grad_norm': '0.5555', 'learning_rate': '0.0001947', 'epoch': '0.3983'}
[1A
[1A 13%|█▎        | 138/1041 [20:54<2:17:30,  9.14s/it]
[1A 13%|█▎        | 139/1041 [21:03<2:17:46,  9.16s/it]
[1A                                                    
{'loss': '0.03516', 'grad_norm': '1.319', 'learning_rate': '0.0001946', 'epoch': '0.4012'}
[1A
[1A 13%|█▎        | 139/1041 [21:03<2:17:46,  9.16s/it]
[1A 13%|█▎        | 140/1041 [21:12<2:17:45,  9.17s/it]                                                    
{'loss': '0.01893', 'grad_norm': '0.2436', 'learning_rate': '0.0001945', 'epoch': '0.404'}
[1A
[1A 13%|█▎        | 140/1041 [21:12<2:17:45,  9.17s/it]
[1A 14%|█▎        | 141/1041 [21:21<2:17:56,  9.20s/it]
[1A                                                    
{'loss': '0.08025', 'grad_norm': '1.536', 'learning_rate': '0.0001944', 'epoch': '0.4069'}
[1A
[1A 14%|█▎        | 141/1041 [21:21<2:17:56,  9.20s/it]
[1A 14%|█▎        | 142/1041 [21:30<2:17:56,  9.21s/it]
[1A                                                    
{'loss': '0.005954', 'grad_norm': '0.1676', 'learning_rate': '0.0001943', 'epoch': '0.4098'}
[1A
[1A 14%|█▎        | 142/1041 [21:30<2:17:56,  9.21s/it]
[1A 14%|█▎        | 143/1041 [21:40<2:17:59,  9.22s/it]                                                    
{'loss': '0.009944', 'grad_norm': '0.3114', 'learning_rate': '0.0001942', 'epoch': '0.4127'}
[1A
[1A 14%|█▎        | 143/1041 [21:40<2:17:59,  9.22s/it]
[1A 14%|█▍        | 144/1041 [21:49<2:18:02,  9.23s/it]
[1A                                                    
{'loss': '0.005795', 'grad_norm': '0.1892', 'learning_rate': '0.0001941', 'epoch': '0.4156'}
[1A
[1A 14%|█▍        | 144/1041 [21:49<2:18:02,  9.23s/it]
[1A 14%|█▍        | 145/1041 [21:58<2:17:23,  9.20s/it]
[1A                                                    
{'loss': '0.009561', 'grad_norm': '0.1988', 'learning_rate': '0.000194', 'epoch': '0.4185'}
[1A
[1A 14%|█▍        | 145/1041 [21:58<2:17:23,  9.20s/it]
[1A 14%|█▍        | 146/1041 [22:07<2:16:58,  9.18s/it]
[1A                                                    
{'loss': '0.005436', 'grad_norm': '0.0854', 'learning_rate': '0.0001939', 'epoch': '0.4214'}
[1A
[1A 14%|█▍        | 146/1041 [22:07<2:16:58,  9.18s/it]
[1A 14%|█▍        | 147/1041 [22:16<2:16:58,  9.19s/it]
[1A                                                    
{'loss': '0.03246', 'grad_norm': '1.158', 'learning_rate': '0.0001938', 'epoch': '0.4242'}
[1A
[1A 14%|█▍        | 147/1041 [22:16<2:16:58,  9.19s/it]
[1A 14%|█▍        | 148/1041 [22:25<2:14:56,  9.07s/it]
[1A                                                    
{'loss': '0.01111', 'grad_norm': '0.1527', 'learning_rate': '0.0001937', 'epoch': '0.4271'}
[1A
[1A 14%|█▍        | 148/1041 [22:25<2:14:56,  9.07s/it]
[1A 14%|█▍        | 149/1041 [22:34<2:14:37,  9.06s/it]
[1A                                                    
{'loss': '0.002691', 'grad_norm': '0.05291', 'learning_rate': '0.0001935', 'epoch': '0.43'}
[1A
[1A 14%|█▍        | 149/1041 [22:34<2:14:37,  9.06s/it]
[1A 14%|█▍        | 150/1041 [22:43<2:14:49,  9.08s/it]
[1A                                                    
{'loss': '0.003393', 'grad_norm': '0.0653', 'learning_rate': '0.0001934', 'epoch': '0.4329'}
[1A
[1A 14%|█▍        | 150/1041 [22:43<2:14:49,  9.08s/it]
[1A 15%|█▍        | 151/1041 [22:52<2:14:55,  9.10s/it]
[1A                                                    
{'loss': '0.00874', 'grad_norm': '0.1426', 'learning_rate': '0.0001933', 'epoch': '0.4358'}
[1A
[1A 15%|█▍        | 151/1041 [22:52<2:14:55,  9.10s/it]
[1A 15%|█▍        | 152/1041 [23:02<2:15:34,  9.15s/it]
[1A                                                    
{'loss': '0.003867', 'grad_norm': '0.07215', 'learning_rate': '0.0001932', 'epoch': '0.4387'}
[1A
[1A 15%|█▍        | 152/1041 [23:02<2:15:34,  9.15s/it]
[1A 15%|█▍        | 153/1041 [23:11<2:15:17,  9.14s/it]
[1A                                                    
{'loss': '0.001767', 'grad_norm': '0.03059', 'learning_rate': '0.0001931', 'epoch': '0.4416'}
[1A
[1A 15%|█▍        | 153/1041 [23:11<2:15:17,  9.14s/it]
[1A 15%|█▍        | 154/1041 [23:20<2:14:55,  9.13s/it]
[1A                                                    
{'loss': '0.01061', 'grad_norm': '0.2643', 'learning_rate': '0.000193', 'epoch': '0.4444'}
[1A
[1A 15%|█▍        | 154/1041 [23:20<2:14:55,  9.13s/it]
[1A 15%|█▍        | 155/1041 [23:29<2:15:12,  9.16s/it]
[1A                                                    
{'loss': '0.0006683', 'grad_norm': '0.013', 'learning_rate': '0.0001929', 'epoch': '0.4473'}
[1A
[1A 15%|█▍        | 155/1041 [23:29<2:15:12,  9.16s/it]
[1A 15%|█▍        | 156/1041 [23:38<2:14:56,  9.15s/it]
[1A                                                    
{'loss': '0.001', 'grad_norm': '0.04517', 'learning_rate': '0.0001928', 'epoch': '0.4502'}
[1A
[1A 15%|█▍        | 156/1041 [23:38<2:14:56,  9.15s/it]
[1A 15%|█▌        | 157/1041 [23:47<2:14:26,  9.12s/it]
[1A                                                    
{'loss': '0.002064', 'grad_norm': '0.2673', 'learning_rate': '0.0001926', 'epoch': '0.4531'}
[1A
[1A 15%|█▌        | 157/1041 [23:47<2:14:26,  9.12s/it]
[1A 15%|█▌        | 158/1041 [23:57<2:14:55,  9.17s/it]
[1A                                                    
{'loss': '0.01565', 'grad_norm': '1.479', 'learning_rate': '0.0001925', 'epoch': '0.456'}
[1A
[1A 15%|█▌        | 158/1041 [23:57<2:14:55,  9.17s/it]
[1A 15%|█▌        | 159/1041 [24:06<2:14:23,  9.14s/it]
[1A                                                    
{'loss': '0.001122', 'grad_norm': '0.4232', 'learning_rate': '0.0001924', 'epoch': '0.4589'}
[1A
[1A 15%|█▌        | 159/1041 [24:06<2:14:23,  9.14s/it]
[1A 15%|█▌        | 160/1041 [24:15<2:13:12,  9.07s/it]
[1A                                                    
{'loss': '0.0003507', 'grad_norm': '0.008133', 'learning_rate': '0.0001923', 'epoch': '0.4618'}
[1A
[1A 15%|█▌        | 160/1041 [24:15<2:13:12,  9.07s/it]
[1A 15%|█▌        | 161/1041 [24:24<2:14:30,  9.17s/it]
[1A                                                    
{'loss': '0.003019', 'grad_norm': '0.5628', 'learning_rate': '0.0001922', 'epoch': '0.4646'}
[1A
[1A 15%|█▌        | 161/1041 [24:24<2:14:30,  9.17s/it]
[1A 16%|█▌        | 162/1041 [24:33<2:14:44,  9.20s/it]
[1A                                                    
{'loss': '0.0002061', 'grad_norm': '0.008185', 'learning_rate': '0.000192', 'epoch': '0.4675'}
[1A
[1A 16%|█▌        | 162/1041 [24:33<2:14:44,  9.20s/it]
[1A 16%|█▌        | 163/1041 [24:43<2:15:16,  9.24s/it]
[1A                                                    
{'loss': '0.0001812', 'grad_norm': '0.006846', 'learning_rate': '0.0001919', 'epoch': '0.4704'}
[1A
[1A 16%|█▌        | 163/1041 [24:43<2:15:16,  9.24s/it]
[1A 16%|█▌        | 164/1041 [24:51<2:12:22,  9.06s/it]
[1A                                                    
{'loss': '4.163e-05', 'grad_norm': '0.0007928', 'learning_rate': '0.0001918', 'epoch': '0.4733'}
[1A
[1A 16%|█▌        | 164/1041 [24:51<2:12:22,  9.06s/it]
[1A 16%|█▌        | 165/1041 [25:01<2:13:00,  9.11s/it]
[1A                                                    
{'loss': '0.0001096', 'grad_norm': '0.008071', 'learning_rate': '0.0001917', 'epoch': '0.4762'}
[1A
[1A 16%|█▌        | 165/1041 [25:01<2:13:00,  9.11s/it]
[1A 16%|█▌        | 166/1041 [25:10<2:12:28,  9.08s/it]
[1A                                                    
{'loss': '0.007862', 'grad_norm': '1.034', 'learning_rate': '0.0001915', 'epoch': '0.4791'}
[1A
[1A 16%|█▌        | 166/1041 [25:10<2:12:28,  9.08s/it]
[1A 16%|█▌        | 167/1041 [25:19<2:13:27,  9.16s/it]
[1A                                                    
{'loss': '0.002545', 'grad_norm': '0.1818', 'learning_rate': '0.0001914', 'epoch': '0.482'}
[1A
[1A 16%|█▌        | 167/1041 [25:19<2:13:27,  9.16s/it]
[1A 16%|█▌        | 168/1041 [25:28<2:13:16,  9.16s/it]
[1A                                                    
{'loss': '0.007385', 'grad_norm': '1.391', 'learning_rate': '0.0001913', 'epoch': '0.4848'}
[1A
[1A 16%|█▌        | 168/1041 [25:28<2:13:16,  9.16s/it]
[1A 16%|█▌        | 169/1041 [25:37<2:12:56,  9.15s/it]
[1A                                                    
{'loss': '0.002006', 'grad_norm': '0.4131', 'learning_rate': '0.0001912', 'epoch': '0.4877'}
[1A
[1A 16%|█▌        | 169/1041 [25:37<2:12:56,  9.15s/it]
[1A 16%|█▋        | 170/1041 [25:46<2:13:06,  9.17s/it]
[1A                                                    
{'loss': '0.000175', 'grad_norm': '0.0122', 'learning_rate': '0.000191', 'epoch': '0.4906'}
[1A
[1A 16%|█▋        | 170/1041 [25:46<2:13:06,  9.17s/it]
[1A 16%|█▋        | 171/1041 [25:56<2:12:47,  9.16s/it]
[1A                                                    
{'loss': '5.974e-05', 'grad_norm': '0.001545', 'learning_rate': '0.0001909', 'epoch': '0.4935'}
[1A
[1A 16%|█▋        | 171/1041 [25:56<2:12:47,  9.16s/it]
[1A 17%|█▋        | 172/1041 [26:05<2:14:06,  9.26s/it]
[1A                                                    
{'loss': '0.01855', 'grad_norm': '0.3773', 'learning_rate': '0.0001908', 'epoch': '0.4964'}
[1A
[1A 17%|█▋        | 172/1041 [26:05<2:14:06,  9.26s/it]
[1A 17%|█▋        | 173/1041 [26:14<2:13:20,  9.22s/it]
[1A                                                    
{'loss': '0.007122', 'grad_norm': '0.7391', 'learning_rate': '0.0001906', 'epoch': '0.4993'}
[1A
[1A 17%|█▋        | 173/1041 [26:14<2:13:20,  9.22s/it]
[1A 17%|█▋        | 174/1041 [26:23<2:13:18,  9.23s/it]
[1A                                                    
{'loss': '0.001227', 'grad_norm': '0.111', 'learning_rate': '0.0001905', 'epoch': '0.5022'}
[1A
[1A 17%|█▋        | 174/1041 [26:23<2:13:18,  9.23s/it]
[1A 17%|█▋        | 175/1041 [26:32<2:10:57,  9.07s/it]
[1A                                                    
{'loss': '0.04522', 'grad_norm': '0.9897', 'learning_rate': '0.0001904', 'epoch': '0.5051'}
[1A
[1A 17%|█▋        | 175/1041 [26:32<2:10:57,  9.07s/it]
[1A 17%|█▋        | 176/1041 [26:41<2:12:01,  9.16s/it]
[1A                                                    
{'loss': '0.0001534', 'grad_norm': '0.007287', 'learning_rate': '0.0001903', 'epoch': '0.5079'}
[1A
[1A 17%|█▋        | 176/1041 [26:41<2:12:01,  9.16s/it]
[1A 17%|█▋        | 177/1041 [26:51<2:11:52,  9.16s/it]
[1A                                                    
{'loss': '0.0007209', 'grad_norm': '0.03918', 'learning_rate': '0.0001901', 'epoch': '0.5108'}
[1A
[1A 17%|█▋        | 177/1041 [26:51<2:11:52,  9.16s/it]
[1A 17%|█▋        | 178/1041 [27:00<2:10:38,  9.08s/it]
[1A                                                    
{'loss': '0.02478', 'grad_norm': '2.863', 'learning_rate': '0.00019', 'epoch': '0.5137'}
[1A
[1A 17%|█▋        | 178/1041 [27:00<2:10:38,  9.08s/it]
[1A 17%|█▋        | 179/1041 [27:09<2:10:28,  9.08s/it]
[1A                                                    
{'loss': '0.0005489', 'grad_norm': '0.01774', 'learning_rate': '0.0001898', 'epoch': '0.5166'}
[1A
[1A 17%|█▋        | 179/1041 [27:09<2:10:28,  9.08s/it]
[1A 17%|█▋        | 180/1041 [27:18<2:11:44,  9.18s/it]
[1A                                                    
{'loss': '0.001334', 'grad_norm': '0.06364', 'learning_rate': '0.0001897', 'epoch': '0.5195'}
[1A
[1A 17%|█▋        | 180/1041 [27:18<2:11:44,  9.18s/it]
[1A 17%|█▋        | 181/1041 [27:27<2:12:04,  9.21s/it]
[1A                                                    
{'loss': '0.00138', 'grad_norm': '0.1479', 'learning_rate': '0.0001896', 'epoch': '0.5224'}
[1A
[1A 17%|█▋        | 181/1041 [27:27<2:12:04,  9.21s/it]
[1A 17%|█▋        | 182/1041 [27:36<2:11:34,  9.19s/it]
[1A                                                    
{'loss': '0.001754', 'grad_norm': '0.06317', 'learning_rate': '0.0001894', 'epoch': '0.5253'}
[1A
[1A 17%|█▋        | 182/1041 [27:36<2:11:34,  9.19s/it]
[1A 18%|█▊        | 183/1041 [27:46<2:12:08,  9.24s/it]
[1A                                                    
{'loss': '0.01362', 'grad_norm': '0.1721', 'learning_rate': '0.0001893', 'epoch': '0.5281'}
[1A
[1A 18%|█▊        | 183/1041 [27:46<2:12:08,  9.24s/it]
[1A 18%|█▊        | 184/1041 [27:55<2:11:59,  9.24s/it]
[1A                                                    
{'loss': '0.03689', 'grad_norm': '0.9041', 'learning_rate': '0.0001892', 'epoch': '0.531'}
[1A
[1A 18%|█▊        | 184/1041 [27:55<2:11:59,  9.24s/it]
[1A 18%|█▊        | 185/1041 [28:04<2:11:44,  9.23s/it]
[1A                                                    
{'loss': '0.007878', 'grad_norm': '0.6703', 'learning_rate': '0.000189', 'epoch': '0.5339'}
[1A
[1A 18%|█▊        | 185/1041 [28:04<2:11:44,  9.23s/it]
[1A 18%|█▊        | 186/1041 [28:13<2:11:25,  9.22s/it]
[1A                                                    
{'loss': '0.006897', 'grad_norm': '0.3694', 'learning_rate': '0.0001889', 'epoch': '0.5368'}
[1A
[1A 18%|█▊        | 186/1041 [28:13<2:11:25,  9.22s/it]
[1A 18%|█▊        | 187/1041 [28:23<2:10:59,  9.20s/it]
[1A                                                    
{'loss': '0.002026', 'grad_norm': '0.1363', 'learning_rate': '0.0001887', 'epoch': '0.5397'}
[1A
[1A 18%|█▊        | 187/1041 [28:23<2:10:59,  9.20s/it]
[1A 18%|█▊        | 188/1041 [28:32<2:09:35,  9.12s/it]
[1A                                                    
{'loss': '0.0006166', 'grad_norm': '0.02005', 'learning_rate': '0.0001886', 'epoch': '0.5426'}
[1A
[1A 18%|█▊        | 188/1041 [28:32<2:09:35,  9.12s/it]
[1A 18%|█▊        | 189/1041 [28:41<2:11:28,  9.26s/it]
[1A                                                    
{'loss': '0.001306', 'grad_norm': '0.1182', 'learning_rate': '0.0001884', 'epoch': '0.5455'}
[1A
[1A 18%|█▊        | 189/1041 [28:41<2:11:28,  9.26s/it]
[1A 18%|█▊        | 190/1041 [28:51<2:12:02,  9.31s/it]
[1A                                                    
{'loss': '0.002454', 'grad_norm': '0.1323', 'learning_rate': '0.0001883', 'epoch': '0.5483'}
[1A
[1A 18%|█▊        | 190/1041 [28:51<2:12:02,  9.31s/it]
[1A 18%|█▊        | 191/1041 [29:00<2:11:07,  9.26s/it]
[1A                                                    
{'loss': '0.006944', 'grad_norm': '0.7431', 'learning_rate': '0.0001881', 'epoch': '0.5512'}
[1A
[1A 18%|█▊        | 191/1041 [29:00<2:11:07,  9.26s/it]
[1A 18%|█▊        | 192/1041 [29:08<2:09:07,  9.13s/it]
[1A                                                    
{'loss': '0.0004327', 'grad_norm': '0.01655', 'learning_rate': '0.000188', 'epoch': '0.5541'}
[1A
[1A 18%|█▊        | 192/1041 [29:09<2:09:07,  9.13s/it]
[1A 19%|█▊        | 193/1041 [29:17<2:08:12,  9.07s/it]
[1A                                                    
{'loss': '0.0006805', 'grad_norm': '0.04027', 'learning_rate': '0.0001878', 'epoch': '0.557'}
[1A
[1A 19%|█▊        | 193/1041 [29:17<2:08:12,  9.07s/it]
[1A 19%|█▊        | 194/1041 [29:26<2:06:08,  8.94s/it]
[1A                                                    
{'loss': '0.0001624', 'grad_norm': '0.009942', 'learning_rate': '0.0001877', 'epoch': '0.5599'}
[1A
[1A 19%|█▊        | 194/1041 [29:26<2:06:08,  8.94s/it]
[1A 19%|█▊        | 195/1041 [29:35<2:07:30,  9.04s/it]
[1A                                                    
{'loss': '0.01401', 'grad_norm': '1.166', 'learning_rate': '0.0001875', 'epoch': '0.5628'}
[1A
[1A 19%|█▊        | 195/1041 [29:35<2:07:30,  9.04s/it]
[1A 19%|█▉        | 196/1041 [29:44<2:07:41,  9.07s/it]
[1A                                                    
{'loss': '0.0001822', 'grad_norm': '0.01582', 'learning_rate': '0.0001874', 'epoch': '0.5657'}
[1A
[1A 19%|█▉        | 196/1041 [29:44<2:07:41,  9.07s/it]
[1A 19%|█▉        | 197/1041 [29:54<2:08:30,  9.14s/it]
[1A                                                    
{'loss': '0.004123', 'grad_norm': '0.4799', 'learning_rate': '0.0001872', 'epoch': '0.5685'}
[1A
[1A 19%|█▉        | 197/1041 [29:54<2:08:30,  9.14s/it]
[1A 19%|█▉        | 198/1041 [30:03<2:09:07,  9.19s/it]
[1A                                                    
{'loss': '0.0626', 'grad_norm': '0.7509', 'learning_rate': '0.0001871', 'epoch': '0.5714'}
[1A
[1A 19%|█▉        | 198/1041 [30:03<2:09:07,  9.19s/it]
[1A 19%|█▉        | 199/1041 [30:12<2:09:06,  9.20s/it]
[1A                                                    
{'loss': '0.02903', 'grad_norm': '0.7564', 'learning_rate': '0.0001869', 'epoch': '0.5743'}
[1A
[1A 19%|█▉        | 199/1041 [30:12<2:09:06,  9.20s/it]
[1A 19%|█▉        | 200/1041 [30:29<2:40:52, 11.48s/it]
[1A                                                    
{'loss': '0.0003966', 'grad_norm': '0.01288', 'learning_rate': '0.0001868', 'epoch': '0.5772'}
[1A
[1A 19%|█▉        | 200/1041 [30:29<2:40:52, 11.48s/it]
[1A 19%|█▉        | 201/1041 [30:39<2:32:06, 10.86s/it]
[1A                                                    
{'loss': '0.0003381', 'grad_norm': '0.008122', 'learning_rate': '0.0001866', 'epoch': '0.5801'}
[1A
[1A 19%|█▉        | 201/1041 [30:39<2:32:06, 10.86s/it]
[1A 19%|█▉        | 202/1041 [30:48<2:24:31, 10.34s/it]
[1A                                                    
{'loss': '0.01134', 'grad_norm': '0.484', 'learning_rate': '0.0001865', 'epoch': '0.583'}
[1A
[1A 19%|█▉        | 202/1041 [30:48<2:24:31, 10.34s/it]
[1A 20%|█▉        | 203/1041 [30:57<2:20:23, 10.05s/it]
[1A                                                    
{'loss': '0.04576', 'grad_norm': '1.075', 'learning_rate': '0.0001863', 'epoch': '0.5859'}
[1A
[1A 20%|█▉        | 203/1041 [30:57<2:20:23, 10.05s/it]
[1A 20%|█▉        | 204/1041 [31:06<2:17:04,  9.83s/it]
[1A                                                    
{'loss': '0.001265', 'grad_norm': '0.04395', 'learning_rate': '0.0001862', 'epoch': '0.5887'}
[1A
[1A 20%|█▉        | 204/1041 [31:06<2:17:04,  9.83s/it]
[1A 20%|█▉        | 205/1041 [31:16<2:14:17,  9.64s/it]
[1A                                                    
{'loss': '0.001218', 'grad_norm': '0.04157', 'learning_rate': '0.000186', 'epoch': '0.5916'}
[1A
[1A 20%|█▉        | 205/1041 [31:16<2:14:17,  9.64s/it]
[1A 20%|█▉        | 206/1041 [31:24<2:11:19,  9.44s/it]
[1A                                                    
{'loss': '0.006625', 'grad_norm': '0.2505', 'learning_rate': '0.0001858', 'epoch': '0.5945'}
[1A
[1A 20%|█▉        | 206/1041 [31:24<2:11:19,  9.44s/it]
[1A 20%|█▉        | 207/1041 [31:34<2:09:57,  9.35s/it]
[1A                                                    
{'loss': '0.04289', 'grad_norm': '1.097', 'learning_rate': '0.0001857', 'epoch': '0.5974'}
[1A
[1A 20%|█▉        | 207/1041 [31:34<2:09:57,  9.35s/it]
[1A 20%|█▉        | 208/1041 [31:43<2:08:30,  9.26s/it]
[1A                                                    
{'loss': '0.01216', 'grad_norm': '0.385', 'learning_rate': '0.0001855', 'epoch': '0.6003'}
[1A
[1A 20%|█▉        | 208/1041 [31:43<2:08:30,  9.26s/it]
[1A 20%|██        | 209/1041 [31:52<2:08:03,  9.24s/it]
[1A                                                    
{'loss': '0.01173', 'grad_norm': '0.287', 'learning_rate': '0.0001854', 'epoch': '0.6032'}
[1A
[1A 20%|██        | 209/1041 [31:52<2:08:03,  9.24s/it]
[1A 20%|██        | 210/1041 [32:01<2:07:54,  9.24s/it]
[1A                                                    
{'loss': '0.01258', 'grad_norm': '0.2685', 'learning_rate': '0.0001852', 'epoch': '0.6061'}
[1A
[1A 20%|██        | 210/1041 [32:01<2:07:54,  9.24s/it]
[1A 20%|██        | 211/1041 [32:10<2:08:20,  9.28s/it]
[1A                                                    
{'loss': '0.00693', 'grad_norm': '0.1798', 'learning_rate': '0.000185', 'epoch': '0.6089'}
[1A
[1A 20%|██        | 211/1041 [32:10<2:08:20,  9.28s/it]
[1A 20%|██        | 212/1041 [32:20<2:07:27,  9.23s/it]
[1A                                                    
{'loss': '0.002194', 'grad_norm': '0.07458', 'learning_rate': '0.0001849', 'epoch': '0.6118'}
[1A
[1A 20%|██        | 212/1041 [32:20<2:07:27,  9.23s/it]
[1A 20%|██        | 213/1041 [32:28<2:05:34,  9.10s/it]
[1A                                                    
{'loss': '0.001165', 'grad_norm': '0.04165', 'learning_rate': '0.0001847', 'epoch': '0.6147'}
[1A
[1A 20%|██        | 213/1041 [32:28<2:05:34,  9.10s/it]
[1A 21%|██        | 214/1041 [32:38<2:05:28,  9.10s/it]
[1A                                                    
{'loss': '0.02261', 'grad_norm': '0.7792', 'learning_rate': '0.0001845', 'epoch': '0.6176'}
[1A
[1A 21%|██        | 214/1041 [32:38<2:05:28,  9.10s/it]
[1A 21%|██        | 215/1041 [32:47<2:05:44,  9.13s/it]
[1A                                                    
{'loss': '0.002922', 'grad_norm': '0.09205', 'learning_rate': '0.0001844', 'epoch': '0.6205'}
[1A
[1A 21%|██        | 215/1041 [32:47<2:05:44,  9.13s/it]
[1A 21%|██        | 216/1041 [32:56<2:06:49,  9.22s/it]
[1A                                                    
{'loss': '0.0008658', 'grad_norm': '0.03713', 'learning_rate': '0.0001842', 'epoch': '0.6234'}
[1A
[1A 21%|██        | 216/1041 [32:56<2:06:49,  9.22s/it]
[1A 21%|██        | 217/1041 [33:05<2:05:32,  9.14s/it]
[1A                                                    
{'loss': '0.007168', 'grad_norm': '0.2155', 'learning_rate': '0.000184', 'epoch': '0.6263'}
[1A
[1A 21%|██        | 217/1041 [33:05<2:05:32,  9.14s/it]
[1A 21%|██        | 218/1041 [33:14<2:05:30,  9.15s/it]
[1A                                                    
{'loss': '0.00988', 'grad_norm': '0.3566', 'learning_rate': '0.0001839', 'epoch': '0.6291'}
[1A
[1A 21%|██        | 218/1041 [33:14<2:05:30,  9.15s/it]
[1A 21%|██        | 219/1041 [33:24<2:05:53,  9.19s/it]
[1A                                                    
{'loss': '0.0006354', 'grad_norm': '0.02493', 'learning_rate': '0.0001837', 'epoch': '0.632'}
[1A
[1A 21%|██        | 219/1041 [33:24<2:05:53,  9.19s/it]
[1A 21%|██        | 220/1041 [33:33<2:05:45,  9.19s/it]
[1A                                                    
{'loss': '0.0007031', 'grad_norm': '0.04918', 'learning_rate': '0.0001835', 'epoch': '0.6349'}
[1A
[1A 21%|██        | 220/1041 [33:33<2:05:45,  9.19s/it]
[1A 21%|██        | 221/1041 [33:42<2:05:16,  9.17s/it]
[1A                                                    
{'loss': '0.001775', 'grad_norm': '0.09432', 'learning_rate': '0.0001834', 'epoch': '0.6378'}
[1A
[1A 21%|██        | 221/1041 [33:42<2:05:16,  9.17s/it]
[1A 21%|██▏       | 222/1041 [33:51<2:05:15,  9.18s/it]                                                    
{'loss': '0.0003984', 'grad_norm': '0.01083', 'learning_rate': '0.0001832', 'epoch': '0.6407'}
[1A
[1A 21%|██▏       | 222/1041 [33:51<2:05:15,  9.18s/it]
[1A 21%|██▏       | 223/1041 [34:00<2:04:58,  9.17s/it]
[1A                                                    
{'loss': '0.0001893', 'grad_norm': '0.008896', 'learning_rate': '0.000183', 'epoch': '0.6436'}
[1A
[1A 21%|██▏       | 223/1041 [34:00<2:04:58,  9.17s/it]
[1A 22%|██▏       | 224/1041 [34:09<2:03:42,  9.08s/it]
[1A                                                    
{'loss': '0.0001035', 'grad_norm': '0.002942', 'learning_rate': '0.0001828', 'epoch': '0.6465'}
[1A
[1A 22%|██▏       | 224/1041 [34:09<2:03:42,  9.08s/it]
[1A 22%|██▏       | 225/1041 [34:18<2:03:31,  9.08s/it]
[1A                                                    
{'loss': '0.0003626', 'grad_norm': '0.0208', 'learning_rate': '0.0001827', 'epoch': '0.6494'}
[1A
[1A 22%|██▏       | 225/1041 [34:18<2:03:31,  9.08s/it]
[1A 22%|██▏       | 226/1041 [34:28<2:04:42,  9.18s/it]
[1A                                                    
{'loss': '0.0007459', 'grad_norm': '0.04621', 'learning_rate': '0.0001825', 'epoch': '0.6522'}
[1A
[1A 22%|██▏       | 226/1041 [34:28<2:04:42,  9.18s/it]
[1A 22%|██▏       | 227/1041 [34:37<2:04:15,  9.16s/it]
[1A                                                    
{'loss': '0.005959', 'grad_norm': '0.5582', 'learning_rate': '0.0001823', 'epoch': '0.6551'}
[1A
[1A 22%|██▏       | 227/1041 [34:37<2:04:15,  9.16s/it]
[1A 22%|██▏       | 228/1041 [34:46<2:04:02,  9.15s/it]
[1A                                                    
{'loss': '0.000785', 'grad_norm': '0.1423', 'learning_rate': '0.0001821', 'epoch': '0.658'}
[1A
[1A 22%|██▏       | 228/1041 [34:46<2:04:02,  9.15s/it]
[1A 22%|██▏       | 229/1041 [34:55<2:02:45,  9.07s/it]
[1A                                                    
{'loss': '0.0001182', 'grad_norm': '0.006161', 'learning_rate': '0.0001819', 'epoch': '0.6609'}
[1A
[1A 22%|██▏       | 229/1041 [34:55<2:02:45,  9.07s/it]
[1A 22%|██▏       | 230/1041 [35:04<2:03:15,  9.12s/it]
[1A                                                    
{'loss': '0.001304', 'grad_norm': '0.1596', 'learning_rate': '0.0001818', 'epoch': '0.6638'}
[1A
[1A 22%|██▏       | 230/1041 [35:04<2:03:15,  9.12s/it]
[1A 22%|██▏       | 231/1041 [35:13<2:04:10,  9.20s/it]
[1A                                                    
{'loss': '0.000126', 'grad_norm': '0.004637', 'learning_rate': '0.0001816', 'epoch': '0.6667'}
[1A
[1A 22%|██▏       | 231/1041 [35:13<2:04:10,  9.20s/it]
[1A 22%|██▏       | 232/1041 [35:22<2:02:52,  9.11s/it]
[1A                                                    
{'loss': '0.0001675', 'grad_norm': '0.008142', 'learning_rate': '0.0001814', 'epoch': '0.6696'}
[1A
[1A 22%|██▏       | 232/1041 [35:22<2:02:52,  9.11s/it]
[1A 22%|██▏       | 233/1041 [35:32<2:03:43,  9.19s/it]
[1A                                                    
{'loss': '0.0002024', 'grad_norm': '0.008741', 'learning_rate': '0.0001812', 'epoch': '0.6724'}
[1A
[1A 22%|██▏       | 233/1041 [35:32<2:03:43,  9.19s/it]
[1A 22%|██▏       | 234/1041 [35:41<2:04:03,  9.22s/it]
[1A                                                    
{'loss': '0.0001836', 'grad_norm': '0.0144', 'learning_rate': '0.000181', 'epoch': '0.6753'}
[1A
[1A 22%|██▏       | 234/1041 [35:41<2:04:03,  9.22s/it]
[1A 23%|██▎       | 235/1041 [35:50<2:03:17,  9.18s/it]
[1A                                                    
{'loss': '0.0001475', 'grad_norm': '0.005951', 'learning_rate': '0.0001809', 'epoch': '0.6782'}
[1A
[1A 23%|██▎       | 235/1041 [35:50<2:03:17,  9.18s/it]
[1A 23%|██▎       | 236/1041 [35:59<2:03:56,  9.24s/it]
[1A                                                    
{'loss': '0.003884', 'grad_norm': '0.5724', 'learning_rate': '0.0001807', 'epoch': '0.6811'}
[1A
[1A 23%|██▎       | 236/1041 [35:59<2:03:56,  9.24s/it]
[1A 23%|██▎       | 237/1041 [36:09<2:04:25,  9.29s/it]                                                    
{'loss': '0.001901', 'grad_norm': '0.2201', 'learning_rate': '0.0001805', 'epoch': '0.684'}
[1A
[1A 23%|██▎       | 237/1041 [36:09<2:04:25,  9.29s/it]
[1A 23%|██▎       | 238/1041 [36:18<2:04:36,  9.31s/it]
[1A                                                    
{'loss': '8.81e-05', 'grad_norm': '0.002601', 'learning_rate': '0.0001803', 'epoch': '0.6869'}
[1A
[1A 23%|██▎       | 238/1041 [36:18<2:04:36,  9.31s/it]
[1A 23%|██▎       | 239/1041 [36:27<2:03:43,  9.26s/it]
[1A                                                    
{'loss': '4.707e-05', 'grad_norm': '0.0009706', 'learning_rate': '0.0001801', 'epoch': '0.6898'}
[1A
[1A 23%|██▎       | 239/1041 [36:27<2:03:43,  9.26s/it]
[1A 23%|██▎       | 240/1041 [36:36<2:03:26,  9.25s/it]
[1A                                                    
{'loss': '0.0004', 'grad_norm': '0.03643', 'learning_rate': '0.0001799', 'epoch': '0.6926'}
[1A
[1A 23%|██▎       | 240/1041 [36:36<2:03:26,  9.25s/it]
[1A 23%|██▎       | 241/1041 [36:46<2:03:12,  9.24s/it]
[1A                                                    
{'loss': '0.0002357', 'grad_norm': '0.02596', 'learning_rate': '0.0001798', 'epoch': '0.6955'}
[1A
[1A 23%|██▎       | 241/1041 [36:46<2:03:12,  9.24s/it]
[1A 23%|██▎       | 242/1041 [36:55<2:01:52,  9.15s/it]
[1A                                                    
{'loss': '0.0002086', 'grad_norm': '0.01577', 'learning_rate': '0.0001796', 'epoch': '0.6984'}
[1A
[1A 23%|██▎       | 242/1041 [36:55<2:01:52,  9.15s/it]
[1A 23%|██▎       | 243/1041 [37:04<2:01:42,  9.15s/it]
[1A                                                    
{'loss': '0.007469', 'grad_norm': '0.7342', 'learning_rate': '0.0001794', 'epoch': '0.7013'}
[1A
[1A 23%|██▎       | 243/1041 [37:04<2:01:42,  9.15s/it]
[1A 23%|██▎       | 244/1041 [37:13<2:00:44,  9.09s/it]
[1A                                                    
{'loss': '0.0001504', 'grad_norm': '0.01448', 'learning_rate': '0.0001792', 'epoch': '0.7042'}
[1A
[1A 23%|██▎       | 244/1041 [37:13<2:00:44,  9.09s/it]
[1A 24%|██▎       | 245/1041 [37:22<2:00:59,  9.12s/it]
[1A                                                    
{'loss': '3.533e-05', 'grad_norm': '0.001043', 'learning_rate': '0.000179', 'epoch': '0.7071'}
[1A
[1A 24%|██▎       | 245/1041 [37:22<2:00:59,  9.12s/it]
[1A 24%|██▎       | 246/1041 [37:31<2:01:35,  9.18s/it]
[1A                                                    
{'loss': '4.221e-05', 'grad_norm': '0.0009117', 'learning_rate': '0.0001788', 'epoch': '0.71'}
[1A
[1A 24%|██▎       | 246/1041 [37:31<2:01:35,  9.18s/it]
[1A 24%|██▎       | 247/1041 [37:40<2:01:43,  9.20s/it]
[1A                                                    
{'loss': '0.003408', 'grad_norm': '0.323', 'learning_rate': '0.0001786', 'epoch': '0.7128'}
[1A
[1A 24%|██▎       | 247/1041 [37:40<2:01:43,  9.20s/it]
[1A 24%|██▍       | 248/1041 [37:50<2:01:33,  9.20s/it]
[1A                                                    
{'loss': '0.004859', 'grad_norm': '0.2552', 'learning_rate': '0.0001784', 'epoch': '0.7157'}
[1A
[1A 24%|██▍       | 248/1041 [37:50<2:01:33,  9.20s/it]
[1A 24%|██▍       | 249/1041 [37:58<1:59:17,  9.04s/it]
[1A                                                    
{'loss': '2.896e-05', 'grad_norm': '0.0009866', 'learning_rate': '0.0001782', 'epoch': '0.7186'}
[1A
[1A 24%|██▍       | 249/1041 [37:58<1:59:17,  9.04s/it]
[1A 24%|██▍       | 250/1041 [38:07<1:58:36,  9.00s/it]
[1A                                                    
{'loss': '0.0003239', 'grad_norm': '0.02602', 'learning_rate': '0.000178', 'epoch': '0.7215'}
[1A
[1A 24%|██▍       | 250/1041 [38:07<1:58:36,  9.00s/it]
[1A 24%|██▍       | 251/1041 [38:16<1:58:13,  8.98s/it]                                                    
{'loss': '2.699e-05', 'grad_norm': '0.0007156', 'learning_rate': '0.0001778', 'epoch': '0.7244'}
[1A
[1A 24%|██▍       | 251/1041 [38:16<1:58:13,  8.98s/it]
[1A 24%|██▍       | 252/1041 [38:25<1:56:28,  8.86s/it]
[1A                                                    
{'loss': '1.042e-05', 'grad_norm': '0.0002495', 'learning_rate': '0.0001776', 'epoch': '0.7273'}
[1A
[1A 24%|██▍       | 252/1041 [38:25<1:56:28,  8.86s/it]
[1A 24%|██▍       | 253/1041 [38:34<1:57:39,  8.96s/it]
[1A                                                    
{'loss': '0.002702', 'grad_norm': '6.158', 'learning_rate': '0.0001774', 'epoch': '0.7302'}
[1A
[1A 24%|██▍       | 253/1041 [38:34<1:57:39,  8.96s/it]
[1A 24%|██▍       | 254/1041 [38:43<1:59:07,  9.08s/it]
[1A                                                    
{'loss': '6.765e-05', 'grad_norm': '0.002851', 'learning_rate': '0.0001772', 'epoch': '0.733'}
[1A
[1A 24%|██▍       | 254/1041 [38:43<1:59:07,  9.08s/it]
[1A 24%|██▍       | 255/1041 [38:53<1:59:38,  9.13s/it]
[1A                                                    
{'loss': '8.122e-05', 'grad_norm': '0.003733', 'learning_rate': '0.000177', 'epoch': '0.7359'}
[1A
[1A 24%|██▍       | 255/1041 [38:53<1:59:38,  9.13s/it]
[1A 25%|██▍       | 256/1041 [39:01<1:57:40,  8.99s/it]
[1A                                                    
{'loss': '1.8e-05', 'grad_norm': '0.0004453', 'learning_rate': '0.0001768', 'epoch': '0.7388'}
[1A
[1A 25%|██▍       | 256/1041 [39:01<1:57:40,  8.99s/it]
[1A 25%|██▍       | 257/1041 [39:11<1:59:19,  9.13s/it]
[1A                                                    
{'loss': '2.749e-05', 'grad_norm': '0.0005677', 'learning_rate': '0.0001766', 'epoch': '0.7417'}
[1A
[1A 25%|██▍       | 257/1041 [39:11<1:59:19,  9.13s/it]
[1A 25%|██▍       | 258/1041 [39:20<1:58:27,  9.08s/it]
[1A                                                    
{'loss': '2.806e-05', 'grad_norm': '0.0009666', 'learning_rate': '0.0001764', 'epoch': '0.7446'}
[1A
[1A 25%|██▍       | 258/1041 [39:20<1:58:27,  9.08s/it]
[1A 25%|██▍       | 259/1041 [39:29<1:58:15,  9.07s/it]
[1A                                                    
{'loss': '2.634e-05', 'grad_norm': '0.0007605', 'learning_rate': '0.0001762', 'epoch': '0.7475'}
[1A
[1A 25%|██▍       | 259/1041 [39:29<1:58:15,  9.07s/it]
[1A 25%|██▍       | 260/1041 [39:38<1:58:39,  9.12s/it]
[1A                                                    
{'loss': '0.0008287', 'grad_norm': '0.07844', 'learning_rate': '0.000176', 'epoch': '0.7504'}
[1A
[1A 25%|██▍       | 260/1041 [39:38<1:58:39,  9.12s/it]
[1A 25%|██▌       | 261/1041 [39:47<1:58:05,  9.08s/it]
[1A                                                    
{'loss': '1.993e-05', 'grad_norm': '0.0006214', 'learning_rate': '0.0001758', 'epoch': '0.7532'}
[1A
[1A 25%|██▌       | 261/1041 [39:47<1:58:05,  9.08s/it]
[1A 25%|██▌       | 262/1041 [39:56<1:57:01,  9.01s/it]
[1A                                                    
{'loss': '6.177e-05', 'grad_norm': '0.00325', 'learning_rate': '0.0001756', 'epoch': '0.7561'}
[1A
[1A 25%|██▌       | 262/1041 [39:56<1:57:01,  9.01s/it]
[1A 25%|██▌       | 263/1041 [40:05<1:59:09,  9.19s/it]
[1A                                                    
{'loss': '0.001297', 'grad_norm': '0.1856', 'learning_rate': '0.0001754', 'epoch': '0.759'}
[1A
[1A 25%|██▌       | 263/1041 [40:05<1:59:09,  9.19s/it]
[1A 25%|██▌       | 264/1041 [40:14<1:58:31,  9.15s/it]
[1A                                                    
{'loss': '3.69e-05', 'grad_norm': '0.001382', 'learning_rate': '0.0001752', 'epoch': '0.7619'}
[1A
[1A 25%|██▌       | 264/1041 [40:14<1:58:31,  9.15s/it]
[1A 25%|██▌       | 265/1041 [40:24<1:59:10,  9.21s/it]
[1A                                                    
{'loss': '3.101e-05', 'grad_norm': '0.001267', 'learning_rate': '0.000175', 'epoch': '0.7648'}
[1A
[1A 25%|██▌       | 265/1041 [40:24<1:59:10,  9.21s/it]
[1A 26%|██▌       | 266/1041 [40:32<1:56:36,  9.03s/it]
[1A                                                    
{'loss': '9.321e-06', 'grad_norm': '0.0001955', 'learning_rate': '0.0001748', 'epoch': '0.7677'}
[1A
[1A 26%|██▌       | 266/1041 [40:32<1:56:36,  9.03s/it]
[1A 26%|██▌       | 267/1041 [40:41<1:55:32,  8.96s/it]
[1A                                                    
{'loss': '0.0001328', 'grad_norm': '0.007303', 'learning_rate': '0.0001746', 'epoch': '0.7706'}
[1A
[1A 26%|██▌       | 267/1041 [40:41<1:55:32,  8.96s/it]
[1A 26%|██▌       | 268/1041 [40:50<1:56:37,  9.05s/it]
[1A                                                    
{'loss': '0.0003512', 'grad_norm': '0.05018', 'learning_rate': '0.0001744', 'epoch': '0.7734'}
[1A
[1A 26%|██▌       | 268/1041 [40:50<1:56:37,  9.05s/it]
[1A 26%|██▌       | 269/1041 [41:00<1:57:22,  9.12s/it]
[1A                                                    
{'loss': '0.01042', 'grad_norm': '0.7409', 'learning_rate': '0.0001742', 'epoch': '0.7763'}
[1A
[1A 26%|██▌       | 269/1041 [41:00<1:57:22,  9.12s/it]
[1A 26%|██▌       | 270/1041 [41:09<1:57:07,  9.11s/it]
[1A                                                    
{'loss': '4.369e-05', 'grad_norm': '0.003929', 'learning_rate': '0.000174', 'epoch': '0.7792'}
[1A
[1A 26%|██▌       | 270/1041 [41:09<1:57:07,  9.11s/it]
[1A 26%|██▌       | 271/1041 [41:18<1:56:21,  9.07s/it]
[1A                                                    
{'loss': '0.02269', 'grad_norm': '0.4536', 'learning_rate': '0.0001738', 'epoch': '0.7821'}
[1A
[1A 26%|██▌       | 271/1041 [41:18<1:56:21,  9.07s/it]
[1A 26%|██▌       | 272/1041 [41:27<1:56:59,  9.13s/it]
[1A                                                    
{'loss': '0.004155', 'grad_norm': '0.484', 'learning_rate': '0.0001736', 'epoch': '0.785'}
[1A
[1A 26%|██▌       | 272/1041 [41:27<1:56:59,  9.13s/it]
[1A 26%|██▌       | 273/1041 [41:36<1:57:28,  9.18s/it]
[1A                                                    
{'loss': '0.0008226', 'grad_norm': '0.0781', 'learning_rate': '0.0001734', 'epoch': '0.7879'}
[1A
[1A 26%|██▌       | 273/1041 [41:36<1:57:28,  9.18s/it]
[1A 26%|██▋       | 274/1041 [41:45<1:56:58,  9.15s/it]
[1A                                                    
{'loss': '0.0004576', 'grad_norm': '0.03385', 'learning_rate': '0.0001731', 'epoch': '0.7908'}
[1A
[1A 26%|██▋       | 274/1041 [41:45<1:56:58,  9.15s/it]
[1A 26%|██▋       | 275/1041 [41:55<1:57:59,  9.24s/it]
[1A                                                    
{'loss': '0.001043', 'grad_norm': '0.1003', 'learning_rate': '0.0001729', 'epoch': '0.7937'}
[1A
[1A 26%|██▋       | 275/1041 [41:55<1:57:59,  9.24s/it]
[1A 27%|██▋       | 276/1041 [42:04<1:57:25,  9.21s/it]
[1A                                                    
{'loss': '0.004352', 'grad_norm': '0.3333', 'learning_rate': '0.0001727', 'epoch': '0.7965'}
[1A
[1A 27%|██▋       | 276/1041 [42:04<1:57:25,  9.21s/it]
[1A 27%|██▋       | 277/1041 [42:13<1:54:39,  9.00s/it]
[1A                                                    
{'loss': '9.638e-05', 'grad_norm': '0.0074', 'learning_rate': '0.0001725', 'epoch': '0.7994'}
[1A
[1A 27%|██▋       | 277/1041 [42:13<1:54:39,  9.00s/it]
[1A 27%|██▋       | 278/1041 [42:22<1:55:11,  9.06s/it]
[1A                                                    
{'loss': '0.005528', 'grad_norm': '0.2483', 'learning_rate': '0.0001723', 'epoch': '0.8023'}
[1A
[1A 27%|██▋       | 278/1041 [42:22<1:55:11,  9.06s/it]
[1A 27%|██▋       | 279/1041 [42:31<1:54:27,  9.01s/it]
[1A                                                    
{'loss': '0.0003781', 'grad_norm': '0.02543', 'learning_rate': '0.0001721', 'epoch': '0.8052'}
[1A
[1A 27%|██▋       | 279/1041 [42:31<1:54:27,  9.01s/it]
[1A 27%|██▋       | 280/1041 [42:40<1:54:37,  9.04s/it]
[1A                                                    
{'loss': '0.0002145', 'grad_norm': '0.01182', 'learning_rate': '0.0001719', 'epoch': '0.8081'}
[1A
[1A 27%|██▋       | 280/1041 [42:40<1:54:37,  9.04s/it]
[1A 27%|██▋       | 281/1041 [42:49<1:56:31,  9.20s/it]
[1A                                                    
{'loss': '0.000112', 'grad_norm': '0.007512', 'learning_rate': '0.0001716', 'epoch': '0.811'}
[1A
[1A 27%|██▋       | 281/1041 [42:49<1:56:31,  9.20s/it]
[1A 27%|██▋       | 282/1041 [42:59<1:56:54,  9.24s/it]
[1A                                                    
{'loss': '0.0006756', 'grad_norm': '0.05701', 'learning_rate': '0.0001714', 'epoch': '0.8139'}
[1A
[1A 27%|██▋       | 282/1041 [42:59<1:56:54,  9.24s/it]
[1A 27%|██▋       | 283/1041 [43:08<1:55:55,  9.18s/it]
[1A                                                    
{'loss': '4.386e-05', 'grad_norm': '0.001383', 'learning_rate': '0.0001712', 'epoch': '0.8167'}
[1A
[1A 27%|██▋       | 283/1041 [43:08<1:55:55,  9.18s/it]
[1A 27%|██▋       | 284/1041 [43:17<1:55:25,  9.15s/it]
[1A                                                    
{'loss': '4.466e-05', 'grad_norm': '0.00121', 'learning_rate': '0.000171', 'epoch': '0.8196'}
[1A
[1A 27%|██▋       | 284/1041 [43:17<1:55:25,  9.15s/it]
[1A 27%|██▋       | 285/1041 [43:26<1:54:52,  9.12s/it]
[1A                                                    
{'loss': '0.0002157', 'grad_norm': '0.008542', 'learning_rate': '0.0001708', 'epoch': '0.8225'}
[1A
[1A 27%|██▋       | 285/1041 [43:26<1:54:52,  9.12s/it]
[1A 27%|██▋       | 286/1041 [43:35<1:55:25,  9.17s/it]
[1A                                                    
{'loss': '5.829e-05', 'grad_norm': '0.00192', 'learning_rate': '0.0001705', 'epoch': '0.8254'}
[1A
[1A 27%|██▋       | 286/1041 [43:35<1:55:25,  9.17s/it]
[1A 28%|██▊       | 287/1041 [43:44<1:54:50,  9.14s/it]
[1A                                                    
{'loss': '0.0002705', 'grad_norm': '0.00952', 'learning_rate': '0.0001703', 'epoch': '0.8283'}
[1A
[1A 28%|██▊       | 287/1041 [43:44<1:54:50,  9.14s/it]
[1A 28%|██▊       | 288/1041 [43:53<1:54:52,  9.15s/it]
[1A                                                    
{'loss': '0.0008477', 'grad_norm': '0.03966', 'learning_rate': '0.0001701', 'epoch': '0.8312'}
[1A
[1A 28%|██▊       | 288/1041 [43:53<1:54:52,  9.15s/it]
[1A 28%|██▊       | 289/1041 [44:03<1:55:03,  9.18s/it]
[1A                                                    
{'loss': '0.00026', 'grad_norm': '0.009941', 'learning_rate': '0.0001699', 'epoch': '0.8341'}
[1A
[1A 28%|██▊       | 289/1041 [44:03<1:55:03,  9.18s/it]
[1A 28%|██▊       | 290/1041 [44:12<1:53:51,  9.10s/it]
[1A                                                    
{'loss': '6.26e-05', 'grad_norm': '0.001988', 'learning_rate': '0.0001697', 'epoch': '0.8369'}
[1A
[1A 28%|██▊       | 290/1041 [44:12<1:53:51,  9.10s/it]
[1A 28%|██▊       | 291/1041 [44:21<1:53:41,  9.10s/it]
[1A                                                    
{'loss': '3.792e-05', 'grad_norm': '0.001321', 'learning_rate': '0.0001694', 'epoch': '0.8398'}
[1A
[1A 28%|██▊       | 291/1041 [44:21<1:53:41,  9.10s/it]
[1A 28%|██▊       | 292/1041 [44:30<1:53:50,  9.12s/it]
[1A                                                    
{'loss': '3.399e-05', 'grad_norm': '0.0007706', 'learning_rate': '0.0001692', 'epoch': '0.8427'}
[1A
[1A 28%|██▊       | 292/1041 [44:30<1:53:50,  9.12s/it]
[1A 28%|██▊       | 293/1041 [44:39<1:55:15,  9.25s/it]
[1A                                                    
{'loss': '5.861e-05', 'grad_norm': '0.002081', 'learning_rate': '0.000169', 'epoch': '0.8456'}
[1A
[1A 28%|██▊       | 293/1041 [44:39<1:55:15,  9.25s/it]
[1A 28%|██▊       | 294/1041 [44:48<1:54:39,  9.21s/it]
[1A                                                    
{'loss': '5.712e-05', 'grad_norm': '0.001556', 'learning_rate': '0.0001688', 'epoch': '0.8485'}
[1A
[1A 28%|██▊       | 294/1041 [44:48<1:54:39,  9.21s/it]
[1A 28%|██▊       | 294/1041 [44:53<1:54:02,  9.16s/it]
Container terminated due to preemption. Your Function will be restarted with the same input. For more details, see https://modal.com/docs/guide/preemption

==========
== CUDA ==
==========

CUDA Version 12.8.1

Container image Copyright (c) 2016-2023, NVIDIA CORPORATION & AFFILIATES. All rights reserved.

This container image and its contents are governed by the NVIDIA Deep Learning Container License.
By pulling and using the container, you accept the terms and conditions of this license:
https://developer.nvidia.com/ngc/nvidia-deep-learning-container-license

A copy of this license is made available in this container at /NGC-DL-CONTAINER-LICENSE for your convenience.

/usr/local/lib/python3.12/site-packages/huggingface_hub/constants.py:298: FutureWarning: The `HF_HUB_ENABLE_HF_TRANSFER` environment variable is deprecated as 'hf_transfer' is not used anymore. Please use `HF_XET_HIGH_PERFORMANCE` instead to enable high performance transfer with Xet. Visit https://huggingface.co/docs/huggingface_hub/package_reference/environment_variables#hfxethighperformance for more details.
  warnings.warn(
[transformers] The tokenizer you are loading from 'mistralai/Ministral-3-14B-Instruct-2512-BF16' with an incorrect regex pattern: https://huggingface.co/mistralai/Mistral-Small-3.1-24B-Instruct-2503/discussions/84#69121093e8b480e709447d5e. This will lead to incorrect tokenization. You should set the `fix_mistral_regex=True` flag when loading this tokenizer to fix this issue.
= dataset: 2772 kept, 0 dropped overlong, seq len max 1832 mean 1686.0

[1ALoading weights:   0%|          | 0/585 [00:00<?, ?it/s]
[1ALoading weights:   0%|          | 1/585 [00:03<31:50,  3.27s/it]
[1ALoading weights:   0%|          | 2/585 [00:04<22:25,  2.31s/it]
[1ALoading weights:   1%|          | 3/585 [00:05<13:09,  1.36s/it]
[1ALoading weights:   1%|          | 5/585 [00:05<06:24,  1.51it/s]
[1ALoading weights:   1%|          | 6/585 [00:05<05:14,  1.84it/s]
[1ALoading weights:   2%|▏         | 10/585 [00:05<02:27,  3.90it/s]
[1ALoading weights:   2%|▏         | 14/585 [00:06<01:26,  6.61it/s]
[1ALoading weights:   3%|▎         | 16/585 [00:06<01:20,  7.05it/s]
[1ALoading weights:   3%|▎         | 20/585 [00:06<01:07,  8.40it/s]
[1ALoading weights:   4%|▍         | 22/585 [00:06<01:08,  8.20it/s]
[1ALoading weights:   4%|▍         | 24/585 [00:07<01:15,  7.48it/s]
[1ALoading weights:   5%|▌         | 31/585 [00:07<00:37, 14.68it/s]
[1ALoading weights:   6%|▌         | 34/585 [00:07<00:37, 14.53it/s]
[1ALoading weights:   7%|▋         | 39/585 [00:07<00:30, 17.69it/s]
[1ALoading weights:   7%|▋         | 42/585 [00:07<00:30, 17.76it/s]
[1ALoading weights:   8%|▊         | 48/585 [00:08<00:23, 22.44it/s]
[1ALoading weights:   9%|▊         | 51/585 [00:08<00:25, 20.62it/s]
[1ALoading weights:  10%|▉         | 58/585 [00:08<00:22, 22.96it/s]
[1ALoading weights:  11%|█         | 63/585 [00:08<00:20, 25.64it/s]
[1ALoading weights:  12%|█▏        | 68/585 [00:08<00:23, 22.40it/s]
[1ALoading weights:  13%|█▎        | 76/585 [00:09<00:17, 29.65it/s]
[1ALoading weights:  14%|█▎        | 80/585 [00:09<00:18, 26.69it/s]
[1ALoading weights:  15%|█▍        | 85/585 [00:09<00:17, 29.37it/s]
[1ALoading weights:  15%|█▌        | 89/585 [00:09<00:19, 25.63it/s]
[1ALoading weights:  16%|█▌        | 94/585 [00:09<00:16, 29.52it/s]
[1ALoading weights:  17%|█▋        | 98/585 [00:09<00:18, 25.84it/s]
[1ALoading weights:  18%|█▊        | 103/585 [00:10<00:16, 29.07it/s]
[1ALoading weights:  18%|█▊        | 107/585 [00:10<00:19, 25.14it/s]
[1ALoading weights:  19%|█▉        | 110/585 [00:10<00:19, 23.82it/s]
[1ALoading weights:  19%|█▉        | 114/585 [00:10<00:20, 22.91it/s]
[1ALoading weights:  21%|██        | 121/585 [00:10<00:17, 26.45it/s]
[1ALoading weights:  21%|██        | 124/585 [00:11<00:18, 25.00it/s]
[1ALoading weights:  22%|██▏       | 128/585 [00:11<00:18, 25.07it/s]
[1ALoading weights:  23%|██▎       | 132/585 [00:11<00:19, 23.49it/s]
[1ALoading weights:  23%|██▎       | 137/585 [00:11<00:16, 26.41it/s]
[1ALoading weights:  24%|██▍       | 140/585 [00:11<00:19, 22.89it/s]
[1ALoading weights:  25%|██▌       | 148/585 [00:11<00:13, 31.24it/s]
[1ALoading weights:  26%|██▌       | 152/585 [00:12<00:15, 27.08it/s]
[1ALoading weights:  27%|██▋       | 157/585 [00:12<00:14, 30.14it/s]
[1ALoading weights:  28%|██▊       | 161/585 [00:12<00:16, 26.37it/s]
[1ALoading weights:  28%|██▊       | 166/585 [00:12<00:14, 29.55it/s]
[1ALoading weights:  29%|██▉       | 170/585 [00:12<00:15, 26.41it/s]
[1ALoading weights:  30%|██▉       | 175/585 [00:12<00:14, 29.24it/s]
[1ALoading weights:  31%|███       | 179/585 [00:13<00:15, 26.23it/s]
[1ALoading weights:  31%|███▏      | 184/585 [00:13<00:14, 28.41it/s]
[1ALoading weights:  32%|███▏      | 187/585 [00:13<00:16, 24.52it/s]
[1ALoading weights:  33%|███▎      | 193/585 [00:13<00:12, 30.85it/s]
[1ALoading weights:  34%|███▎      | 197/585 [00:13<00:14, 26.99it/s]
[1ALoading weights:  35%|███▍      | 202/585 [00:13<00:12, 30.18it/s]
[1ALoading weights:  35%|███▌      | 206/585 [00:14<00:14, 26.24it/s]
[1ALoading weights:  36%|███▌      | 209/585 [00:14<00:17, 22.04it/s]
[1ALoading weights:  36%|███▋      | 213/585 [00:14<00:14, 25.17it/s]
[1ALoading weights:  38%|███▊      | 220/585 [00:14<00:11, 31.88it/s]
[1ALoading weights:  38%|███▊      | 224/585 [00:14<00:12, 27.87it/s]
[1ALoading weights:  39%|███▉      | 229/585 [00:14<00:11, 30.76it/s]
[1ALoading weights:  40%|███▉      | 233/585 [00:15<00:13, 26.78it/s]
[1ALoading weights:  41%|████      | 238/585 [00:15<00:11, 30.22it/s]
[1ALoading weights:  41%|████▏     | 242/585 [00:15<00:12, 26.80it/s]
[1ALoading weights:  42%|████▏     | 247/585 [00:15<00:11, 29.61it/s]
[1ALoading weights:  43%|████▎     | 251/585 [00:15<00:12, 26.27it/s]
[1ALoading weights:  44%|████▍     | 256/585 [00:15<00:15, 21.82it/s]
[1ALoading weights:  45%|████▌     | 265/585 [00:16<00:10, 31.19it/s]
[1ALoading weights:  46%|████▌     | 269/585 [00:16<00:11, 28.17it/s]
[1ALoading weights:  47%|████▋     | 274/585 [00:16<00:10, 30.22it/s]
[1ALoading weights:  48%|████▊     | 278/585 [00:16<00:11, 26.57it/s]
[1ALoading weights:  48%|████▊     | 283/585 [00:16<00:10, 29.47it/s]
[1ALoading weights:  49%|████▉     | 287/585 [00:16<00:11, 26.51it/s]
[1ALoading weights:  50%|████▉     | 292/585 [00:17<00:10, 29.09it/s]
[1ALoading weights:  51%|█████     | 296/585 [00:17<00:11, 26.02it/s]
[1ALoading weights:  51%|█████▏    | 301/585 [00:17<00:09, 29.40it/s]
[1ALoading weights:  52%|█████▏    | 305/585 [00:17<00:10, 26.32it/s]
[1ALoading weights:  53%|█████▎    | 310/585 [00:17<00:09, 29.08it/s]
[1ALoading weights:  54%|█████▎    | 314/585 [00:17<00:10, 25.18it/s]
[1ALoading weights:  55%|█████▍    | 319/585 [00:18<00:09, 27.89it/s]
[1ALoading weights:  55%|█████▌    | 322/585 [00:18<00:11, 22.92it/s]
[1ALoading weights:  56%|█████▌    | 325/585 [00:18<00:12, 21.58it/s]
[1ALoading weights:  56%|█████▋    | 330/585 [00:18<00:10, 23.21it/s]
[1ALoading weights:  57%|█████▋    | 335/585 [00:18<00:09, 25.73it/s]
[1ALoading weights:  58%|█████▊    | 339/585 [00:18<00:09, 24.98it/s]
[1ALoading weights:  59%|█████▉    | 346/585 [00:19<00:09, 26.54it/s]
[1ALoading weights:  60%|██████    | 351/585 [00:19<00:07, 30.53it/s]
[1ALoading weights:  61%|██████    | 355/585 [00:19<00:07, 30.81it/s]
[1ALoading weights:  61%|██████▏   | 359/585 [00:19<00:08, 27.05it/s]
[1ALoading weights:  66%|██████▋   | 388/585 [00:19<00:02, 79.28it/s]
[1ALoading weights:  72%|███████▏  | 419/585 [00:19<00:01, 126.22it/s]
[1ALoading weights:  79%|███████▉  | 464/585 [00:19<00:00, 200.36it/s]
[1ALoading weights:  86%|████████▌ | 503/585 [00:20<00:00, 247.67it/s]
[1ALoading weights:  94%|█████████▍| 551/585 [00:20<00:00, 301.90it/s]
[1ALoading weights: 100%|██████████| 585/585 [00:20<00:00, 28.89it/s] 
[transformers] The tied weights mapping and config for this model specifies to tie model.language_model.embed_tokens.weight to lm_head.weight, but both are present in the checkpoints with different values, so we will NOT tie them. You should update the config with `tie_word_embeddings=False` to silence this warning.
= model loaded: bf16 (multimodal wrapper, text-only training)
[transformers] warmup_ratio is deprecated and will be removed in v5.2. Use `warmup_steps` instead.
[RANK 0] Detected kernel version 4.19.0, which is below the recommended minimum of 5.5.0; this can cause the process to hang. It is recommended to upgrade the kernel to the minimum version or higher.

[1A  0%|          | 0/1041 [00:00<?, ?it/s]
[1A  0%|          | 1/1041 [00:12<3:28:59, 12.06s/it]
[1A                                                  
{'loss': '0.8301', 'grad_norm': '2.596', 'learning_rate': '0', 'epoch': '0.002886'}
[1A
[1A  0%|          | 1/1041 [00:12<3:28:59, 12.06s/it]
[1A  0%|          | 2/1041 [00:20<2:49:53,  9.81s/it]
[1A                                                  
{'loss': '0.921', 'grad_norm': '2.671', 'learning_rate': '6.25e-06', 'epoch': '0.005772'}
[1A
[1A  0%|          | 2/1041 [00:20<2:49:53,  9.81s/it]
[1A  0%|          | 3/1041 [00:28<2:36:58,  9.07s/it]
[1A                                                  
{'loss': '0.9565', 'grad_norm': '2.751', 'learning_rate': '1.25e-05', 'epoch': '0.008658'}
[1A
[1A  0%|          | 3/1041 [00:28<2:36:58,  9.07s/it]
[1A  0%|          | 4/1041 [00:36<2:30:24,  8.70s/it]
[1A                                                  
{'loss': '0.9813', 'grad_norm': '3.176', 'learning_rate': '1.875e-05', 'epoch': '0.01154'}
[1A
[1A  0%|          | 4/1041 [00:36<2:30:24,  8.70s/it]
[1A  0%|          | 5/1041 [00:44<2:27:59,  8.57s/it]
[1A                                                  
{'loss': '0.8896', 'grad_norm': '3.013', 'learning_rate': '2.5e-05', 'epoch': '0.01443'}
[1A
[1A  0%|          | 5/1041 [00:44<2:27:59,  8.57s/it]
[1A  1%|          | 6/1041 [00:53<2:28:18,  8.60s/it]
[1A                                                  
{'loss': '0.7916', 'grad_norm': '2.572', 'learning_rate': '3.125e-05', 'epoch': '0.01732'}
[1A
[1A  1%|          | 6/1041 [00:53<2:28:18,  8.60s/it]
[1A  1%|          | 7/1041 [01:01<2:26:27,  8.50s/it]
[1A                                                  
{'loss': '0.7755', 'grad_norm': '2.767', 'learning_rate': '3.75e-05', 'epoch': '0.0202'}
[1A
[1A  1%|          | 7/1041 [01:01<2:26:27,  8.50s/it]
[1A  1%|          | 8/1041 [01:10<2:24:13,  8.38s/it]
[1A                                                  
{'loss': '0.6661', 'grad_norm': '2.097', 'learning_rate': '4.375e-05', 'epoch': '0.02309'}
[1A
[1A  1%|          | 8/1041 [01:10<2:24:13,  8.38s/it]
[1A  1%|          | 9/1041 [01:18<2:24:37,  8.41s/it]
[1A                                                  
{'loss': '0.4923', 'grad_norm': '2.505', 'learning_rate': '5e-05', 'epoch': '0.02597'}
[1A
[1A  1%|          | 9/1041 [01:18<2:24:37,  8.41s/it]
[1A  1%|          | 10/1041 [01:27<2:25:06,  8.45s/it]
[1A                                                   
{'loss': '0.3099', 'grad_norm': '2.711', 'learning_rate': '5.625e-05', 'epoch': '0.02886'}
[1A
[1A  1%|          | 10/1041 [01:27<2:25:06,  8.45s/it]
[1A  1%|          | 11/1041 [01:35<2:23:32,  8.36s/it]
[1A                                                   
{'loss': '0.1828', 'grad_norm': '1.74', 'learning_rate': '6.25e-05', 'epoch': '0.03175'}
[1A
[1A  1%|          | 11/1041 [01:35<2:23:32,  8.36s/it]
[1A  1%|          | 12/1041 [01:43<2:23:34,  8.37s/it]
[1A                                                   
{'loss': '0.2755', 'grad_norm': '1.978', 'learning_rate': '6.875e-05', 'epoch': '0.03463'}
[1A
[1A  1%|          | 12/1041 [01:43<2:23:34,  8.37s/it]
[1A  1%|          | 13/1041 [01:51<2:23:33,  8.38s/it]
[1A                                                   
{'loss': '0.1895', 'grad_norm': '1.343', 'learning_rate': '7.5e-05', 'epoch': '0.03752'}
[1A
[1A  1%|          | 13/1041 [01:51<2:23:33,  8.38s/it]
[1A  1%|▏         | 14/1041 [02:00<2:24:48,  8.46s/it]
[1A                                                   
{'loss': '0.2181', 'grad_norm': '1.207', 'learning_rate': '8.125e-05', 'epoch': '0.0404'}
[1A
[1A  1%|▏         | 14/1041 [02:00<2:24:48,  8.46s/it]
[1A  1%|▏         | 15/1041 [02:08<2:23:57,  8.42s/it]
[1A                                                   
{'loss': '0.1647', 'grad_norm': '1.021', 'learning_rate': '8.75e-05', 'epoch': '0.04329'}
[1A
[1A  1%|▏         | 15/1041 [02:08<2:23:57,  8.42s/it]
[1A  2%|▏         | 16/1041 [02:17<2:24:10,  8.44s/it]
[1A                                                   
{'loss': '0.08543', 'grad_norm': '0.9011', 'learning_rate': '9.375e-05', 'epoch': '0.04618'}
[1A
[1A  2%|▏         | 16/1041 [02:17<2:24:10,  8.44s/it]
[1A  2%|▏         | 17/1041 [02:25<2:23:12,  8.39s/it]
[1A                                                   
{'loss': '0.1011', 'grad_norm': '1.23', 'learning_rate': '0.0001', 'epoch': '0.04906'}
[1A
[1A  2%|▏         | 17/1041 [02:25<2:23:12,  8.39s/it]
[1A  2%|▏         | 18/1041 [02:33<2:21:52,  8.32s/it]
[1A                                                   
{'loss': '0.04269', 'grad_norm': '2.62', 'learning_rate': '0.0001063', 'epoch': '0.05195'}
[1A
[1A  2%|▏         | 18/1041 [02:33<2:21:52,  8.32s/it]
[1A  2%|▏         | 19/1041 [02:42<2:22:08,  8.35s/it]
[1A                                                   
{'loss': '0.0423', 'grad_norm': '0.9534', 'learning_rate': '0.0001125', 'epoch': '0.05483'}
[1A
[1A  2%|▏         | 19/1041 [02:42<2:22:08,  8.35s/it]
[1A  2%|▏         | 20/1041 [02:50<2:22:22,  8.37s/it]
[1A                                                   
{'loss': '0.0418', 'grad_norm': '2.501', 'learning_rate': '0.0001187', 'epoch': '0.05772'}
[1A
[1A  2%|▏         | 20/1041 [02:50<2:22:22,  8.37s/it]
[1A  2%|▏         | 21/1041 [02:58<2:21:05,  8.30s/it]
[1A                                                   
{'loss': '0.08221', 'grad_norm': '2.11', 'learning_rate': '0.000125', 'epoch': '0.06061'}
[1A
[1A  2%|▏         | 21/1041 [02:58<2:21:05,  8.30s/it]
[1A  2%|▏         | 22/1041 [03:07<2:22:51,  8.41s/it]
[1A                                                   
{'loss': '0.07164', 'grad_norm': '2.738', 'learning_rate': '0.0001313', 'epoch': '0.06349'}
[1A
[1A  2%|▏         | 22/1041 [03:07<2:22:51,  8.41s/it]
[1A  2%|▏         | 23/1041 [03:16<2:23:14,  8.44s/it]
[1A                                                   
{'loss': '0.06399', 'grad_norm': '1.339', 'learning_rate': '0.0001375', 'epoch': '0.06638'}
[1A
[1A  2%|▏         | 23/1041 [03:16<2:23:14,  8.44s/it]
[1A  2%|▏         | 24/1041 [03:24<2:22:48,  8.43s/it]
[1A                                                   
{'loss': '0.02966', 'grad_norm': '1.526', 'learning_rate': '0.0001437', 'epoch': '0.06926'}
[1A
[1A  2%|▏         | 24/1041 [03:24<2:22:48,  8.43s/it]
[1A  2%|▏         | 25/1041 [03:32<2:22:32,  8.42s/it]
[1A                                                   
{'loss': '0.02979', 'grad_norm': '1.845', 'learning_rate': '0.00015', 'epoch': '0.07215'}
[1A
[1A  2%|▏         | 25/1041 [03:32<2:22:32,  8.42s/it]
[1A  2%|▏         | 26/1041 [03:41<2:23:28,  8.48s/it]
[1A                                                   
{'loss': '0.009318', 'grad_norm': '0.6252', 'learning_rate': '0.0001563', 'epoch': '0.07504'}
[1A
[1A  2%|▏         | 26/1041 [03:41<2:23:28,  8.48s/it]
[1A  3%|▎         | 27/1041 [03:49<2:21:37,  8.38s/it]
[1A                                                   
{'loss': '0.001954', 'grad_norm': '0.1264', 'learning_rate': '0.0001625', 'epoch': '0.07792'}
[1A
[1A  3%|▎         | 27/1041 [03:49<2:21:37,  8.38s/it]
[1A  3%|▎         | 28/1041 [03:58<2:22:19,  8.43s/it]
[1A                                                   
{'loss': '0.03818', 'grad_norm': '0.8044', 'learning_rate': '0.0001688', 'epoch': '0.08081'}
[1A
[1A  3%|▎         | 28/1041 [03:58<2:22:19,  8.43s/it]
[1A  3%|▎         | 29/1041 [04:06<2:21:45,  8.40s/it]
[1A                                                   
{'loss': '0.04828', 'grad_norm': '0.9611', 'learning_rate': '0.000175', 'epoch': '0.08369'}
[1A
[1A  3%|▎         | 29/1041 [04:06<2:21:45,  8.40s/it]
[1A  3%|▎         | 30/1041 [04:14<2:20:27,  8.34s/it]
[1A                                                   
{'loss': '0.002715', 'grad_norm': '0.4323', 'learning_rate': '0.0001813', 'epoch': '0.08658'}
[1A
[1A  3%|▎         | 30/1041 [04:14<2:20:27,  8.34s/it]
[1A  3%|▎         | 31/1041 [04:23<2:21:27,  8.40s/it]
[1A                                                   
{'loss': '0.01959', 'grad_norm': '1.561', 'learning_rate': '0.0001875', 'epoch': '0.08947'}
[1A
[1A  3%|▎         | 31/1041 [04:23<2:21:27,  8.40s/it]
[1A  3%|▎         | 32/1041 [04:31<2:21:33,  8.42s/it]
[1A                                                   
{'loss': '0.04662', 'grad_norm': '0.9163', 'learning_rate': '0.0001938', 'epoch': '0.09235'}
[1A
[1A  3%|▎         | 32/1041 [04:31<2:21:33,  8.42s/it]
[1A  3%|▎         | 33/1041 [04:40<2:22:07,  8.46s/it]
[1A                                                   
{'loss': '0.01401', 'grad_norm': '0.6901', 'learning_rate': '0.0002', 'epoch': '0.09524'}
[1A
[1A  3%|▎         | 33/1041 [04:40<2:22:07,  8.46s/it]
[1A  3%|▎         | 34/1041 [04:48<2:19:11,  8.29s/it]
[1A                                                   
{'loss': '0.001745', 'grad_norm': '0.09821', 'learning_rate': '0.0002', 'epoch': '0.09812'}
[1A
[1A  3%|▎         | 34/1041 [04:48<2:19:11,  8.29s/it]
[1A  3%|▎         | 35/1041 [04:56<2:20:36,  8.39s/it]
[1A                                                   
{'loss': '0.02496', 'grad_norm': '0.9474', 'learning_rate': '0.0002', 'epoch': '0.101'}
[1A
[1A  3%|▎         | 35/1041 [04:56<2:20:36,  8.39s/it]
[1A  3%|▎         | 36/1041 [05:05<2:21:57,  8.48s/it]
[1A                                                   
{'loss': '0.04994', 'grad_norm': '1.164', 'learning_rate': '0.0002', 'epoch': '0.1039'}
[1A
[1A  3%|▎         | 36/1041 [05:05<2:21:57,  8.48s/it]
[1A  4%|▎         | 37/1041 [05:13<2:20:12,  8.38s/it]
[1A                                                   
{'loss': '0.005751', 'grad_norm': '0.1302', 'learning_rate': '0.0002', 'epoch': '0.1068'}
[1A
[1A  4%|▎         | 37/1041 [05:13<2:20:12,  8.38s/it]
[1A  4%|▎         | 38/1041 [05:22<2:20:49,  8.42s/it]
[1A                                                   
{'loss': '0.008512', 'grad_norm': '0.3902', 'learning_rate': '0.0002', 'epoch': '0.1097'}
[1A
[1A  4%|▎         | 38/1041 [05:22<2:20:49,  8.42s/it]
[1A  4%|▎         | 39/1041 [05:30<2:19:27,  8.35s/it]
[1A                                                   
{'loss': '0.01112', 'grad_norm': '0.7369', 'learning_rate': '0.0002', 'epoch': '0.1126'}
[1A
[1A  4%|▎         | 39/1041 [05:30<2:19:27,  8.35s/it]
[1A  4%|▍         | 40/1041 [05:38<2:20:10,  8.40s/it]
[1A                                                   
{'loss': '0.01117', 'grad_norm': '0.6675', 'learning_rate': '0.0002', 'epoch': '0.1154'}
[1A
[1A  4%|▍         | 40/1041 [05:38<2:20:10,  8.40s/it]
[1A  4%|▍         | 41/1041 [05:46<2:18:52,  8.33s/it]
[1A                                                   
{'loss': '0.00653', 'grad_norm': '0.8442', 'learning_rate': '0.0002', 'epoch': '0.1183'}
[1A
[1A  4%|▍         | 41/1041 [05:46<2:18:52,  8.33s/it]
[1A  4%|▍         | 42/1041 [05:55<2:19:35,  8.38s/it]
[1A                                                   
{'loss': '0.001772', 'grad_norm': '0.3246', 'learning_rate': '0.0002', 'epoch': '0.1212'}
[1A
[1A  4%|▍         | 42/1041 [05:55<2:19:35,  8.38s/it]
[1A  4%|▍         | 43/1041 [06:03<2:19:32,  8.39s/it]
[1A                                                   
{'loss': '0.01581', 'grad_norm': '0.8055', 'learning_rate': '0.0002', 'epoch': '0.1241'}
[1A
[1A  4%|▍         | 43/1041 [06:03<2:19:32,  8.39s/it]
[1A  4%|▍         | 44/1041 [06:12<2:20:25,  8.45s/it]
[1A                                                   
{'loss': '0.02247', 'grad_norm': '1.57', 'learning_rate': '0.0001999', 'epoch': '0.127'}
[1A
[1A  4%|▍         | 44/1041 [06:12<2:20:25,  8.45s/it]
[1A  4%|▍         | 45/1041 [06:20<2:19:01,  8.37s/it]
[1A                                                   
{'loss': '0.0003072', 'grad_norm': '0.01151', 'learning_rate': '0.0001999', 'epoch': '0.1299'}
[1A
[1A  4%|▍         | 45/1041 [06:20<2:19:01,  8.37s/it]
[1A  4%|▍         | 46/1041 [06:28<2:15:52,  8.19s/it]
[1A                                                   
{'loss': '0.000334', 'grad_norm': '0.02974', 'learning_rate': '0.0001999', 'epoch': '0.1328'}
[1A
[1A  4%|▍         | 46/1041 [06:28<2:15:52,  8.19s/it]
[1A  5%|▍         | 47/1041 [06:36<2:16:50,  8.26s/it]
[1A                                                   
{'loss': '0.07529', 'grad_norm': '2.575', 'learning_rate': '0.0001999', 'epoch': '0.1356'}
[1A
[1A  5%|▍         | 47/1041 [06:36<2:16:50,  8.26s/it]
[1A  5%|▍         | 48/1041 [06:45<2:17:24,  8.30s/it]
[1A                                                   
{'loss': '0.0005006', 'grad_norm': '0.03211', 'learning_rate': '0.0001999', 'epoch': '0.1385'}
[1A
[1A  5%|▍         | 48/1041 [06:45<2:17:24,  8.30s/it]
[1A  5%|▍         | 49/1041 [06:53<2:17:45,  8.33s/it]
[1A                                                   
{'loss': '0.0007789', 'grad_norm': '0.03524', 'learning_rate': '0.0001999', 'epoch': '0.1414'}
[1A
[1A  5%|▍         | 49/1041 [06:53<2:17:45,  8.33s/it]
[1A  5%|▍         | 50/1041 [07:02<2:17:51,  8.35s/it]
[1A                                                   
{'loss': '0.01901', 'grad_norm': '2.031', 'learning_rate': '0.0001999', 'epoch': '0.1443'}
[1A
[1A  5%|▍         | 50/1041 [07:02<2:17:51,  8.35s/it]
[1A  5%|▍         | 51/1041 [07:10<2:19:16,  8.44s/it]
[1A                                                   
{'loss': '0.001731', 'grad_norm': '0.1008', 'learning_rate': '0.0001998', 'epoch': '0.1472'}
[1A
[1A  5%|▍         | 51/1041 [07:10<2:19:16,  8.44s/it]
[1A  5%|▍         | 52/1041 [07:19<2:18:52,  8.43s/it]
[1A                                                   
{'loss': '0.01454', 'grad_norm': '0.9618', 'learning_rate': '0.0001998', 'epoch': '0.1501'}
[1A
[1A  5%|▍         | 52/1041 [07:19<2:18:52,  8.43s/it]
[1A  5%|▌         | 53/1041 [07:27<2:19:38,  8.48s/it]
[1A                                                   
{'loss': '0.001214', 'grad_norm': '0.1748', 'learning_rate': '0.0001998', 'epoch': '0.153'}
[1A
[1A  5%|▌         | 53/1041 [07:27<2:19:38,  8.48s/it]
[1A  5%|▌         | 54/1041 [07:35<2:17:06,  8.33s/it]
[1A                                                   
{'loss': '0.002035', 'grad_norm': '0.3265', 'learning_rate': '0.0001998', 'epoch': '0.1558'}
[1A
[1A  5%|▌         | 54/1041 [07:35<2:17:06,  8.33s/it]
[1A  5%|▌         | 55/1041 [07:43<2:16:01,  8.28s/it]
[1A                                                   
{'loss': '0.0233', 'grad_norm': '0.5765', 'learning_rate': '0.0001998', 'epoch': '0.1587'}
[1A
[1A  5%|▌         | 55/1041 [07:43<2:16:01,  8.28s/it]
[1A  5%|▌         | 56/1041 [07:51<2:15:13,  8.24s/it]
[1A                                                   
{'loss': '0.0005959', 'grad_norm': '0.06675', 'learning_rate': '0.0001997', 'epoch': '0.1616'}
[1A
[1A  5%|▌         | 56/1041 [07:51<2:15:13,  8.24s/it]
[1A  5%|▌         | 57/1041 [08:00<2:14:41,  8.21s/it]
[1A                                                   
{'loss': '0.006943', 'grad_norm': '0.9593', 'learning_rate': '0.0001997', 'epoch': '0.1645'}
[1A
[1A  5%|▌         | 57/1041 [08:00<2:14:41,  8.21s/it]
[1A  6%|▌         | 58/1041 [08:08<2:14:32,  8.21s/it]
[1A                                                   
{'loss': '0.01831', 'grad_norm': '1.938', 'learning_rate': '0.0001997', 'epoch': '0.1674'}
[1A
[1A  6%|▌         | 58/1041 [08:08<2:14:32,  8.21s/it]
[1A  6%|▌         | 59/1041 [08:16<2:15:25,  8.27s/it]
[1A                                                   
{'loss': '0.04439', 'grad_norm': '0.8333', 'learning_rate': '0.0001997', 'epoch': '0.1703'}
[1A
[1A  6%|▌         | 59/1041 [08:16<2:15:25,  8.27s/it]
[1A  6%|▌         | 60/1041 [08:24<2:14:36,  8.23s/it]
[1A                                                   
{'loss': '0.02593', 'grad_norm': '0.8542', 'learning_rate': '0.0001996', 'epoch': '0.1732'}
[1A
[1A  6%|▌         | 60/1041 [08:24<2:14:36,  8.23s/it]
[1A  6%|▌         | 61/1041 [08:33<2:15:05,  8.27s/it]
[1A                                                   
{'loss': '0.0003381', 'grad_norm': '0.02472', 'learning_rate': '0.0001996', 'epoch': '0.176'}
[1A
[1A  6%|▌         | 61/1041 [08:33<2:15:05,  8.27s/it]
[1A  6%|▌         | 62/1041 [08:41<2:16:39,  8.38s/it]
[1A                                                   
{'loss': '0.01935', 'grad_norm': '1.631', 'learning_rate': '0.0001996', 'epoch': '0.1789'}
[1A
[1A  6%|▌         | 62/1041 [08:41<2:16:39,  8.38s/it]
[1A  6%|▌         | 63/1041 [08:50<2:16:35,  8.38s/it]
[1A                                                   
{'loss': '0.002715', 'grad_norm': '0.1324', 'learning_rate': '0.0001996', 'epoch': '0.1818'}
[1A
[1A  6%|▌         | 63/1041 [08:50<2:16:35,  8.38s/it]
[1A  6%|▌         | 64/1041 [08:58<2:17:08,  8.42s/it]
[1A                                                   
{'loss': '0.01094', 'grad_norm': '0.5777', 'learning_rate': '0.0001995', 'epoch': '0.1847'}
[1A
[1A  6%|▌         | 64/1041 [08:58<2:17:08,  8.42s/it]
[1A  6%|▌         | 65/1041 [09:06<2:14:45,  8.28s/it]
[1A                                                   
{'loss': '0.007762', 'grad_norm': '0.2478', 'learning_rate': '0.0001995', 'epoch': '0.1876'}
[1A
[1A  6%|▌         | 65/1041 [09:06<2:14:45,  8.28s/it]
[1A  6%|▋         | 66/1041 [09:14<2:14:08,  8.26s/it]
[1A                                                   
{'loss': '0.00474', 'grad_norm': '0.1458', 'learning_rate': '0.0001995', 'epoch': '0.1905'}
[1A
[1A  6%|▋         | 66/1041 [09:14<2:14:08,  8.26s/it]
[1A  6%|▋         | 67/1041 [09:23<2:15:22,  8.34s/it]
[1A                                                   
{'loss': '0.0008724', 'grad_norm': '0.04427', 'learning_rate': '0.0001994', 'epoch': '0.1934'}
[1A
[1A  6%|▋         | 67/1041 [09:23<2:15:22,  8.34s/it]
[1A  7%|▋         | 68/1041 [09:32<2:16:15,  8.40s/it]
[1A                                                   
{'loss': '0.006914', 'grad_norm': '0.9772', 'learning_rate': '0.0001994', 'epoch': '0.1962'}
[1A
[1A  7%|▋         | 68/1041 [09:32<2:16:15,  8.40s/it]
[1A  7%|▋         | 69/1041 [09:40<2:16:14,  8.41s/it]
[1A                                                   
{'loss': '0.001197', 'grad_norm': '0.1144', 'learning_rate': '0.0001994', 'epoch': '0.1991'}
[1A
[1A  7%|▋         | 69/1041 [09:40<2:16:14,  8.41s/it]
[1A  7%|▋         | 70/1041 [09:48<2:14:21,  8.30s/it]
[1A                                                   
{'loss': '0.0006669', 'grad_norm': '0.07316', 'learning_rate': '0.0001993', 'epoch': '0.202'}
[1A
[1A  7%|▋         | 70/1041 [09:48<2:14:21,  8.30s/it]
[1A  7%|▋         | 71/1041 [09:56<2:14:36,  8.33s/it]
[1A                                                   
{'loss': '0.01746', 'grad_norm': '1.304', 'learning_rate': '0.0001993', 'epoch': '0.2049'}
[1A
[1A  7%|▋         | 71/1041 [09:56<2:14:36,  8.33s/it]
[1A  7%|▋         | 72/1041 [10:05<2:15:25,  8.39s/it]
[1A                                                   
{'loss': '0.001373', 'grad_norm': '0.08903', 'learning_rate': '0.0001993', 'epoch': '0.2078'}
[1A
[1A  7%|▋         | 72/1041 [10:05<2:15:25,  8.39s/it]
[1A  7%|▋         | 73/1041 [10:13<2:14:42,  8.35s/it]
[1A                                                   
{'loss': '0.00818', 'grad_norm': '0.8063', 'learning_rate': '0.0001992', 'epoch': '0.2107'}
[1A
[1A  7%|▋         | 73/1041 [10:13<2:14:42,  8.35s/it]
[1A  7%|▋         | 74/1041 [10:22<2:15:32,  8.41s/it]
[1A                                                   
{'loss': '0.009338', 'grad_norm': '0.367', 'learning_rate': '0.0001992', 'epoch': '0.2136'}
[1A
[1A  7%|▋         | 74/1041 [10:22<2:15:32,  8.41s/it]
[1A  7%|▋         | 75/1041 [10:30<2:15:58,  8.45s/it]
[1A                                                   
{'loss': '0.03536', 'grad_norm': '1.301', 'learning_rate': '0.0001991', 'epoch': '0.2165'}
[1A
[1A  7%|▋         | 75/1041 [10:30<2:15:58,  8.45s/it]
[1A  7%|▋         | 76/1041 [10:39<2:15:38,  8.43s/it]
[1A                                                   
{'loss': '0.00642', 'grad_norm': '0.2811', 'learning_rate': '0.0001991', 'epoch': '0.2193'}
[1A
[1A  7%|▋         | 76/1041 [10:39<2:15:38,  8.43s/it]
[1A  7%|▋         | 77/1041 [10:47<2:15:16,  8.42s/it]                                                   
{'loss': '0.0008134', 'grad_norm': '0.0695', 'learning_rate': '0.0001991', 'epoch': '0.2222'}
[1A
[1A  7%|▋         | 77/1041 [10:47<2:15:16,  8.42s/it]
[1A  7%|▋         | 78/1041 [10:55<2:14:00,  8.35s/it]
[1A                                                   
{'loss': '0.005319', 'grad_norm': '0.7461', 'learning_rate': '0.000199', 'epoch': '0.2251'}
[1A
[1A  7%|▋         | 78/1041 [10:55<2:14:00,  8.35s/it]
[1A  8%|▊         | 79/1041 [11:04<2:15:05,  8.43s/it]
[1A                                                   
{'loss': '0.001418', 'grad_norm': '0.1347', 'learning_rate': '0.000199', 'epoch': '0.228'}
[1A
[1A  8%|▊         | 79/1041 [11:04<2:15:05,  8.43s/it]
[1A  8%|▊         | 80/1041 [11:12<2:11:43,  8.22s/it]
[1A                                                   
{'loss': '0.0001848', 'grad_norm': '0.01141', 'learning_rate': '0.0001989', 'epoch': '0.2309'}
[1A
[1A  8%|▊         | 80/1041 [11:12<2:11:43,  8.22s/it]
[1A  8%|▊         | 81/1041 [11:20<2:13:01,  8.31s/it]
[1A                                                   
{'loss': '0.02603', 'grad_norm': '1.912', 'learning_rate': '0.0001989', 'epoch': '0.2338'}
[1A
[1A  8%|▊         | 81/1041 [11:20<2:13:01,  8.31s/it]
[1A  8%|▊         | 82/1041 [11:29<2:14:36,  8.42s/it]
[1A                                                   
{'loss': '0.001716', 'grad_norm': '0.1383', 'learning_rate': '0.0001988', 'epoch': '0.2367'}
[1A
[1A  8%|▊         | 82/1041 [11:29<2:14:36,  8.42s/it]
[1A  8%|▊         | 83/1041 [11:37<2:14:10,  8.40s/it]
[1A                                                   
{'loss': '0.008189', 'grad_norm': '1.444', 'learning_rate': '0.0001988', 'epoch': '0.2395'}
[1A
[1A  8%|▊         | 83/1041 [11:37<2:14:10,  8.40s/it]
[1A  8%|▊         | 84/1041 [11:46<2:13:46,  8.39s/it]
[1A                                                   
{'loss': '0.02748', 'grad_norm': '0.6617', 'learning_rate': '0.0001987', 'epoch': '0.2424'}
[1A
[1A  8%|▊         | 84/1041 [11:46<2:13:46,  8.39s/it]
[1A  8%|▊         | 85/1041 [11:54<2:14:24,  8.44s/it]
[1A                                                   
{'loss': '0.0174', 'grad_norm': '1.126', 'learning_rate': '0.0001987', 'epoch': '0.2453'}
[1A
[1A  8%|▊         | 85/1041 [11:54<2:14:24,  8.44s/it]
[1A  8%|▊         | 86/1041 [12:02<2:14:11,  8.43s/it]
[1A                                                   
{'loss': '0.0005609', 'grad_norm': '0.02477', 'learning_rate': '0.0001986', 'epoch': '0.2482'}
[1A
[1A  8%|▊         | 86/1041 [12:02<2:14:11,  8.43s/it]
[1A  8%|▊         | 87/1041 [12:11<2:14:41,  8.47s/it]
[1A                                                   
{'loss': '0.005528', 'grad_norm': '0.5862', 'learning_rate': '0.0001986', 'epoch': '0.2511'}
[1A
[1A  8%|▊         | 87/1041 [12:11<2:14:41,  8.47s/it]
[1A  8%|▊         | 88/1041 [12:19<2:13:48,  8.42s/it]
[1A                                                   
{'loss': '0.001354', 'grad_norm': '0.1562', 'learning_rate': '0.0001985', 'epoch': '0.254'}
[1A
[1A  8%|▊         | 88/1041 [12:19<2:13:48,  8.42s/it]
[1A  9%|▊         | 89/1041 [12:28<2:13:29,  8.41s/it]
[1A                                                   
{'loss': '0.01036', 'grad_norm': '0.744', 'learning_rate': '0.0001985', 'epoch': '0.2569'}
[1A
[1A  9%|▊         | 89/1041 [12:28<2:13:29,  8.41s/it]
[1A  9%|▊         | 90/1041 [12:36<2:12:28,  8.36s/it]
[1A                                                   
{'loss': '0.02511', 'grad_norm': '0.7938', 'learning_rate': '0.0001984', 'epoch': '0.2597'}
[1A
[1A  9%|▊         | 90/1041 [12:36<2:12:28,  8.36s/it]
[1A  9%|▊         | 91/1041 [12:44<2:13:06,  8.41s/it]
[1A                                                   
{'loss': '0.003279', 'grad_norm': '0.3088', 'learning_rate': '0.0001984', 'epoch': '0.2626'}
[1A
[1A  9%|▊         | 91/1041 [12:44<2:13:06,  8.41s/it]
[1A  9%|▉         | 92/1041 [12:53<2:11:15,  8.30s/it]
[1A                                                   
{'loss': '0.001134', 'grad_norm': '0.08547', 'learning_rate': '0.0001983', 'epoch': '0.2655'}
[1A
[1A  9%|▉         | 92/1041 [12:53<2:11:15,  8.30s/it]
[1A  9%|▉         | 93/1041 [13:01<2:11:22,  8.32s/it]
[1A                                                   
{'loss': '0.02811', 'grad_norm': '0.9912', 'learning_rate': '0.0001983', 'epoch': '0.2684'}
[1A
[1A  9%|▉         | 93/1041 [13:01<2:11:22,  8.32s/it]
[1A  9%|▉         | 94/1041 [13:09<2:10:07,  8.24s/it]
[1A                                                   
{'loss': '0.01098', 'grad_norm': '1.397', 'learning_rate': '0.0001982', 'epoch': '0.2713'}
[1A
[1A  9%|▉         | 94/1041 [13:09<2:10:07,  8.24s/it]
[1A  9%|▉         | 95/1041 [13:18<2:11:38,  8.35s/it]
[1A                                                   
{'loss': '0.02511', 'grad_norm': '0.3946', 'learning_rate': '0.0001981', 'epoch': '0.2742'}
[1A
[1A  9%|▉         | 95/1041 [13:18<2:11:38,  8.35s/it]
[1A  9%|▉         | 96/1041 [13:26<2:12:12,  8.39s/it]
[1A                                                   
{'loss': '0.004347', 'grad_norm': '0.2412', 'learning_rate': '0.0001981', 'epoch': '0.2771'}
[1A
[1A  9%|▉         | 96/1041 [13:26<2:12:12,  8.39s/it]
[1A  9%|▉         | 97/1041 [13:34<2:08:38,  8.18s/it]
[1A                                                   
{'loss': '0.002706', 'grad_norm': '0.2154', 'learning_rate': '0.000198', 'epoch': '0.2799'}
[1A
[1A  9%|▉         | 97/1041 [13:34<2:08:38,  8.18s/it]
[1A  9%|▉         | 98/1041 [13:42<2:09:56,  8.27s/it]
[1A                                                   
{'loss': '0.03161', 'grad_norm': '1.191', 'learning_rate': '0.000198', 'epoch': '0.2828'}
[1A
[1A  9%|▉         | 98/1041 [13:42<2:09:56,  8.27s/it]
[1A 10%|▉         | 99/1041 [13:51<2:11:33,  8.38s/it]
[1A                                                   
{'loss': '0.002288', 'grad_norm': '0.1479', 'learning_rate': '0.0001979', 'epoch': '0.2857'}
[1A
[1A 10%|▉         | 99/1041 [13:51<2:11:33,  8.38s/it]
[1A 10%|▉         | 100/1041 [14:10<3:00:48, 11.53s/it]
[1A                                                    
{'loss': '0.000971', 'grad_norm': '0.04597', 'learning_rate': '0.0001978', 'epoch': '0.2886'}
[1A
[1A 10%|▉         | 100/1041 [14:10<3:00:48, 11.53s/it]
[1A 10%|▉         | 101/1041 [14:18<2:45:55, 10.59s/it]
[1A                                                    
{'loss': '0.06332', 'grad_norm': '0.7239', 'learning_rate': '0.0001978', 'epoch': '0.2915'}
[1A
[1A 10%|▉         | 101/1041 [14:18<2:45:55, 10.59s/it]
[1A 10%|▉         | 102/1041 [14:27<2:35:27,  9.93s/it]
[1A                                                    
{'loss': '0.05566', 'grad_norm': '1.157', 'learning_rate': '0.0001977', 'epoch': '0.2944'}
[1A
[1A 10%|▉         | 102/1041 [14:27<2:35:27,  9.93s/it]
[1A 10%|▉         | 103/1041 [14:34<2:25:51,  9.33s/it]
[1A                                                    
{'loss': '0.003195', 'grad_norm': '0.1382', 'learning_rate': '0.0001976', 'epoch': '0.2973'}
[1A
[1A 10%|▉         | 103/1041 [14:34<2:25:51,  9.33s/it]
[1A 10%|▉         | 104/1041 [14:43<2:20:54,  9.02s/it]
[1A                                                    
{'loss': '0.0031', 'grad_norm': '0.09153', 'learning_rate': '0.0001976', 'epoch': '0.3001'}
[1A
[1A 10%|▉         | 104/1041 [14:43<2:20:54,  9.02s/it]
[1A 10%|█         | 105/1041 [14:51<2:17:53,  8.84s/it]
[1A                                                    
{'loss': '0.01429', 'grad_norm': '0.5405', 'learning_rate': '0.0001975', 'epoch': '0.303'}
[1A
[1A 10%|█         | 105/1041 [14:51<2:17:53,  8.84s/it]
[1A 10%|█         | 106/1041 [15:00<2:16:03,  8.73s/it]
[1A                                                    
{'loss': '0.02345', 'grad_norm': '0.6672', 'learning_rate': '0.0001974', 'epoch': '0.3059'}
[1A
[1A 10%|█         | 106/1041 [15:00<2:16:03,  8.73s/it]
[1A 10%|█         | 107/1041 [15:08<2:12:46,  8.53s/it]
[1A                                                    
{'loss': '0.009984', 'grad_norm': '0.296', 'learning_rate': '0.0001974', 'epoch': '0.3088'}
[1A
[1A 10%|█         | 107/1041 [15:08<2:12:46,  8.53s/it]
[1A 10%|█         | 108/1041 [15:16<2:11:25,  8.45s/it]
[1A                                                    
{'loss': '0.00371', 'grad_norm': '0.1693', 'learning_rate': '0.0001973', 'epoch': '0.3117'}
[1A
[1A 10%|█         | 108/1041 [15:16<2:11:25,  8.45s/it]
[1A 10%|█         | 109/1041 [15:24<2:09:25,  8.33s/it]
[1A                                                    
{'loss': '0.005675', 'grad_norm': '0.4116', 'learning_rate': '0.0001972', 'epoch': '0.3146'}
[1A
[1A 10%|█         | 109/1041 [15:24<2:09:25,  8.33s/it]
[1A 11%|█         | 110/1041 [15:33<2:10:17,  8.40s/it]
[1A                                                    
{'loss': '0.02769', 'grad_norm': '0.3615', 'learning_rate': '0.0001971', 'epoch': '0.3175'}
[1A
[1A 11%|█         | 110/1041 [15:33<2:10:17,  8.40s/it]
[1A 11%|█         | 111/1041 [15:41<2:10:12,  8.40s/it]
[1A                                                    
{'loss': '0.006728', 'grad_norm': '0.1587', 'learning_rate': '0.0001971', 'epoch': '0.3203'}
[1A
[1A 11%|█         | 111/1041 [15:41<2:10:12,  8.40s/it]
[1A 11%|█         | 112/1041 [15:49<2:06:39,  8.18s/it]
[1A                                                    
{'loss': '0.002631', 'grad_norm': '0.1762', 'learning_rate': '0.000197', 'epoch': '0.3232'}
[1A
[1A 11%|█         | 112/1041 [15:49<2:06:39,  8.18s/it]
[1A 11%|█         | 113/1041 [15:57<2:07:04,  8.22s/it]
[1A                                                    
{'loss': '0.003899', 'grad_norm': '0.22', 'learning_rate': '0.0001969', 'epoch': '0.3261'}
[1A
[1A 11%|█         | 113/1041 [15:57<2:07:04,  8.22s/it]
[1A 11%|█         | 114/1041 [16:05<2:07:14,  8.24s/it]
[1A                                                    
{'loss': '0.0008258', 'grad_norm': '0.02858', 'learning_rate': '0.0001968', 'epoch': '0.329'}
[1A
[1A 11%|█         | 114/1041 [16:05<2:07:14,  8.24s/it]
[1A 11%|█         | 115/1041 [16:14<2:08:53,  8.35s/it]
[1A                                                    
{'loss': '0.009905', 'grad_norm': '0.3437', 'learning_rate': '0.0001968', 'epoch': '0.3319'}
[1A
[1A 11%|█         | 115/1041 [16:14<2:08:53,  8.35s/it]
[1A 11%|█         | 116/1041 [16:22<2:08:27,  8.33s/it]
[1A                                                    
{'loss': '0.003221', 'grad_norm': '0.1139', 'learning_rate': '0.0001967', 'epoch': '0.3348'}
[1A
[1A 11%|█         | 116/1041 [16:22<2:08:27,  8.33s/it]
[1A 11%|█         | 117/1041 [16:30<2:08:00,  8.31s/it]
[1A                                                    
{'loss': '0.01044', 'grad_norm': '0.3626', 'learning_rate': '0.0001966', 'epoch': '0.3377'}
[1A
[1A 11%|█         | 117/1041 [16:30<2:08:00,  8.31s/it]
[1A 11%|█▏        | 118/1041 [16:38<2:06:38,  8.23s/it]
[1A                                                    
{'loss': '0.0002074', 'grad_norm': '0.008613', 'learning_rate': '0.0001965', 'epoch': '0.3405'}
[1A
[1A 11%|█▏        | 118/1041 [16:38<2:06:38,  8.23s/it]
[1A 11%|█▏        | 119/1041 [16:47<2:07:51,  8.32s/it]
[1A                                                    
{'loss': '0.01184', 'grad_norm': '0.5291', 'learning_rate': '0.0001964', 'epoch': '0.3434'}
[1A
[1A 11%|█▏        | 119/1041 [16:47<2:07:51,  8.32s/it]
[1A 12%|█▏        | 120/1041 [16:55<2:07:32,  8.31s/it]
[1A                                                    
{'loss': '0.0002417', 'grad_norm': '0.006002', 'learning_rate': '0.0001964', 'epoch': '0.3463'}
[1A
[1A 12%|█▏        | 120/1041 [16:55<2:07:32,  8.31s/it]
[1A 12%|█▏        | 121/1041 [17:04<2:07:59,  8.35s/it]
[1A                                                    
{'loss': '0.0005504', 'grad_norm': '0.01839', 'learning_rate': '0.0001963', 'epoch': '0.3492'}
[1A
[1A 12%|█▏        | 121/1041 [17:04<2:07:59,  8.35s/it]
[1A 12%|█▏        | 122/1041 [17:12<2:07:10,  8.30s/it]
[1A                                                    
{'loss': '0.00642', 'grad_norm': '0.1589', 'learning_rate': '0.0001962', 'epoch': '0.3521'}
[1A
[1A 12%|█▏        | 122/1041 [17:12<2:07:10,  8.30s/it]
[1A 12%|█▏        | 123/1041 [17:20<2:07:29,  8.33s/it]
[1A                                                    
{'loss': '0.0002188', 'grad_norm': '0.008232', 'learning_rate': '0.0001961', 'epoch': '0.355'}
[1A
[1A 12%|█▏        | 123/1041 [17:20<2:07:29,  8.33s/it]
[1A 12%|█▏        | 124/1041 [17:29<2:07:33,  8.35s/it]
[1A                                                    
{'loss': '0.0008944', 'grad_norm': '0.1055', 'learning_rate': '0.000196', 'epoch': '0.3579'}
[1A
[1A 12%|█▏        | 124/1041 [17:29<2:07:33,  8.35s/it]
[1A 12%|█▏        | 125/1041 [17:37<2:07:40,  8.36s/it]
[1A                                                    
{'loss': '0.0009547', 'grad_norm': '0.1197', 'learning_rate': '0.0001959', 'epoch': '0.3608'}
[1A
[1A 12%|█▏        | 125/1041 [17:37<2:07:40,  8.36s/it]
[1A 12%|█▏        | 126/1041 [17:46<2:08:26,  8.42s/it]
[1A                                                    
{'loss': '0.002735', 'grad_norm': '0.798', 'learning_rate': '0.0001958', 'epoch': '0.3636'}
[1A
[1A 12%|█▏        | 126/1041 [17:46<2:08:26,  8.42s/it]
[1A 12%|█▏        | 127/1041 [17:54<2:08:19,  8.42s/it]
[1A                                                    
{'loss': '0.01299', 'grad_norm': '0.6223', 'learning_rate': '0.0001957', 'epoch': '0.3665'}
[1A
[1A 12%|█▏        | 127/1041 [17:54<2:08:19,  8.42s/it]
[1A 12%|█▏        | 128/1041 [18:02<2:07:46,  8.40s/it]
[1A                                                    
{'loss': '0.0002513', 'grad_norm': '0.05859', 'learning_rate': '0.0001957', 'epoch': '0.3694'}
[1A
[1A 12%|█▏        | 128/1041 [18:02<2:07:46,  8.40s/it]
[1A 12%|█▏        | 129/1041 [18:11<2:08:00,  8.42s/it]
[1A                                                    
{'loss': '0.05558', 'grad_norm': '2.553', 'learning_rate': '0.0001956', 'epoch': '0.3723'}
[1A
[1A 12%|█▏        | 129/1041 [18:11<2:08:00,  8.42s/it]
[1A 12%|█▏        | 130/1041 [18:19<2:05:23,  8.26s/it]
[1A                                                    
{'loss': '0.00032', 'grad_norm': '0.01907', 'learning_rate': '0.0001955', 'epoch': '0.3752'}
[1A
[1A 12%|█▏        | 130/1041 [18:19<2:05:23,  8.26s/it]
[1A 13%|█▎        | 131/1041 [18:27<2:04:15,  8.19s/it]
[1A                                                    
{'loss': '0.02585', 'grad_norm': '1.09', 'learning_rate': '0.0001954', 'epoch': '0.3781'}
[1A
[1A 13%|█▎        | 131/1041 [18:27<2:04:15,  8.19s/it]
[1A 13%|█▎        | 132/1041 [18:35<2:04:37,  8.23s/it]
[1A                                                    
{'loss': '0.0002485', 'grad_norm': '0.006787', 'learning_rate': '0.0001953', 'epoch': '0.381'}
[1A
[1A 13%|█▎        | 132/1041 [18:35<2:04:37,  8.23s/it]
[1A 13%|█▎        | 133/1041 [18:43<2:03:30,  8.16s/it]
[1A                                                    
{'loss': '0.0088', 'grad_norm': '0.2554', 'learning_rate': '0.0001952', 'epoch': '0.3838'}
[1A
[1A 13%|█▎        | 133/1041 [18:43<2:03:30,  8.16s/it]
[1A 13%|█▎        | 134/1041 [18:52<2:04:33,  8.24s/it]
[1A                                                    
{'loss': '0.001098', 'grad_norm': '0.1106', 'learning_rate': '0.0001951', 'epoch': '0.3867'}
[1A
[1A 13%|█▎        | 134/1041 [18:52<2:04:33,  8.24s/it]
[1A 13%|█▎        | 135/1041 [19:00<2:03:40,  8.19s/it]
[1A                                                    
{'loss': '0.001287', 'grad_norm': '0.0618', 'learning_rate': '0.000195', 'epoch': '0.3896'}
[1A
[1A 13%|█▎        | 135/1041 [19:00<2:03:40,  8.19s/it]
[1A 13%|█▎        | 136/1041 [19:08<2:03:01,  8.16s/it]
[1A                                                    
{'loss': '0.0002395', 'grad_norm': '0.008053', 'learning_rate': '0.0001949', 'epoch': '0.3925'}
[1A
[1A 13%|█▎        | 136/1041 [19:08<2:03:01,  8.16s/it]
[1A 13%|█▎        | 137/1041 [19:16<2:03:29,  8.20s/it]
[1A                                                    
{'loss': '0.0006827', 'grad_norm': '0.1005', 'learning_rate': '0.0001948', 'epoch': '0.3954'}
[1A
[1A 13%|█▎        | 137/1041 [19:16<2:03:29,  8.20s/it]
[1A 13%|█▎        | 138/1041 [19:24<2:03:45,  8.22s/it]
[1A                                                    
{'loss': '0.002402', 'grad_norm': '0.1359', 'learning_rate': '0.0001947', 'epoch': '0.3983'}
[1A
[1A 13%|█▎        | 138/1041 [19:24<2:03:45,  8.22s/it]
[1A 13%|█▎        | 139/1041 [19:33<2:04:34,  8.29s/it]
[1A                                                    
{'loss': '0.00485', 'grad_norm': '0.1438', 'learning_rate': '0.0001946', 'epoch': '0.4012'}
[1A
[1A 13%|█▎        | 139/1041 [19:33<2:04:34,  8.29s/it]
[1A 13%|█▎        | 140/1041 [19:41<2:04:29,  8.29s/it]
[1A                                                    
{'loss': '0.00784', 'grad_norm': '0.7118', 'learning_rate': '0.0001945', 'epoch': '0.404'}
[1A
[1A 13%|█▎        | 140/1041 [19:41<2:04:29,  8.29s/it]
[1A 14%|█▎        | 141/1041 [19:50<2:05:29,  8.37s/it]
[1A                                                    
{'loss': '0.002622', 'grad_norm': '0.1869', 'learning_rate': '0.0001944', 'epoch': '0.4069'}
[1A
[1A 14%|█▎        | 141/1041 [19:50<2:05:29,  8.37s/it]
[1A 14%|█▎        | 142/1041 [19:58<2:05:17,  8.36s/it]
[1A                                                    
{'loss': '0.01283', 'grad_norm': '0.2544', 'learning_rate': '0.0001943', 'epoch': '0.4098'}
[1A
[1A 14%|█▎        | 142/1041 [19:58<2:05:17,  8.36s/it]
[1A 14%|█▎        | 143/1041 [20:06<2:05:38,  8.39s/it]
[1A                                                    
{'loss': '0.002187', 'grad_norm': '0.1172', 'learning_rate': '0.0001942', 'epoch': '0.4127'}
[1A
[1A 14%|█▎        | 143/1041 [20:06<2:05:38,  8.39s/it]
[1A 14%|█▍        | 144/1041 [20:15<2:05:34,  8.40s/it]
[1A                                                    
{'loss': '0.0005152', 'grad_norm': '0.01011', 'learning_rate': '0.0001941', 'epoch': '0.4156'}
[1A
[1A 14%|█▍        | 144/1041 [20:15<2:05:34,  8.40s/it]
[1A 14%|█▍        | 145/1041 [20:23<2:05:01,  8.37s/it]
[1A                                                    
{'loss': '0.002346', 'grad_norm': '0.0949', 'learning_rate': '0.000194', 'epoch': '0.4185'}
[1A
[1A 14%|█▍        | 145/1041 [20:23<2:05:01,  8.37s/it]
[1A 14%|█▍        | 146/1041 [20:31<2:04:30,  8.35s/it]
[1A                                                    
{'loss': '0.002311', 'grad_norm': '0.1513', 'learning_rate': '0.0001939', 'epoch': '0.4214'}
[1A
[1A 14%|█▍        | 146/1041 [20:31<2:04:30,  8.35s/it]
[1A 14%|█▍        | 147/1041 [20:40<2:04:12,  8.34s/it]
[1A                                                    
{'loss': '0.001058', 'grad_norm': '0.07247', 'learning_rate': '0.0001938', 'epoch': '0.4242'}
[1A
[1A 14%|█▍        | 147/1041 [20:40<2:04:12,  8.34s/it]
[1A 14%|█▍        | 148/1041 [20:48<2:02:32,  8.23s/it]
[1A                                                    
{'loss': '0.0008808', 'grad_norm': '0.03776', 'learning_rate': '0.0001937', 'epoch': '0.4271'}
[1A
[1A 14%|█▍        | 148/1041 [20:48<2:02:32,  8.23s/it]
[1A 14%|█▍        | 149/1041 [20:56<2:01:44,  8.19s/it]
[1A                                                    
{'loss': '0.0003646', 'grad_norm': '0.01198', 'learning_rate': '0.0001935', 'epoch': '0.43'}
[1A
[1A 14%|█▍        | 149/1041 [20:56<2:01:44,  8.19s/it]
[1A 14%|█▍        | 150/1041 [21:04<2:02:06,  8.22s/it]
[1A                                                    
{'loss': '0.0001077', 'grad_norm': '0.002754', 'learning_rate': '0.0001934', 'epoch': '0.4329'}
[1A
[1A 14%|█▍        | 150/1041 [21:04<2:02:06,  8.22s/it]
[1A 15%|█▍        | 151/1041 [21:12<2:02:20,  8.25s/it]
[1A                                                    
{'loss': '0.003304', 'grad_norm': '0.3667', 'learning_rate': '0.0001933', 'epoch': '0.4358'}
[1A
[1A 15%|█▍        | 151/1041 [21:12<2:02:20,  8.25s/it]
[1A 15%|█▍        | 152/1041 [21:21<2:02:59,  8.30s/it]
[1A                                                    
{'loss': '0.001919', 'grad_norm': '0.0933', 'learning_rate': '0.0001932', 'epoch': '0.4387'}
[1A
[1A 15%|█▍        | 152/1041 [21:21<2:02:59,  8.30s/it]
[1A 15%|█▍        | 153/1041 [21:29<2:02:36,  8.28s/it]
[1A                                                    
{'loss': '0.0004756', 'grad_norm': '0.05159', 'learning_rate': '0.0001931', 'epoch': '0.4416'}
[1A
[1A 15%|█▍        | 153/1041 [21:29<2:02:36,  8.28s/it]
[1A 15%|█▍        | 154/1041 [21:37<2:02:28,  8.28s/it]
[1A                                                    
{'loss': '0.01213', 'grad_norm': '0.7179', 'learning_rate': '0.000193', 'epoch': '0.4444'}
[1A
[1A 15%|█▍        | 154/1041 [21:37<2:02:28,  8.28s/it]
[1A 15%|█▍        | 155/1041 [21:46<2:02:49,  8.32s/it]
[1A                                                    
{'loss': '0.0001879', 'grad_norm': '0.01276', 'learning_rate': '0.0001929', 'epoch': '0.4473'}
[1A
[1A 15%|█▍        | 155/1041 [21:46<2:02:49,  8.32s/it]
[1A 15%|█▍        | 156/1041 [21:54<2:02:31,  8.31s/it]
[1A                                                    
{'loss': '0.01454', 'grad_norm': '0.8176', 'learning_rate': '0.0001928', 'epoch': '0.4502'}
[1A
[1A 15%|█▍        | 156/1041 [21:54<2:02:31,  8.31s/it]
[1A 15%|█▌        | 157/1041 [22:02<2:02:14,  8.30s/it]
[1A                                                    
{'loss': '0.001859', 'grad_norm': '0.2267', 'learning_rate': '0.0001926', 'epoch': '0.4531'}
[1A
[1A 15%|█▌        | 157/1041 [22:02<2:02:14,  8.30s/it]
[1A 15%|█▌        | 158/1041 [22:11<2:01:59,  8.29s/it]
[1A                                                    
{'loss': '0.0002434', 'grad_norm': '0.009111', 'learning_rate': '0.0001925', 'epoch': '0.456'}
[1A
[1A 15%|█▌        | 158/1041 [22:11<2:01:59,  8.29s/it]
[1A 15%|█▌        | 159/1041 [22:19<2:02:50,  8.36s/it]
[1A                                                    
{'loss': '0.0001851', 'grad_norm': '0.09132', 'learning_rate': '0.0001924', 'epoch': '0.4589'}
[1A
[1A 15%|█▌        | 159/1041 [22:19<2:02:50,  8.36s/it]
[1A 15%|█▌        | 160/1041 [22:27<2:01:20,  8.26s/it]
[1A                                                    
{'loss': '0.006186', 'grad_norm': '0.6574', 'learning_rate': '0.0001923', 'epoch': '0.4618'}
[1A
[1A 15%|█▌        | 160/1041 [22:27<2:01:20,  8.26s/it]
[1A 15%|█▌        | 161/1041 [22:36<2:02:27,  8.35s/it]
[1A                                                    
{'loss': '0.03641', 'grad_norm': '1.382', 'learning_rate': '0.0001922', 'epoch': '0.4646'}
[1A
[1A 15%|█▌        | 161/1041 [22:36<2:02:27,  8.35s/it]
[1A 16%|█▌        | 162/1041 [22:44<2:02:34,  8.37s/it]
[1A                                                    
{'loss': '4.159e-05', 'grad_norm': '0.001662', 'learning_rate': '0.000192', 'epoch': '0.4675'}
[1A
[1A 16%|█▌        | 162/1041 [22:44<2:02:34,  8.37s/it]
[1A 16%|█▌        | 163/1041 [22:53<2:02:47,  8.39s/it]
[1A                                                    
{'loss': '0.00782', 'grad_norm': '0.185', 'learning_rate': '0.0001919', 'epoch': '0.4704'}
[1A
[1A 16%|█▌        | 163/1041 [22:53<2:02:47,  8.39s/it]
[1A 16%|█▌        | 164/1041 [23:00<2:00:00,  8.21s/it]
[1A                                                    
{'loss': '4.777e-05', 'grad_norm': '0.001146', 'learning_rate': '0.0001918', 'epoch': '0.4733'}
[1A
[1A 16%|█▌        | 164/1041 [23:00<2:00:00,  8.21s/it]
[1A 16%|█▌        | 165/1041 [23:09<2:00:49,  8.28s/it]
[1A                                                    
{'loss': '0.008031', 'grad_norm': '0.5634', 'learning_rate': '0.0001917', 'epoch': '0.4762'}
[1A
[1A 16%|█▌        | 165/1041 [23:09<2:00:49,  8.28s/it]
[1A 16%|█▌        | 166/1041 [23:17<2:00:39,  8.27s/it]
[1A                                                    
{'loss': '0.004313', 'grad_norm': '0.3895', 'learning_rate': '0.0001915', 'epoch': '0.4791'}
[1A
[1A 16%|█▌        | 166/1041 [23:17<2:00:39,  8.27s/it]
[1A 16%|█▌        | 167/1041 [23:25<2:01:11,  8.32s/it]
[1A                                                    
{'loss': '0.02512', 'grad_norm': '4.193', 'learning_rate': '0.0001914', 'epoch': '0.482'}
[1A
[1A 16%|█▌        | 167/1041 [23:25<2:01:11,  8.32s/it]
[1A 16%|█▌        | 168/1041 [23:34<2:01:05,  8.32s/it]
[1A                                                    
{'loss': '0.001191', 'grad_norm': '0.1599', 'learning_rate': '0.0001913', 'epoch': '0.4848'}
[1A
[1A 16%|█▌        | 168/1041 [23:34<2:01:05,  8.32s/it]
[1A 16%|█▌        | 169/1041 [23:42<2:00:39,  8.30s/it]
[1A                                                    
{'loss': '0.02282', 'grad_norm': '0.6388', 'learning_rate': '0.0001912', 'epoch': '0.4877'}
[1A
[1A 16%|█▌        | 169/1041 [23:42<2:00:39,  8.30s/it]
[1A 16%|█▋        | 170/1041 [23:50<2:00:34,  8.31s/it]
[1A                                                    
{'loss': '0.03985', 'grad_norm': '1.189', 'learning_rate': '0.000191', 'epoch': '0.4906'}
[1A
[1A 16%|█▋        | 170/1041 [23:50<2:00:34,  8.31s/it]
[1A 16%|█▋        | 171/1041 [23:59<2:00:20,  8.30s/it]
[1A                                                    
{'loss': '0.0001468', 'grad_norm': '0.004624', 'learning_rate': '0.0001909', 'epoch': '0.4935'}
[1A
[1A 16%|█▋        | 171/1041 [23:59<2:00:20,  8.30s/it]
[1A 17%|█▋        | 172/1041 [24:07<2:01:21,  8.38s/it]
[1A                                                    
{'loss': '0.03572', 'grad_norm': '2.228', 'learning_rate': '0.0001908', 'epoch': '0.4964'}
[1A
[1A 17%|█▋        | 172/1041 [24:07<2:01:21,  8.38s/it]
[1A 17%|█▋        | 173/1041 [24:15<2:00:59,  8.36s/it]
[1A                                                    
{'loss': '0.009785', 'grad_norm': '0.7275', 'learning_rate': '0.0001906', 'epoch': '0.4993'}
[1A
[1A 17%|█▋        | 173/1041 [24:15<2:00:59,  8.36s/it]
[1A 17%|█▋        | 174/1041 [24:24<2:01:06,  8.38s/it]
[1A                                                    
{'loss': '0.02686', 'grad_norm': '0.4346', 'learning_rate': '0.0001905', 'epoch': '0.5022'}
[1A
[1A 17%|█▋        | 174/1041 [24:24<2:01:06,  8.38s/it]
[1A 17%|█▋        | 175/1041 [24:32<1:58:43,  8.23s/it]
[1A                                                    
{'loss': '0.003822', 'grad_norm': '0.22', 'learning_rate': '0.0001904', 'epoch': '0.5051'}
[1A
[1A 17%|█▋        | 175/1041 [24:32<1:58:43,  8.23s/it]
[1A 17%|█▋        | 176/1041 [24:40<1:59:29,  8.29s/it]
[1A                                                    
{'loss': '0.004009', 'grad_norm': '0.3357', 'learning_rate': '0.0001903', 'epoch': '0.5079'}
[1A
[1A 17%|█▋        | 176/1041 [24:40<1:59:29,  8.29s/it]
[1A 17%|█▋        | 177/1041 [24:49<1:59:33,  8.30s/it]
[1A                                                    
{'loss': '0.01296', 'grad_norm': '0.7885', 'learning_rate': '0.0001901', 'epoch': '0.5108'}
[1A
[1A 17%|█▋        | 177/1041 [24:49<1:59:33,  8.30s/it]
[1A 17%|█▋        | 178/1041 [24:57<1:58:31,  8.24s/it]                                                    
{'loss': '0.04283', 'grad_norm': '0.5323', 'learning_rate': '0.00019', 'epoch': '0.5137'}
[1A
[1A 17%|█▋        | 178/1041 [24:57<1:58:31,  8.24s/it]
[1A 17%|█▋        | 179/1041 [25:05<1:58:35,  8.26s/it]
[1A                                                    
{'loss': '0.02637', 'grad_norm': '2', 'learning_rate': '0.0001898', 'epoch': '0.5166'}
[1A
[1A 17%|█▋        | 179/1041 [25:05<1:58:35,  8.26s/it]
[1A 17%|█▋        | 180/1041 [25:14<1:59:47,  8.35s/it]
[1A                                                    
{'loss': '0.00789', 'grad_norm': '0.2796', 'learning_rate': '0.0001897', 'epoch': '0.5195'}
[1A
[1A 17%|█▋        | 180/1041 [25:14<1:59:47,  8.35s/it]
[1A 17%|█▋        | 181/1041 [25:22<2:00:06,  8.38s/it]
[1A                                                    
{'loss': '0.004037', 'grad_norm': '0.2621', 'learning_rate': '0.0001896', 'epoch': '0.5224'}
[1A
[1A 17%|█▋        | 181/1041 [25:22<2:00:06,  8.38s/it]
[1A 17%|█▋        | 182/1041 [25:30<1:59:33,  8.35s/it]
[1A                                                    
{'loss': '0.01065', 'grad_norm': '0.2329', 'learning_rate': '0.0001894', 'epoch': '0.5253'}
[1A
[1A 17%|█▋        | 182/1041 [25:30<1:59:33,  8.35s/it]
[1A 18%|█▊        | 183/1041 [25:39<1:59:49,  8.38s/it]
[1A                                                    
{'loss': '0.02445', 'grad_norm': '0.751', 'learning_rate': '0.0001893', 'epoch': '0.5281'}
[1A
[1A 18%|█▊        | 183/1041 [25:39<1:59:49,  8.38s/it]
[1A 18%|█▊        | 184/1041 [25:47<1:59:56,  8.40s/it]
[1A                                                    
{'loss': '0.02406', 'grad_norm': '0.6447', 'learning_rate': '0.0001892', 'epoch': '0.531'}
[1A
[1A 18%|█▊        | 184/1041 [25:47<1:59:56,  8.40s/it]
[1A 18%|█▊        | 185/1041 [25:56<1:59:47,  8.40s/it]
[1A                                                    
{'loss': '0.001696', 'grad_norm': '0.03603', 'learning_rate': '0.000189', 'epoch': '0.5339'}
[1A
[1A 18%|█▊        | 185/1041 [25:56<1:59:47,  8.40s/it]
[1A 18%|█▊        | 186/1041 [26:04<1:59:22,  8.38s/it]
[1A                                                    
{'loss': '0.003813', 'grad_norm': '0.2685', 'learning_rate': '0.0001889', 'epoch': '0.5368'}
[1A
[1A 18%|█▊        | 186/1041 [26:04<1:59:22,  8.38s/it]
[1A 18%|█▊        | 187/1041 [26:12<1:58:50,  8.35s/it]
[1A                                                    
{'loss': '0.04418', 'grad_norm': '0.7934', 'learning_rate': '0.0001887', 'epoch': '0.5397'}
[1A
[1A 18%|█▊        | 187/1041 [26:12<1:58:50,  8.35s/it]
[1A 18%|█▊        | 188/1041 [26:20<1:57:28,  8.26s/it]
[1A                                                    
{'loss': '0.009656', 'grad_norm': '0.312', 'learning_rate': '0.0001886', 'epoch': '0.5426'}
[1A
[1A 18%|█▊        | 188/1041 [26:20<1:57:28,  8.26s/it]
[1A 18%|█▊        | 189/1041 [26:29<1:58:38,  8.36s/it]
[1A                                                    
{'loss': '0.004618', 'grad_norm': '0.1739', 'learning_rate': '0.0001884', 'epoch': '0.5455'}
[1A
[1A 18%|█▊        | 189/1041 [26:29<1:58:38,  8.36s/it]
[1A 18%|█▊        | 190/1041 [26:37<1:59:22,  8.42s/it]
[1A                                                    
{'loss': '0.03169', 'grad_norm': '1.029', 'learning_rate': '0.0001883', 'epoch': '0.5483'}
[1A
[1A 18%|█▊        | 190/1041 [26:37<1:59:22,  8.42s/it]
[1A 18%|█▊        | 191/1041 [26:46<1:58:51,  8.39s/it]
[1A                                                    
{'loss': '0.001155', 'grad_norm': '0.06719', 'learning_rate': '0.0001881', 'epoch': '0.5512'}
[1A
[1A 18%|█▊        | 191/1041 [26:46<1:58:51,  8.39s/it]
[1A 18%|█▊        | 192/1041 [26:54<1:56:41,  8.25s/it]
[1A                                                    
{'loss': '0.002002', 'grad_norm': '0.0832', 'learning_rate': '0.000188', 'epoch': '0.5541'}
[1A
[1A 18%|█▊        | 192/1041 [26:54<1:56:41,  8.25s/it]
[1A 19%|█▊        | 193/1041 [27:02<1:55:50,  8.20s/it]
[1A                                                    
{'loss': '0.03166', 'grad_norm': '1.111', 'learning_rate': '0.0001878', 'epoch': '0.557'}
[1A
[1A 19%|█▊        | 193/1041 [27:02<1:55:50,  8.20s/it]
[1A 19%|█▊        | 194/1041 [27:10<1:55:33,  8.19s/it]
[1A                                                    
{'loss': '0.003141', 'grad_norm': '0.1274', 'learning_rate': '0.0001877', 'epoch': '0.5599'}
[1A
[1A 19%|█▊        | 194/1041 [27:10<1:55:33,  8.19s/it]
[1A 19%|█▊        | 195/1041 [27:18<1:56:26,  8.26s/it]
[1A                                                    
{'loss': '0.005244', 'grad_norm': '0.2507', 'learning_rate': '0.0001875', 'epoch': '0.5628'}
[1A
[1A 19%|█▊        | 195/1041 [27:18<1:56:26,  8.26s/it]
[1A 19%|█▉        | 196/1041 [27:27<1:56:36,  8.28s/it]
[1A                                                    
{'loss': '0.01374', 'grad_norm': '0.5489', 'learning_rate': '0.0001874', 'epoch': '0.5657'}
[1A
[1A 19%|█▉        | 196/1041 [27:27<1:56:36,  8.28s/it]
[1A 19%|█▉        | 197/1041 [27:35<1:57:04,  8.32s/it]
[1A                                                    
{'loss': '0.004547', 'grad_norm': '0.3908', 'learning_rate': '0.0001872', 'epoch': '0.5685'}
[1A
[1A 19%|█▉        | 197/1041 [27:35<1:57:04,  8.32s/it]
[1A 19%|█▉        | 198/1041 [27:43<1:57:20,  8.35s/it]
[1A                                                    
{'loss': '0.04067', 'grad_norm': '0.7487', 'learning_rate': '0.0001871', 'epoch': '0.5714'}
[1A
[1A 19%|█▉        | 198/1041 [27:43<1:57:20,  8.35s/it]
[1A 19%|█▉        | 199/1041 [27:52<1:57:09,  8.35s/it]
[1A                                                    
{'loss': '0.02273', 'grad_norm': '1.225', 'learning_rate': '0.0001869', 'epoch': '0.5743'}
[1A
[1A 19%|█▉        | 199/1041 [27:52<1:57:09,  8.35s/it]
[1A 19%|█▉        | 200/1041 [28:05<2:16:22,  9.73s/it]
[1A                                                    
{'loss': '0.002925', 'grad_norm': '0.1419', 'learning_rate': '0.0001868', 'epoch': '0.5772'}
[1A
[1A 19%|█▉        | 200/1041 [28:05<2:16:22,  9.73s/it]
[1A 19%|█▉        | 201/1041 [28:13<2:10:40,  9.33s/it]
[1A                                                    
{'loss': '0.0003327', 'grad_norm': '0.01626', 'learning_rate': '0.0001866', 'epoch': '0.5801'}
[1A
[1A 19%|█▉        | 201/1041 [28:13<2:10:40,  9.33s/it]
[1A 19%|█▉        | 202/1041 [28:21<2:05:00,  8.94s/it]
[1A                                                    
{'loss': '0.01791', 'grad_norm': '1.386', 'learning_rate': '0.0001865', 'epoch': '0.583'}
[1A
[1A 19%|█▉        | 202/1041 [28:21<2:05:00,  8.94s/it]
[1A 20%|█▉        | 203/1041 [28:30<2:02:53,  8.80s/it]
[1A                                                    
{'loss': '0.01985', 'grad_norm': '0.843', 'learning_rate': '0.0001863', 'epoch': '0.5859'}
[1A
[1A 20%|█▉        | 203/1041 [28:30<2:02:53,  8.80s/it]
[1A 20%|█▉        | 204/1041 [28:38<2:01:14,  8.69s/it]
[1A                                                    
{'loss': '0.007426', 'grad_norm': '0.4146', 'learning_rate': '0.0001862', 'epoch': '0.5887'}
[1A
[1A 20%|█▉        | 204/1041 [28:38<2:01:14,  8.69s/it]
[1A 20%|█▉        | 205/1041 [28:46<1:59:58,  8.61s/it]
[1A                                                    
{'loss': '0.002169', 'grad_norm': '0.08425', 'learning_rate': '0.000186', 'epoch': '0.5916'}
[1A
[1A 20%|█▉        | 205/1041 [28:46<1:59:58,  8.61s/it]
[1A 20%|█▉        | 206/1041 [28:55<1:57:41,  8.46s/it]
[1A                                                    
{'loss': '0.02761', 'grad_norm': '1.977', 'learning_rate': '0.0001858', 'epoch': '0.5945'}
[1A
[1A 20%|█▉        | 206/1041 [28:55<1:57:41,  8.46s/it]
[1A 20%|█▉        | 207/1041 [29:03<1:56:57,  8.41s/it]
[1A                                                    
{'loss': '0.02102', 'grad_norm': '0.7179', 'learning_rate': '0.0001857', 'epoch': '0.5974'}
[1A
[1A 20%|█▉        | 207/1041 [29:03<1:56:57,  8.41s/it]
[1A 20%|█▉        | 208/1041 [29:11<1:56:00,  8.36s/it]
[1A                                                    
{'loss': '0.01133', 'grad_norm': '0.3017', 'learning_rate': '0.0001855', 'epoch': '0.6003'}
[1A
[1A 20%|█▉        | 208/1041 [29:11<1:56:00,  8.36s/it]
[1A 20%|██        | 209/1041 [29:19<1:56:01,  8.37s/it]
[1A                                                    
{'loss': '0.009832', 'grad_norm': '0.5099', 'learning_rate': '0.0001854', 'epoch': '0.6032'}
[1A
[1A 20%|██        | 209/1041 [29:19<1:56:01,  8.37s/it]
[1A 20%|██        | 210/1041 [29:28<1:55:38,  8.35s/it]
[1A                                                    
{'loss': '0.001576', 'grad_norm': '0.1405', 'learning_rate': '0.0001852', 'epoch': '0.6061'}
[1A
[1A 20%|██        | 210/1041 [29:28<1:55:38,  8.35s/it]
[1A 20%|██        | 211/1041 [29:37<1:57:15,  8.48s/it]
[1A                                                    
{'loss': '0.0152', 'grad_norm': '0.9597', 'learning_rate': '0.000185', 'epoch': '0.6089'}
[1A
[1A 20%|██        | 211/1041 [29:37<1:57:15,  8.48s/it]
[1A 20%|██        | 212/1041 [29:45<1:56:10,  8.41s/it]
[1A                                                    
{'loss': '0.01265', 'grad_norm': '1.161', 'learning_rate': '0.0001849', 'epoch': '0.6118'}
[1A
[1A 20%|██        | 212/1041 [29:45<1:56:10,  8.41s/it]
[1A 20%|██        | 213/1041 [29:53<1:54:05,  8.27s/it]
[1A                                                    
{'loss': '0.04219', 'grad_norm': '1.391', 'learning_rate': '0.0001847', 'epoch': '0.6147'}
[1A
[1A 20%|██        | 213/1041 [29:53<1:54:05,  8.27s/it]
[1A 21%|██        | 214/1041 [30:01<1:54:02,  8.27s/it]
[1A                                                    
{'loss': '0.001643', 'grad_norm': '0.06847', 'learning_rate': '0.0001845', 'epoch': '0.6176'}
[1A
[1A 21%|██        | 214/1041 [30:01<1:54:02,  8.27s/it]
[1A 21%|██        | 215/1041 [30:09<1:54:29,  8.32s/it]
[1A                                                    
{'loss': '0.005959', 'grad_norm': '0.3502', 'learning_rate': '0.0001844', 'epoch': '0.6205'}
[1A
[1A 21%|██        | 215/1041 [30:09<1:54:29,  8.32s/it]
[1A 21%|██        | 216/1041 [30:18<1:55:23,  8.39s/it]
[1A                                                    
{'loss': '0.001737', 'grad_norm': '0.02673', 'learning_rate': '0.0001842', 'epoch': '0.6234'}
[1A
[1A 21%|██        | 216/1041 [30:18<1:55:23,  8.39s/it]
[1A 21%|██        | 217/1041 [30:26<1:54:00,  8.30s/it]
[1A                                                    
{'loss': '0.007725', 'grad_norm': '0.3748', 'learning_rate': '0.000184', 'epoch': '0.6263'}
[1A
[1A 21%|██        | 217/1041 [30:26<1:54:00,  8.30s/it]
[1A 21%|██        | 218/1041 [30:34<1:53:52,  8.30s/it]
[1A                                                    
{'loss': '0.01553', 'grad_norm': '1.16', 'learning_rate': '0.0001839', 'epoch': '0.6291'}
[1A
[1A 21%|██        | 218/1041 [30:34<1:53:52,  8.30s/it]
[1A 21%|██        | 219/1041 [30:43<1:54:15,  8.34s/it]
[1A                                                    
{'loss': '0.01112', 'grad_norm': '0.2148', 'learning_rate': '0.0001837', 'epoch': '0.632'}
[1A
[1A 21%|██        | 219/1041 [30:43<1:54:15,  8.34s/it]
[1A 21%|██        | 220/1041 [30:51<1:54:21,  8.36s/it]
[1A                                                    
{'loss': '0.001498', 'grad_norm': '0.08224', 'learning_rate': '0.0001835', 'epoch': '0.6349'}
[1A
[1A 21%|██        | 220/1041 [30:51<1:54:21,  8.36s/it]
[1A 21%|██        | 221/1041 [31:00<1:53:46,  8.32s/it]
[1A                                                    
{'loss': '0.006965', 'grad_norm': '0.641', 'learning_rate': '0.0001834', 'epoch': '0.6378'}
[1A
[1A 21%|██        | 221/1041 [31:00<1:53:46,  8.32s/it]
[1A 21%|██▏       | 222/1041 [31:08<1:53:28,  8.31s/it]
[1A                                                    
{'loss': '0.003133', 'grad_norm': '0.1603', 'learning_rate': '0.0001832', 'epoch': '0.6407'}
[1A
[1A 21%|██▏       | 222/1041 [31:08<1:53:28,  8.31s/it]
[1A 21%|██▏       | 223/1041 [31:16<1:53:12,  8.30s/it]                                                    
{'loss': '0.008209', 'grad_norm': '0.2991', 'learning_rate': '0.000183', 'epoch': '0.6436'}
[1A
[1A 21%|██▏       | 223/1041 [31:16<1:53:12,  8.30s/it]
[1A 22%|██▏       | 224/1041 [31:24<1:52:07,  8.23s/it]
[1A                                                    
{'loss': '0.001349', 'grad_norm': '0.07822', 'learning_rate': '0.0001828', 'epoch': '0.6465'}
[1A
[1A 22%|██▏       | 224/1041 [31:24<1:52:07,  8.23s/it]
[1A 22%|██▏       | 225/1041 [31:32<1:52:11,  8.25s/it]
[1A                                                    
{'loss': '0.0006868', 'grad_norm': '0.04929', 'learning_rate': '0.0001827', 'epoch': '0.6494'}
[1A
[1A 22%|██▏       | 225/1041 [31:32<1:52:11,  8.25s/it]
[1A 22%|██▏       | 226/1041 [31:41<1:53:18,  8.34s/it]
[1A                                                    
{'loss': '0.002249', 'grad_norm': '0.05282', 'learning_rate': '0.0001825', 'epoch': '0.6522'}
[1A
[1A 22%|██▏       | 226/1041 [31:41<1:53:18,  8.34s/it]
[1A 22%|██▏       | 227/1041 [31:49<1:52:54,  8.32s/it]
[1A                                                    
{'loss': '0.0009031', 'grad_norm': '0.0739', 'learning_rate': '0.0001823', 'epoch': '0.6551'}
[1A
[1A 22%|██▏       | 227/1041 [31:49<1:52:54,  8.32s/it]
[1A 22%|██▏       | 228/1041 [31:57<1:52:12,  8.28s/it]
[1A                                                    
{'loss': '0.0001235', 'grad_norm': '0.002692', 'learning_rate': '0.0001821', 'epoch': '0.658'}
[1A
[1A 22%|██▏       | 228/1041 [31:57<1:52:12,  8.28s/it]
[1A 22%|██▏       | 229/1041 [32:05<1:51:03,  8.21s/it]
[1A                                                    
{'loss': '0.01697', 'grad_norm': '1.643', 'learning_rate': '0.0001819', 'epoch': '0.6609'}
[1A
[1A 22%|██▏       | 229/1041 [32:05<1:51:03,  8.21s/it]
[1A 22%|██▏       | 230/1041 [32:14<1:51:49,  8.27s/it]
[1A                                                    
{'loss': '0.02169', 'grad_norm': '0.8453', 'learning_rate': '0.0001818', 'epoch': '0.6638'}
[1A
[1A 22%|██▏       | 230/1041 [32:14<1:51:49,  8.27s/it]
[1A 22%|██▏       | 231/1041 [32:22<1:52:18,  8.32s/it]
[1A                                                    
{'loss': '0.02934', 'grad_norm': '1.17', 'learning_rate': '0.0001816', 'epoch': '0.6667'}
[1A
[1A 22%|██▏       | 231/1041 [32:22<1:52:18,  8.32s/it]
[1A 22%|██▏       | 232/1041 [32:30<1:51:09,  8.24s/it]
[1A                                                    
{'loss': '0.003313', 'grad_norm': '0.3515', 'learning_rate': '0.0001814', 'epoch': '0.6696'}
[1A
[1A 22%|██▏       | 232/1041 [32:30<1:51:09,  8.24s/it]
[1A 22%|██▏       | 233/1041 [32:39<1:51:47,  8.30s/it]
[1A                                                    
{'loss': '0.00636', 'grad_norm': '0.4612', 'learning_rate': '0.0001812', 'epoch': '0.6724'}
[1A
[1A 22%|██▏       | 233/1041 [32:39<1:51:47,  8.30s/it]
[1A 22%|██▏       | 234/1041 [32:47<1:52:05,  8.33s/it]
[1A                                                    
{'loss': '0.01126', 'grad_norm': '0.3062', 'learning_rate': '0.000181', 'epoch': '0.6753'}
[1A
[1A 22%|██▏       | 234/1041 [32:47<1:52:05,  8.33s/it]
[1A 23%|██▎       | 235/1041 [32:56<1:51:43,  8.32s/it]
[1A                                                    
{'loss': '0.001714', 'grad_norm': '0.07777', 'learning_rate': '0.0001809', 'epoch': '0.6782'}
[1A
[1A 23%|██▎       | 235/1041 [32:56<1:51:43,  8.32s/it]
[1A 23%|██▎       | 236/1041 [33:04<1:52:34,  8.39s/it]
[1A                                                    
{'loss': '0.02166', 'grad_norm': '0.9536', 'learning_rate': '0.0001807', 'epoch': '0.6811'}
[1A
[1A 23%|██▎       | 236/1041 [33:04<1:52:34,  8.39s/it]
[1A 23%|██▎       | 237/1041 [33:13<1:53:36,  8.48s/it]
[1A                                                    
{'loss': '0.001399', 'grad_norm': '0.1755', 'learning_rate': '0.0001805', 'epoch': '0.684'}
[1A
[1A 23%|██▎       | 237/1041 [33:13<1:53:36,  8.48s/it]
[1A 23%|██▎       | 238/1041 [33:21<1:53:50,  8.51s/it]
[1A                                                    
{'loss': '0.005311', 'grad_norm': '0.401', 'learning_rate': '0.0001803', 'epoch': '0.6869'}
[1A
[1A 23%|██▎       | 238/1041 [33:21<1:53:50,  8.51s/it]
[1A 23%|██▎       | 239/1041 [33:30<1:52:39,  8.43s/it]
[1A                                                    
{'loss': '0.007184', 'grad_norm': '0.5451', 'learning_rate': '0.0001801', 'epoch': '0.6898'}
[1A
[1A 23%|██▎       | 239/1041 [33:30<1:52:39,  8.43s/it]
[1A 23%|██▎       | 240/1041 [33:38<1:52:35,  8.43s/it]
[1A                                                    
{'loss': '0.000885', 'grad_norm': '0.03582', 'learning_rate': '0.0001799', 'epoch': '0.6926'}
[1A
[1A 23%|██▎       | 240/1041 [33:38<1:52:35,  8.43s/it]
[1A 23%|██▎       | 241/1041 [33:46<1:52:24,  8.43s/it]
[1A                                                    
{'loss': '0.01447', 'grad_norm': '0.724', 'learning_rate': '0.0001798', 'epoch': '0.6955'}
[1A
[1A 23%|██▎       | 241/1041 [33:46<1:52:24,  8.43s/it]
[1A 23%|██▎       | 242/1041 [33:55<1:50:44,  8.32s/it]
[1A                                                    
{'loss': '0.01165', 'grad_norm': '0.5151', 'learning_rate': '0.0001796', 'epoch': '0.6984'}
[1A
[1A 23%|██▎       | 242/1041 [33:55<1:50:44,  8.32s/it]
[1A 23%|██▎       | 243/1041 [34:03<1:50:30,  8.31s/it]
[1A                                                    
{'loss': '0.005589', 'grad_norm': '0.8832', 'learning_rate': '0.0001794', 'epoch': '0.7013'}
[1A
[1A 23%|██▎       | 243/1041 [34:03<1:50:30,  8.31s/it]
[1A 23%|██▎       | 244/1041 [34:11<1:49:33,  8.25s/it]
[1A                                                    
{'loss': '0.0005513', 'grad_norm': '0.02665', 'learning_rate': '0.0001792', 'epoch': '0.7042'}
[1A
[1A 23%|██▎       | 244/1041 [34:11<1:49:33,  8.25s/it]
[1A 24%|██▎       | 245/1041 [34:19<1:49:45,  8.27s/it]
[1A                                                    
{'loss': '0.0008525', 'grad_norm': '0.1039', 'learning_rate': '0.000179', 'epoch': '0.7071'}
[1A
[1A 24%|██▎       | 245/1041 [34:19<1:49:45,  8.27s/it]
[1A 24%|██▎       | 246/1041 [34:28<1:50:03,  8.31s/it]
[1A                                                    
{'loss': '0.0006895', 'grad_norm': '0.02362', 'learning_rate': '0.0001788', 'epoch': '0.71'}
[1A
[1A 24%|██▎       | 246/1041 [34:28<1:50:03,  8.31s/it]
[1A 24%|██▎       | 247/1041 [34:36<1:50:18,  8.34s/it]
[1A                                                    
{'loss': '0.02141', 'grad_norm': '0.6559', 'learning_rate': '0.0001786', 'epoch': '0.7128'}
[1A
[1A 24%|██▎       | 247/1041 [34:36<1:50:18,  8.34s/it]
[1A 24%|██▍       | 248/1041 [34:44<1:50:37,  8.37s/it]
[1A                                                    
{'loss': '0.001653', 'grad_norm': '0.05652', 'learning_rate': '0.0001784', 'epoch': '0.7157'}
[1A
[1A 24%|██▍       | 248/1041 [34:44<1:50:37,  8.37s/it]
[1A 24%|██▍       | 249/1041 [34:52<1:48:35,  8.23s/it]
[1A                                                    
{'loss': '0.0006171', 'grad_norm': '0.04794', 'learning_rate': '0.0001782', 'epoch': '0.7186'}
[1A
[1A 24%|██▍       | 249/1041 [34:52<1:48:35,  8.23s/it]
[1A 24%|██▍       | 250/1041 [35:00<1:47:54,  8.18s/it]
[1A                                                    
{'loss': '0.02287', 'grad_norm': '0.4315', 'learning_rate': '0.000178', 'epoch': '0.7215'}
[1A
[1A 24%|██▍       | 250/1041 [35:00<1:47:54,  8.18s/it]
[1A 24%|██▍       | 251/1041 [35:09<1:47:29,  8.16s/it]
[1A                                                    
{'loss': '0.0002818', 'grad_norm': '0.014', 'learning_rate': '0.0001778', 'epoch': '0.7244'}
[1A
[1A 24%|██▍       | 251/1041 [35:09<1:47:29,  8.16s/it]
[1A 24%|██▍       | 252/1041 [35:16<1:45:29,  8.02s/it]
[1A                                                    
{'loss': '0.0001029', 'grad_norm': '0.003143', 'learning_rate': '0.0001776', 'epoch': '0.7273'}
[1A
[1A 24%|██▍       | 252/1041 [35:16<1:45:29,  8.02s/it]
[1A 24%|██▍       | 253/1041 [35:25<1:46:54,  8.14s/it]
[1A                                                    
{'loss': '0.01435', 'grad_norm': '0.5764', 'learning_rate': '0.0001774', 'epoch': '0.7302'}
[1A
[1A 24%|██▍       | 253/1041 [35:25<1:46:54,  8.14s/it]
[1A 24%|██▍       | 254/1041 [35:33<1:47:59,  8.23s/it]
[1A                                                    
{'loss': '0.007197', 'grad_norm': '0.2688', 'learning_rate': '0.0001772', 'epoch': '0.733'}
[1A
[1A 24%|██▍       | 254/1041 [35:33<1:47:59,  8.23s/it]
[1A 24%|██▍       | 255/1041 [35:42<1:48:40,  8.30s/it]
[1A                                                    
{'loss': '0.01263', 'grad_norm': '0.4479', 'learning_rate': '0.000177', 'epoch': '0.7359'}
[1A
[1A 24%|██▍       | 255/1041 [35:42<1:48:40,  8.30s/it]
[1A 25%|██▍       | 256/1041 [35:49<1:46:42,  8.16s/it]
[1A                                                    
{'loss': '0.002327', 'grad_norm': '0.1248', 'learning_rate': '0.0001768', 'epoch': '0.7388'}
[1A
[1A 25%|██▍       | 256/1041 [35:49<1:46:42,  8.16s/it]
[1A 25%|██▍       | 257/1041 [35:58<1:48:07,  8.27s/it]
[1A                                                    
{'loss': '0.004034', 'grad_norm': '0.1997', 'learning_rate': '0.0001766', 'epoch': '0.7417'}
[1A
[1A 25%|██▍       | 257/1041 [35:58<1:48:07,  8.27s/it]
[1A 25%|██▍       | 258/1041 [36:06<1:47:11,  8.21s/it]
[1A                                                    
{'loss': '0.004445', 'grad_norm': '0.2153', 'learning_rate': '0.0001764', 'epoch': '0.7446'}
[1A
[1A 25%|██▍       | 258/1041 [36:06<1:47:11,  8.21s/it]
[1A 25%|██▍       | 259/1041 [36:14<1:47:30,  8.25s/it]
[1A                                                    
{'loss': '0.014', 'grad_norm': '0.8564', 'learning_rate': '0.0001762', 'epoch': '0.7475'}
[1A
[1A 25%|██▍       | 259/1041 [36:14<1:47:30,  8.25s/it]
[1A 25%|██▍       | 260/1041 [36:23<1:48:08,  8.31s/it]                                                    
{'loss': '0.01634', 'grad_norm': '0.4628', 'learning_rate': '0.000176', 'epoch': '0.7504'}
[1A
[1A 25%|██▍       | 260/1041 [36:23<1:48:08,  8.31s/it]
[1A 25%|██▌       | 261/1041 [36:31<1:47:09,  8.24s/it]
[1A                                                    
{'loss': '0.0001965', 'grad_norm': '0.007301', 'learning_rate': '0.0001758', 'epoch': '0.7532'}
[1A
[1A 25%|██▌       | 261/1041 [36:31<1:47:09,  8.24s/it]
[1A 25%|██▌       | 262/1041 [36:39<1:46:15,  8.18s/it]
[1A                                                    
{'loss': '0.02249', 'grad_norm': '0.7796', 'learning_rate': '0.0001756', 'epoch': '0.7561'}
[1A
[1A 25%|██▌       | 262/1041 [36:39<1:46:15,  8.18s/it]
[1A 25%|██▌       | 263/1041 [36:47<1:47:02,  8.26s/it]
[1A                                                    
{'loss': '0.001737', 'grad_norm': '0.1328', 'learning_rate': '0.0001754', 'epoch': '0.759'}
[1A
[1A 25%|██▌       | 263/1041 [36:47<1:47:02,  8.26s/it]
[1A 25%|██▌       | 264/1041 [36:56<1:47:05,  8.27s/it]
[1A                                                    
{'loss': '0.01704', 'grad_norm': '0.3656', 'learning_rate': '0.0001752', 'epoch': '0.7619'}
[1A
[1A 25%|██▌       | 264/1041 [36:56<1:47:05,  8.27s/it]
[1A 25%|██▌       | 265/1041 [37:04<1:48:05,  8.36s/it]
[1A                                                    
{'loss': '0.02161', 'grad_norm': '0.849', 'learning_rate': '0.000175', 'epoch': '0.7648'}
[1A
[1A 25%|██▌       | 265/1041 [37:04<1:48:05,  8.36s/it]
[1A 26%|██▌       | 266/1041 [37:12<1:45:23,  8.16s/it]
[1A                                                    
{'loss': '8.943e-05', 'grad_norm': '0.004148', 'learning_rate': '0.0001748', 'epoch': '0.7677'}
[1A
[1A 26%|██▌       | 266/1041 [37:12<1:45:23,  8.16s/it]
[1A 26%|██▌       | 267/1041 [37:20<1:44:23,  8.09s/it]
[1A                                                    
{'loss': '0.002051', 'grad_norm': '0.0951', 'learning_rate': '0.0001746', 'epoch': '0.7706'}
[1A
[1A 26%|██▌       | 267/1041 [37:20<1:44:23,  8.09s/it]
[1A 26%|██▌       | 268/1041 [37:28<1:45:35,  8.20s/it]
[1A                                                    
{'loss': '0.04778', 'grad_norm': '1.751', 'learning_rate': '0.0001744', 'epoch': '0.7734'}
[1A
[1A 26%|██▌       | 268/1041 [37:28<1:45:35,  8.20s/it]
[1A 26%|██▌       | 269/1041 [37:37<1:46:31,  8.28s/it]
[1A                                                    
{'loss': '0.01319', 'grad_norm': '0.3038', 'learning_rate': '0.0001742', 'epoch': '0.7763'}
[1A
[1A 26%|██▌       | 269/1041 [37:37<1:46:31,  8.28s/it]
[1A 26%|██▌       | 270/1041 [37:45<1:46:12,  8.27s/it]
[1A                                                    
{'loss': '0.00608', 'grad_norm': '0.343', 'learning_rate': '0.000174', 'epoch': '0.7792'}
[1A
[1A 26%|██▌       | 270/1041 [37:45<1:46:12,  8.27s/it]
[1A 26%|██▌       | 271/1041 [37:53<1:45:26,  8.22s/it]
[1A                                                    
{'loss': '0.009889', 'grad_norm': '0.4993', 'learning_rate': '0.0001738', 'epoch': '0.7821'}
[1A
[1A 26%|██▌       | 271/1041 [37:53<1:45:26,  8.22s/it]
[1A 26%|██▌       | 272/1041 [38:02<1:47:20,  8.38s/it]
[1A                                                    
{'loss': '0.004067', 'grad_norm': '0.3793', 'learning_rate': '0.0001736', 'epoch': '0.785'}
[1A
[1A 26%|██▌       | 272/1041 [38:02<1:47:20,  8.38s/it]
[1A 26%|██▌       | 273/1041 [38:10<1:47:33,  8.40s/it]
[1A                                                    
{'loss': '0.01087', 'grad_norm': '0.4406', 'learning_rate': '0.0001734', 'epoch': '0.7879'}
[1A
[1A 26%|██▌       | 273/1041 [38:10<1:47:33,  8.40s/it]
[1A 26%|██▋       | 274/1041 [38:19<1:47:01,  8.37s/it]
[1A                                                    
{'loss': '0.04849', 'grad_norm': '1.506', 'learning_rate': '0.0001731', 'epoch': '0.7908'}
[1A
[1A 26%|██▋       | 274/1041 [38:19<1:47:01,  8.37s/it]
[1A 26%|██▋       | 275/1041 [38:27<1:47:43,  8.44s/it]
[1A                                                    
{'loss': '0.01307', 'grad_norm': '0.4369', 'learning_rate': '0.0001729', 'epoch': '0.7937'}
[1A
[1A 26%|██▋       | 275/1041 [38:27<1:47:43,  8.44s/it]
[1A 27%|██▋       | 276/1041 [38:36<1:47:05,  8.40s/it]
[1A                                                    
{'loss': '0.003532', 'grad_norm': '0.1478', 'learning_rate': '0.0001727', 'epoch': '0.7965'}
[1A
[1A 27%|██▋       | 276/1041 [38:36<1:47:05,  8.40s/it]
[1A 27%|██▋       | 277/1041 [38:43<1:44:25,  8.20s/it]
[1A                                                    
{'loss': '0.0008593', 'grad_norm': '0.2014', 'learning_rate': '0.0001725', 'epoch': '0.7994'}
[1A
[1A 27%|██▋       | 277/1041 [38:43<1:44:25,  8.20s/it]
[1A 27%|██▋       | 278/1041 [38:52<1:44:51,  8.25s/it]
[1A                                                    
{'loss': '0.004628', 'grad_norm': '0.2209', 'learning_rate': '0.0001723', 'epoch': '0.8023'}
[1A
[1A 27%|██▋       | 278/1041 [38:52<1:44:51,  8.25s/it]
[1A 27%|██▋       | 279/1041 [39:00<1:44:13,  8.21s/it]
[1A                                                    
{'loss': '0.0198', 'grad_norm': '0.8699', 'learning_rate': '0.0001721', 'epoch': '0.8052'}
[1A
[1A 27%|██▋       | 279/1041 [39:00<1:44:13,  8.21s/it]
[1A 27%|██▋       | 280/1041 [39:09<1:46:29,  8.40s/it]
[1A                                                    
[1A
{'loss': '0.002506', 'grad_norm': '0.2468', 'learning_rate': '0.0001719', 'epoch': '0.8081'}
[1A 27%|██▋       | 280/1041 [39:09<1:46:29,  8.40s/it]
[1A 27%|██▋       | 281/1041 [39:17<1:47:13,  8.46s/it]                                                    
{'loss': '0.001239', 'grad_norm': '0.1288', 'learning_rate': '0.0001716', 'epoch': '0.811'}
[1A
[1A 27%|██▋       | 281/1041 [39:17<1:47:13,  8.46s/it]
[1A 27%|██▋       | 282/1041 [39:26<1:47:13,  8.48s/it]
[1A                                                    
{'loss': '0.001949', 'grad_norm': '0.09848', 'learning_rate': '0.0001714', 'epoch': '0.8139'}
[1A
[1A 27%|██▋       | 282/1041 [39:26<1:47:13,  8.48s/it]
[1A 27%|██▋       | 283/1041 [39:34<1:46:20,  8.42s/it]                                                    
{'loss': '0.00163', 'grad_norm': '0.1865', 'learning_rate': '0.0001712', 'epoch': '0.8167'}
[1A
[1A 27%|██▋       | 283/1041 [39:34<1:46:20,  8.42s/it]
[1A 27%|██▋       | 284/1041 [39:42<1:45:48,  8.39s/it]
[1A                                                    
{'loss': '0.01095', 'grad_norm': '0.7148', 'learning_rate': '0.000171', 'epoch': '0.8196'}
[1A
[1A 27%|██▋       | 284/1041 [39:42<1:45:48,  8.39s/it]
[1A 27%|██▋       | 285/1041 [39:51<1:45:18,  8.36s/it]
[1A                                                    
{'loss': '0.0006091', 'grad_norm': '0.04201', 'learning_rate': '0.0001708', 'epoch': '0.8225'}
[1A
[1A 27%|██▋       | 285/1041 [39:51<1:45:18,  8.36s/it]
[1A 27%|██▋       | 286/1041 [39:59<1:45:23,  8.38s/it]
[1A                                                    
{'loss': '0.0003683', 'grad_norm': '0.04941', 'learning_rate': '0.0001705', 'epoch': '0.8254'}
[1A
[1A 27%|██▋       | 286/1041 [39:59<1:45:23,  8.38s/it]
[1A 28%|██▊       | 287/1041 [40:07<1:44:57,  8.35s/it]
[1A                                                    
{'loss': '0.002506', 'grad_norm': '0.1261', 'learning_rate': '0.0001703', 'epoch': '0.8283'}
[1A
[1A 28%|██▊       | 287/1041 [40:07<1:44:57,  8.35s/it]
[1A 28%|██▊       | 288/1041 [40:16<1:44:48,  8.35s/it]
[1A                                                    
{'loss': '0.0002176', 'grad_norm': '0.00962', 'learning_rate': '0.0001701', 'epoch': '0.8312'}
[1A
[1A 28%|██▊       | 288/1041 [40:16<1:44:48,  8.35s/it]
[1A 28%|██▊       | 289/1041 [40:24<1:43:57,  8.29s/it]
[1A                                                    
{'loss': '0.0004281', 'grad_norm': '0.01879', 'learning_rate': '0.0001699', 'epoch': '0.8341'}
[1A
[1A 28%|██▊       | 289/1041 [40:24<1:43:57,  8.29s/it]
[1A 28%|██▊       | 290/1041 [40:32<1:42:57,  8.23s/it]
[1A                                                    
{'loss': '0.0003489', 'grad_norm': '0.02517', 'learning_rate': '0.0001697', 'epoch': '0.8369'}
[1A
[1A 28%|██▊       | 290/1041 [40:32<1:42:57,  8.23s/it]
[1A 28%|██▊       | 291/1041 [40:40<1:43:13,  8.26s/it]
[1A                                                    
{'loss': '0.000306', 'grad_norm': '0.007491', 'learning_rate': '0.0001694', 'epoch': '0.8398'}
[1A
[1A 28%|██▊       | 291/1041 [40:40<1:43:13,  8.26s/it]
[1A 28%|██▊       | 292/1041 [40:49<1:43:18,  8.28s/it]
[1A                                                    
{'loss': '0.0004938', 'grad_norm': '0.02407', 'learning_rate': '0.0001692', 'epoch': '0.8427'}
[1A
[1A 28%|██▊       | 292/1041 [40:49<1:43:18,  8.28s/it]
[1A 28%|██▊       | 293/1041 [40:57<1:44:17,  8.37s/it]
[1A                                                    
{'loss': '0.0001002', 'grad_norm': '0.00531', 'learning_rate': '0.000169', 'epoch': '0.8456'}
[1A
[1A 28%|██▊       | 293/1041 [40:57<1:44:17,  8.37s/it]
[1A 28%|██▊       | 294/1041 [41:05<1:43:34,  8.32s/it]
[1A                                                    
{'loss': '0.0002259', 'grad_norm': '0.01494', 'learning_rate': '0.0001688', 'epoch': '0.8485'}
[1A
[1A 28%|██▊       | 294/1041 [41:05<1:43:34,  8.32s/it]
[1A 28%|██▊       | 295/1041 [41:14<1:43:17,  8.31s/it]
[1A                                                    
{'loss': '0.0005912', 'grad_norm': '0.08147', 'learning_rate': '0.0001685', 'epoch': '0.8514'}
[1A
[1A 28%|██▊       | 295/1041 [41:14<1:43:17,  8.31s/it]
[1A 28%|██▊       | 296/1041 [41:22<1:42:15,  8.24s/it]
[1A                                                    
{'loss': '0.0001524', 'grad_norm': '0.02012', 'learning_rate': '0.0001683', 'epoch': '0.8543'}
[1A
[1A 28%|██▊       | 296/1041 [41:22<1:42:15,  8.24s/it]
[1A 29%|██▊       | 297/1041 [41:30<1:41:31,  8.19s/it]
[1A                                                    
{'loss': '0.002721', 'grad_norm': '0.2113', 'learning_rate': '0.0001681', 'epoch': '0.8571'}
[1A
[1A 29%|██▊       | 297/1041 [41:30<1:41:31,  8.19s/it]
[1A 29%|██▊       | 298/1041 [41:38<1:42:21,  8.27s/it]
[1A                                                    
{'loss': '0.0004794', 'grad_norm': '0.006034', 'learning_rate': '0.0001678', 'epoch': '0.86'}
[1A
[1A 29%|██▊       | 298/1041 [41:38<1:42:21,  8.27s/it]
[1A 29%|██▊       | 299/1041 [41:47<1:42:34,  8.29s/it]
[1A                                                    
{'loss': '0.0004221', 'grad_norm': '0.02511', 'learning_rate': '0.0001676', 'epoch': '0.8629'}
[1A
[1A 29%|██▊       | 299/1041 [41:47<1:42:34,  8.29s/it]
[1A 29%|██▉       | 300/1041 [41:59<1:58:12,  9.57s/it]
[1A                                                    
{'loss': '0.005914', 'grad_norm': '1.785', 'learning_rate': '0.0001674', 'epoch': '0.8658'}
[1A
[1A 29%|██▉       | 300/1041 [41:59<1:58:12,  9.57s/it]
[1A 29%|██▉       | 301/1041 [42:07<1:52:26,  9.12s/it]
[1A                                                    
{'loss': '7.359e-05', 'grad_norm': '0.006832', 'learning_rate': '0.0001672', 'epoch': '0.8687'}
[1A
[1A 29%|██▉       | 301/1041 [42:07<1:52:26,  9.12s/it]
[1A 29%|██▉       | 302/1041 [42:16<1:50:09,  8.94s/it]
[1A                                                    
{'loss': '0.0001799', 'grad_norm': '0.00778', 'learning_rate': '0.0001669', 'epoch': '0.8716'}
[1A
[1A 29%|██▉       | 302/1041 [42:16<1:50:09,  8.94s/it]
[1A 29%|██▉       | 303/1041 [42:24<1:46:47,  8.68s/it]
[1A                                                    
{'loss': '0.005263', 'grad_norm': '0.1268', 'learning_rate': '0.0001667', 'epoch': '0.8745'}
[1A
[1A 29%|██▉       | 303/1041 [42:24<1:46:47,  8.68s/it]
[1A 29%|██▉       | 304/1041 [42:32<1:45:17,  8.57s/it]                                                    
{'loss': '0.0001915', 'grad_norm': '0.005701', 'learning_rate': '0.0001665', 'epoch': '0.8773'}
[1A
[1A 29%|██▉       | 304/1041 [42:32<1:45:17,  8.57s/it]
[1A 29%|██▉       | 305/1041 [42:40<1:43:28,  8.43s/it]
[1A                                                    
{'loss': '0.01358', 'grad_norm': '0.7066', 'learning_rate': '0.0001662', 'epoch': '0.8802'}
[1A
[1A 29%|██▉       | 305/1041 [42:40<1:43:28,  8.43s/it]
[1A 29%|██▉       | 306/1041 [42:48<1:42:42,  8.38s/it]
[1A                                                    
{'loss': '0.01444', 'grad_norm': '0.2166', 'learning_rate': '0.000166', 'epoch': '0.8831'}
[1A
[1A 29%|██▉       | 306/1041 [42:48<1:42:42,  8.38s/it]
[1A 29%|██▉       | 307/1041 [42:57<1:42:54,  8.41s/it]
[1A                                                    
{'loss': '0.009487', 'grad_norm': '1.195', 'learning_rate': '0.0001658', 'epoch': '0.886'}
[1A
[1A 29%|██▉       | 307/1041 [42:57<1:42:54,  8.41s/it]
[1A 30%|██▉       | 308/1041 [43:05<1:42:01,  8.35s/it]
[1A                                                    
{'loss': '0.0003678', 'grad_norm': '0.009993', 'learning_rate': '0.0001655', 'epoch': '0.8889'}
[1A
[1A 30%|██▉       | 308/1041 [43:05<1:42:01,  8.35s/it]
[1A 30%|██▉       | 309/1041 [43:13<1:40:06,  8.20s/it]
[1A                                                    
{'loss': '0.0001436', 'grad_norm': '0.01243', 'learning_rate': '0.0001653', 'epoch': '0.8918'}
[1A
[1A 30%|██▉       | 309/1041 [43:13<1:40:06,  8.20s/it]
[1A 30%|██▉       | 310/1041 [43:21<1:41:00,  8.29s/it]
[1A                                                    
{'loss': '0.02053', 'grad_norm': '0.7844', 'learning_rate': '0.0001651', 'epoch': '0.8947'}
[1A
[1A 30%|██▉       | 310/1041 [43:21<1:41:00,  8.29s/it]
[1A 30%|██▉       | 311/1041 [43:30<1:41:31,  8.34s/it]
[1A                                                    
{'loss': '0.002049', 'grad_norm': '0.1061', 'learning_rate': '0.0001648', 'epoch': '0.8975'}
[1A
[1A 30%|██▉       | 311/1041 [43:30<1:41:31,  8.34s/it]
[1A 30%|██▉       | 312/1041 [43:38<1:41:36,  8.36s/it]
[1A                                                    
{'loss': '0.03206', 'grad_norm': '1.1', 'learning_rate': '0.0001646', 'epoch': '0.9004'}
[1A
[1A 30%|██▉       | 312/1041 [43:38<1:41:36,  8.36s/it]
[1A 30%|███       | 313/1041 [43:47<1:41:07,  8.33s/it]
[1A                                                    
{'loss': '0.001747', 'grad_norm': '0.09603', 'learning_rate': '0.0001643', 'epoch': '0.9033'}
[1A
[1A 30%|███       | 313/1041 [43:47<1:41:07,  8.33s/it]
[1A 30%|███       | 314/1041 [43:55<1:41:51,  8.41s/it]
[1A                                                    
{'loss': '0.008285', 'grad_norm': '0.1633', 'learning_rate': '0.0001641', 'epoch': '0.9062'}
[1A
[1A 30%|███       | 314/1041 [43:55<1:41:51,  8.41s/it]
[1A 30%|███       | 315/1041 [44:04<1:42:05,  8.44s/it]
[1A                                                    
{'loss': '0.003896', 'grad_norm': '0.1068', 'learning_rate': '0.0001639', 'epoch': '0.9091'}
[1A
[1A 30%|███       | 315/1041 [44:04<1:42:05,  8.44s/it]
[1A 30%|███       | 316/1041 [44:12<1:42:20,  8.47s/it]
[1A                                                    
{'loss': '0.0018', 'grad_norm': '0.06144', 'learning_rate': '0.0001636', 'epoch': '0.912'}
[1A
[1A 30%|███       | 316/1041 [44:12<1:42:20,  8.47s/it]
[1A 30%|███       | 317/1041 [44:21<1:41:42,  8.43s/it]
[1A                                                    
{'loss': '0.0006912', 'grad_norm': '0.02139', 'learning_rate': '0.0001634', 'epoch': '0.9149'}
[1A
[1A 30%|███       | 317/1041 [44:21<1:41:42,  8.43s/it]
[1A 31%|███       | 318/1041 [44:29<1:40:36,  8.35s/it]
[1A                                                    
{'loss': '0.001299', 'grad_norm': '0.03273', 'learning_rate': '0.0001631', 'epoch': '0.9177'}
[1A
[1A 31%|███       | 318/1041 [44:29<1:40:36,  8.35s/it]
[1A 31%|███       | 319/1041 [44:37<1:39:16,  8.25s/it]
[1A                                                    
{'loss': '0.009165', 'grad_norm': '0.8102', 'learning_rate': '0.0001629', 'epoch': '0.9206'}
[1A
[1A 31%|███       | 319/1041 [44:37<1:39:16,  8.25s/it]
[1A 31%|███       | 320/1041 [44:45<1:40:14,  8.34s/it]
[1A                                                    
{'loss': '0.0008294', 'grad_norm': '0.03229', 'learning_rate': '0.0001627', 'epoch': '0.9235'}
[1A
[1A 31%|███       | 320/1041 [44:45<1:40:14,  8.34s/it]
[1A 31%|███       | 321/1041 [44:53<1:39:23,  8.28s/it]
[1A                                                    
{'loss': '0.0005038', 'grad_norm': '0.01444', 'learning_rate': '0.0001624', 'epoch': '0.9264'}
[1A
[1A 31%|███       | 321/1041 [44:53<1:39:23,  8.28s/it]
[1A 31%|███       | 322/1041 [45:02<1:38:58,  8.26s/it]
[1A                                                    
{'loss': '0.01393', 'grad_norm': '0.7', 'learning_rate': '0.0001622', 'epoch': '0.9293'}
[1A
[1A 31%|███       | 322/1041 [45:02<1:38:58,  8.26s/it]
[1A 31%|███       | 323/1041 [45:10<1:39:57,  8.35s/it]                                                    
{'loss': '0.005547', 'grad_norm': '0.3272', 'learning_rate': '0.0001619', 'epoch': '0.9322'}
[1A
[1A 31%|███       | 323/1041 [45:10<1:39:57,  8.35s/it]
[1A 31%|███       | 324/1041 [45:18<1:39:19,  8.31s/it]
[1A                                                    
{'loss': '0.02717', 'grad_norm': '0.855', 'learning_rate': '0.0001617', 'epoch': '0.9351'}
[1A
[1A 31%|███       | 324/1041 [45:18<1:39:19,  8.31s/it]
[1A 31%|███       | 325/1041 [45:27<1:38:41,  8.27s/it]
[1A                                                    
{'loss': '0.01915', 'grad_norm': '0.6358', 'learning_rate': '0.0001614', 'epoch': '0.938'}
[1A
[1A 31%|███       | 325/1041 [45:27<1:38:41,  8.27s/it]
[1A 31%|███▏      | 326/1041 [45:35<1:38:57,  8.30s/it]
[1A                                                    
{'loss': '0.0004049', 'grad_norm': '0.01021', 'learning_rate': '0.0001612', 'epoch': '0.9408'}
[1A
[1A 31%|███▏      | 326/1041 [45:35<1:38:57,  8.30s/it]
[1A 31%|███▏      | 327/1041 [45:43<1:39:08,  8.33s/it]
[1A                                                    
{'loss': '0.0009506', 'grad_norm': '0.02314', 'learning_rate': '0.0001609', 'epoch': '0.9437'}
[1A
[1A 31%|███▏      | 327/1041 [45:43<1:39:08,  8.33s/it]
[1A 32%|███▏      | 328/1041 [45:52<1:39:44,  8.39s/it]
[1A                                                    
{'loss': '0.003842', 'grad_norm': '0.1487', 'learning_rate': '0.0001607', 'epoch': '0.9466'}
[1A
[1A 32%|███▏      | 328/1041 [45:52<1:39:44,  8.39s/it]
[1A 32%|███▏      | 329/1041 [46:01<1:40:13,  8.45s/it]
[1A                                                    
{'loss': '0.008746', 'grad_norm': '0.6248', 'learning_rate': '0.0001605', 'epoch': '0.9495'}
[1A
[1A 32%|███▏      | 329/1041 [46:01<1:40:13,  8.45s/it]
[1A 32%|███▏      | 330/1041 [46:09<1:40:04,  8.45s/it]
[1A                                                    
{'loss': '0.0006318', 'grad_norm': '0.02087', 'learning_rate': '0.0001602', 'epoch': '0.9524'}
[1A
[1A 32%|███▏      | 330/1041 [46:09<1:40:04,  8.45s/it]
[1A 32%|███▏      | 331/1041 [46:18<1:40:22,  8.48s/it]
[1A                                                    
{'loss': '0.0004354', 'grad_norm': '0.01322', 'learning_rate': '0.00016', 'epoch': '0.9553'}
[1A
[1A 32%|███▏      | 331/1041 [46:18<1:40:22,  8.48s/it]
[1A 32%|███▏      | 332/1041 [46:26<1:40:51,  8.54s/it]
[1A                                                    
{'loss': '0.0003861', 'grad_norm': '0.007505', 'learning_rate': '0.0001597', 'epoch': '0.9582'}
[1A
[1A 32%|███▏      | 332/1041 [46:26<1:40:51,  8.54s/it]
[1A 32%|███▏      | 333/1041 [46:35<1:40:52,  8.55s/it]
[1A                                                    
{'loss': '0.000499', 'grad_norm': '0.01995', 'learning_rate': '0.0001595', 'epoch': '0.961'}
[1A
[1A 32%|███▏      | 333/1041 [46:35<1:40:52,  8.55s/it]
[1A 32%|███▏      | 334/1041 [46:43<1:40:16,  8.51s/it]
[1A                                                    
{'loss': '0.0008616', 'grad_norm': '0.04732', 'learning_rate': '0.0001592', 'epoch': '0.9639'}
[1A
[1A 32%|███▏      | 334/1041 [46:43<1:40:16,  8.51s/it]
[1A 32%|███▏      | 335/1041 [46:52<1:39:34,  8.46s/it]
[1A                                                    
{'loss': '0.001183', 'grad_norm': '0.04718', 'learning_rate': '0.000159', 'epoch': '0.9668'}
[1A
[1A 32%|███▏      | 335/1041 [46:52<1:39:34,  8.46s/it]
[1A 32%|███▏      | 336/1041 [47:00<1:39:50,  8.50s/it]
[1A                                                    
{'loss': '0.01292', 'grad_norm': '0.5915', 'learning_rate': '0.0001587', 'epoch': '0.9697'}
[1A
[1A 32%|███▏      | 336/1041 [47:00<1:39:50,  8.50s/it]
[1A 32%|███▏      | 337/1041 [47:09<1:39:52,  8.51s/it]
[1A                                                    
{'loss': '0.007055', 'grad_norm': '1.927', 'learning_rate': '0.0001585', 'epoch': '0.9726'}
[1A
[1A 32%|███▏      | 337/1041 [47:09<1:39:52,  8.51s/it]
[1A 32%|███▏      | 338/1041 [47:17<1:38:24,  8.40s/it]
[1A                                                    
{'loss': '0.0113', 'grad_norm': '0.4697', 'learning_rate': '0.0001582', 'epoch': '0.9755'}
[1A
[1A 32%|███▏      | 338/1041 [47:17<1:38:24,  8.40s/it]
[1A 33%|███▎      | 339/1041 [47:25<1:38:10,  8.39s/it]
[1A                                                    
{'loss': '0.01123', 'grad_norm': '0.373', 'learning_rate': '0.0001579', 'epoch': '0.9784'}
[1A
[1A 33%|███▎      | 339/1041 [47:25<1:38:10,  8.39s/it]
[1A 33%|███▎      | 340/1041 [47:33<1:37:37,  8.36s/it]
[1A                                                    
{'loss': '0.01298', 'grad_norm': '0.4036', 'learning_rate': '0.0001577', 'epoch': '0.9812'}
[1A
[1A 33%|███▎      | 340/1041 [47:33<1:37:37,  8.36s/it]
[1A 33%|███▎      | 341/1041 [47:42<1:38:00,  8.40s/it]
[1A                                                    
{'loss': '0.002963', 'grad_norm': '0.05934', 'learning_rate': '0.0001574', 'epoch': '0.9841'}
[1A
[1A 33%|███▎      | 341/1041 [47:42<1:38:00,  8.40s/it]
[1A 33%|███▎      | 342/1041 [47:50<1:36:57,  8.32s/it]
[1A                                                    
{'loss': '0.003168', 'grad_norm': '0.1488', 'learning_rate': '0.0001572', 'epoch': '0.987'}
[1A
[1A 33%|███▎      | 342/1041 [47:50<1:36:57,  8.32s/it]
[1A 33%|███▎      | 343/1041 [47:59<1:38:15,  8.45s/it]
[1A                                                    
{'loss': '0.009344', 'grad_norm': '0.2585', 'learning_rate': '0.0001569', 'epoch': '0.9899'}
[1A
[1A 33%|███▎      | 343/1041 [47:59<1:38:15,  8.45s/it]
[1A 33%|███▎      | 344/1041 [48:07<1:38:02,  8.44s/it]
[1A                                                    
{'loss': '0.01231', 'grad_norm': '0.2243', 'learning_rate': '0.0001567', 'epoch': '0.9928'}
[1A
[1A 33%|███▎      | 344/1041 [48:07<1:38:02,  8.44s/it]
[1A 33%|███▎      | 345/1041 [48:16<1:38:09,  8.46s/it]
[1A                                                    
{'loss': '0.02349', 'grad_norm': '0.3813', 'learning_rate': '0.0001564', 'epoch': '0.9957'}
[1A
[1A 33%|███▎      | 345/1041 [48:16<1:38:09,  8.46s/it]
[1A 33%|███▎      | 346/1041 [48:24<1:36:14,  8.31s/it]
[1A                                                    
{'loss': '0.000408', 'grad_norm': '0.0381', 'learning_rate': '0.0001562', 'epoch': '0.9986'}
[1A
[1A 33%|███▎      | 346/1041 [48:24<1:36:14,  8.31s/it]
[1A 33%|███▎      | 347/1041 [48:28<1:21:43,  7.07s/it]
[1A                                                    
{'loss': '0.002566', 'grad_norm': '0.07379', 'learning_rate': '0.0001559', 'epoch': '1'}
[1A
[1A 33%|███▎      | 347/1041 [48:28<1:21:43,  7.07s/it]
[1A 33%|███▎      | 348/1041 [48:36<1:25:04,  7.37s/it]
[1A                                                    
{'loss': '0.05144', 'grad_norm': '2.137', 'learning_rate': '0.0001556', 'epoch': '1.003'}
[1A
[1A 33%|███▎      | 348/1041 [48:36<1:25:04,  7.37s/it]
[1A 34%|███▎      | 349/1041 [48:44<1:27:29,  7.59s/it]
[1A                                                    
{'loss': '0.0005432', 'grad_norm': '0.02374', 'learning_rate': '0.0001554', 'epoch': '1.006'}
[1A
[1A 34%|███▎      | 349/1041 [48:44<1:27:29,  7.59s/it]
[1A 34%|███▎      | 350/1041 [48:52<1:30:05,  7.82s/it]
[1A                                                    
{'loss': '0.00102', 'grad_norm': '0.06335', 'learning_rate': '0.0001551', 'epoch': '1.009'}
[1A
[1A 34%|███▎      | 350/1041 [48:52<1:30:05,  7.82s/it]
[1A 34%|███▎      | 351/1041 [49:01<1:32:02,  8.00s/it]
[1A                                                    
{'loss': '0.03567', 'grad_norm': '1.378', 'learning_rate': '0.0001549', 'epoch': '1.012'}
[1A
[1A 34%|███▎      | 351/1041 [49:01<1:32:02,  8.00s/it]
[1A 34%|███▍      | 352/1041 [49:09<1:33:58,  8.18s/it]
[1A                                                    
{'loss': '0.002128', 'grad_norm': '0.08818', 'learning_rate': '0.0001546', 'epoch': '1.014'}
[1A
[1A 34%|███▍      | 352/1041 [49:09<1:33:58,  8.18s/it]
[1A 34%|███▍      | 353/1041 [49:17<1:33:07,  8.12s/it]
[1A                                                    
{'loss': '0.0005823', 'grad_norm': '0.01757', 'learning_rate': '0.0001543', 'epoch': '1.017'}
[1A
[1A 34%|███▍      | 353/1041 [49:17<1:33:07,  8.12s/it]
[1A 34%|███▍      | 354/1041 [49:26<1:34:01,  8.21s/it]
[1A                                                    
{'loss': '0.0009457', 'grad_norm': '0.03856', 'learning_rate': '0.0001541', 'epoch': '1.02'}
[1A
[1A 34%|███▍      | 354/1041 [49:26<1:34:01,  8.21s/it]
[1A 34%|███▍      | 355/1041 [49:34<1:34:47,  8.29s/it]
[1A                                                    
{'loss': '0.00029', 'grad_norm': '0.01348', 'learning_rate': '0.0001538', 'epoch': '1.023'}
[1A
[1A 34%|███▍      | 355/1041 [49:34<1:34:47,  8.29s/it]
[1A 34%|███▍      | 356/1041 [49:43<1:35:17,  8.35s/it]
[1A                                                    
{'loss': '0.001812', 'grad_norm': '0.1037', 'learning_rate': '0.0001536', 'epoch': '1.026'}
[1A
[1A 34%|███▍      | 356/1041 [49:43<1:35:17,  8.35s/it]
[1A 34%|███▍      | 357/1041 [49:51<1:34:17,  8.27s/it]
[1A                                                    
{'loss': '0.0008414', 'grad_norm': '0.03957', 'learning_rate': '0.0001533', 'epoch': '1.029'}
[1A
[1A 34%|███▍      | 357/1041 [49:51<1:34:17,  8.27s/it]
[1A 34%|███▍      | 358/1041 [49:59<1:34:31,  8.30s/it]
[1A                                                    
{'loss': '0.000965', 'grad_norm': '0.07233', 'learning_rate': '0.000153', 'epoch': '1.032'}
[1A
[1A 34%|███▍      | 358/1041 [49:59<1:34:31,  8.30s/it]
[1A 34%|███▍      | 359/1041 [50:08<1:34:30,  8.31s/it]
[1A                                                    
{'loss': '0.011', 'grad_norm': '0.6228', 'learning_rate': '0.0001528', 'epoch': '1.035'}
[1A
[1A 34%|███▍      | 359/1041 [50:08<1:34:30,  8.31s/it]
[1A 35%|███▍      | 360/1041 [50:16<1:34:50,  8.36s/it]
[1A                                                    
{'loss': '0.0003664', 'grad_norm': '0.009747', 'learning_rate': '0.0001525', 'epoch': '1.038'}
[1A
[1A 35%|███▍      | 360/1041 [50:16<1:34:50,  8.36s/it]
[1A 35%|███▍      | 361/1041 [50:24<1:33:53,  8.29s/it]
[1A                                                    
{'loss': '0.0008217', 'grad_norm': '0.05773', 'learning_rate': '0.0001522', 'epoch': '1.04'}
[1A
[1A 35%|███▍      | 361/1041 [50:24<1:33:53,  8.29s/it]
[1A 35%|███▍      | 362/1041 [50:33<1:33:58,  8.30s/it]
[1A                                                    
{'loss': '0.000748', 'grad_norm': '0.08767', 'learning_rate': '0.000152', 'epoch': '1.043'}
[1A
[1A 35%|███▍      | 362/1041 [50:33<1:33:58,  8.30s/it]
[1A 35%|███▍      | 363/1041 [50:41<1:33:52,  8.31s/it]
[1A                                                    
{'loss': '0.00734', 'grad_norm': '0.205', 'learning_rate': '0.0001517', 'epoch': '1.046'}
[1A
[1A 35%|███▍      | 363/1041 [50:41<1:33:52,  8.31s/it]
[1A 35%|███▍      | 364/1041 [50:49<1:33:05,  8.25s/it]
[1A                                                    
{'loss': '0.000228', 'grad_norm': '0.007153', 'learning_rate': '0.0001514', 'epoch': '1.049'}
[1A
[1A 35%|███▍      | 364/1041 [50:49<1:33:05,  8.25s/it]
[1A 35%|███▌      | 365/1041 [50:57<1:33:37,  8.31s/it]
[1A                                                    
{'loss': '0.0007569', 'grad_norm': '0.09643', 'learning_rate': '0.0001512', 'epoch': '1.052'}
[1A
[1A 35%|███▌      | 365/1041 [50:57<1:33:37,  8.31s/it]
[1A 35%|███▌      | 366/1041 [51:06<1:34:00,  8.36s/it]
[1A                                                    
{'loss': '0.02547', 'grad_norm': '0.5874', 'learning_rate': '0.0001509', 'epoch': '1.055'}
[1A
[1A 35%|███▌      | 366/1041 [51:06<1:34:00,  8.36s/it]
[1A 35%|███▌      | 367/1041 [51:14<1:33:30,  8.32s/it]
[1A                                                    
{'loss': '0.006672', 'grad_norm': '0.2625', 'learning_rate': '0.0001506', 'epoch': '1.058'}
[1A
[1A 35%|███▌      | 367/1041 [51:14<1:33:30,  8.32s/it]
[1A 35%|███▌      | 368/1041 [51:23<1:33:50,  8.37s/it]
[1A                                                    
{'loss': '0.001513', 'grad_norm': '0.1502', 'learning_rate': '0.0001504', 'epoch': '1.061'}
[1A
[1A 35%|███▌      | 368/1041 [51:23<1:33:50,  8.37s/it]
[1A 35%|███▌      | 369/1041 [51:31<1:34:09,  8.41s/it]
[1A                                                    
{'loss': '0.0006655', 'grad_norm': '0.02784', 'learning_rate': '0.0001501', 'epoch': '1.063'}
[1A
[1A 35%|███▌      | 369/1041 [51:31<1:34:09,  8.41s/it]
[1A 36%|███▌      | 370/1041 [51:39<1:33:48,  8.39s/it]
[1A                                                    
{'loss': '0.02624', 'grad_norm': '0.4824', 'learning_rate': '0.0001498', 'epoch': '1.066'}
[1A
[1A 36%|███▌      | 370/1041 [51:39<1:33:48,  8.39s/it]
[1A 36%|███▌      | 371/1041 [51:48<1:33:32,  8.38s/it]
[1A                                                    
{'loss': '0.004014', 'grad_norm': '0.1841', 'learning_rate': '0.0001495', 'epoch': '1.069'}
[1A
[1A 36%|███▌      | 371/1041 [51:48<1:33:32,  8.38s/it]
[1A 36%|███▌      | 372/1041 [51:56<1:32:34,  8.30s/it]
[1A                                                    
{'loss': '0.003155', 'grad_norm': '0.1177', 'learning_rate': '0.0001493', 'epoch': '1.072'}
[1A
[1A 36%|███▌      | 372/1041 [51:56<1:32:34,  8.30s/it]
[1A 36%|███▌      | 373/1041 [52:04<1:32:57,  8.35s/it]
[1A                                                    
{'loss': '0.0001751', 'grad_norm': '0.004179', 'learning_rate': '0.000149', 'epoch': '1.075'}
[1A
[1A 36%|███▌      | 373/1041 [52:04<1:32:57,  8.35s/it]
[1A 36%|███▌      | 374/1041 [52:13<1:33:12,  8.38s/it]
[1A                                                    
{'loss': '0.0355', 'grad_norm': '0.3552', 'learning_rate': '0.0001487', 'epoch': '1.078'}
[1A
[1A 36%|███▌      | 374/1041 [52:13<1:33:12,  8.38s/it]
[1A 36%|███▌      | 375/1041 [52:21<1:33:15,  8.40s/it]
[1A                                                    
{'loss': '0.0004368', 'grad_norm': '0.01099', 'learning_rate': '0.0001485', 'epoch': '1.081'}
[1A
[1A 36%|███▌      | 375/1041 [52:21<1:33:15,  8.40s/it]
[1A 36%|███▌      | 376/1041 [52:30<1:32:49,  8.37s/it]
[1A                                                    
{'loss': '0.0001231', 'grad_norm': '0.002398', 'learning_rate': '0.0001482', 'epoch': '1.084'}
[1A
[1A 36%|███▌      | 376/1041 [52:30<1:32:49,  8.37s/it]
[1A 36%|███▌      | 377/1041 [52:38<1:32:43,  8.38s/it]
[1A                                                    
{'loss': '0.0001961', 'grad_norm': '0.004029', 'learning_rate': '0.0001479', 'epoch': '1.087'}
[1A
[1A 36%|███▌      | 377/1041 [52:38<1:32:43,  8.38s/it]
[1A 36%|███▋      | 378/1041 [52:46<1:32:48,  8.40s/it]
[1A                                                    
{'loss': '0.0005682', 'grad_norm': '0.01305', 'learning_rate': '0.0001476', 'epoch': '1.089'}
[1A
[1A 36%|███▋      | 378/1041 [52:46<1:32:48,  8.40s/it]
[1A 36%|███▋      | 379/1041 [52:55<1:32:14,  8.36s/it]
[1A                                                    
{'loss': '0.001178', 'grad_norm': '0.04547', 'learning_rate': '0.0001474', 'epoch': '1.092'}
[1A
[1A 36%|███▋      | 379/1041 [52:55<1:32:14,  8.36s/it]
[1A 37%|███▋      | 380/1041 [53:03<1:32:01,  8.35s/it]
[1A                                                    
{'loss': '0.00183', 'grad_norm': '0.04837', 'learning_rate': '0.0001471', 'epoch': '1.095'}
[1A
[1A 37%|███▋      | 380/1041 [53:03<1:32:01,  8.35s/it]
[1A 37%|███▋      | 381/1041 [53:12<1:32:13,  8.38s/it]
[1A                                                    
{'loss': '0.0005327', 'grad_norm': '0.0142', 'learning_rate': '0.0001468', 'epoch': '1.098'}
[1A
[1A 37%|███▋      | 381/1041 [53:12<1:32:13,  8.38s/it]
[1A 37%|███▋      | 382/1041 [53:20<1:31:07,  8.30s/it]
[1A                                                    
{'loss': '0.0005579', 'grad_norm': '0.0191', 'learning_rate': '0.0001465', 'epoch': '1.101'}
[1A
[1A 37%|███▋      | 382/1041 [53:20<1:31:07,  8.30s/it]
[1A 37%|███▋      | 383/1041 [53:28<1:30:20,  8.24s/it]
[1A                                                    
{'loss': '0.00296', 'grad_norm': '0.08006', 'learning_rate': '0.0001463', 'epoch': '1.104'}
[1A
[1A 37%|███▋      | 383/1041 [53:28<1:30:20,  8.24s/it]
[1A 37%|███▋      | 384/1041 [53:36<1:30:29,  8.26s/it]
[1A                                                    
{'loss': '0.001001', 'grad_norm': '0.03106', 'learning_rate': '0.000146', 'epoch': '1.107'}
[1A
[1A 37%|███▋      | 384/1041 [53:36<1:30:29,  8.26s/it]
[1A 37%|███▋      | 385/1041 [53:44<1:30:48,  8.31s/it]
[1A                                                    
{'loss': '0.0005745', 'grad_norm': '0.03122', 'learning_rate': '0.0001457', 'epoch': '1.11'}
[1A
[1A 37%|███▋      | 385/1041 [53:44<1:30:48,  8.31s/it]
[1A 37%|███▋      | 386/1041 [53:53<1:31:21,  8.37s/it]
[1A                                                    
{'loss': '0.0007786', 'grad_norm': '0.03397', 'learning_rate': '0.0001454', 'epoch': '1.113'}
[1A
[1A 37%|███▋      | 386/1041 [53:53<1:31:21,  8.37s/it]
[1A 37%|███▋      | 387/1041 [54:01<1:31:28,  8.39s/it]
[1A                                                    
{'loss': '0.002369', 'grad_norm': '0.1981', 'learning_rate': '0.0001452', 'epoch': '1.115'}
[1A
[1A 37%|███▋      | 387/1041 [54:01<1:31:28,  8.39s/it]
[1A 37%|███▋      | 388/1041 [54:10<1:31:32,  8.41s/it]
[1A                                                    
{'loss': '0.001361', 'grad_norm': '0.2856', 'learning_rate': '0.0001449', 'epoch': '1.118'}
[1A
[1A 37%|███▋      | 388/1041 [54:10<1:31:32,  8.41s/it]
[1A 37%|███▋      | 389/1041 [54:18<1:31:01,  8.38s/it]
[1A                                                    
{'loss': '0.0004742', 'grad_norm': '0.0163', 'learning_rate': '0.0001446', 'epoch': '1.121'}
[1A
[1A 37%|███▋      | 389/1041 [54:18<1:31:01,  8.38s/it]
[1A 37%|███▋      | 390/1041 [54:26<1:29:45,  8.27s/it]
[1A                                                    
{'loss': '0.0001795', 'grad_norm': '0.008204', 'learning_rate': '0.0001443', 'epoch': '1.124'}
[1A
[1A 37%|███▋      | 390/1041 [54:26<1:29:45,  8.27s/it]
[1A 38%|███▊      | 391/1041 [54:34<1:29:46,  8.29s/it]
[1A                                                    
{'loss': '0.003592', 'grad_norm': '0.09325', 'learning_rate': '0.000144', 'epoch': '1.127'}
[1A
[1A 38%|███▊      | 391/1041 [54:34<1:29:46,  8.29s/it]
[1A 38%|███▊      | 392/1041 [54:43<1:29:50,  8.31s/it]
[1A                                                    
{'loss': '0.002883', 'grad_norm': '0.1711', 'learning_rate': '0.0001438', 'epoch': '1.13'}
[1A
[1A 38%|███▊      | 392/1041 [54:43<1:29:50,  8.31s/it]
[1A 38%|███▊      | 393/1041 [54:51<1:29:52,  8.32s/it]
[1A                                                    
{'loss': '0.0001961', 'grad_norm': '0.004956', 'learning_rate': '0.0001435', 'epoch': '1.133'}
[1A
[1A 38%|███▊      | 393/1041 [54:51<1:29:52,  8.32s/it]
[1A 38%|███▊      | 394/1041 [54:59<1:28:54,  8.25s/it]
[1A                                                    
{'loss': '6.807e-05', 'grad_norm': '0.001415', 'learning_rate': '0.0001432', 'epoch': '1.136'}
[1A
[1A 38%|███▊      | 394/1041 [54:59<1:28:54,  8.25s/it]
[1A 38%|███▊      | 395/1041 [55:08<1:30:20,  8.39s/it]
[1A                                                    
{'loss': '0.0001305', 'grad_norm': '0.00301', 'learning_rate': '0.0001429', 'epoch': '1.139'}
[1A
[1A 38%|███▊      | 395/1041 [55:08<1:30:20,  8.39s/it]
[1A 38%|███▊      | 396/1041 [55:16<1:28:27,  8.23s/it]
[1A                                                    
{'loss': '1.996e-05', 'grad_norm': '0.0004236', 'learning_rate': '0.0001426', 'epoch': '1.141'}
[1A
[1A 38%|███▊      | 396/1041 [55:16<1:28:27,  8.23s/it]
[1A 38%|███▊      | 397/1041 [55:24<1:29:00,  8.29s/it]
[1A                                                    
{'loss': '0.0006342', 'grad_norm': '0.02793', 'learning_rate': '0.0001424', 'epoch': '1.144'}
[1A
[1A 38%|███▊      | 397/1041 [55:24<1:29:00,  8.29s/it]
[1A 38%|███▊      | 398/1041 [55:33<1:29:00,  8.30s/it]
[1A                                                    
{'loss': '0.0001991', 'grad_norm': '0.007892', 'learning_rate': '0.0001421', 'epoch': '1.147'}
[1A
[1A 38%|███▊      | 398/1041 [55:33<1:29:00,  8.30s/it]
[1A 38%|███▊      | 399/1041 [55:41<1:28:10,  8.24s/it]
[1A                                                    
{'loss': '9.924e-05', 'grad_norm': '0.002617', 'learning_rate': '0.0001418', 'epoch': '1.15'}
[1A
[1A 38%|███▊      | 399/1041 [55:41<1:28:10,  8.24s/it]
[1A 38%|███▊      | 400/1041 [55:54<1:43:05,  9.65s/it]
[1A                                                    
{'loss': '0.0001251', 'grad_norm': '0.003583', 'learning_rate': '0.0001415', 'epoch': '1.153'}
[1A
[1A 38%|███▊      | 400/1041 [55:54<1:43:05,  9.65s/it]
[1A 39%|███▊      | 401/1041 [56:02<1:39:31,  9.33s/it]
[1A                                                    
{'loss': '0.002459', 'grad_norm': '0.1979', 'learning_rate': '0.0001412', 'epoch': '1.156'}
[1A
[1A 39%|███▊      | 401/1041 [56:02<1:39:31,  9.33s/it]
[1A 39%|███▊      | 402/1041 [56:10<1:35:57,  9.01s/it]
[1A                                                    
{'loss': '0.0001881', 'grad_norm': '0.007761', 'learning_rate': '0.0001409', 'epoch': '1.159'}
[1A
[1A 39%|███▊      | 402/1041 [56:11<1:35:57,  9.01s/it]
[1A 39%|███▊      | 403/1041 [56:19<1:33:59,  8.84s/it]
[1A                                                    
{'loss': '0.008187', 'grad_norm': '0.2962', 'learning_rate': '0.0001407', 'epoch': '1.162'}
[1A
[1A 39%|███▊      | 403/1041 [56:19<1:33:59,  8.84s/it]
[1A 39%|███▉      | 404/1041 [56:27<1:31:43,  8.64s/it]
[1A                                                    
{'loss': '0.0001659', 'grad_norm': '0.006795', 'learning_rate': '0.0001404', 'epoch': '1.165'}
[1A
[1A 39%|███▉      | 404/1041 [56:27<1:31:43,  8.64s/it]
[1A 39%|███▉      | 405/1041 [56:35<1:30:33,  8.54s/it]
[1A                                                    
{'loss': '8.695e-05', 'grad_norm': '0.002617', 'learning_rate': '0.0001401', 'epoch': '1.167'}
[1A
[1A 39%|███▉      | 405/1041 [56:35<1:30:33,  8.54s/it]
[1A 39%|███▉      | 406/1041 [56:44<1:29:44,  8.48s/it]
[1A                                                    
{'loss': '4.029e-05', 'grad_norm': '0.0007975', 'learning_rate': '0.0001398', 'epoch': '1.17'}
[1A
[1A 39%|███▉      | 406/1041 [56:44<1:29:44,  8.48s/it]
[1A 39%|███▉      | 407/1041 [56:52<1:29:33,  8.48s/it]
[1A                                                    
{'loss': '0.002202', 'grad_norm': '0.5983', 'learning_rate': '0.0001395', 'epoch': '1.173'}
[1A
[1A 39%|███▉      | 407/1041 [56:52<1:29:33,  8.48s/it]
[1A 39%|███▉      | 408/1041 [57:01<1:29:24,  8.47s/it]
[1A                                                    
{'loss': '0.0001589', 'grad_norm': '0.005698', 'learning_rate': '0.0001392', 'epoch': '1.176'}
[1A
[1A 39%|███▉      | 408/1041 [57:01<1:29:24,  8.47s/it]
[1A 39%|███▉      | 409/1041 [57:09<1:29:11,  8.47s/it]
[1A                                                    
{'loss': '0.02012', 'grad_norm': '0.3617', 'learning_rate': '0.000139', 'epoch': '1.179'}
[1A
[1A 39%|███▉      | 409/1041 [57:09<1:29:11,  8.47s/it]
[1A 39%|███▉      | 410/1041 [57:18<1:28:58,  8.46s/it]
[1A                                                    
{'loss': '0.0003925', 'grad_norm': '0.01457', 'learning_rate': '0.0001387', 'epoch': '1.182'}
[1A
[1A 39%|███▉      | 410/1041 [57:18<1:28:58,  8.46s/it]
[1A 39%|███▉      | 411/1041 [57:26<1:27:37,  8.34s/it]
[1A                                                    
{'loss': '0.0001019', 'grad_norm': '0.002399', 'learning_rate': '0.0001384', 'epoch': '1.185'}
[1A
[1A 39%|███▉      | 411/1041 [57:26<1:27:37,  8.34s/it]
[1A 40%|███▉      | 412/1041 [57:34<1:26:37,  8.26s/it]
[1A                                                    
{'loss': '5.652e-05', 'grad_norm': '0.001654', 'learning_rate': '0.0001381', 'epoch': '1.188'}
[1A
[1A 40%|███▉      | 412/1041 [57:34<1:26:37,  8.26s/it]
[1A 40%|███▉      | 413/1041 [57:42<1:26:54,  8.30s/it]
[1A                                                    
{'loss': '0.0001013', 'grad_norm': '0.01465', 'learning_rate': '0.0001378', 'epoch': '1.19'}
[1A
[1A 40%|███▉      | 413/1041 [57:42<1:26:54,  8.30s/it]
[1A 40%|███▉      | 414/1041 [57:51<1:26:57,  8.32s/it]
[1A                                                    
{'loss': '0.0001837', 'grad_norm': '0.007019', 'learning_rate': '0.0001375', 'epoch': '1.193'}
[1A
[1A 40%|███▉      | 414/1041 [57:51<1:26:57,  8.32s/it]
[1A 40%|███▉      | 415/1041 [57:59<1:26:49,  8.32s/it]
[1A                                                    
{'loss': '0.0003131', 'grad_norm': '0.09072', 'learning_rate': '0.0001372', 'epoch': '1.196'}
[1A
[1A 40%|███▉      | 415/1041 [57:59<1:26:49,  8.32s/it]
[1A 40%|███▉      | 416/1041 [58:07<1:26:57,  8.35s/it]
[1A                                                    
{'loss': '0.03997', 'grad_norm': '0.5003', 'learning_rate': '0.0001369', 'epoch': '1.199'}
[1A
[1A 40%|███▉      | 416/1041 [58:07<1:26:57,  8.35s/it]
[1A 40%|████      | 417/1041 [58:15<1:26:24,  8.31s/it]
[1A                                                    
{'loss': '0.002041', 'grad_norm': '0.168', 'learning_rate': '0.0001366', 'epoch': '1.202'}
[1A
[1A 40%|████      | 417/1041 [58:15<1:26:24,  8.31s/it]
[1A 40%|████      | 418/1041 [58:24<1:25:39,  8.25s/it]
[1A                                                    
{'loss': '5.559e-05', 'grad_norm': '0.001554', 'learning_rate': '0.0001364', 'epoch': '1.205'}
[1A
[1A 40%|████      | 418/1041 [58:24<1:25:39,  8.25s/it]
[1A 40%|████      | 419/1041 [58:32<1:26:10,  8.31s/it]
[1A                                                    
{'loss': '1.967e-05', 'grad_norm': '0.0003531', 'learning_rate': '0.0001361', 'epoch': '1.208'}
[1A
[1A 40%|████      | 419/1041 [58:32<1:26:10,  8.31s/it]
[1A 40%|████      | 420/1041 [58:40<1:26:27,  8.35s/it]
[1A                                                    
{'loss': '0.000384', 'grad_norm': '0.01124', 'learning_rate': '0.0001358', 'epoch': '1.211'}
[1A
[1A 40%|████      | 420/1041 [58:40<1:26:27,  8.35s/it]
[1A 40%|████      | 421/1041 [58:49<1:26:42,  8.39s/it]
[1A                                                    
{'loss': '0.003411', 'grad_norm': '0.122', 'learning_rate': '0.0001355', 'epoch': '1.214'}
[1A
[1A 40%|████      | 421/1041 [58:49<1:26:42,  8.39s/it]
[1A 41%|████      | 422/1041 [58:57<1:26:37,  8.40s/it]
[1A                                                    
{'loss': '0.0004974', 'grad_norm': '0.01056', 'learning_rate': '0.0001352', 'epoch': '1.216'}
[1A
[1A 41%|████      | 422/1041 [58:57<1:26:37,  8.40s/it]
[1A 41%|████      | 423/1041 [59:06<1:26:22,  8.39s/it]
[1A                                                    
{'loss': '0.002904', 'grad_norm': '0.07579', 'learning_rate': '0.0001349', 'epoch': '1.219'}
[1A
[1A 41%|████      | 423/1041 [59:06<1:26:22,  8.39s/it]
[1A 41%|████      | 424/1041 [59:14<1:26:04,  8.37s/it]
[1A                                                    
{'loss': '0.001076', 'grad_norm': '0.04648', 'learning_rate': '0.0001346', 'epoch': '1.222'}
[1A
[1A 41%|████      | 424/1041 [59:14<1:26:04,  8.37s/it]
[1A 41%|████      | 425/1041 [59:22<1:25:36,  8.34s/it]
[1A                                                    
{'loss': '0.0004001', 'grad_norm': '0.01211', 'learning_rate': '0.0001343', 'epoch': '1.225'}
[1A
[1A 41%|████      | 425/1041 [59:22<1:25:36,  8.34s/it]
[1A 41%|████      | 426/1041 [59:30<1:24:43,  8.27s/it]
[1A                                                    
{'loss': '0.0004286', 'grad_norm': '0.01447', 'learning_rate': '0.000134', 'epoch': '1.228'}
[1A
[1A 41%|████      | 426/1041 [59:30<1:24:43,  8.27s/it]
[1A 41%|████      | 427/1041 [59:39<1:24:43,  8.28s/it]
[1A                                                    
{'loss': '0.0002471', 'grad_norm': '0.006453', 'learning_rate': '0.0001337', 'epoch': '1.231'}
[1A
[1A 41%|████      | 427/1041 [59:39<1:24:43,  8.28s/it]
[1A 41%|████      | 428/1041 [59:47<1:24:38,  8.28s/it]
[1A                                                    
{'loss': '0.000126', 'grad_norm': '0.004811', 'learning_rate': '0.0001334', 'epoch': '1.234'}
[1A
[1A 41%|████      | 428/1041 [59:47<1:24:38,  8.28s/it]
[1A 41%|████      | 429/1041 [59:55<1:22:38,  8.10s/it]
[1A                                                    
{'loss': '0.0003654', 'grad_norm': '0.02574', 'learning_rate': '0.0001331', 'epoch': '1.237'}
[1A
[1A 41%|████      | 429/1041 [59:55<1:22:38,  8.10s/it]
[1A 41%|████▏     | 430/1041 [1:00:03<1:21:56,  8.05s/it]
[1A                                                      
{'loss': '0.0006068', 'grad_norm': '0.02605', 'learning_rate': '0.0001328', 'epoch': '1.24'}
[1A
[1A 41%|████▏     | 430/1041 [1:00:03<1:21:56,  8.05s/it]
[1A 41%|████▏     | 431/1041 [1:00:11<1:23:15,  8.19s/it]
[1A                                                      
{'loss': '0.0002989', 'grad_norm': '0.0198', 'learning_rate': '0.0001326', 'epoch': '1.242'}
[1A
[1A 41%|████▏     | 431/1041 [1:00:11<1:23:15,  8.19s/it]
[1A 41%|████▏     | 432/1041 [1:00:19<1:21:41,  8.05s/it]
[1A                                                      
{'loss': '7.549e-05', 'grad_norm': '0.002396', 'learning_rate': '0.0001323', 'epoch': '1.245'}
[1A
[1A 41%|████▏     | 432/1041 [1:00:19<1:21:41,  8.05s/it]
[1A 42%|████▏     | 433/1041 [1:00:27<1:22:24,  8.13s/it]
[1A                                                      
{'loss': '0.001148', 'grad_norm': '0.0329', 'learning_rate': '0.000132', 'epoch': '1.248'}
[1A
[1A 42%|████▏     | 433/1041 [1:00:27<1:22:24,  8.13s/it]
[1A 42%|████▏     | 434/1041 [1:00:36<1:23:18,  8.24s/it]
[1A                                                      
{'loss': '0.003743', 'grad_norm': '0.1437', 'learning_rate': '0.0001317', 'epoch': '1.251'}
[1A
[1A 42%|████▏     | 434/1041 [1:00:36<1:23:18,  8.24s/it]
[1A 42%|████▏     | 435/1041 [1:00:44<1:23:13,  8.24s/it]
[1A                                                      
{'loss': '0.001722', 'grad_norm': '0.07826', 'learning_rate': '0.0001314', 'epoch': '1.254'}
[1A
[1A 42%|████▏     | 435/1041 [1:00:44<1:23:13,  8.24s/it]
[1A 42%|████▏     | 436/1041 [1:00:52<1:24:07,  8.34s/it]
[1A                                                      
{'loss': '0.0001403', 'grad_norm': '0.003044', 'learning_rate': '0.0001311', 'epoch': '1.257'}
[1A
[1A 42%|████▏     | 436/1041 [1:00:53<1:24:07,  8.34s/it]
[1A 42%|████▏     | 437/1041 [1:01:01<1:23:02,  8.25s/it]
[1A                                                      
{'loss': '0.0001055', 'grad_norm': '0.003369', 'learning_rate': '0.0001308', 'epoch': '1.26'}
[1A
[1A 42%|████▏     | 437/1041 [1:01:01<1:23:02,  8.25s/it]
[1A 42%|████▏     | 438/1041 [1:01:09<1:23:13,  8.28s/it]
[1A                                                      
{'loss': '0.0001874', 'grad_norm': '0.003586', 'learning_rate': '0.0001305', 'epoch': '1.263'}
[1A
[1A 42%|████▏     | 438/1041 [1:01:09<1:23:13,  8.28s/it]
[1A 42%|████▏     | 439/1041 [1:01:17<1:23:36,  8.33s/it]
[1A                                                      
{'loss': '0.0005734', 'grad_norm': '0.02364', 'learning_rate': '0.0001302', 'epoch': '1.266'}
[1A
[1A 42%|████▏     | 439/1041 [1:01:17<1:23:36,  8.33s/it]
[1A 42%|████▏     | 440/1041 [1:01:26<1:24:00,  8.39s/it]
[1A                                                      
{'loss': '0.0001397', 'grad_norm': '0.004353', 'learning_rate': '0.0001299', 'epoch': '1.268'}
[1A
[1A 42%|████▏     | 440/1041 [1:01:26<1:24:00,  8.39s/it]
[1A 42%|████▏     | 441/1041 [1:01:34<1:23:43,  8.37s/it]
[1A                                                      
{'loss': '0.001941', 'grad_norm': '0.08441', 'learning_rate': '0.0001296', 'epoch': '1.271'}
[1A
[1A 42%|████▏     | 441/1041 [1:01:34<1:23:43,  8.37s/it]
[1A 42%|████▏     | 442/1041 [1:01:43<1:23:47,  8.39s/it]
[1A                                                      
{'loss': '0.0002462', 'grad_norm': '0.006936', 'learning_rate': '0.0001293', 'epoch': '1.274'}
[1A
[1A 42%|████▏     | 442/1041 [1:01:43<1:23:47,  8.39s/it]
[1A 43%|████▎     | 443/1041 [1:01:51<1:23:24,  8.37s/it]
[1A                                                      
{'loss': '0.0001218', 'grad_norm': '0.004995', 'learning_rate': '0.000129', 'epoch': '1.277'}
[1A
[1A 43%|████▎     | 443/1041 [1:01:51<1:23:24,  8.37s/it]
[1A 43%|████▎     | 444/1041 [1:02:00<1:23:55,  8.43s/it]
[1A                                                      
{'loss': '0.002817', 'grad_norm': '0.1052', 'learning_rate': '0.0001287', 'epoch': '1.28'}
[1A
[1A 43%|████▎     | 444/1041 [1:02:00<1:23:55,  8.43s/it]
[1A 43%|████▎     | 445/1041 [1:02:08<1:23:22,  8.39s/it]
[1A                                                      
{'loss': '0.000229', 'grad_norm': '0.00464', 'learning_rate': '0.0001284', 'epoch': '1.283'}
[1A
[1A 43%|████▎     | 445/1041 [1:02:08<1:23:22,  8.39s/it]
[1A 43%|████▎     | 446/1041 [1:02:16<1:22:59,  8.37s/it]
[1A                                                      
{'loss': '0.0003772', 'grad_norm': '0.01086', 'learning_rate': '0.0001281', 'epoch': '1.286'}
[1A
[1A 43%|████▎     | 446/1041 [1:02:16<1:22:59,  8.37s/it]
[1A 43%|████▎     | 447/1041 [1:02:25<1:23:08,  8.40s/it]
[1A                                                      
{'loss': '7.78e-05', 'grad_norm': '0.001807', 'learning_rate': '0.0001278', 'epoch': '1.289'}
[1A
[1A 43%|████▎     | 447/1041 [1:02:25<1:23:08,  8.40s/it]
[1A 43%|████▎     | 448/1041 [1:02:33<1:23:30,  8.45s/it]
[1A                                                      
{'loss': '0.0001268', 'grad_norm': '0.003985', 'learning_rate': '0.0001275', 'epoch': '1.291'}
[1A
[1A 43%|████▎     | 448/1041 [1:02:33<1:23:30,  8.45s/it]
[1A 43%|████▎     | 449/1041 [1:02:41<1:22:07,  8.32s/it]
[1A                                                      
{'loss': '1.924e-05', 'grad_norm': '0.0003665', 'learning_rate': '0.0001272', 'epoch': '1.294'}
[1A
[1A 43%|████▎     | 449/1041 [1:02:41<1:22:07,  8.32s/it]
[1A 43%|████▎     | 450/1041 [1:02:50<1:22:45,  8.40s/it]
[1A                                                      
{'loss': '0.0001013', 'grad_norm': '0.003621', 'learning_rate': '0.0001269', 'epoch': '1.297'}
[1A
[1A 43%|████▎     | 450/1041 [1:02:50<1:22:45,  8.40s/it]
[1A 43%|████▎     | 451/1041 [1:02:58<1:22:20,  8.37s/it]
[1A                                                      
{'loss': '0.0002464', 'grad_norm': '0.006996', 'learning_rate': '0.0001266', 'epoch': '1.3'}
[1A
[1A 43%|████▎     | 451/1041 [1:02:58<1:22:20,  8.37s/it]
[1A 43%|████▎     | 452/1041 [1:03:07<1:22:49,  8.44s/it]
[1A                                                      
{'loss': '0.0001342', 'grad_norm': '0.004574', 'learning_rate': '0.0001263', 'epoch': '1.303'}
[1A
[1A 43%|████▎     | 452/1041 [1:03:07<1:22:49,  8.44s/it]
[1A 44%|████▎     | 453/1041 [1:03:15<1:22:18,  8.40s/it]
[1A                                                      
{'loss': '2.25e-05', 'grad_norm': '0.0005057', 'learning_rate': '0.000126', 'epoch': '1.306'}
[1A
[1A 44%|████▎     | 453/1041 [1:03:15<1:22:18,  8.40s/it]
[1A 44%|████▎     | 454/1041 [1:03:23<1:21:14,  8.30s/it]
[1A                                                      
{'loss': '2.28e-05', 'grad_norm': '0.0004898', 'learning_rate': '0.0001257', 'epoch': '1.309'}
[1A
[1A 44%|████▎     | 454/1041 [1:03:23<1:21:14,  8.30s/it]
[1A 44%|████▎     | 455/1041 [1:03:31<1:20:27,  8.24s/it]
[1A                                                      
{'loss': '2.084e-05', 'grad_norm': '0.0005605', 'learning_rate': '0.0001254', 'epoch': '1.312'}
[1A
[1A 44%|████▎     | 455/1041 [1:03:31<1:20:27,  8.24s/it]
[1A 44%|████▍     | 456/1041 [1:03:40<1:21:11,  8.33s/it]                                                      
{'loss': '7.756e-05', 'grad_norm': '0.00215', 'learning_rate': '0.0001251', 'epoch': '1.315'}
[1A
[1A 44%|████▍     | 456/1041 [1:03:40<1:21:11,  8.33s/it]
[1A 44%|████▍     | 457/1041 [1:03:48<1:21:13,  8.35s/it]
[1A                                                      
{'loss': '0.0001062', 'grad_norm': '0.001947', 'learning_rate': '0.0001248', 'epoch': '1.317'}
[1A
[1A 44%|████▍     | 457/1041 [1:03:48<1:21:13,  8.35s/it]
[1A 44%|████▍     | 458/1041 [1:03:56<1:21:01,  8.34s/it]
[1A                                                      
{'loss': '0.0002488', 'grad_norm': '0.02476', 'learning_rate': '0.0001245', 'epoch': '1.32'}
[1A
[1A 44%|████▍     | 458/1041 [1:03:56<1:21:01,  8.34s/it]
[1A 44%|████▍     | 459/1041 [1:04:05<1:20:50,  8.33s/it]
[1A                                                      
{'loss': '1.357e-05', 'grad_norm': '0.0002464', 'learning_rate': '0.0001242', 'epoch': '1.323'}
[1A
[1A 44%|████▍     | 459/1041 [1:04:05<1:20:50,  8.33s/it]
[1A 44%|████▍     | 460/1041 [1:04:12<1:18:59,  8.16s/it]
[1A                                                      
{'loss': '3.258e-05', 'grad_norm': '0.002672', 'learning_rate': '0.0001239', 'epoch': '1.326'}
[1A
[1A 44%|████▍     | 460/1041 [1:04:12<1:18:59,  8.16s/it]
[1A 44%|████▍     | 461/1041 [1:04:21<1:19:40,  8.24s/it]
[1A                                                      
{'loss': '0.0001607', 'grad_norm': '0.01551', 'learning_rate': '0.0001236', 'epoch': '1.329'}
[1A
[1A 44%|████▍     | 461/1041 [1:04:21<1:19:40,  8.24s/it]
[1A 44%|████▍     | 462/1041 [1:04:29<1:19:59,  8.29s/it]
[1A                                                      
{'loss': '5.239e-05', 'grad_norm': '0.001185', 'learning_rate': '0.0001233', 'epoch': '1.332'}
[1A
[1A 44%|████▍     | 462/1041 [1:04:29<1:19:59,  8.29s/it]
[1A 44%|████▍     | 463/1041 [1:04:37<1:19:16,  8.23s/it]
[1A                                                      
{'loss': '5.415e-05', 'grad_norm': '0.005128', 'learning_rate': '0.000123', 'epoch': '1.335'}
[1A
[1A 44%|████▍     | 463/1041 [1:04:37<1:19:16,  8.23s/it]
[1A 45%|████▍     | 464/1041 [1:04:45<1:18:40,  8.18s/it]
[1A                                                      
{'loss': '9.983e-05', 'grad_norm': '0.003182', 'learning_rate': '0.0001227', 'epoch': '1.338'}
[1A
[1A 45%|████▍     | 464/1041 [1:04:45<1:18:40,  8.18s/it]
[1A 45%|████▍     | 465/1041 [1:04:54<1:18:55,  8.22s/it]
[1A                                                      
{'loss': '0.005099', 'grad_norm': '0.8181', 'learning_rate': '0.0001224', 'epoch': '1.341'}
[1A
[1A 45%|████▍     | 465/1041 [1:04:54<1:18:55,  8.22s/it]
[1A 45%|████▍     | 466/1041 [1:05:02<1:18:14,  8.17s/it]
[1A                                                      
{'loss': '1.156e-05', 'grad_norm': '0.0002551', 'learning_rate': '0.0001221', 'epoch': '1.343'}
[1A
[1A 45%|████▍     | 466/1041 [1:05:02<1:18:14,  8.17s/it]
[1A 45%|████▍     | 467/1041 [1:05:10<1:17:26,  8.10s/it]
[1A                                                      
{'loss': '1.548e-05', 'grad_norm': '0.0003775', 'learning_rate': '0.0001218', 'epoch': '1.346'}
[1A
[1A 45%|████▍     | 467/1041 [1:05:10<1:17:26,  8.10s/it]
[1A 45%|████▍     | 468/1041 [1:05:18<1:17:44,  8.14s/it]
[1A                                                      
{'loss': '0.0001813', 'grad_norm': '0.02819', 'learning_rate': '0.0001215', 'epoch': '1.349'}
[1A
[1A 45%|████▍     | 468/1041 [1:05:18<1:17:44,  8.14s/it]
[1A 45%|████▌     | 469/1041 [1:05:26<1:17:50,  8.17s/it]
[1A                                                      
{'loss': '0.0003044', 'grad_norm': '0.02915', 'learning_rate': '0.0001212', 'epoch': '1.352'}
[1A
[1A 45%|████▌     | 469/1041 [1:05:26<1:17:50,  8.17s/it]
[1A 45%|████▌     | 470/1041 [1:05:35<1:18:23,  8.24s/it]
[1A                                                      
{'loss': '5.266e-05', 'grad_norm': '0.001795', 'learning_rate': '0.0001209', 'epoch': '1.355'}
[1A
[1A 45%|████▌     | 470/1041 [1:05:35<1:18:23,  8.24s/it]
[1A 45%|████▌     | 471/1041 [1:05:43<1:19:12,  8.34s/it]
[1A                                                      
{'loss': '0.01128', 'grad_norm': '0.2728', 'learning_rate': '0.0001206', 'epoch': '1.358'}
[1A
[1A 45%|████▌     | 471/1041 [1:05:43<1:19:12,  8.34s/it]
[1A 45%|████▌     | 472/1041 [1:05:51<1:18:47,  8.31s/it]
[1A                                                      
{'loss': '0.0271', 'grad_norm': '2.014', 'learning_rate': '0.0001203', 'epoch': '1.361'}
[1A
[1A 45%|████▌     | 472/1041 [1:05:51<1:18:47,  8.31s/it]
[1A 45%|████▌     | 473/1041 [1:06:00<1:17:58,  8.24s/it]
[1A                                                      
{'loss': '0.0003549', 'grad_norm': '0.01531', 'learning_rate': '0.0001199', 'epoch': '1.364'}
[1A
[1A 45%|████▌     | 473/1041 [1:06:00<1:17:58,  8.24s/it]
[1A 46%|████▌     | 474/1041 [1:06:08<1:18:28,  8.30s/it]
[1A                                                      
{'loss': '8.433e-05', 'grad_norm': '0.00226', 'learning_rate': '0.0001196', 'epoch': '1.367'}
[1A
[1A 46%|████▌     | 474/1041 [1:06:08<1:18:28,  8.30s/it]
[1A 46%|████▌     | 475/1041 [1:06:17<1:19:23,  8.42s/it]
[1A                                                      
{'loss': '0.000323', 'grad_norm': '0.007227', 'learning_rate': '0.0001193', 'epoch': '1.369'}
[1A
[1A 46%|████▌     | 475/1041 [1:06:17<1:19:23,  8.42s/it]
[1A 46%|████▌     | 476/1041 [1:06:25<1:18:22,  8.32s/it]
[1A                                                      
{'loss': '0.001232', 'grad_norm': '0.09223', 'learning_rate': '0.000119', 'epoch': '1.372'}
[1A
[1A 46%|████▌     | 476/1041 [1:06:25<1:18:22,  8.32s/it]
[1A 46%|████▌     | 477/1041 [1:06:33<1:19:00,  8.40s/it]
[1A                                                      
{'loss': '0.0001379', 'grad_norm': '0.003186', 'learning_rate': '0.0001187', 'epoch': '1.375'}
[1A
[1A 46%|████▌     | 477/1041 [1:06:33<1:19:00,  8.40s/it]
[1A 46%|████▌     | 478/1041 [1:06:42<1:18:35,  8.37s/it]
[1A                                                      
{'loss': '0.0003169', 'grad_norm': '0.01376', 'learning_rate': '0.0001184', 'epoch': '1.378'}
[1A
[1A 46%|████▌     | 478/1041 [1:06:42<1:18:35,  8.37s/it]
[1A 46%|████▌     | 479/1041 [1:06:50<1:17:34,  8.28s/it]
[1A                                                      
{'loss': '0.002037', 'grad_norm': '0.2063', 'learning_rate': '0.0001181', 'epoch': '1.381'}
[1A
[1A 46%|████▌     | 479/1041 [1:06:50<1:17:34,  8.28s/it]
[1A 46%|████▌     | 480/1041 [1:06:58<1:17:21,  8.27s/it]
[1A                                                      
{'loss': '0.002531', 'grad_norm': '0.1557', 'learning_rate': '0.0001178', 'epoch': '1.384'}
[1A
[1A 46%|████▌     | 480/1041 [1:06:58<1:17:21,  8.27s/it]
[1A 46%|████▌     | 481/1041 [1:07:06<1:17:41,  8.32s/it]
[1A                                                      
{'loss': '0.001876', 'grad_norm': '0.09461', 'learning_rate': '0.0001175', 'epoch': '1.387'}
[1A
[1A 46%|████▌     | 481/1041 [1:07:06<1:17:41,  8.32s/it]
[1A 46%|████▋     | 482/1041 [1:07:14<1:16:48,  8.24s/it]
[1A                                                      
{'loss': '0.00347', 'grad_norm': '0.5365', 'learning_rate': '0.0001172', 'epoch': '1.39'}
[1A
[1A 46%|████▋     | 482/1041 [1:07:14<1:16:48,  8.24s/it]
[1A 46%|████▋     | 483/1041 [1:07:22<1:15:59,  8.17s/it]
[1A                                                      
{'loss': '8.159e-05', 'grad_norm': '0.003669', 'learning_rate': '0.0001169', 'epoch': '1.392'}
[1A
[1A 46%|████▋     | 483/1041 [1:07:22<1:15:59,  8.17s/it]
[1A 46%|████▋     | 484/1041 [1:07:31<1:16:20,  8.22s/it]
[1A                                                      
{'loss': '0.0001723', 'grad_norm': '0.005796', 'learning_rate': '0.0001166', 'epoch': '1.395'}
[1A
[1A 46%|████▋     | 484/1041 [1:07:31<1:16:20,  8.22s/it]
[1A 47%|████▋     | 485/1041 [1:07:39<1:15:48,  8.18s/it]
[1A                                                      
{'loss': '7.877e-05', 'grad_norm': '0.002891', 'learning_rate': '0.0001163', 'epoch': '1.398'}
[1A
[1A 47%|████▋     | 485/1041 [1:07:39<1:15:48,  8.18s/it]
[1A 47%|████▋     | 486/1041 [1:07:47<1:15:29,  8.16s/it]
[1A                                                      
{'loss': '2.367e-05', 'grad_norm': '0.0008049', 'learning_rate': '0.000116', 'epoch': '1.401'}
[1A
[1A 47%|████▋     | 486/1041 [1:07:47<1:15:29,  8.16s/it]
[1A 47%|████▋     | 487/1041 [1:07:55<1:16:14,  8.26s/it]
[1A                                                      
{'loss': '0.0002596', 'grad_norm': '0.03081', 'learning_rate': '0.0001157', 'epoch': '1.404'}
[1A
[1A 47%|████▋     | 487/1041 [1:07:55<1:16:14,  8.26s/it]
[1A 47%|████▋     | 488/1041 [1:08:04<1:17:01,  8.36s/it]
[1A                                                      
{'loss': '0.001231', 'grad_norm': '0.1526', 'learning_rate': '0.0001154', 'epoch': '1.407'}
[1A
[1A 47%|████▋     | 488/1041 [1:08:04<1:17:01,  8.36s/it]
[1A 47%|████▋     | 489/1041 [1:08:12<1:16:48,  8.35s/it]
[1A                                                      
{'loss': '0.001084', 'grad_norm': '0.05527', 'learning_rate': '0.000115', 'epoch': '1.41'}
[1A
[1A 47%|████▋     | 489/1041 [1:08:12<1:16:48,  8.35s/it]
[1A 47%|████▋     | 490/1041 [1:08:21<1:17:35,  8.45s/it]
[1A                                                      
[1A
{'loss': '0.006331', 'grad_norm': '0.2574', 'learning_rate': '0.0001147', 'epoch': '1.413'}
[1A 47%|████▋     | 490/1041 [1:08:21<1:17:35,  8.45s/it]
[1A 47%|████▋     | 491/1041 [1:08:30<1:17:54,  8.50s/it]
[1A                                                      
{'loss': '0.001682', 'grad_norm': '0.1004', 'learning_rate': '0.0001144', 'epoch': '1.416'}
[1A
[1A 47%|████▋     | 491/1041 [1:08:30<1:17:54,  8.50s/it]
[1A 47%|████▋     | 492/1041 [1:08:38<1:17:57,  8.52s/it]
[1A                                                      
{'loss': '0.002056', 'grad_norm': '0.1633', 'learning_rate': '0.0001141', 'epoch': '1.418'}
[1A
[1A 47%|████▋     | 492/1041 [1:08:38<1:17:57,  8.52s/it]
[1A 47%|████▋     | 493/1041 [1:08:47<1:17:44,  8.51s/it]
[1A                                                      
{'loss': '0.0002475', 'grad_norm': '0.02115', 'learning_rate': '0.0001138', 'epoch': '1.421'}
[1A
[1A 47%|████▋     | 493/1041 [1:08:47<1:17:44,  8.51s/it]
[1A 47%|████▋     | 494/1041 [1:08:55<1:16:56,  8.44s/it]
[1A                                                      
{'loss': '0.0001258', 'grad_norm': '0.003793', 'learning_rate': '0.0001135', 'epoch': '1.424'}
[1A
[1A 47%|████▋     | 494/1041 [1:08:55<1:16:56,  8.44s/it]
[1A 48%|████▊     | 495/1041 [1:09:04<1:16:56,  8.46s/it]
[1A                                                      
{'loss': '6.123e-05', 'grad_norm': '0.001028', 'learning_rate': '0.0001132', 'epoch': '1.427'}
[1A
[1A 48%|████▊     | 495/1041 [1:09:04<1:16:56,  8.46s/it]
[1A 48%|████▊     | 496/1041 [1:09:12<1:16:24,  8.41s/it]
[1A                                                      
{'loss': '6.819e-05', 'grad_norm': '0.001341', 'learning_rate': '0.0001129', 'epoch': '1.43'}
[1A
[1A 48%|████▊     | 496/1041 [1:09:12<1:16:24,  8.41s/it]
[1A 48%|████▊     | 497/1041 [1:09:20<1:16:10,  8.40s/it]
[1A                                                      
{'loss': '0.0009345', 'grad_norm': '0.046', 'learning_rate': '0.0001126', 'epoch': '1.433'}
[1A
[1A 48%|████▊     | 497/1041 [1:09:20<1:16:10,  8.40s/it]
[1A 48%|████▊     | 498/1041 [1:09:29<1:16:11,  8.42s/it]
[1A                                                      
{'loss': '2.639e-05', 'grad_norm': '0.0005633', 'learning_rate': '0.0001123', 'epoch': '1.436'}
[1A
[1A 48%|████▊     | 498/1041 [1:09:29<1:16:11,  8.42s/it]
[1A 48%|████▊     | 499/1041 [1:09:37<1:15:58,  8.41s/it]
[1A                                                      
{'loss': '0.0001108', 'grad_norm': '0.01276', 'learning_rate': '0.000112', 'epoch': '1.439'}
[1A
[1A 48%|████▊     | 499/1041 [1:09:37<1:15:58,  8.41s/it]
[1A 48%|████▊     | 500/1041 [1:09:51<1:29:43,  9.95s/it]
[1A                                                      
{'loss': '1.091e-05', 'grad_norm': '0.0006141', 'learning_rate': '0.0001116', 'epoch': '1.442'}
[1A
[1A 48%|████▊     | 500/1041 [1:09:51<1:29:43,  9.95s/it]
[1A 48%|████▊     | 501/1041 [1:09:59<1:25:34,  9.51s/it]
[1A                                                      
{'loss': '6.503e-06', 'grad_norm': '0.0001265', 'learning_rate': '0.0001113', 'epoch': '1.444'}
[1A
[1A 48%|████▊     | 501/1041 [1:09:59<1:25:34,  9.51s/it]
[1A 48%|████▊     | 502/1041 [1:10:08<1:22:35,  9.19s/it]
[1A                                                      
{'loss': '0.000109', 'grad_norm': '0.00533', 'learning_rate': '0.000111', 'epoch': '1.447'}
[1A
[1A 48%|████▊     | 502/1041 [1:10:08<1:22:35,  9.19s/it]
[1A 48%|████▊     | 503/1041 [1:10:16<1:19:36,  8.88s/it]
[1A                                                      
{'loss': '0.0002848', 'grad_norm': '0.02545', 'learning_rate': '0.0001107', 'epoch': '1.45'}
[1A
[1A 48%|████▊     | 503/1041 [1:10:16<1:19:36,  8.88s/it]
[1A 48%|████▊     | 504/1041 [1:10:24<1:18:27,  8.77s/it]
[1A                                                      
{'loss': '0.006457', 'grad_norm': '0.7964', 'learning_rate': '0.0001104', 'epoch': '1.453'}
[1A
[1A 48%|████▊     | 504/1041 [1:10:24<1:18:27,  8.77s/it]
[1A 49%|████▊     | 505/1041 [1:10:32<1:15:35,  8.46s/it]
[1A                                                      
{'loss': '2.427e-05', 'grad_norm': '0.0008425', 'learning_rate': '0.0001101', 'epoch': '1.456'}
[1A
[1A 49%|████▊     | 505/1041 [1:10:32<1:15:35,  8.46s/it]
[1A 49%|████▊     | 506/1041 [1:10:40<1:15:34,  8.48s/it]
[1A                                                      
{'loss': '3.279e-05', 'grad_norm': '0.0008905', 'learning_rate': '0.0001098', 'epoch': '1.459'}
[1A
[1A 49%|████▊     | 506/1041 [1:10:40<1:15:34,  8.48s/it]
[1A 49%|████▊     | 507/1041 [1:10:49<1:15:17,  8.46s/it]
[1A                                                      
{'loss': '8.428e-05', 'grad_norm': '0.002135', 'learning_rate': '0.0001095', 'epoch': '1.462'}
[1A
[1A 49%|████▊     | 507/1041 [1:10:49<1:15:17,  8.46s/it]
[1A 49%|████▉     | 508/1041 [1:10:57<1:14:21,  8.37s/it]
[1A                                                      
{'loss': '5.252e-05', 'grad_norm': '0.002824', 'learning_rate': '0.0001092', 'epoch': '1.465'}
[1A
[1A 49%|████▉     | 508/1041 [1:10:57<1:14:21,  8.37s/it]
[1A 49%|████▉     | 509/1041 [1:11:05<1:13:39,  8.31s/it]
[1A                                                      
{'loss': '2.078e-05', 'grad_norm': '0.001108', 'learning_rate': '0.0001089', 'epoch': '1.468'}
[1A
[1A 49%|████▉     | 509/1041 [1:11:05<1:13:39,  8.31s/it]
[1A 49%|████▉     | 510/1041 [1:11:14<1:13:56,  8.35s/it]
[1A                                                      
{'loss': '0.008131', 'grad_norm': '0.6009', 'learning_rate': '0.0001086', 'epoch': '1.47'}
[1A
[1A 49%|████▉     | 510/1041 [1:11:14<1:13:56,  8.35s/it]
[1A 49%|████▉     | 511/1041 [1:11:22<1:13:52,  8.36s/it]
[1A                                                      
{'loss': '1.874e-05', 'grad_norm': '0.0004514', 'learning_rate': '0.0001082', 'epoch': '1.473'}
[1A
[1A 49%|████▉     | 511/1041 [1:11:22<1:13:52,  8.36s/it]
[1A 49%|████▉     | 512/1041 [1:11:31<1:14:05,  8.40s/it]
[1A                                                      
{'loss': '4.937e-05', 'grad_norm': '0.003375', 'learning_rate': '0.0001079', 'epoch': '1.476'}
[1A
[1A 49%|████▉     | 512/1041 [1:11:31<1:14:05,  8.40s/it]
[1A 49%|████▉     | 513/1041 [1:11:39<1:14:11,  8.43s/it]
[1A                                                      
{'loss': '0.001942', 'grad_norm': '0.5791', 'learning_rate': '0.0001076', 'epoch': '1.479'}
[1A
[1A 49%|████▉     | 513/1041 [1:11:39<1:14:11,  8.43s/it]
[1A 49%|████▉     | 514/1041 [1:11:48<1:14:18,  8.46s/it]                                                      
{'loss': '0.0001246', 'grad_norm': '0.05367', 'learning_rate': '0.0001073', 'epoch': '1.482'}
[1A
[1A 49%|████▉     | 514/1041 [1:11:48<1:14:18,  8.46s/it]
[1A 49%|████▉     | 515/1041 [1:11:56<1:13:59,  8.44s/it]
[1A                                                      
{'loss': '9.037e-05', 'grad_norm': '0.004654', 'learning_rate': '0.000107', 'epoch': '1.485'}
[1A
[1A 49%|████▉     | 515/1041 [1:11:56<1:13:59,  8.44s/it]
[1A 50%|████▉     | 516/1041 [1:12:05<1:14:10,  8.48s/it]
[1A                                                      
{'loss': '5.432e-05', 'grad_norm': '0.002178', 'learning_rate': '0.0001067', 'epoch': '1.488'}
[1A
[1A 50%|████▉     | 516/1041 [1:12:05<1:14:10,  8.48s/it]
[1A 50%|████▉     | 517/1041 [1:12:13<1:12:52,  8.34s/it]
[1A                                                      
{'loss': '3.43e-05', 'grad_norm': '0.00169', 'learning_rate': '0.0001064', 'epoch': '1.491'}
[1A
[1A 50%|████▉     | 517/1041 [1:12:13<1:12:52,  8.34s/it]
[1A 50%|████▉     | 518/1041 [1:12:21<1:12:53,  8.36s/it]
[1A                                                      
{'loss': '0.0002497', 'grad_norm': '0.01738', 'learning_rate': '0.0001061', 'epoch': '1.494'}
[1A
[1A 50%|████▉     | 518/1041 [1:12:21<1:12:53,  8.36s/it]
[1A 50%|████▉     | 519/1041 [1:12:30<1:13:17,  8.42s/it]
[1A                                                      
{'loss': '0.0001516', 'grad_norm': '0.008278', 'learning_rate': '0.0001058', 'epoch': '1.496'}
[1A
[1A 50%|████▉     | 519/1041 [1:12:30<1:13:17,  8.42s/it]
[1A 50%|████▉     | 520/1041 [1:12:38<1:13:31,  8.47s/it]
[1A                                                      
{'loss': '0.001026', 'grad_norm': '0.1909', 'learning_rate': '0.0001054', 'epoch': '1.499'}
[1A
[1A 50%|████▉     | 520/1041 [1:12:38<1:13:31,  8.47s/it]
[1A 50%|█████     | 521/1041 [1:12:47<1:13:18,  8.46s/it]
[1A                                                      
{'loss': '2.573e-05', 'grad_norm': '0.001124', 'learning_rate': '0.0001051', 'epoch': '1.502'}
[1A
[1A 50%|█████     | 521/1041 [1:12:47<1:13:18,  8.46s/it]
[1A 50%|█████     | 522/1041 [1:12:55<1:11:51,  8.31s/it]
[1A                                                      
{'loss': '4.068e-05', 'grad_norm': '0.01455', 'learning_rate': '0.0001048', 'epoch': '1.505'}
[1A
[1A 50%|█████     | 522/1041 [1:12:55<1:11:51,  8.31s/it]
[1A 50%|█████     | 523/1041 [1:13:03<1:12:20,  8.38s/it]
[1A                                                      
{'loss': '3.179e-05', 'grad_norm': '0.002304', 'learning_rate': '0.0001045', 'epoch': '1.508'}
[1A
[1A 50%|█████     | 523/1041 [1:13:03<1:12:20,  8.38s/it]
[1A 50%|█████     | 524/1041 [1:13:12<1:12:42,  8.44s/it]
[1A                                                      
{'loss': '0.0005858', 'grad_norm': '0.08011', 'learning_rate': '0.0001042', 'epoch': '1.511'}
[1A
[1A 50%|█████     | 524/1041 [1:13:12<1:12:42,  8.44s/it]
[1A 50%|█████     | 525/1041 [1:13:20<1:11:55,  8.36s/it]
[1A                                                      
{'loss': '0.006222', 'grad_norm': '0.5359', 'learning_rate': '0.0001039', 'epoch': '1.514'}
[1A
[1A 50%|█████     | 525/1041 [1:13:20<1:11:55,  8.36s/it]
[1A 51%|█████     | 526/1041 [1:13:28<1:12:13,  8.41s/it]
[1A                                                      
{'loss': '0.003575', 'grad_norm': '0.3069', 'learning_rate': '0.0001036', 'epoch': '1.517'}
[1A
[1A 51%|█████     | 526/1041 [1:13:28<1:12:13,  8.41s/it]
[1A 51%|█████     | 527/1041 [1:13:37<1:12:13,  8.43s/it]
[1A                                                      
{'loss': '5.594e-05', 'grad_norm': '0.003851', 'learning_rate': '0.0001033', 'epoch': '1.519'}
[1A
[1A 51%|█████     | 527/1041 [1:13:37<1:12:13,  8.43s/it]
[1A 51%|█████     | 528/1041 [1:13:45<1:12:01,  8.42s/it]
[1A                                                      
{'loss': '7.387e-05', 'grad_norm': '0.001808', 'learning_rate': '0.000103', 'epoch': '1.522'}
[1A
[1A 51%|█████     | 528/1041 [1:13:45<1:12:01,  8.42s/it]
[1A 51%|█████     | 529/1041 [1:13:54<1:11:49,  8.42s/it]
[1A                                                      
{'loss': '0.0003859', 'grad_norm': '0.06681', 'learning_rate': '0.0001026', 'epoch': '1.525'}
[1A
[1A 51%|█████     | 529/1041 [1:13:54<1:11:49,  8.42s/it]
[1A 51%|█████     | 530/1041 [1:14:02<1:11:56,  8.45s/it]
[1A                                                      
{'loss': '6.061e-05', 'grad_norm': '0.003029', 'learning_rate': '0.0001023', 'epoch': '1.528'}
[1A
[1A 51%|█████     | 530/1041 [1:14:02<1:11:56,  8.45s/it]
[1A 51%|█████     | 531/1041 [1:14:10<1:10:36,  8.31s/it]
[1A                                                      
{'loss': '3.273e-05', 'grad_norm': '0.00142', 'learning_rate': '0.000102', 'epoch': '1.531'}
[1A
[1A 51%|█████     | 531/1041 [1:14:10<1:10:36,  8.31s/it]
[1A 51%|█████     | 532/1041 [1:14:18<1:09:56,  8.24s/it]
[1A                                                      
{'loss': '0.0002837', 'grad_norm': '0.01132', 'learning_rate': '0.0001017', 'epoch': '1.534'}
[1A
[1A 51%|█████     | 532/1041 [1:14:18<1:09:56,  8.24s/it]
[1A 51%|█████     | 533/1041 [1:14:26<1:08:54,  8.14s/it]
[1A                                                      
{'loss': '7.232e-06', 'grad_norm': '0.0001548', 'learning_rate': '0.0001014', 'epoch': '1.537'}
[1A
[1A 51%|█████     | 533/1041 [1:14:26<1:08:54,  8.14s/it]
[1A 51%|█████▏    | 534/1041 [1:14:34<1:08:46,  8.14s/it]
[1A                                                      
{'loss': '1.122e-05', 'grad_norm': '0.0002029', 'learning_rate': '0.0001011', 'epoch': '1.54'}
[1A
[1A 51%|█████▏    | 534/1041 [1:14:34<1:08:46,  8.14s/it]
[1A 51%|█████▏    | 535/1041 [1:14:42<1:08:13,  8.09s/it]
[1A                                                      
{'loss': '4.419e-05', 'grad_norm': '0.002513', 'learning_rate': '0.0001008', 'epoch': '1.543'}
[1A
[1A 51%|█████▏    | 535/1041 [1:14:42<1:08:13,  8.09s/it]
[1A 51%|█████▏    | 536/1041 [1:14:50<1:08:17,  8.11s/it]
[1A                                                      
{'loss': '5.921e-05', 'grad_norm': '0.002192', 'learning_rate': '0.0001005', 'epoch': '1.545'}
[1A
[1A 51%|█████▏    | 536/1041 [1:14:50<1:08:17,  8.11s/it]
[1A 52%|█████▏    | 537/1041 [1:14:58<1:08:06,  8.11s/it]
[1A                                                      
{'loss': '7.133e-05', 'grad_norm': '0.002829', 'learning_rate': '0.0001002', 'epoch': '1.548'}
[1A
[1A 52%|█████▏    | 537/1041 [1:14:58<1:08:06,  8.11s/it]
[1A 52%|█████▏    | 538/1041 [1:15:07<1:08:56,  8.22s/it]
[1A                                                      
{'loss': '0.02648', 'grad_norm': '0.9213', 'learning_rate': '9.984e-05', 'epoch': '1.551'}
[1A
[1A 52%|█████▏    | 538/1041 [1:15:07<1:08:56,  8.22s/it]
[1A 52%|█████▏    | 539/1041 [1:15:15<1:08:50,  8.23s/it]
[1A                                                      
{'loss': '5.914e-06', 'grad_norm': '0.0001097', 'learning_rate': '9.953e-05', 'epoch': '1.554'}
[1A
[1A 52%|█████▏    | 539/1041 [1:15:15<1:08:50,  8.23s/it]
[1A 52%|█████▏    | 540/1041 [1:15:23<1:08:22,  8.19s/it]
[1A                                                      
{'loss': '0.0001061', 'grad_norm': '0.01017', 'learning_rate': '9.922e-05', 'epoch': '1.557'}
[1A
[1A 52%|█████▏    | 540/1041 [1:15:23<1:08:22,  8.19s/it]
[1A 52%|█████▏    | 541/1041 [1:15:31<1:08:08,  8.18s/it]
[1A                                                      
{'loss': '5.088e-05', 'grad_norm': '0.001754', 'learning_rate': '9.891e-05', 'epoch': '1.56'}
[1A
[1A 52%|█████▏    | 541/1041 [1:15:31<1:08:08,  8.18s/it]
[1A 52%|█████▏    | 542/1041 [1:15:39<1:07:11,  8.08s/it]
[1A                                                      
{'loss': '7.522e-05', 'grad_norm': '0.005515', 'learning_rate': '9.86e-05', 'epoch': '1.563'}
[1A
[1A 52%|█████▏    | 542/1041 [1:15:39<1:07:11,  8.08s/it]
[1A 52%|█████▏    | 543/1041 [1:15:48<1:07:42,  8.16s/it]
[1A                                                      
{'loss': '0.0001691', 'grad_norm': '0.005763', 'learning_rate': '9.829e-05', 'epoch': '1.566'}
[1A
[1A 52%|█████▏    | 543/1041 [1:15:48<1:07:42,  8.16s/it]
[1A 52%|█████▏    | 544/1041 [1:15:56<1:08:09,  8.23s/it]
[1A                                                      
{'loss': '0.001239', 'grad_norm': '0.2221', 'learning_rate': '9.798e-05', 'epoch': '1.569'}
[1A
[1A 52%|█████▏    | 544/1041 [1:15:56<1:08:09,  8.23s/it]
[1A 52%|█████▏    | 545/1041 [1:16:04<1:08:23,  8.27s/it]
[1A                                                      
{'loss': '0.00311', 'grad_norm': '0.09108', 'learning_rate': '9.767e-05', 'epoch': '1.571'}
[1A
[1A 52%|█████▏    | 545/1041 [1:16:04<1:08:23,  8.27s/it]
[1A 52%|█████▏    | 546/1041 [1:16:13<1:08:20,  8.28s/it]
[1A                                                      
{'loss': '0.003099', 'grad_norm': '1.004', 'learning_rate': '9.735e-05', 'epoch': '1.574'}
[1A
[1A 52%|█████▏    | 546/1041 [1:16:13<1:08:20,  8.28s/it]
[1A 53%|█████▎    | 547/1041 [1:16:21<1:08:06,  8.27s/it]
[1A                                                      
{'loss': '0.006503', 'grad_norm': '0.5', 'learning_rate': '9.704e-05', 'epoch': '1.577'}
[1A
[1A 53%|█████▎    | 547/1041 [1:16:21<1:08:06,  8.27s/it]
[1A 53%|█████▎    | 548/1041 [1:16:29<1:08:12,  8.30s/it]
[1A                                                      
{'loss': '0.00102', 'grad_norm': '0.02536', 'learning_rate': '9.673e-05', 'epoch': '1.58'}
[1A
[1A 53%|█████▎    | 548/1041 [1:16:29<1:08:12,  8.30s/it]
[1A 53%|█████▎    | 549/1041 [1:16:38<1:08:13,  8.32s/it]
[1A                                                      
{'loss': '0.0004594', 'grad_norm': '0.02468', 'learning_rate': '9.642e-05', 'epoch': '1.583'}
[1A
[1A 53%|█████▎    | 549/1041 [1:16:38<1:08:13,  8.32s/it]
[1A 53%|█████▎    | 550/1041 [1:16:46<1:07:40,  8.27s/it]
[1A                                                      
{'loss': '0.0001565', 'grad_norm': '0.004269', 'learning_rate': '9.611e-05', 'epoch': '1.586'}
[1A
[1A 53%|█████▎    | 550/1041 [1:16:46<1:07:40,  8.27s/it]
[1A 53%|█████▎    | 551/1041 [1:16:54<1:06:46,  8.18s/it]
[1A                                                      
{'loss': '1.318e-05', 'grad_norm': '0.0002657', 'learning_rate': '9.58e-05', 'epoch': '1.589'}
[1A
[1A 53%|█████▎    | 551/1041 [1:16:54<1:06:46,  8.18s/it]
[1A 53%|█████▎    | 552/1041 [1:17:02<1:07:46,  8.32s/it]
[1A                                                      
{'loss': '5.806e-05', 'grad_norm': '0.00171', 'learning_rate': '9.549e-05', 'epoch': '1.592'}
[1A
[1A 53%|█████▎    | 552/1041 [1:17:02<1:07:46,  8.32s/it]
[1A 53%|█████▎    | 553/1041 [1:17:11<1:07:19,  8.28s/it]
[1A                                                      
{'loss': '0.0001501', 'grad_norm': '0.005361', 'learning_rate': '9.518e-05', 'epoch': '1.595'}
[1A
[1A 53%|█████▎    | 553/1041 [1:17:11<1:07:19,  8.28s/it]
[1A 53%|█████▎    | 554/1041 [1:17:19<1:07:58,  8.38s/it]
[1A                                                      
{'loss': '5.198e-05', 'grad_norm': '0.001604', 'learning_rate': '9.486e-05', 'epoch': '1.597'}
[1A
[1A 53%|█████▎    | 554/1041 [1:17:19<1:07:58,  8.38s/it]
[1A 53%|█████▎    | 555/1041 [1:17:27<1:07:18,  8.31s/it]
[1A                                                      
{'loss': '6.508e-05', 'grad_norm': '0.002214', 'learning_rate': '9.455e-05', 'epoch': '1.6'}
[1A
[1A 53%|█████▎    | 555/1041 [1:17:27<1:07:18,  8.31s/it]
[1A 53%|█████▎    | 556/1041 [1:17:36<1:07:19,  8.33s/it]
[1A                                                      
{'loss': '0.00102', 'grad_norm': '0.04061', 'learning_rate': '9.424e-05', 'epoch': '1.603'}
[1A
[1A 53%|█████▎    | 556/1041 [1:17:36<1:07:19,  8.33s/it]
[1A 54%|█████▎    | 557/1041 [1:17:44<1:07:22,  8.35s/it]
[1A                                                      
{'loss': '1.638e-05', 'grad_norm': '0.0003381', 'learning_rate': '9.393e-05', 'epoch': '1.606'}
[1A
[1A 54%|█████▎    | 557/1041 [1:17:44<1:07:22,  8.35s/it]
[1A 54%|█████▎    | 558/1041 [1:17:53<1:07:21,  8.37s/it]
[1A                                                      
{'loss': '0.0002546', 'grad_norm': '0.01007', 'learning_rate': '9.362e-05', 'epoch': '1.609'}
[1A
[1A 54%|█████▎    | 558/1041 [1:17:53<1:07:21,  8.37s/it]
[1A 54%|█████▎    | 559/1041 [1:18:01<1:06:45,  8.31s/it]
[1A                                                      
{'loss': '2.564e-05', 'grad_norm': '0.0006583', 'learning_rate': '9.331e-05', 'epoch': '1.612'}
[1A
[1A 54%|█████▎    | 559/1041 [1:18:01<1:06:45,  8.31s/it]
[1A 54%|█████▍    | 560/1041 [1:18:09<1:06:52,  8.34s/it]
[1A                                                      
{'loss': '0.001005', 'grad_norm': '0.09571', 'learning_rate': '9.3e-05', 'epoch': '1.615'}
[1A
[1A 54%|█████▍    | 560/1041 [1:18:09<1:06:52,  8.34s/it]
[1A 54%|█████▍    | 561/1041 [1:18:17<1:06:20,  8.29s/it]
[1A                                                      
{'loss': '1.856e-05', 'grad_norm': '0.0004463', 'learning_rate': '9.269e-05', 'epoch': '1.618'}
[1A
[1A 54%|█████▍    | 561/1041 [1:18:17<1:06:20,  8.29s/it]
[1A 54%|█████▍    | 562/1041 [1:18:26<1:06:53,  8.38s/it]
[1A                                                      
{'loss': '5.812e-05', 'grad_norm': '0.001388', 'learning_rate': '9.238e-05', 'epoch': '1.62'}
[1A
[1A 54%|█████▍    | 562/1041 [1:18:26<1:06:53,  8.38s/it]
[1A 54%|█████▍    | 563/1041 [1:18:34<1:05:39,  8.24s/it]
[1A                                                      
{'loss': '1.315e-05', 'grad_norm': '0.0004449', 'learning_rate': '9.207e-05', 'epoch': '1.623'}
[1A
[1A 54%|█████▍    | 563/1041 [1:18:34<1:05:39,  8.24s/it]
[1A 54%|█████▍    | 564/1041 [1:18:42<1:04:55,  8.17s/it]
[1A                                                      
{'loss': '9.305e-05', 'grad_norm': '0.003106', 'learning_rate': '9.176e-05', 'epoch': '1.626'}
[1A
[1A 54%|█████▍    | 564/1041 [1:18:42<1:04:55,  8.17s/it]
[1A 54%|█████▍    | 565/1041 [1:18:50<1:05:19,  8.23s/it]
[1A                                                      
{'loss': '3.325e-05', 'grad_norm': '0.0006603', 'learning_rate': '9.145e-05', 'epoch': '1.629'}
[1A
[1A 54%|█████▍    | 565/1041 [1:18:50<1:05:19,  8.23s/it]
[1A 54%|█████▍    | 566/1041 [1:18:59<1:05:52,  8.32s/it]
[1A                                                      
{'loss': '1.702e-05', 'grad_norm': '0.0005044', 'learning_rate': '9.114e-05', 'epoch': '1.632'}
[1A
[1A 54%|█████▍    | 566/1041 [1:18:59<1:05:52,  8.32s/it]
[1A 54%|█████▍    | 567/1041 [1:19:07<1:06:12,  8.38s/it]
[1A                                                      
{'loss': '2.396e-05', 'grad_norm': '0.0005037', 'learning_rate': '9.083e-05', 'epoch': '1.635'}
[1A
[1A 54%|█████▍    | 567/1041 [1:19:07<1:06:12,  8.38s/it]
[1A 55%|█████▍    | 568/1041 [1:19:16<1:06:28,  8.43s/it]
[1A                                                      
{'loss': '0.003679', 'grad_norm': '0.09689', 'learning_rate': '9.052e-05', 'epoch': '1.638'}
[1A
[1A 55%|█████▍    | 568/1041 [1:19:16<1:06:28,  8.43s/it]
[1A 55%|█████▍    | 569/1041 [1:19:24<1:06:39,  8.47s/it]
[1A                                                      
{'loss': '0.0004529', 'grad_norm': '0.02088', 'learning_rate': '9.021e-05', 'epoch': '1.641'}
[1A
[1A 55%|█████▍    | 569/1041 [1:19:24<1:06:39,  8.47s/it]
[1A 55%|█████▍    | 570/1041 [1:19:33<1:06:20,  8.45s/it]
[1A                                                      
{'loss': '2.452e-05', 'grad_norm': '0.0007942', 'learning_rate': '8.99e-05', 'epoch': '1.644'}
[1A
[1A 55%|█████▍    | 570/1041 [1:19:33<1:06:20,  8.45s/it]
[1A 55%|█████▍    | 571/1041 [1:19:41<1:06:28,  8.49s/it]
[1A                                                      
{'loss': '0.0002358', 'grad_norm': '0.009406', 'learning_rate': '8.959e-05', 'epoch': '1.646'}
[1A
[1A 55%|█████▍    | 571/1041 [1:19:41<1:06:28,  8.49s/it]
[1A 55%|█████▍    | 572/1041 [1:19:50<1:06:05,  8.46s/it]
[1A                                                      
{'loss': '4.346e-05', 'grad_norm': '0.001012', 'learning_rate': '8.928e-05', 'epoch': '1.649'}
[1A
[1A 55%|█████▍    | 572/1041 [1:19:50<1:06:05,  8.46s/it]
[1A 55%|█████▌    | 573/1041 [1:19:58<1:05:51,  8.44s/it]
[1A                                                      
{'loss': '1.294e-05', 'grad_norm': '0.0002357', 'learning_rate': '8.897e-05', 'epoch': '1.652'}
[1A
[1A 55%|█████▌    | 573/1041 [1:19:58<1:05:51,  8.44s/it]
[1A 55%|█████▌    | 574/1041 [1:20:07<1:05:26,  8.41s/it]
[1A                                                      
{'loss': '0.0001148', 'grad_norm': '0.004838', 'learning_rate': '8.866e-05', 'epoch': '1.655'}
[1A
[1A 55%|█████▌    | 574/1041 [1:20:07<1:05:26,  8.41s/it]
[1A 55%|█████▌    | 575/1041 [1:20:15<1:05:21,  8.41s/it]
[1A                                                      
{'loss': '4.864e-05', 'grad_norm': '0.001416', 'learning_rate': '8.835e-05', 'epoch': '1.658'}
[1A
[1A 55%|█████▌    | 575/1041 [1:20:15<1:05:21,  8.41s/it]
[1A 55%|█████▌    | 576/1041 [1:20:23<1:05:27,  8.45s/it]
[1A                                                      
{'loss': '5.812e-05', 'grad_norm': '0.001345', 'learning_rate': '8.804e-05', 'epoch': '1.661'}
[1A
[1A 55%|█████▌    | 576/1041 [1:20:23<1:05:27,  8.45s/it]
[1A 55%|█████▌    | 577/1041 [1:20:32<1:05:47,  8.51s/it]
[1A                                                      
{'loss': '0.0001314', 'grad_norm': '0.004689', 'learning_rate': '8.773e-05', 'epoch': '1.664'}
[1A
[1A 55%|█████▌    | 577/1041 [1:20:32<1:05:47,  8.51s/it]
[1A 56%|█████▌    | 578/1041 [1:20:40<1:05:19,  8.47s/it]
[1A                                                      
{'loss': '5.115e-05', 'grad_norm': '0.003187', 'learning_rate': '8.742e-05', 'epoch': '1.667'}
[1A
[1A 56%|█████▌    | 578/1041 [1:20:40<1:05:19,  8.47s/it]
[1A 56%|█████▌    | 579/1041 [1:20:49<1:04:21,  8.36s/it]
[1A                                                      
{'loss': '2.272e-05', 'grad_norm': '0.0005053', 'learning_rate': '8.711e-05', 'epoch': '1.67'}
[1A
[1A 56%|█████▌    | 579/1041 [1:20:49<1:04:21,  8.36s/it]
[1A 56%|█████▌    | 580/1041 [1:20:57<1:04:24,  8.38s/it]
[1A                                                      
{'loss': '0.0001728', 'grad_norm': '0.009677', 'learning_rate': '8.681e-05', 'epoch': '1.672'}
[1A
[1A 56%|█████▌    | 580/1041 [1:20:57<1:04:24,  8.38s/it]
[1A 56%|█████▌    | 581/1041 [1:21:05<1:04:12,  8.37s/it]
[1A                                                      
{'loss': '3.664e-05', 'grad_norm': '0.002158', 'learning_rate': '8.65e-05', 'epoch': '1.675'}
[1A
[1A 56%|█████▌    | 581/1041 [1:21:05<1:04:12,  8.37s/it]
[1A 56%|█████▌    | 582/1041 [1:21:14<1:04:03,  8.37s/it]
[1A                                                      
{'loss': '4.537e-05', 'grad_norm': '0.001192', 'learning_rate': '8.619e-05', 'epoch': '1.678'}
[1A
[1A 56%|█████▌    | 582/1041 [1:21:14<1:04:03,  8.37s/it]
[1A 56%|█████▌    | 583/1041 [1:21:22<1:03:03,  8.26s/it]
[1A                                                      
{'loss': '1.673e-05', 'grad_norm': '0.0005899', 'learning_rate': '8.588e-05', 'epoch': '1.681'}
[1A
[1A 56%|█████▌    | 583/1041 [1:21:22<1:03:03,  8.26s/it]
[1A 56%|█████▌    | 584/1041 [1:21:30<1:02:38,  8.22s/it]
[1A                                                      
{'loss': '0.0001533', 'grad_norm': '0.01087', 'learning_rate': '8.557e-05', 'epoch': '1.684'}
[1A
[1A 56%|█████▌    | 584/1041 [1:21:30<1:02:38,  8.22s/it]
[1A 56%|█████▌    | 585/1041 [1:21:38<1:03:10,  8.31s/it]
[1A                                                      
{'loss': '0.01601', 'grad_norm': '0.2686', 'learning_rate': '8.526e-05', 'epoch': '1.687'}
[1A
[1A 56%|█████▌    | 585/1041 [1:21:38<1:03:10,  8.31s/it]
[1A 56%|█████▋    | 586/1041 [1:21:47<1:03:08,  8.33s/it]
[1A                                                      
{'loss': '2.882e-05', 'grad_norm': '0.0006658', 'learning_rate': '8.496e-05', 'epoch': '1.69'}
[1A
[1A 56%|█████▋    | 586/1041 [1:21:47<1:03:08,  8.33s/it]
[1A 56%|█████▋    | 587/1041 [1:21:55<1:03:11,  8.35s/it]
[1A                                                      
{'loss': '5.496e-06', 'grad_norm': '0.0001057', 'learning_rate': '8.465e-05', 'epoch': '1.693'}
[1A
[1A 56%|█████▋    | 587/1041 [1:21:55<1:03:11,  8.35s/it]
[1A 56%|█████▋    | 588/1041 [1:22:03<1:02:40,  8.30s/it]
[1A                                                      
{'loss': '2.303e-05', 'grad_norm': '0.0005501', 'learning_rate': '8.434e-05', 'epoch': '1.696'}
[1A
[1A 56%|█████▋    | 588/1041 [1:22:03<1:02:40,  8.30s/it]
[1A 57%|█████▋    | 589/1041 [1:22:12<1:02:15,  8.26s/it]
[1A                                                      
{'loss': '1.613e-05', 'grad_norm': '0.0004845', 'learning_rate': '8.403e-05', 'epoch': '1.698'}
[1A
[1A 57%|█████▋    | 589/1041 [1:22:12<1:02:15,  8.26s/it]
[1A 57%|█████▋    | 590/1041 [1:22:20<1:01:52,  8.23s/it]
[1A                                                      
{'loss': '1.845e-05', 'grad_norm': '0.0005139', 'learning_rate': '8.373e-05', 'epoch': '1.701'}
[1A
[1A 57%|█████▋    | 590/1041 [1:22:20<1:01:52,  8.23s/it]
[1A 57%|█████▋    | 591/1041 [1:22:28<1:01:13,  8.16s/it]
[1A                                                      
{'loss': '1.529e-05', 'grad_norm': '0.0003332', 'learning_rate': '8.342e-05', 'epoch': '1.704'}
[1A
[1A 57%|█████▋    | 591/1041 [1:22:28<1:01:13,  8.16s/it]
[1A 57%|█████▋    | 592/1041 [1:22:36<1:01:19,  8.19s/it]
[1A                                                      
{'loss': '4.336e-05', 'grad_norm': '0.001585', 'learning_rate': '8.311e-05', 'epoch': '1.707'}
[1A
[1A 57%|█████▋    | 592/1041 [1:22:36<1:01:19,  8.19s/it]
[1A 57%|█████▋    | 593/1041 [1:22:44<1:01:32,  8.24s/it]
[1A                                                      
{'loss': '8.541e-05', 'grad_norm': '0.005975', 'learning_rate': '8.281e-05', 'epoch': '1.71'}
[1A
[1A 57%|█████▋    | 593/1041 [1:22:44<1:01:32,  8.24s/it]
[1A 57%|█████▋    | 594/1041 [1:22:53<1:01:58,  8.32s/it]
[1A                                                      
{'loss': '0.0006266', 'grad_norm': '0.03556', 'learning_rate': '8.25e-05', 'epoch': '1.713'}
[1A
[1A 57%|█████▋    | 594/1041 [1:22:53<1:01:58,  8.32s/it]
[1A 57%|█████▋    | 595/1041 [1:23:01<1:01:55,  8.33s/it]
[1A                                                      
{'loss': '3.832e-05', 'grad_norm': '0.0007441', 'learning_rate': '8.219e-05', 'epoch': '1.716'}
[1A
[1A 57%|█████▋    | 595/1041 [1:23:01<1:01:55,  8.33s/it]
[1A 57%|█████▋    | 596/1041 [1:23:10<1:01:48,  8.33s/it]
[1A                                                      
{'loss': '4.464e-05', 'grad_norm': '0.00106', 'learning_rate': '8.189e-05', 'epoch': '1.719'}
[1A
[1A 57%|█████▋    | 596/1041 [1:23:10<1:01:48,  8.33s/it]
[1A 57%|█████▋    | 597/1041 [1:23:18<1:01:38,  8.33s/it]
[1A                                                      
{'loss': '0.0002084', 'grad_norm': '0.005146', 'learning_rate': '8.158e-05', 'epoch': '1.722'}
[1A
[1A 57%|█████▋    | 597/1041 [1:23:18<1:01:38,  8.33s/it]
[1A 57%|█████▋    | 598/1041 [1:23:26<1:01:41,  8.35s/it]
[1A                                                      
{'loss': '3.59e-05', 'grad_norm': '0.001056', 'learning_rate': '8.127e-05', 'epoch': '1.724'}
[1A
[1A 57%|█████▋    | 598/1041 [1:23:26<1:01:41,  8.35s/it]
[1A 58%|█████▊    | 599/1041 [1:23:34<1:00:57,  8.27s/it]
[1A                                                      
{'loss': '1.908e-05', 'grad_norm': '0.0005668', 'learning_rate': '8.097e-05', 'epoch': '1.727'}
[1A
[1A 58%|█████▊    | 599/1041 [1:23:34<1:00:57,  8.27s/it]
[1A 58%|█████▊    | 600/1041 [1:23:48<1:11:51,  9.78s/it]
[1A                                                      
{'loss': '0.005673', 'grad_norm': '0.3188', 'learning_rate': '8.066e-05', 'epoch': '1.73'}
[1A
[1A 58%|█████▊    | 600/1041 [1:23:48<1:11:51,  9.78s/it]
[1A 58%|█████▊    | 601/1041 [1:23:56<1:08:25,  9.33s/it]
[1A                                                      
{'loss': '0.0001744', 'grad_norm': '0.009861', 'learning_rate': '8.036e-05', 'epoch': '1.733'}
[1A
[1A 58%|█████▊    | 601/1041 [1:23:56<1:08:25,  9.33s/it]
[1A 58%|█████▊    | 602/1041 [1:24:04<1:06:14,  9.05s/it]
[1A                                                      
{'loss': '4.604e-05', 'grad_norm': '0.002142', 'learning_rate': '8.005e-05', 'epoch': '1.736'}
[1A
[1A 58%|█████▊    | 602/1041 [1:24:04<1:06:14,  9.05s/it]
[1A 58%|█████▊    | 603/1041 [1:24:13<1:04:49,  8.88s/it]
[1A                                                      
{'loss': '0.0001524', 'grad_norm': '0.004072', 'learning_rate': '7.975e-05', 'epoch': '1.739'}
[1A
[1A 58%|█████▊    | 603/1041 [1:24:13<1:04:49,  8.88s/it]
[1A 58%|█████▊    | 604/1041 [1:24:21<1:03:29,  8.72s/it]
[1A                                                      
{'loss': '9.475e-05', 'grad_norm': '0.002959', 'learning_rate': '7.944e-05', 'epoch': '1.742'}
[1A
[1A 58%|█████▊    | 604/1041 [1:24:21<1:03:29,  8.72s/it]
[1A 58%|█████▊    | 605/1041 [1:24:29<1:02:16,  8.57s/it]
[1A                                                      
{'loss': '6.865e-05', 'grad_norm': '0.002678', 'learning_rate': '7.914e-05', 'epoch': '1.745'}
[1A
[1A 58%|█████▊    | 605/1041 [1:24:29<1:02:16,  8.57s/it]
[1A 58%|█████▊    | 606/1041 [1:24:37<1:01:01,  8.42s/it]
[1A                                                      
{'loss': '2.036e-05', 'grad_norm': '0.0006604', 'learning_rate': '7.883e-05', 'epoch': '1.747'}
[1A
[1A 58%|█████▊    | 606/1041 [1:24:37<1:01:01,  8.42s/it]
[1A 58%|█████▊    | 607/1041 [1:24:46<1:01:06,  8.45s/it]
[1A                                                      
{'loss': '0.0001296', 'grad_norm': '0.01029', 'learning_rate': '7.853e-05', 'epoch': '1.75'}
[1A
[1A 58%|█████▊    | 607/1041 [1:24:46<1:01:06,  8.45s/it]
[1A 58%|█████▊    | 608/1041 [1:24:54<1:00:13,  8.34s/it]
[1A                                                      
{'loss': '6.325e-05', 'grad_norm': '0.002148', 'learning_rate': '7.823e-05', 'epoch': '1.753'}
[1A
[1A 58%|█████▊    | 608/1041 [1:24:54<1:00:13,  8.34s/it]
[1A 59%|█████▊    | 609/1041 [1:25:02<59:59,  8.33s/it]  
[1A                                                    
{'loss': '4.92e-05', 'grad_norm': '0.001455', 'learning_rate': '7.792e-05', 'epoch': '1.756'}
[1A
[1A 59%|█████▊    | 609/1041 [1:25:02<59:59,  8.33s/it]
[1A 59%|█████▊    | 610/1041 [1:25:11<1:00:00,  8.35s/it]
[1A                                                      
{'loss': '6.526e-05', 'grad_norm': '0.002125', 'learning_rate': '7.762e-05', 'epoch': '1.759'}
[1A
[1A 59%|█████▊    | 610/1041 [1:25:11<1:00:00,  8.35s/it]
[1A 59%|█████▊    | 611/1041 [1:25:19<59:34,  8.31s/it]  
[1A                                                    
{'loss': '0.000589', 'grad_norm': '0.1163', 'learning_rate': '7.731e-05', 'epoch': '1.762'}
[1A
[1A 59%|█████▊    | 611/1041 [1:25:19<59:34,  8.31s/it]
[1A 59%|█████▉    | 612/1041 [1:25:28<59:59,  8.39s/it]
[1A                                                    
{'loss': '8.706e-05', 'grad_norm': '0.004782', 'learning_rate': '7.701e-05', 'epoch': '1.765'}
[1A
[1A 59%|█████▉    | 612/1041 [1:25:28<59:59,  8.39s/it]
[1A 59%|█████▉    | 613/1041 [1:25:36<59:43,  8.37s/it]
[1A                                                    
{'loss': '0.0001366', 'grad_norm': '0.008962', 'learning_rate': '7.671e-05', 'epoch': '1.768'}
[1A
[1A 59%|█████▉    | 613/1041 [1:25:36<59:43,  8.37s/it]
[1A 59%|█████▉    | 614/1041 [1:25:44<1:00:01,  8.43s/it]
[1A                                                      
{'loss': '0.001105', 'grad_norm': '0.02554', 'learning_rate': '7.641e-05', 'epoch': '1.771'}
[1A
[1A 59%|█████▉    | 614/1041 [1:25:44<1:00:01,  8.43s/it]
[1A 59%|█████▉    | 615/1041 [1:25:53<59:19,  8.36s/it]  
[1A                                                    
{'loss': '0.0003982', 'grad_norm': '0.03081', 'learning_rate': '7.61e-05', 'epoch': '1.773'}
[1A
[1A 59%|█████▉    | 615/1041 [1:25:53<59:19,  8.36s/it]
[1A 59%|█████▉    | 616/1041 [1:26:01<58:11,  8.22s/it]
[1A                                                    
{'loss': '1.12e-05', 'grad_norm': '0.0004696', 'learning_rate': '7.58e-05', 'epoch': '1.776'}
[1A
[1A 59%|█████▉    | 616/1041 [1:26:01<58:11,  8.22s/it]
[1A 59%|█████▉    | 617/1041 [1:26:09<57:43,  8.17s/it]
[1A                                                    
{'loss': '0.001706', 'grad_norm': '0.08242', 'learning_rate': '7.55e-05', 'epoch': '1.779'}
[1A
[1A 59%|█████▉    | 617/1041 [1:26:09<57:43,  8.17s/it]
[1A 59%|█████▉    | 618/1041 [1:26:17<57:28,  8.15s/it]
[1A                                                    
{'loss': '1.714e-05', 'grad_norm': '0.001263', 'learning_rate': '7.52e-05', 'epoch': '1.782'}
[1A
[1A 59%|█████▉    | 618/1041 [1:26:17<57:28,  8.15s/it]
[1A 59%|█████▉    | 619/1041 [1:26:25<56:54,  8.09s/it]
[1A                                                    
{'loss': '0.000938', 'grad_norm': '0.05285', 'learning_rate': '7.49e-05', 'epoch': '1.785'}
[1A
[1A 59%|█████▉    | 619/1041 [1:26:25<56:54,  8.09s/it]
[1A 60%|█████▉    | 620/1041 [1:26:33<57:16,  8.16s/it]
[1A                                                    
{'loss': '0.001446', 'grad_norm': '0.1538', 'learning_rate': '7.459e-05', 'epoch': '1.788'}
[1A
[1A 60%|█████▉    | 620/1041 [1:26:33<57:16,  8.16s/it]
[1A 60%|█████▉    | 621/1041 [1:26:41<57:46,  8.25s/it]
[1A                                                    
{'loss': '1.704e-05', 'grad_norm': '0.0005976', 'learning_rate': '7.429e-05', 'epoch': '1.791'}
[1A
[1A 60%|█████▉    | 621/1041 [1:26:41<57:46,  8.25s/it]
[1A 60%|█████▉    | 622/1041 [1:26:50<57:15,  8.20s/it]
[1A                                                    
{'loss': '8.972e-06', 'grad_norm': '0.0002072', 'learning_rate': '7.399e-05', 'epoch': '1.794'}
[1A
[1A 60%|█████▉    | 622/1041 [1:26:50<57:15,  8.20s/it]
[1A 60%|█████▉    | 623/1041 [1:26:58<57:12,  8.21s/it]
[1A                                                    
{'loss': '2.056e-05', 'grad_norm': '0.001008', 'learning_rate': '7.369e-05', 'epoch': '1.797'}
[1A
[1A 60%|█████▉    | 623/1041 [1:26:58<57:12,  8.21s/it]
[1A 60%|█████▉    | 624/1041 [1:27:06<57:59,  8.34s/it]
[1A                                                    
{'loss': '2.227e-05', 'grad_norm': '0.0004569', 'learning_rate': '7.339e-05', 'epoch': '1.799'}
[1A
[1A 60%|█████▉    | 624/1041 [1:27:06<57:59,  8.34s/it]
[1A 60%|██████    | 625/1041 [1:27:14<57:15,  8.26s/it]
[1A                                                    
{'loss': '1.279e-05', 'grad_norm': '0.0002977', 'learning_rate': '7.309e-05', 'epoch': '1.802'}
[1A
[1A 60%|██████    | 625/1041 [1:27:14<57:15,  8.26s/it]
[1A 60%|██████    | 626/1041 [1:27:22<56:19,  8.14s/it]
[1A                                                    
{'loss': '0.000102', 'grad_norm': '0.003643', 'learning_rate': '7.279e-05', 'epoch': '1.805'}
[1A
[1A 60%|██████    | 626/1041 [1:27:22<56:19,  8.14s/it]
[1A 60%|██████    | 627/1041 [1:27:31<56:31,  8.19s/it]
[1A                                                    
{'loss': '1.21e-05', 'grad_norm': '0.0002874', 'learning_rate': '7.249e-05', 'epoch': '1.808'}
[1A
[1A 60%|██████    | 627/1041 [1:27:31<56:31,  8.19s/it]
[1A 60%|██████    | 628/1041 [1:27:39<56:36,  8.22s/it]
[1A                                                    
{'loss': '9.032e-05', 'grad_norm': '0.002302', 'learning_rate': '7.219e-05', 'epoch': '1.811'}
[1A
[1A 60%|██████    | 628/1041 [1:27:39<56:36,  8.22s/it]
[1A 60%|██████    | 629/1041 [1:27:47<56:37,  8.25s/it]
[1A                                                    
{'loss': '8.092e-05', 'grad_norm': '0.002365', 'learning_rate': '7.189e-05', 'epoch': '1.814'}
[1A
[1A 60%|██████    | 629/1041 [1:27:47<56:37,  8.25s/it]
[1A 61%|██████    | 630/1041 [1:27:55<56:27,  8.24s/it]
[1A                                                    
{'loss': '0.001237', 'grad_norm': '0.04155', 'learning_rate': '7.16e-05', 'epoch': '1.817'}
[1A
[1A 61%|██████    | 630/1041 [1:27:55<56:27,  8.24s/it]
[1A 61%|██████    | 631/1041 [1:28:04<55:59,  8.20s/it]
[1A                                                    
{'loss': '5.244e-06', 'grad_norm': '0.0001005', 'learning_rate': '7.13e-05', 'epoch': '1.82'}
[1A
[1A 61%|██████    | 631/1041 [1:28:04<55:59,  8.20s/it]
[1A 61%|██████    | 632/1041 [1:28:12<56:40,  8.31s/it]
[1A                                                    
{'loss': '0.002099', 'grad_norm': '0.08378', 'learning_rate': '7.1e-05', 'epoch': '1.823'}
[1A
[1A 61%|██████    | 632/1041 [1:28:12<56:40,  8.31s/it]
[1A 61%|██████    | 633/1041 [1:28:21<56:51,  8.36s/it]
[1A                                                    
{'loss': '3.24e-05', 'grad_norm': '0.001275', 'learning_rate': '7.07e-05', 'epoch': '1.825'}
[1A
[1A 61%|██████    | 633/1041 [1:28:21<56:51,  8.36s/it]
[1A 61%|██████    | 634/1041 [1:28:29<56:39,  8.35s/it]
[1A                                                    
{'loss': '5.386e-06', 'grad_norm': '9.666e-05', 'learning_rate': '7.04e-05', 'epoch': '1.828'}
[1A
[1A 61%|██████    | 634/1041 [1:28:29<56:39,  8.35s/it]
[1A 61%|██████    | 635/1041 [1:28:37<56:24,  8.34s/it]
[1A                                                    
{'loss': '3.217e-05', 'grad_norm': '0.00101', 'learning_rate': '7.011e-05', 'epoch': '1.831'}
[1A
[1A 61%|██████    | 635/1041 [1:28:37<56:24,  8.34s/it]
[1A 61%|██████    | 636/1041 [1:28:46<56:13,  8.33s/it]
[1A                                                    
{'loss': '8.921e-06', 'grad_norm': '0.0002072', 'learning_rate': '6.981e-05', 'epoch': '1.834'}
[1A
[1A 61%|██████    | 636/1041 [1:28:46<56:13,  8.33s/it]
[1A 61%|██████    | 637/1041 [1:28:54<56:22,  8.37s/it]
[1A                                                    
{'loss': '4.57e-05', 'grad_norm': '0.002144', 'learning_rate': '6.951e-05', 'epoch': '1.837'}
[1A
[1A 61%|██████    | 637/1041 [1:28:54<56:22,  8.37s/it]
[1A 61%|██████▏   | 638/1041 [1:29:03<56:39,  8.43s/it]
[1A                                                    
{'loss': '7.928e-05', 'grad_norm': '0.002997', 'learning_rate': '6.922e-05', 'epoch': '1.84'}
[1A
[1A 61%|██████▏   | 638/1041 [1:29:03<56:39,  8.43s/it]
[1A 61%|██████▏   | 639/1041 [1:29:11<56:31,  8.44s/it]
[1A                                                    
{'loss': '0.0001264', 'grad_norm': '0.006224', 'learning_rate': '6.892e-05', 'epoch': '1.843'}
[1A
[1A 61%|██████▏   | 639/1041 [1:29:11<56:31,  8.44s/it]
[1A 61%|██████▏   | 640/1041 [1:29:20<56:37,  8.47s/it]
[1A                                                    
{'loss': '0.0007951', 'grad_norm': '0.03361', 'learning_rate': '6.862e-05', 'epoch': '1.846'}
[1A
[1A 61%|██████▏   | 640/1041 [1:29:20<56:37,  8.47s/it]
[1A 62%|██████▏   | 641/1041 [1:29:28<56:41,  8.50s/it]
[1A                                                    
{'loss': '2.636e-05', 'grad_norm': '0.0004942', 'learning_rate': '6.833e-05', 'epoch': '1.848'}
[1A
[1A 62%|██████▏   | 641/1041 [1:29:28<56:41,  8.50s/it]
[1A 62%|██████▏   | 642/1041 [1:29:37<56:22,  8.48s/it]
[1A                                                    
{'loss': '1.115e-05', 'grad_norm': '0.0002497', 'learning_rate': '6.803e-05', 'epoch': '1.851'}
[1A
[1A 62%|██████▏   | 642/1041 [1:29:37<56:22,  8.48s/it]
[1A 62%|██████▏   | 643/1041 [1:29:45<55:56,  8.43s/it]
[1A                                                    
{'loss': '0.000682', 'grad_norm': '0.1352', 'learning_rate': '6.774e-05', 'epoch': '1.854'}
[1A
[1A 62%|██████▏   | 643/1041 [1:29:45<55:56,  8.43s/it]
[1A 62%|██████▏   | 644/1041 [1:29:53<55:48,  8.43s/it]
[1A                                                    
{'loss': '8.341e-06', 'grad_norm': '0.0001791', 'learning_rate': '6.744e-05', 'epoch': '1.857'}
[1A
[1A 62%|██████▏   | 644/1041 [1:29:53<55:48,  8.43s/it]
[1A 62%|██████▏   | 645/1041 [1:30:01<54:57,  8.33s/it]
[1A                                                    
{'loss': '1.25e-05', 'grad_norm': '0.0002114', 'learning_rate': '6.715e-05', 'epoch': '1.86'}
[1A
[1A 62%|██████▏   | 645/1041 [1:30:01<54:57,  8.33s/it]
[1A 62%|██████▏   | 646/1041 [1:30:10<54:20,  8.26s/it]
[1A                                                    
{'loss': '5.64e-06', 'grad_norm': '0.0001183', 'learning_rate': '6.686e-05', 'epoch': '1.863'}
[1A
[1A 62%|██████▏   | 646/1041 [1:30:10<54:20,  8.26s/it]
[1A 62%|██████▏   | 647/1041 [1:30:18<54:20,  8.27s/it]
[1A                                                    
{'loss': '5.109e-06', 'grad_norm': '9.505e-05', 'learning_rate': '6.656e-05', 'epoch': '1.866'}
[1A
[1A 62%|██████▏   | 647/1041 [1:30:18<54:20,  8.27s/it]
[1A 62%|██████▏   | 648/1041 [1:30:26<54:24,  8.31s/it]
[1A                                                    
{'loss': '3.275e-05', 'grad_norm': '0.002635', 'learning_rate': '6.627e-05', 'epoch': '1.869'}
[1A
[1A 62%|██████▏   | 648/1041 [1:30:26<54:24,  8.31s/it]
[1A 62%|██████▏   | 649/1041 [1:30:34<53:02,  8.12s/it]
[1A                                                    
{'loss': '7.783e-06', 'grad_norm': '0.0001919', 'learning_rate': '6.598e-05', 'epoch': '1.872'}
[1A
[1A 62%|██████▏   | 649/1041 [1:30:34<53:02,  8.12s/it]
[1A 62%|██████▏   | 650/1041 [1:30:43<54:35,  8.38s/it]
[1A                                                    
{'loss': '2.799e-05', 'grad_norm': '0.0008784', 'learning_rate': '6.568e-05', 'epoch': '1.874'}
[1A
[1A 62%|██████▏   | 650/1041 [1:30:43<54:35,  8.38s/it]
[1A 63%|██████▎   | 651/1041 [1:30:51<54:34,  8.40s/it]
[1A                                                    
{'loss': '7.314e-05', 'grad_norm': '0.0027', 'learning_rate': '6.539e-05', 'epoch': '1.877'}
[1A
[1A 63%|██████▎   | 651/1041 [1:30:51<54:34,  8.40s/it]
[1A 63%|██████▎   | 652/1041 [1:31:00<54:31,  8.41s/it]
[1A                                                    
{'loss': '0.0009337', 'grad_norm': '0.0501', 'learning_rate': '6.51e-05', 'epoch': '1.88'}
[1A
[1A 63%|██████▎   | 652/1041 [1:31:00<54:31,  8.41s/it]
[1A 63%|██████▎   | 653/1041 [1:31:08<54:30,  8.43s/it]
[1A                                                    
{'loss': '1.213e-05', 'grad_norm': '0.000281', 'learning_rate': '6.481e-05', 'epoch': '1.883'}
[1A
[1A 63%|██████▎   | 653/1041 [1:31:08<54:30,  8.43s/it]
[1A 63%|██████▎   | 654/1041 [1:31:17<54:08,  8.39s/it]
[1A                                                    
{'loss': '1.196e-05', 'grad_norm': '0.0002675', 'learning_rate': '6.452e-05', 'epoch': '1.886'}
[1A
[1A 63%|██████▎   | 654/1041 [1:31:17<54:08,  8.39s/it]
[1A 63%|██████▎   | 655/1041 [1:31:25<54:05,  8.41s/it]
[1A                                                    
{'loss': '1.69e-05', 'grad_norm': '0.0003974', 'learning_rate': '6.423e-05', 'epoch': '1.889'}
[1A
[1A 63%|██████▎   | 655/1041 [1:31:25<54:05,  8.41s/it]
[1A 63%|██████▎   | 656/1041 [1:31:33<53:19,  8.31s/it]
[1A                                                    
{'loss': '4.077e-06', 'grad_norm': '8.111e-05', 'learning_rate': '6.394e-05', 'epoch': '1.892'}
[1A
[1A 63%|██████▎   | 656/1041 [1:31:33<53:19,  8.31s/it]
[1A 63%|██████▎   | 657/1041 [1:31:42<53:44,  8.40s/it]
[1A                                                    
{'loss': '0.0001329', 'grad_norm': '0.04465', 'learning_rate': '6.365e-05', 'epoch': '1.895'}
[1A
[1A 63%|██████▎   | 657/1041 [1:31:42<53:44,  8.40s/it]
[1A 63%|██████▎   | 658/1041 [1:31:50<53:17,  8.35s/it]
[1A                                                    
{'loss': '1.336e-05', 'grad_norm': '0.0002814', 'learning_rate': '6.336e-05', 'epoch': '1.898'}
[1A
[1A 63%|██████▎   | 658/1041 [1:31:50<53:17,  8.35s/it]
[1A 63%|██████▎   | 659/1041 [1:31:58<53:13,  8.36s/it]
[1A                                                    
{'loss': '1.369e-05', 'grad_norm': '0.0002232', 'learning_rate': '6.307e-05', 'epoch': '1.9'}
[1A
[1A 63%|██████▎   | 659/1041 [1:31:58<53:13,  8.36s/it]
[1A 63%|██████▎   | 660/1041 [1:32:07<53:13,  8.38s/it]
[1A                                                    
{'loss': '0.0002583', 'grad_norm': '0.008183', 'learning_rate': '6.278e-05', 'epoch': '1.903'}
[1A
[1A 63%|██████▎   | 660/1041 [1:32:07<53:13,  8.38s/it]
[1A 63%|██████▎   | 661/1041 [1:32:15<52:52,  8.35s/it]
[1A                                                    
{'loss': '3.125e-05', 'grad_norm': '0.001112', 'learning_rate': '6.249e-05', 'epoch': '1.906'}
[1A
[1A 63%|██████▎   | 661/1041 [1:32:15<52:52,  8.35s/it]
[1A 64%|██████▎   | 662/1041 [1:32:23<52:50,  8.37s/it]
[1A                                                    
{'loss': '1.339e-05', 'grad_norm': '0.0005243', 'learning_rate': '6.22e-05', 'epoch': '1.909'}
[1A
[1A 64%|██████▎   | 662/1041 [1:32:23<52:50,  8.37s/it]
[1A 64%|██████▎   | 663/1041 [1:32:32<52:14,  8.29s/it]
[1A                                                    
{'loss': '7.895e-06', 'grad_norm': '0.0001454', 'learning_rate': '6.191e-05', 'epoch': '1.912'}
[1A
[1A 64%|██████▎   | 663/1041 [1:32:32<52:14,  8.29s/it]
[1A 64%|██████▍   | 664/1041 [1:32:40<52:08,  8.30s/it]
[1A                                                    
{'loss': '2.873e-05', 'grad_norm': '0.0006103', 'learning_rate': '6.162e-05', 'epoch': '1.915'}
[1A
[1A 64%|██████▍   | 664/1041 [1:32:40<52:08,  8.30s/it]
[1A 64%|██████▍   | 665/1041 [1:32:48<51:50,  8.27s/it]
[1A                                                    
{'loss': '6.723e-06', 'grad_norm': '0.000164', 'learning_rate': '6.134e-05', 'epoch': '1.918'}
[1A
[1A 64%|██████▍   | 665/1041 [1:32:48<51:50,  8.27s/it]
[1A 64%|██████▍   | 666/1041 [1:32:56<52:00,  8.32s/it]
[1A                                                    
{'loss': '6.849e-06', 'grad_norm': '0.0001697', 'learning_rate': '6.105e-05', 'epoch': '1.921'}
[1A
[1A 64%|██████▍   | 666/1041 [1:32:57<52:00,  8.32s/it]
[1A 64%|██████▍   | 667/1041 [1:33:05<52:19,  8.40s/it]
[1A                                                    
{'loss': '2.081e-05', 'grad_norm': '0.0006316', 'learning_rate': '6.076e-05', 'epoch': '1.924'}
[1A
[1A 64%|██████▍   | 667/1041 [1:33:05<52:19,  8.40s/it]
[1A 64%|██████▍   | 668/1041 [1:33:13<51:50,  8.34s/it]
[1A                                                    
{'loss': '2.54e-05', 'grad_norm': '0.01175', 'learning_rate': '6.048e-05', 'epoch': '1.926'}
[1A
[1A 64%|██████▍   | 668/1041 [1:33:13<51:50,  8.34s/it]
[1A 64%|██████▍   | 669/1041 [1:33:22<51:51,  8.37s/it]
[1A                                                    
{'loss': '8.701e-06', 'grad_norm': '0.0001553', 'learning_rate': '6.019e-05', 'epoch': '1.929'}
[1A
[1A 64%|██████▍   | 669/1041 [1:33:22<51:51,  8.37s/it]
[1A 64%|██████▍   | 670/1041 [1:33:30<51:36,  8.35s/it]
[1A                                                    
{'loss': '7.985e-06', 'grad_norm': '0.0001319', 'learning_rate': '5.991e-05', 'epoch': '1.932'}
[1A
[1A 64%|██████▍   | 670/1041 [1:33:30<51:36,  8.35s/it]
[1A 64%|██████▍   | 671/1041 [1:33:38<51:21,  8.33s/it]
[1A                                                    
{'loss': '0.0004493', 'grad_norm': '0.01228', 'learning_rate': '5.962e-05', 'epoch': '1.935'}
[1A
[1A 64%|██████▍   | 671/1041 [1:33:38<51:21,  8.33s/it]
[1A 65%|██████▍   | 672/1041 [1:33:46<50:43,  8.25s/it]
[1A                                                    
{'loss': '3.796e-06', 'grad_norm': '0.0001141', 'learning_rate': '5.934e-05', 'epoch': '1.938'}
[1A
[1A 65%|██████▍   | 672/1041 [1:33:46<50:43,  8.25s/it]
[1A 65%|██████▍   | 673/1041 [1:33:55<50:54,  8.30s/it]
[1A                                                    
{'loss': '0.000136', 'grad_norm': '0.003931', 'learning_rate': '5.905e-05', 'epoch': '1.941'}
[1A
[1A 65%|██████▍   | 673/1041 [1:33:55<50:54,  8.30s/it]
[1A 65%|██████▍   | 674/1041 [1:34:03<50:09,  8.20s/it]
[1A                                                    
{'loss': '1.696e-05', 'grad_norm': '0.0003782', 'learning_rate': '5.877e-05', 'epoch': '1.944'}
[1A
[1A 65%|██████▍   | 674/1041 [1:34:03<50:09,  8.20s/it]
[1A 65%|██████▍   | 675/1041 [1:34:11<49:44,  8.16s/it]
[1A                                                    
{'loss': '0.0001018', 'grad_norm': '0.003341', 'learning_rate': '5.848e-05', 'epoch': '1.947'}
[1A
[1A 65%|██████▍   | 675/1041 [1:34:11<49:44,  8.16s/it]
[1A 65%|██████▍   | 676/1041 [1:34:19<50:32,  8.31s/it]
[1A                                                    
{'loss': '2.148e-05', 'grad_norm': '0.0007372', 'learning_rate': '5.82e-05', 'epoch': '1.949'}
[1A
[1A 65%|██████▍   | 676/1041 [1:34:19<50:32,  8.31s/it]
[1A 65%|██████▌   | 677/1041 [1:34:28<50:23,  8.31s/it]
[1A                                                    
{'loss': '3.505e-05', 'grad_norm': '0.00107', 'learning_rate': '5.792e-05', 'epoch': '1.952'}
[1A
[1A 65%|██████▌   | 677/1041 [1:34:28<50:23,  8.31s/it]
[1A 65%|██████▌   | 678/1041 [1:34:36<50:00,  8.27s/it]
[1A                                                    
{'loss': '0.002661', 'grad_norm': '0.1165', 'learning_rate': '5.764e-05', 'epoch': '1.955'}
[1A
[1A 65%|██████▌   | 678/1041 [1:34:36<50:00,  8.27s/it]
[1A 65%|██████▌   | 679/1041 [1:34:44<49:58,  8.28s/it]
[1A                                                    
{'loss': '1.574e-05', 'grad_norm': '0.0003275', 'learning_rate': '5.735e-05', 'epoch': '1.958'}
[1A
[1A 65%|██████▌   | 679/1041 [1:34:44<49:58,  8.28s/it]
[1A 65%|██████▌   | 680/1041 [1:34:53<49:55,  8.30s/it]
[1A                                                    
{'loss': '3.584e-06', 'grad_norm': '5.706e-05', 'learning_rate': '5.707e-05', 'epoch': '1.961'}
[1A
[1A 65%|██████▌   | 680/1041 [1:34:53<49:55,  8.30s/it]
[1A 65%|██████▌   | 681/1041 [1:35:01<49:21,  8.23s/it]
[1A                                                    
{'loss': '5.577e-06', 'grad_norm': '9.949e-05', 'learning_rate': '5.679e-05', 'epoch': '1.964'}
[1A
[1A 65%|██████▌   | 681/1041 [1:35:01<49:21,  8.23s/it]
[1A 66%|██████▌   | 682/1041 [1:35:09<49:40,  8.30s/it]
[1A                                                    
{'loss': '2.027e-05', 'grad_norm': '0.0005154', 'learning_rate': '5.651e-05', 'epoch': '1.967'}
[1A
[1A 66%|██████▌   | 682/1041 [1:35:09<49:40,  8.30s/it]
[1A 66%|██████▌   | 683/1041 [1:35:18<49:50,  8.35s/it]
[1A                                                    
{'loss': '3.058e-05', 'grad_norm': '0.001353', 'learning_rate': '5.623e-05', 'epoch': '1.97'}
[1A
[1A 66%|██████▌   | 683/1041 [1:35:18<49:50,  8.35s/it]
[1A 66%|██████▌   | 684/1041 [1:35:26<49:17,  8.28s/it]
[1A                                                    
{'loss': '1.766e-05', 'grad_norm': '0.0004657', 'learning_rate': '5.595e-05', 'epoch': '1.973'}
[1A
[1A 66%|██████▌   | 684/1041 [1:35:26<49:17,  8.28s/it]
[1A 66%|██████▌   | 685/1041 [1:35:35<50:08,  8.45s/it]
[1A                                                    
{'loss': '9.079e-06', 'grad_norm': '0.0002663', 'learning_rate': '5.567e-05', 'epoch': '1.975'}
[1A
[1A 66%|██████▌   | 685/1041 [1:35:35<50:08,  8.45s/it]
[1A 66%|██████▌   | 686/1041 [1:35:43<49:25,  8.35s/it]
[1A                                                    
{'loss': '1.034e-05', 'grad_norm': '0.0002958', 'learning_rate': '5.539e-05', 'epoch': '1.978'}
[1A
[1A 66%|██████▌   | 686/1041 [1:35:43<49:25,  8.35s/it]
[1A 66%|██████▌   | 687/1041 [1:35:51<49:02,  8.31s/it]
[1A                                                    
{'loss': '1.21e-05', 'grad_norm': '0.0003369', 'learning_rate': '5.511e-05', 'epoch': '1.981'}
[1A
[1A 66%|██████▌   | 687/1041 [1:35:51<49:02,  8.31s/it]
[1A 66%|██████▌   | 688/1041 [1:35:59<48:26,  8.23s/it]
[1A                                                    
{'loss': '6.269e-05', 'grad_norm': '0.004795', 'learning_rate': '5.484e-05', 'epoch': '1.984'}
[1A
[1A 66%|██████▌   | 688/1041 [1:35:59<48:26,  8.23s/it]
[1A 66%|██████▌   | 689/1041 [1:36:07<48:40,  8.30s/it]
[1A                                                    
{'loss': '0.000172', 'grad_norm': '0.005871', 'learning_rate': '5.456e-05', 'epoch': '1.987'}
[1A
[1A 66%|██████▌   | 689/1041 [1:36:07<48:40,  8.30s/it]
[1A 66%|██████▋   | 690/1041 [1:36:16<48:38,  8.32s/it]
[1A                                                    
{'loss': '8.644e-06', 'grad_norm': '0.0002769', 'learning_rate': '5.428e-05', 'epoch': '1.99'}
[1A
[1A 66%|██████▋   | 690/1041 [1:36:16<48:38,  8.32s/it]
[1A 66%|██████▋   | 691/1041 [1:36:24<47:47,  8.19s/it]
[1A                                                    
{'loss': '2.007e-06', 'grad_norm': '3.938e-05', 'learning_rate': '5.401e-05', 'epoch': '1.993'}
[1A
[1A 66%|██████▋   | 691/1041 [1:36:24<47:47,  8.19s/it]
[1A 66%|██████▋   | 692/1041 [1:36:32<47:43,  8.21s/it]
[1A                                                    
{'loss': '1.704e-05', 'grad_norm': '0.0006845', 'learning_rate': '5.373e-05', 'epoch': '1.996'}
[1A
[1A 66%|██████▋   | 692/1041 [1:36:32<47:43,  8.21s/it]
[1A 67%|██████▋   | 693/1041 [1:36:40<47:46,  8.24s/it]
[1A                                                    
{'loss': '0.0004449', 'grad_norm': '0.01786', 'learning_rate': '5.345e-05', 'epoch': '1.999'}
[1A
[1A 67%|██████▋   | 693/1041 [1:36:40<47:46,  8.24s/it]
[1A 67%|██████▋   | 694/1041 [1:36:44<40:12,  6.95s/it]
[1A                                                    
{'loss': '2.412e-06', 'grad_norm': '6.6e-05', 'learning_rate': '5.318e-05', 'epoch': '2'}
[1A
[1A 67%|██████▋   | 694/1041 [1:36:44<40:12,  6.95s/it]
[1A 67%|██████▋   | 695/1041 [1:36:52<42:27,  7.36s/it]
[1A                                                    
{'loss': '2.757e-06', 'grad_norm': '4.602e-05', 'learning_rate': '5.29e-05', 'epoch': '2.003'}
[1A
[1A 67%|██████▋   | 695/1041 [1:36:52<42:27,  7.36s/it]
[1A 67%|██████▋   | 696/1041 [1:37:01<43:53,  7.63s/it]
[1A                                                    
{'loss': '5.456e-06', 'grad_norm': '0.0001048', 'learning_rate': '5.263e-05', 'epoch': '2.006'}
[1A
[1A 67%|██████▋   | 696/1041 [1:37:01<43:53,  7.63s/it]
[1A 67%|██████▋   | 697/1041 [1:37:09<44:46,  7.81s/it]
[1A                                                    
{'loss': '7.656e-06', 'grad_norm': '0.0001517', 'learning_rate': '5.235e-05', 'epoch': '2.009'}
[1A
[1A 67%|██████▋   | 697/1041 [1:37:09<44:46,  7.81s/it]
[1A 67%|██████▋   | 698/1041 [1:37:18<45:55,  8.03s/it]
[1A                                                    
{'loss': '7.158e-05', 'grad_norm': '0.002257', 'learning_rate': '5.208e-05', 'epoch': '2.012'}
[1A
[1A 67%|██████▋   | 698/1041 [1:37:18<45:55,  8.03s/it]
[1A 67%|██████▋   | 699/1041 [1:37:26<45:57,  8.06s/it]
[1A                                                    
{'loss': '6.969e-05', 'grad_norm': '0.002168', 'learning_rate': '5.181e-05', 'epoch': '2.014'}
[1A
[1A 67%|██████▋   | 699/1041 [1:37:26<45:57,  8.06s/it]
[1A 67%|██████▋   | 700/1041 [1:37:39<55:02,  9.68s/it]
[1A                                                    
{'loss': '3.703e-06', 'grad_norm': '6.597e-05', 'learning_rate': '5.154e-05', 'epoch': '2.017'}
[1A
[1A 67%|██████▋   | 700/1041 [1:37:39<55:02,  9.68s/it]
[1A 67%|██████▋   | 701/1041 [1:37:48<53:01,  9.36s/it]
[1A                                                    
{'loss': '1.516e-05', 'grad_norm': '0.000313', 'learning_rate': '5.126e-05', 'epoch': '2.02'}
[1A
[1A 67%|██████▋   | 701/1041 [1:37:48<53:01,  9.36s/it]
[1A 67%|██████▋   | 702/1041 [1:37:56<51:32,  9.12s/it]
[1A                                                    
{'loss': '1.403e-05', 'grad_norm': '0.0004509', 'learning_rate': '5.099e-05', 'epoch': '2.023'}
[1A
[1A 67%|██████▋   | 702/1041 [1:37:56<51:32,  9.12s/it]
[1A 68%|██████▊   | 703/1041 [1:38:05<50:01,  8.88s/it]
[1A                                                    
{'loss': '4.684e-05', 'grad_norm': '0.001962', 'learning_rate': '5.072e-05', 'epoch': '2.026'}
[1A
[1A 68%|██████▊   | 703/1041 [1:38:05<50:01,  8.88s/it]
[1A 68%|██████▊   | 704/1041 [1:38:13<49:18,  8.78s/it]
[1A                                                    
{'loss': '1.139e-05', 'grad_norm': '0.0006585', 'learning_rate': '5.045e-05', 'epoch': '2.029'}
[1A
[1A 68%|██████▊   | 704/1041 [1:38:13<49:18,  8.78s/it]
[1A 68%|██████▊   | 705/1041 [1:38:21<48:22,  8.64s/it]
[1A                                                    
{'loss': '8.158e-06', 'grad_norm': '0.0001554', 'learning_rate': '5.018e-05', 'epoch': '2.032'}
[1A
[1A 68%|██████▊   | 705/1041 [1:38:21<48:22,  8.64s/it]
[1A 68%|██████▊   | 706/1041 [1:38:29<47:06,  8.44s/it]
[1A                                                    
{'loss': '5.622e-06', 'grad_norm': '9.953e-05', 'learning_rate': '4.991e-05', 'epoch': '2.035'}
[1A
[1A 68%|██████▊   | 706/1041 [1:38:29<47:06,  8.44s/it]
[1A 68%|██████▊   | 707/1041 [1:38:37<46:17,  8.32s/it]
[1A                                                    
{'loss': '8.716e-06', 'grad_norm': '0.0003202', 'learning_rate': '4.964e-05', 'epoch': '2.038'}
[1A
[1A 68%|██████▊   | 707/1041 [1:38:37<46:17,  8.32s/it]
[1A 68%|██████▊   | 708/1041 [1:38:46<46:25,  8.36s/it]
[1A                                                    
{'loss': '6.478e-06', 'grad_norm': '9.907e-05', 'learning_rate': '4.937e-05', 'epoch': '2.04'}
[1A
[1A 68%|██████▊   | 708/1041 [1:38:46<46:25,  8.36s/it]
[1A 68%|██████▊   | 709/1041 [1:38:54<45:53,  8.29s/it]
[1A                                                    
{'loss': '7.226e-06', 'grad_norm': '0.0001584', 'learning_rate': '4.91e-05', 'epoch': '2.043'}
[1A
[1A 68%|██████▊   | 709/1041 [1:38:54<45:53,  8.29s/it]
[1A 68%|██████▊   | 710/1041 [1:39:02<45:46,  8.30s/it]
[1A                                                    
{'loss': '4.333e-06', 'grad_norm': '9.231e-05', 'learning_rate': '4.884e-05', 'epoch': '2.046'}
[1A
[1A 68%|██████▊   | 710/1041 [1:39:02<45:46,  8.30s/it]
[1A 68%|██████▊   | 711/1041 [1:39:11<45:28,  8.27s/it]
[1A                                                    
{'loss': '6.098e-06', 'grad_norm': '0.0001357', 'learning_rate': '4.857e-05', 'epoch': '2.049'}
[1A
[1A 68%|██████▊   | 711/1041 [1:39:11<45:28,  8.27s/it]
[1A 68%|██████▊   | 712/1041 [1:39:19<45:39,  8.33s/it]
[1A                                                    
{'loss': '2.014e-05', 'grad_norm': '0.00071', 'learning_rate': '4.83e-05', 'epoch': '2.052'}
[1A
[1A 68%|██████▊   | 712/1041 [1:39:19<45:39,  8.33s/it]
[1A 68%|██████▊   | 713/1041 [1:39:27<45:21,  8.30s/it]
[1A                                                    
{'loss': '5.618e-05', 'grad_norm': '0.003853', 'learning_rate': '4.804e-05', 'epoch': '2.055'}
[1A
[1A 68%|██████▊   | 713/1041 [1:39:27<45:21,  8.30s/it]
[1A 69%|██████▊   | 714/1041 [1:39:36<45:10,  8.29s/it]
[1A                                                    
{'loss': '7.839e-05', 'grad_norm': '0.003181', 'learning_rate': '4.777e-05', 'epoch': '2.058'}
[1A
[1A 69%|██████▊   | 714/1041 [1:39:36<45:10,  8.29s/it]
[1A 69%|██████▊   | 715/1041 [1:39:44<44:40,  8.22s/it]
[1A                                                    
{'loss': '4.869e-05', 'grad_norm': '0.002058', 'learning_rate': '4.75e-05', 'epoch': '2.061'}
[1A
[1A 69%|██████▊   | 715/1041 [1:39:44<44:40,  8.22s/it]
[1A 69%|██████▉   | 716/1041 [1:39:52<44:34,  8.23s/it]
[1A                                                    
{'loss': '1.198e-05', 'grad_norm': '0.0002941', 'learning_rate': '4.724e-05', 'epoch': '2.063'}
[1A
[1A 69%|██████▉   | 716/1041 [1:39:52<44:34,  8.23s/it]
[1A 69%|██████▉   | 717/1041 [1:40:00<44:29,  8.24s/it]
[1A                                                    
{'loss': '2.273e-05', 'grad_norm': '0.0005337', 'learning_rate': '4.698e-05', 'epoch': '2.066'}
[1A
[1A 69%|██████▉   | 717/1041 [1:40:00<44:29,  8.24s/it]
[1A 69%|██████▉   | 718/1041 [1:40:09<44:42,  8.30s/it]
[1A                                                    
{'loss': '2.303e-05', 'grad_norm': '0.0007743', 'learning_rate': '4.671e-05', 'epoch': '2.069'}
[1A
[1A 69%|██████▉   | 718/1041 [1:40:09<44:42,  8.30s/it]
[1A 69%|██████▉   | 719/1041 [1:40:17<44:33,  8.30s/it]
[1A                                                    
{'loss': '6.579e-06', 'grad_norm': '0.000102', 'learning_rate': '4.645e-05', 'epoch': '2.072'}
[1A
[1A 69%|██████▉   | 719/1041 [1:40:17<44:33,  8.30s/it]
[1A 69%|██████▉   | 720/1041 [1:40:25<44:13,  8.27s/it]
[1A                                                    
{'loss': '4.448e-06', 'grad_norm': '8.634e-05', 'learning_rate': '4.619e-05', 'epoch': '2.075'}
[1A
[1A 69%|██████▉   | 720/1041 [1:40:25<44:13,  8.27s/it]
[1A 69%|██████▉   | 721/1041 [1:40:33<44:06,  8.27s/it]
[1A                                                    
{'loss': '5.148e-06', 'grad_norm': '7.778e-05', 'learning_rate': '4.592e-05', 'epoch': '2.078'}
[1A
[1A 69%|██████▉   | 721/1041 [1:40:33<44:06,  8.27s/it]
[1A 69%|██████▉   | 722/1041 [1:40:42<44:00,  8.28s/it]
[1A                                                    
{'loss': '4.724e-06', 'grad_norm': '8.574e-05', 'learning_rate': '4.566e-05', 'epoch': '2.081'}
[1A
[1A 69%|██████▉   | 722/1041 [1:40:42<44:00,  8.28s/it]
[1A 69%|██████▉   | 723/1041 [1:40:50<43:17,  8.17s/it]
[1A                                                    
{'loss': '3.665e-06', 'grad_norm': '6.636e-05', 'learning_rate': '4.54e-05', 'epoch': '2.084'}
[1A
[1A 69%|██████▉   | 723/1041 [1:40:50<43:17,  8.17s/it]
[1A 70%|██████▉   | 724/1041 [1:40:58<43:25,  8.22s/it]
[1A                                                    
{'loss': '0.0002579', 'grad_norm': '0.01175', 'learning_rate': '4.514e-05', 'epoch': '2.087'}
[1A
[1A 70%|██████▉   | 724/1041 [1:40:58<43:25,  8.22s/it]
[1A 70%|██████▉   | 725/1041 [1:41:06<43:02,  8.17s/it]
[1A                                                    
{'loss': '3.686e-06', 'grad_norm': '8.55e-05', 'learning_rate': '4.488e-05', 'epoch': '2.089'}
[1A
[1A 70%|██████▉   | 725/1041 [1:41:06<43:02,  8.17s/it]
[1A 70%|██████▉   | 726/1041 [1:41:14<43:07,  8.21s/it]
[1A                                                    
{'loss': '1.238e-05', 'grad_norm': '0.0004577', 'learning_rate': '4.462e-05', 'epoch': '2.092'}
[1A
[1A 70%|██████▉   | 726/1041 [1:41:14<43:07,  8.21s/it]
[1A 70%|██████▉   | 727/1041 [1:41:22<42:46,  8.17s/it]
[1A                                                    
{'loss': '4.13e-05', 'grad_norm': '0.001782', 'learning_rate': '4.436e-05', 'epoch': '2.095'}
[1A
[1A 70%|██████▉   | 727/1041 [1:41:22<42:46,  8.17s/it]
[1A 70%|██████▉   | 728/1041 [1:41:31<42:54,  8.23s/it]
[1A                                                    
{'loss': '5.635e-05', 'grad_norm': '0.001819', 'learning_rate': '4.41e-05', 'epoch': '2.098'}
[1A
[1A 70%|██████▉   | 728/1041 [1:41:31<42:54,  8.23s/it]
[1A 70%|███████   | 729/1041 [1:41:39<42:31,  8.18s/it]
[1A                                                    
{'loss': '8.304e-06', 'grad_norm': '0.0001472', 'learning_rate': '4.385e-05', 'epoch': '2.101'}
[1A
[1A 70%|███████   | 729/1041 [1:41:39<42:31,  8.18s/it]
[1A 70%|███████   | 730/1041 [1:41:47<42:10,  8.14s/it]
[1A                                                    
{'loss': '5.555e-06', 'grad_norm': '8.644e-05', 'learning_rate': '4.359e-05', 'epoch': '2.104'}
[1A
[1A 70%|███████   | 730/1041 [1:41:47<42:10,  8.14s/it]
[1A 70%|███████   | 731/1041 [1:41:55<41:59,  8.13s/it]
[1A                                                    
{'loss': '0.001592', 'grad_norm': '0.737', 'learning_rate': '4.333e-05', 'epoch': '2.107'}
[1A
[1A 70%|███████   | 731/1041 [1:41:55<41:59,  8.13s/it]
[1A 70%|███████   | 732/1041 [1:42:03<42:00,  8.16s/it]
[1A                                                    
{'loss': '8.215e-05', 'grad_norm': '0.002851', 'learning_rate': '4.308e-05', 'epoch': '2.11'}
[1A
[1A 70%|███████   | 732/1041 [1:42:03<42:00,  8.16s/it]
[1A 70%|███████   | 733/1041 [1:42:11<42:03,  8.19s/it]
[1A                                                    
{'loss': '1.134e-05', 'grad_norm': '0.000254', 'learning_rate': '4.282e-05', 'epoch': '2.113'}
[1A
[1A 70%|███████   | 733/1041 [1:42:11<42:03,  8.19s/it]
[1A 71%|███████   | 734/1041 [1:42:20<42:31,  8.31s/it]
[1A                                                    
{'loss': '3.507e-05', 'grad_norm': '0.004677', 'learning_rate': '4.256e-05', 'epoch': '2.115'}
[1A
[1A 71%|███████   | 734/1041 [1:42:20<42:31,  8.31s/it]
[1A 71%|███████   | 735/1041 [1:42:28<42:01,  8.24s/it]
[1A                                                    
{'loss': '5.082e-06', 'grad_norm': '9.322e-05', 'learning_rate': '4.231e-05', 'epoch': '2.118'}
[1A
[1A 71%|███████   | 735/1041 [1:42:28<42:01,  8.24s/it]
[1A 71%|███████   | 736/1041 [1:42:36<42:03,  8.27s/it]
[1A                                                    
{'loss': '6.476e-06', 'grad_norm': '0.000118', 'learning_rate': '4.206e-05', 'epoch': '2.121'}
[1A
[1A 71%|███████   | 736/1041 [1:42:36<42:03,  8.27s/it]
[1A 71%|███████   | 737/1041 [1:42:45<42:02,  8.30s/it]
[1A                                                    
{'loss': '5.613e-05', 'grad_norm': '0.003477', 'learning_rate': '4.18e-05', 'epoch': '2.124'}
[1A
[1A 71%|███████   | 737/1041 [1:42:45<42:02,  8.30s/it]
[1A 71%|███████   | 738/1041 [1:42:53<41:48,  8.28s/it]
[1A                                                    
{'loss': '2.125e-05', 'grad_norm': '0.001468', 'learning_rate': '4.155e-05', 'epoch': '2.127'}
[1A
[1A 71%|███████   | 738/1041 [1:42:53<41:48,  8.28s/it]
[1A 71%|███████   | 739/1041 [1:43:01<41:27,  8.24s/it]
[1A                                                    
{'loss': '7.142e-06', 'grad_norm': '0.0003134', 'learning_rate': '4.13e-05', 'epoch': '2.13'}
[1A
[1A 71%|███████   | 739/1041 [1:43:01<41:27,  8.24s/it]
[1A 71%|███████   | 740/1041 [1:43:09<41:06,  8.19s/it]
[1A                                                    
{'loss': '3.728e-05', 'grad_norm': '0.002248', 'learning_rate': '4.105e-05', 'epoch': '2.133'}
[1A
[1A 71%|███████   | 740/1041 [1:43:09<41:06,  8.19s/it]
[1A 71%|███████   | 741/1041 [1:43:18<41:21,  8.27s/it]
[1A                                                    
{'loss': '1.519e-05', 'grad_norm': '0.003521', 'learning_rate': '4.079e-05', 'epoch': '2.136'}
[1A
[1A 71%|███████   | 741/1041 [1:43:18<41:21,  8.27s/it]
[1A 71%|███████▏  | 742/1041 [1:43:26<41:17,  8.29s/it]
[1A                                                    
{'loss': '6.166e-06', 'grad_norm': '0.0001597', 'learning_rate': '4.054e-05', 'epoch': '2.139'}
[1A
[1A 71%|███████▏  | 742/1041 [1:43:26<41:17,  8.29s/it]
[1A 71%|███████▏  | 743/1041 [1:43:34<41:24,  8.34s/it]
[1A                                                    
{'loss': '1.3e-05', 'grad_norm': '0.0006719', 'learning_rate': '4.029e-05', 'epoch': '2.141'}
[1A
[1A 71%|███████▏  | 743/1041 [1:43:34<41:24,  8.34s/it]
[1A 71%|███████▏  | 744/1041 [1:43:43<41:13,  8.33s/it]
[1A                                                    
{'loss': '0.0007761', 'grad_norm': '0.135', 'learning_rate': '4.004e-05', 'epoch': '2.144'}
[1A
[1A 71%|███████▏  | 744/1041 [1:43:43<41:13,  8.33s/it]
[1A 72%|███████▏  | 745/1041 [1:43:51<41:28,  8.41s/it]
[1A                                                    
{'loss': '4.127e-05', 'grad_norm': '0.001674', 'learning_rate': '3.98e-05', 'epoch': '2.147'}
[1A
[1A 72%|███████▏  | 745/1041 [1:43:51<41:28,  8.41s/it]
[1A 72%|███████▏  | 746/1041 [1:44:00<41:45,  8.49s/it]
[1A                                                    
{'loss': '1.412e-05', 'grad_norm': '0.0006674', 'learning_rate': '3.955e-05', 'epoch': '2.15'}
[1A
[1A 72%|███████▏  | 746/1041 [1:44:00<41:45,  8.49s/it]
[1A 72%|███████▏  | 747/1041 [1:44:09<41:38,  8.50s/it]
[1A                                                    
{'loss': '8.146e-05', 'grad_norm': '0.002632', 'learning_rate': '3.93e-05', 'epoch': '2.153'}
[1A
[1A 72%|███████▏  | 747/1041 [1:44:09<41:38,  8.50s/it]
[1A 72%|███████▏  | 748/1041 [1:44:16<40:11,  8.23s/it]
[1A                                                    
{'loss': '0.0003819', 'grad_norm': '0.0851', 'learning_rate': '3.905e-05', 'epoch': '2.156'}
[1A
[1A 72%|███████▏  | 748/1041 [1:44:16<40:11,  8.23s/it]
[1A 72%|███████▏  | 749/1041 [1:44:24<40:03,  8.23s/it]
[1A                                                    
{'loss': '1.305e-05', 'grad_norm': '0.001669', 'learning_rate': '3.881e-05', 'epoch': '2.159'}
[1A
[1A 72%|███████▏  | 749/1041 [1:44:24<40:03,  8.23s/it]
[1A 72%|███████▏  | 750/1041 [1:44:33<40:14,  8.30s/it]
[1A                                                    
{'loss': '4.765e-06', 'grad_norm': '9.333e-05', 'learning_rate': '3.856e-05', 'epoch': '2.162'}
[1A
[1A 72%|███████▏  | 750/1041 [1:44:33<40:14,  8.30s/it]
[1A 72%|███████▏  | 751/1041 [1:44:41<40:07,  8.30s/it]
[1A                                                    
{'loss': '1.689e-05', 'grad_norm': '0.003141', 'learning_rate': '3.831e-05', 'epoch': '2.165'}
[1A
[1A 72%|███████▏  | 751/1041 [1:44:41<40:07,  8.30s/it]
[1A 72%|███████▏  | 752/1041 [1:44:50<40:14,  8.35s/it]
[1A                                                    
{'loss': '2.518e-05', 'grad_norm': '0.002712', 'learning_rate': '3.807e-05', 'epoch': '2.167'}
[1A
[1A 72%|███████▏  | 752/1041 [1:44:50<40:14,  8.35s/it]
[1A 72%|███████▏  | 753/1041 [1:44:58<39:47,  8.29s/it]
[1A                                                    
{'loss': '5.463e-05', 'grad_norm': '0.01451', 'learning_rate': '3.783e-05', 'epoch': '2.17'}
[1A
[1A 72%|███████▏  | 753/1041 [1:44:58<39:47,  8.29s/it]
[1A 72%|███████▏  | 754/1041 [1:45:06<39:22,  8.23s/it]
[1A                                                    
{'loss': '1.811e-05', 'grad_norm': '0.002416', 'learning_rate': '3.758e-05', 'epoch': '2.173'}
[1A
[1A 72%|███████▏  | 754/1041 [1:45:06<39:22,  8.23s/it]
[1A 73%|███████▎  | 755/1041 [1:45:14<39:30,  8.29s/it]
[1A                                                    
{'loss': '2.284e-05', 'grad_norm': '0.0006963', 'learning_rate': '3.734e-05', 'epoch': '2.176'}
[1A
[1A 73%|███████▎  | 755/1041 [1:45:14<39:30,  8.29s/it]
[1A 73%|███████▎  | 756/1041 [1:45:22<39:05,  8.23s/it]
[1A                                                    
{'loss': '8.351e-06', 'grad_norm': '0.000198', 'learning_rate': '3.71e-05', 'epoch': '2.179'}
[1A
[1A 73%|███████▎  | 756/1041 [1:45:22<39:05,  8.23s/it]
[1A 73%|███████▎  | 757/1041 [1:45:31<39:19,  8.31s/it]
[1A                                                    
{'loss': '4.459e-05', 'grad_norm': '0.001675', 'learning_rate': '3.685e-05', 'epoch': '2.182'}
[1A
[1A 73%|███████▎  | 757/1041 [1:45:31<39:19,  8.31s/it]
[1A 73%|███████▎  | 758/1041 [1:45:39<39:05,  8.29s/it]
[1A                                                    
{'loss': '5.947e-06', 'grad_norm': '0.0001442', 'learning_rate': '3.661e-05', 'epoch': '2.185'}
[1A
[1A 73%|███████▎  | 758/1041 [1:45:39<39:05,  8.29s/it]
[1A 73%|███████▎  | 759/1041 [1:45:47<38:59,  8.30s/it]
[1A                                                    
{'loss': '9.481e-06', 'grad_norm': '0.000238', 'learning_rate': '3.637e-05', 'epoch': '2.188'}
[1A
[1A 73%|███████▎  | 759/1041 [1:45:47<38:59,  8.30s/it]
[1A 73%|███████▎  | 760/1041 [1:45:56<38:44,  8.27s/it]
[1A                                                    
{'loss': '1.388e-05', 'grad_norm': '0.001271', 'learning_rate': '3.613e-05', 'epoch': '2.19'}
[1A
[1A 73%|███████▎  | 760/1041 [1:45:56<38:44,  8.27s/it]
[1A 73%|███████▎  | 761/1041 [1:46:04<38:18,  8.21s/it]
[1A                                                    
{'loss': '4.138e-06', 'grad_norm': '0.0001032', 'learning_rate': '3.589e-05', 'epoch': '2.193'}
[1A
[1A 73%|███████▎  | 761/1041 [1:46:04<38:18,  8.21s/it]
[1A 73%|███████▎  | 762/1041 [1:46:12<38:22,  8.25s/it]
[1A                                                    
{'loss': '2.647e-06', 'grad_norm': '5.228e-05', 'learning_rate': '3.566e-05', 'epoch': '2.196'}
[1A
[1A 73%|███████▎  | 762/1041 [1:46:12<38:22,  8.25s/it]
[1A 73%|███████▎  | 763/1041 [1:46:20<37:49,  8.16s/it]
[1A                                                    
{'loss': '2.123e-06', 'grad_norm': '8.155e-05', 'learning_rate': '3.542e-05', 'epoch': '2.199'}
[1A
[1A 73%|███████▎  | 763/1041 [1:46:20<37:49,  8.16s/it]
[1A 73%|███████▎  | 764/1041 [1:46:29<38:13,  8.28s/it]
[1A                                                    
{'loss': '3.53e-05', 'grad_norm': '0.0009644', 'learning_rate': '3.518e-05', 'epoch': '2.202'}
[1A
[1A 73%|███████▎  | 764/1041 [1:46:29<38:13,  8.28s/it]
[1A 73%|███████▎  | 765/1041 [1:46:37<38:09,  8.29s/it]
[1A                                                    
{'loss': '4.125e-06', 'grad_norm': '0.0001081', 'learning_rate': '3.494e-05', 'epoch': '2.205'}
[1A
[1A 73%|███████▎  | 765/1041 [1:46:37<38:09,  8.29s/it]
[1A 74%|███████▎  | 766/1041 [1:46:45<37:56,  8.28s/it]
[1A                                                    
{'loss': '1.252e-05', 'grad_norm': '0.0002495', 'learning_rate': '3.471e-05', 'epoch': '2.208'}
[1A
[1A 74%|███████▎  | 766/1041 [1:46:45<37:56,  8.28s/it]
[1A 74%|███████▎  | 767/1041 [1:46:54<38:01,  8.33s/it]                                                    
{'loss': '2.28e-05', 'grad_norm': '0.0007877', 'learning_rate': '3.447e-05', 'epoch': '2.211'}
[1A
[1A 74%|███████▎  | 767/1041 [1:46:54<38:01,  8.33s/it]
[1A 74%|███████▍  | 768/1041 [1:47:02<37:56,  8.34s/it]
[1A                                                    
{'loss': '2.342e-05', 'grad_norm': '0.002533', 'learning_rate': '3.424e-05', 'epoch': '2.214'}
[1A
[1A 74%|███████▍  | 768/1041 [1:47:02<37:56,  8.34s/it]
[1A 74%|███████▍  | 769/1041 [1:47:10<37:59,  8.38s/it]
[1A                                                    
{'loss': '8.815e-06', 'grad_norm': '0.0001858', 'learning_rate': '3.4e-05', 'epoch': '2.216'}
[1A
[1A 74%|███████▍  | 769/1041 [1:47:10<37:59,  8.38s/it]
[1A 74%|███████▍  | 770/1041 [1:47:18<37:07,  8.22s/it]
[1A                                                    
{'loss': '6.69e-05', 'grad_norm': '0.003496', 'learning_rate': '3.377e-05', 'epoch': '2.219'}
[1A
[1A 74%|███████▍  | 770/1041 [1:47:18<37:07,  8.22s/it]
[1A 74%|███████▍  | 771/1041 [1:47:27<37:11,  8.27s/it]
[1A                                                    
{'loss': '4.186e-06', 'grad_norm': '0.0001724', 'learning_rate': '3.354e-05', 'epoch': '2.222'}
[1A
[1A 74%|███████▍  | 771/1041 [1:47:27<37:11,  8.27s/it]
[1A 74%|███████▍  | 772/1041 [1:47:35<37:08,  8.29s/it]
[1A                                                    
{'loss': '3.221e-06', 'grad_norm': '5.991e-05', 'learning_rate': '3.33e-05', 'epoch': '2.225'}
[1A
[1A 74%|███████▍  | 772/1041 [1:47:35<37:08,  8.29s/it]
[1A 74%|███████▍  | 773/1041 [1:47:43<37:18,  8.35s/it]
[1A                                                    
{'loss': '3.165e-06', 'grad_norm': '6.235e-05', 'learning_rate': '3.307e-05', 'epoch': '2.228'}
[1A
[1A 74%|███████▍  | 773/1041 [1:47:43<37:18,  8.35s/it]
[1A 74%|███████▍  | 774/1041 [1:47:52<37:18,  8.38s/it]
[1A                                                    
{'loss': '7e-06', 'grad_norm': '0.0001259', 'learning_rate': '3.284e-05', 'epoch': '2.231'}
[1A
[1A 74%|███████▍  | 774/1041 [1:47:52<37:18,  8.38s/it]
[1A 74%|███████▍  | 775/1041 [1:48:00<37:17,  8.41s/it]
[1A                                                    
{'loss': '0.000166', 'grad_norm': '0.009115', 'learning_rate': '3.261e-05', 'epoch': '2.234'}
[1A
[1A 74%|███████▍  | 775/1041 [1:48:00<37:17,  8.41s/it]
[1A 75%|███████▍  | 776/1041 [1:48:09<37:14,  8.43s/it]
[1A                                                    
{'loss': '1.161e-05', 'grad_norm': '0.002463', 'learning_rate': '3.238e-05', 'epoch': '2.237'}
[1A
[1A 75%|███████▍  | 776/1041 [1:48:09<37:14,  8.43s/it]
[1A 75%|███████▍  | 777/1041 [1:48:18<37:19,  8.48s/it]
[1A                                                    
{'loss': '4.126e-05', 'grad_norm': '0.001355', 'learning_rate': '3.215e-05', 'epoch': '2.24'}
[1A
[1A 75%|███████▍  | 777/1041 [1:48:18<37:19,  8.48s/it]
[1A 75%|███████▍  | 778/1041 [1:48:26<36:38,  8.36s/it]
[1A                                                    
{'loss': '2.932e-06', 'grad_norm': '6.907e-05', 'learning_rate': '3.192e-05', 'epoch': '2.242'}
[1A
[1A 75%|███████▍  | 778/1041 [1:48:26<36:38,  8.36s/it]
[1A 75%|███████▍  | 779/1041 [1:48:34<36:10,  8.29s/it]
[1A                                                    
{'loss': '3.933e-06', 'grad_norm': '6.311e-05', 'learning_rate': '3.17e-05', 'epoch': '2.245'}
[1A
[1A 75%|███████▍  | 779/1041 [1:48:34<36:10,  8.29s/it]
[1A 75%|███████▍  | 780/1041 [1:48:42<36:04,  8.29s/it]
[1A                                                    
{'loss': '0.0002295', 'grad_norm': '0.008304', 'learning_rate': '3.147e-05', 'epoch': '2.248'}
[1A
[1A 75%|███████▍  | 780/1041 [1:48:42<36:04,  8.29s/it]
[1A 75%|███████▌  | 781/1041 [1:48:50<36:00,  8.31s/it]
[1A                                                    
{'loss': '2.068e-05', 'grad_norm': '0.0004776', 'learning_rate': '3.124e-05', 'epoch': '2.251'}
[1A
[1A 75%|███████▌  | 781/1041 [1:48:50<36:00,  8.31s/it]
[1A 75%|███████▌  | 782/1041 [1:48:59<35:59,  8.34s/it]
[1A                                                    
{'loss': '4.126e-06', 'grad_norm': '7.11e-05', 'learning_rate': '3.102e-05', 'epoch': '2.254'}
[1A
[1A 75%|███████▌  | 782/1041 [1:48:59<35:59,  8.34s/it]
[1A 75%|███████▌  | 783/1041 [1:49:07<35:30,  8.26s/it]
[1A                                                    
{'loss': '1.339e-05', 'grad_norm': '0.0003337', 'learning_rate': '3.079e-05', 'epoch': '2.257'}
[1A
[1A 75%|███████▌  | 783/1041 [1:49:07<35:30,  8.26s/it]
[1A 75%|███████▌  | 784/1041 [1:49:15<35:46,  8.35s/it]
[1A                                                    
{'loss': '8.314e-06', 'grad_norm': '0.0006542', 'learning_rate': '3.057e-05', 'epoch': '2.26'}
[1A
[1A 75%|███████▌  | 784/1041 [1:49:15<35:46,  8.35s/it]
[1A 75%|███████▌  | 785/1041 [1:49:24<35:19,  8.28s/it]
[1A                                                    
{'loss': '2.922e-06', 'grad_norm': '9.069e-05', 'learning_rate': '3.034e-05', 'epoch': '2.263'}
[1A
[1A 75%|███████▌  | 785/1041 [1:49:24<35:19,  8.28s/it]
[1A 76%|███████▌  | 786/1041 [1:49:32<35:13,  8.29s/it]
[1A                                                    
{'loss': '1.229e-05', 'grad_norm': '0.0004413', 'learning_rate': '3.012e-05', 'epoch': '2.266'}
[1A
[1A 76%|███████▌  | 786/1041 [1:49:32<35:13,  8.29s/it]
[1A 76%|███████▌  | 787/1041 [1:49:40<35:17,  8.34s/it]
[1A                                                    
{'loss': '2.441e-06', 'grad_norm': '5.493e-05', 'learning_rate': '2.99e-05', 'epoch': '2.268'}
[1A
[1A 76%|███████▌  | 787/1041 [1:49:40<35:17,  8.34s/it]
[1A 76%|███████▌  | 788/1041 [1:49:48<34:49,  8.26s/it]
[1A                                                    
{'loss': '2.743e-06', 'grad_norm': '7.709e-05', 'learning_rate': '2.968e-05', 'epoch': '2.271'}
[1A
[1A 76%|███████▌  | 788/1041 [1:49:48<34:49,  8.26s/it]
[1A 76%|███████▌  | 789/1041 [1:49:57<34:41,  8.26s/it]
[1A                                                    
{'loss': '5.201e-06', 'grad_norm': '0.0002319', 'learning_rate': '2.945e-05', 'epoch': '2.274'}
[1A
[1A 76%|███████▌  | 789/1041 [1:49:57<34:41,  8.26s/it]
[1A 76%|███████▌  | 790/1041 [1:50:05<34:44,  8.30s/it]
[1A                                                    
{'loss': '4.234e-05', 'grad_norm': '0.001722', 'learning_rate': '2.923e-05', 'epoch': '2.277'}
[1A
[1A 76%|███████▌  | 790/1041 [1:50:05<34:44,  8.30s/it]
[1A 76%|███████▌  | 791/1041 [1:50:13<33:49,  8.12s/it]
[1A                                                    
{'loss': '2.121e-06', 'grad_norm': '4.56e-05', 'learning_rate': '2.901e-05', 'epoch': '2.28'}
[1A
[1A 76%|███████▌  | 791/1041 [1:50:13<33:49,  8.12s/it]
[1A 76%|███████▌  | 792/1041 [1:50:21<33:35,  8.10s/it]
[1A                                                    
{'loss': '8.647e-06', 'grad_norm': '0.0004895', 'learning_rate': '2.88e-05', 'epoch': '2.283'}
[1A
[1A 76%|███████▌  | 792/1041 [1:50:21<33:35,  8.10s/it]
[1A 76%|███████▌  | 793/1041 [1:50:29<33:26,  8.09s/it]
[1A                                                    
{'loss': '5.546e-06', 'grad_norm': '0.0001063', 'learning_rate': '2.858e-05', 'epoch': '2.286'}
[1A
[1A 76%|███████▌  | 793/1041 [1:50:29<33:26,  8.09s/it]
[1A 76%|███████▋  | 794/1041 [1:50:37<33:42,  8.19s/it]
[1A                                                    
{'loss': '2.415e-05', 'grad_norm': '0.001523', 'learning_rate': '2.836e-05', 'epoch': '2.289'}
[1A
[1A 76%|███████▋  | 794/1041 [1:50:37<33:42,  8.19s/it]
[1A 76%|███████▋  | 795/1041 [1:50:46<33:54,  8.27s/it]
[1A                                                    
{'loss': '0.0005601', 'grad_norm': '0.2389', 'learning_rate': '2.814e-05', 'epoch': '2.291'}
[1A
[1A 76%|███████▋  | 795/1041 [1:50:46<33:54,  8.27s/it]
[1A 76%|███████▋  | 796/1041 [1:50:54<33:48,  8.28s/it]
[1A                                                    
{'loss': '1.131e-05', 'grad_norm': '0.0004551', 'learning_rate': '2.793e-05', 'epoch': '2.294'}
[1A
[1A 76%|███████▋  | 796/1041 [1:50:54<33:48,  8.28s/it]
[1A 77%|███████▋  | 797/1041 [1:51:02<33:52,  8.33s/it]
[1A                                                    
{'loss': '5.17e-06', 'grad_norm': '0.0001023', 'learning_rate': '2.771e-05', 'epoch': '2.297'}
[1A
[1A 77%|███████▋  | 797/1041 [1:51:02<33:52,  8.33s/it]
[1A 77%|███████▋  | 798/1041 [1:51:11<33:44,  8.33s/it]
[1A                                                    
{'loss': '9.05e-06', 'grad_norm': '0.0002864', 'learning_rate': '2.75e-05', 'epoch': '2.3'}
[1A
[1A 77%|███████▋  | 798/1041 [1:51:11<33:44,  8.33s/it]
[1A 77%|███████▋  | 799/1041 [1:51:20<34:16,  8.50s/it]
[1A                                                    
{'loss': '0.0001564', 'grad_norm': '0.00461', 'learning_rate': '2.728e-05', 'epoch': '2.303'}
[1A
[1A 77%|███████▋  | 799/1041 [1:51:20<34:16,  8.50s/it]
[1A 77%|███████▋  | 800/1041 [1:51:33<39:59,  9.96s/it]
[1A                                                    
{'loss': '5.922e-06', 'grad_norm': '0.0001151', 'learning_rate': '2.707e-05', 'epoch': '2.306'}
[1A
[1A 77%|███████▋  | 800/1041 [1:51:33<39:59,  9.96s/it]
[1A 77%|███████▋  | 801/1041 [1:51:41<37:59,  9.50s/it]
[1A                                                    
{'loss': '5.835e-06', 'grad_norm': '0.002669', 'learning_rate': '2.686e-05', 'epoch': '2.309'}
[1A
[1A 77%|███████▋  | 801/1041 [1:51:41<37:59,  9.50s/it]
[1A 77%|███████▋  | 802/1041 [1:51:49<35:55,  9.02s/it]
[1A                                                    
{'loss': '4.489e-05', 'grad_norm': '0.001609', 'learning_rate': '2.664e-05', 'epoch': '2.312'}
[1A
[1A 77%|███████▋  | 802/1041 [1:51:49<35:55,  9.02s/it]
[1A 77%|███████▋  | 803/1041 [1:51:57<34:36,  8.73s/it]
[1A                                                    
{'loss': '4.363e-06', 'grad_norm': '9.957e-05', 'learning_rate': '2.643e-05', 'epoch': '2.315'}
[1A
[1A 77%|███████▋  | 803/1041 [1:51:57<34:36,  8.73s/it]
[1A 77%|███████▋  | 804/1041 [1:52:06<34:06,  8.64s/it]
[1A                                                    
{'loss': '4.602e-05', 'grad_norm': '0.001983', 'learning_rate': '2.622e-05', 'epoch': '2.317'}
[1A
[1A 77%|███████▋  | 804/1041 [1:52:06<34:06,  8.64s/it]
[1A 77%|███████▋  | 805/1041 [1:52:14<33:42,  8.57s/it]
[1A                                                    
{'loss': '1.199e-05', 'grad_norm': '0.0002977', 'learning_rate': '2.601e-05', 'epoch': '2.32'}
[1A
[1A 77%|███████▋  | 805/1041 [1:52:14<33:42,  8.57s/it]
[1A 77%|███████▋  | 806/1041 [1:52:23<33:24,  8.53s/it]
[1A                                                    
{'loss': '7.159e-06', 'grad_norm': '0.0001346', 'learning_rate': '2.58e-05', 'epoch': '2.323'}
[1A
[1A 77%|███████▋  | 806/1041 [1:52:23<33:24,  8.53s/it]
[1A 78%|███████▊  | 807/1041 [1:52:31<33:13,  8.52s/it]
[1A                                                    
{'loss': '1.655e-05', 'grad_norm': '0.0002823', 'learning_rate': '2.56e-05', 'epoch': '2.326'}
[1A
[1A 78%|███████▊  | 807/1041 [1:52:31<33:13,  8.52s/it]
[1A 78%|███████▊  | 808/1041 [1:52:39<32:50,  8.46s/it]
[1A                                                    
{'loss': '6.202e-06', 'grad_norm': '0.0001404', 'learning_rate': '2.539e-05', 'epoch': '2.329'}
[1A
[1A 78%|███████▊  | 808/1041 [1:52:39<32:50,  8.46s/it]
[1A 78%|███████▊  | 809/1041 [1:52:48<32:18,  8.35s/it]
[1A                                                    
{'loss': '5.986e-05', 'grad_norm': '0.003015', 'learning_rate': '2.518e-05', 'epoch': '2.332'}
[1A
[1A 78%|███████▊  | 809/1041 [1:52:48<32:18,  8.35s/it]
[1A 78%|███████▊  | 810/1041 [1:52:56<32:03,  8.33s/it]
[1A                                                    
{'loss': '7.91e-06', 'grad_norm': '0.0003404', 'learning_rate': '2.497e-05', 'epoch': '2.335'}
[1A
[1A 78%|███████▊  | 810/1041 [1:52:56<32:03,  8.33s/it]
[1A 78%|███████▊  | 811/1041 [1:53:04<31:40,  8.26s/it]
[1A                                                    
{'loss': '8.724e-06', 'grad_norm': '0.000197', 'learning_rate': '2.477e-05', 'epoch': '2.338'}
[1A
[1A 78%|███████▊  | 811/1041 [1:53:04<31:40,  8.26s/it]
[1A 78%|███████▊  | 812/1041 [1:53:12<31:18,  8.20s/it]
[1A                                                    
{'loss': '1.345e-05', 'grad_norm': '0.0004245', 'learning_rate': '2.456e-05', 'epoch': '2.341'}
[1A
[1A 78%|███████▊  | 812/1041 [1:53:12<31:18,  8.20s/it]
[1A 78%|███████▊  | 813/1041 [1:53:20<30:44,  8.09s/it]
[1A                                                    
{'loss': '2.261e-06', 'grad_norm': '5.866e-05', 'learning_rate': '2.436e-05', 'epoch': '2.343'}
[1A
[1A 78%|███████▊  | 813/1041 [1:53:20<30:44,  8.09s/it]
[1A 78%|███████▊  | 814/1041 [1:53:28<31:08,  8.23s/it]
[1A                                                    
{'loss': '6.86e-06', 'grad_norm': '0.0001939', 'learning_rate': '2.416e-05', 'epoch': '2.346'}
[1A
[1A 78%|███████▊  | 814/1041 [1:53:28<31:08,  8.23s/it]
[1A 78%|███████▊  | 815/1041 [1:53:37<30:59,  8.23s/it]
[1A                                                    
{'loss': '5.15e-06', 'grad_norm': '0.0001204', 'learning_rate': '2.395e-05', 'epoch': '2.349'}
[1A
[1A 78%|███████▊  | 815/1041 [1:53:37<30:59,  8.23s/it]
[1A 78%|███████▊  | 816/1041 [1:53:45<31:04,  8.29s/it]
[1A                                                    
{'loss': '3.313e-06', 'grad_norm': '5.133e-05', 'learning_rate': '2.375e-05', 'epoch': '2.352'}
[1A
[1A 78%|███████▊  | 816/1041 [1:53:45<31:04,  8.29s/it]
[1A 78%|███████▊  | 817/1041 [1:53:54<31:09,  8.34s/it]
[1A                                                    
{'loss': '1.669e-05', 'grad_norm': '0.0004766', 'learning_rate': '2.355e-05', 'epoch': '2.355'}
[1A
[1A 78%|███████▊  | 817/1041 [1:53:54<31:09,  8.34s/it]
[1A 79%|███████▊  | 818/1041 [1:54:02<30:59,  8.34s/it]
[1A                                                    
{'loss': '4.215e-06', 'grad_norm': '0.0001719', 'learning_rate': '2.335e-05', 'epoch': '2.358'}
[1A
[1A 79%|███████▊  | 818/1041 [1:54:02<30:59,  8.34s/it]
[1A 79%|███████▊  | 819/1041 [1:54:10<30:58,  8.37s/it]
[1A                                                    
{'loss': '3.917e-06', 'grad_norm': '0.0001008', 'learning_rate': '2.315e-05', 'epoch': '2.361'}
[1A
[1A 79%|███████▊  | 819/1041 [1:54:10<30:58,  8.37s/it]
[1A 79%|███████▉  | 820/1041 [1:54:19<30:45,  8.35s/it]
[1A                                                    
{'loss': '2.754e-06', 'grad_norm': '0.0003172', 'learning_rate': '2.295e-05', 'epoch': '2.364'}
[1A
[1A 79%|███████▉  | 820/1041 [1:54:19<30:45,  8.35s/it]
[1A 79%|███████▉  | 821/1041 [1:54:27<30:22,  8.29s/it]
[1A                                                    
{'loss': '3.076e-06', 'grad_norm': '7.431e-05', 'learning_rate': '2.275e-05', 'epoch': '2.367'}
[1A
[1A 79%|███████▉  | 821/1041 [1:54:27<30:22,  8.29s/it]
[1A 79%|███████▉  | 822/1041 [1:54:35<30:11,  8.27s/it]
[1A                                                    
{'loss': '6.764e-06', 'grad_norm': '0.0001391', 'learning_rate': '2.256e-05', 'epoch': '2.369'}
[1A
[1A 79%|███████▉  | 822/1041 [1:54:35<30:11,  8.27s/it]
[1A 79%|███████▉  | 823/1041 [1:54:43<30:05,  8.28s/it]
[1A                                                    
{'loss': '4.932e-06', 'grad_norm': '0.000143', 'learning_rate': '2.236e-05', 'epoch': '2.372'}
[1A
[1A 79%|███████▉  | 823/1041 [1:54:43<30:05,  8.28s/it]
[1A 79%|███████▉  | 824/1041 [1:54:52<30:17,  8.37s/it]
[1A                                                    
{'loss': '4.294e-06', 'grad_norm': '7.983e-05', 'learning_rate': '2.216e-05', 'epoch': '2.375'}
[1A
[1A 79%|███████▉  | 824/1041 [1:54:52<30:17,  8.37s/it]
[1A 79%|███████▉  | 825/1041 [1:55:00<30:12,  8.39s/it]
[1A                                                    
{'loss': '0.00061', 'grad_norm': '0.03809', 'learning_rate': '2.197e-05', 'epoch': '2.378'}
[1A
[1A 79%|███████▉  | 825/1041 [1:55:00<30:12,  8.39s/it]
[1A 79%|███████▉  | 826/1041 [1:55:09<29:57,  8.36s/it]
[1A                                                    
{'loss': '4.888e-06', 'grad_norm': '7.8e-05', 'learning_rate': '2.178e-05', 'epoch': '2.381'}
[1A
[1A 79%|███████▉  | 826/1041 [1:55:09<29:57,  8.36s/it]
[1A 79%|███████▉  | 827/1041 [1:55:17<29:29,  8.27s/it]
[1A                                                    
{'loss': '4.006e-06', 'grad_norm': '0.0001125', 'learning_rate': '2.158e-05', 'epoch': '2.384'}
[1A
[1A 79%|███████▉  | 827/1041 [1:55:17<29:29,  8.27s/it]
[1A 80%|███████▉  | 828/1041 [1:55:25<29:27,  8.30s/it]
[1A                                                    
{'loss': '2.846e-05', 'grad_norm': '0.0006726', 'learning_rate': '2.139e-05', 'epoch': '2.387'}
[1A
[1A 80%|███████▉  | 828/1041 [1:55:25<29:27,  8.30s/it]
[1A 80%|███████▉  | 829/1041 [1:55:33<29:21,  8.31s/it]
[1A                                                    
{'loss': '6.886e-06', 'grad_norm': '0.0002688', 'learning_rate': '2.12e-05', 'epoch': '2.39'}
[1A
[1A 80%|███████▉  | 829/1041 [1:55:33<29:21,  8.31s/it]
[1A 80%|███████▉  | 830/1041 [1:55:42<29:14,  8.31s/it]
[1A                                                    
{'loss': '2.035e-05', 'grad_norm': '0.0009588', 'learning_rate': '2.101e-05', 'epoch': '2.392'}
[1A
[1A 80%|███████▉  | 830/1041 [1:55:42<29:14,  8.31s/it]
[1A 80%|███████▉  | 831/1041 [1:55:50<29:15,  8.36s/it]
[1A                                                    
{'loss': '4.182e-06', 'grad_norm': '7.266e-05', 'learning_rate': '2.081e-05', 'epoch': '2.395'}
[1A
[1A 80%|███████▉  | 831/1041 [1:55:50<29:15,  8.36s/it]
[1A 80%|███████▉  | 832/1041 [1:55:58<29:03,  8.34s/it]
[1A                                                    
{'loss': '5.667e-06', 'grad_norm': '0.0001054', 'learning_rate': '2.063e-05', 'epoch': '2.398'}
[1A
[1A 80%|███████▉  | 832/1041 [1:55:58<29:03,  8.34s/it]
[1A 80%|████████  | 833/1041 [1:56:07<28:39,  8.27s/it]
[1A                                                    
{'loss': '2.01e-06', 'grad_norm': '5.685e-05', 'learning_rate': '2.044e-05', 'epoch': '2.401'}
[1A
[1A 80%|████████  | 833/1041 [1:56:07<28:39,  8.27s/it]
[1A 80%|████████  | 834/1041 [1:56:15<28:21,  8.22s/it]
[1A                                                    
{'loss': '8.248e-06', 'grad_norm': '0.0002685', 'learning_rate': '2.025e-05', 'epoch': '2.404'}
[1A
[1A 80%|████████  | 834/1041 [1:56:15<28:21,  8.22s/it]
[1A 80%|████████  | 835/1041 [1:56:23<27:57,  8.14s/it]
[1A                                                    
{'loss': '1.156e-05', 'grad_norm': '0.000521', 'learning_rate': '2.006e-05', 'epoch': '2.407'}
[1A
[1A 80%|████████  | 835/1041 [1:56:23<27:57,  8.14s/it]
[1A 80%|████████  | 836/1041 [1:56:31<28:10,  8.25s/it]
[1A                                                    
{'loss': '3.462e-05', 'grad_norm': '0.001762', 'learning_rate': '1.987e-05', 'epoch': '2.41'}
[1A
[1A 80%|████████  | 836/1041 [1:56:31<28:10,  8.25s/it]
[1A 80%|████████  | 837/1041 [1:56:39<28:04,  8.26s/it]
[1A                                                    
{'loss': '3.05e-05', 'grad_norm': '0.001342', 'learning_rate': '1.969e-05', 'epoch': '2.413'}
[1A
[1A 80%|████████  | 837/1041 [1:56:39<28:04,  8.26s/it]
[1A 80%|████████  | 838/1041 [1:56:48<27:49,  8.22s/it]
[1A                                                    
{'loss': '4.095e-06', 'grad_norm': '8.96e-05', 'learning_rate': '1.95e-05', 'epoch': '2.416'}
[1A
[1A 80%|████████  | 838/1041 [1:56:48<27:49,  8.22s/it]
[1A 81%|████████  | 839/1041 [1:56:56<27:56,  8.30s/it]
[1A                                                    
{'loss': '1.219e-05', 'grad_norm': '0.0002438', 'learning_rate': '1.932e-05', 'epoch': '2.418'}
[1A
[1A 81%|████████  | 839/1041 [1:56:56<27:56,  8.30s/it]
[1A 81%|████████  | 840/1041 [1:57:04<27:49,  8.31s/it]
[1A                                                    
{'loss': '1.474e-05', 'grad_norm': '0.001512', 'learning_rate': '1.913e-05', 'epoch': '2.421'}
[1A
[1A 81%|████████  | 840/1041 [1:57:04<27:49,  8.31s/it]
[1A 81%|████████  | 841/1041 [1:57:13<27:50,  8.35s/it]
[1A                                                    
{'loss': '2.571e-06', 'grad_norm': '6.254e-05', 'learning_rate': '1.895e-05', 'epoch': '2.424'}
[1A
[1A 81%|████████  | 841/1041 [1:57:13<27:50,  8.35s/it]
[1A 81%|████████  | 842/1041 [1:57:21<28:01,  8.45s/it]
[1A                                                    
{'loss': '8.929e-06', 'grad_norm': '0.0002061', 'learning_rate': '1.877e-05', 'epoch': '2.427'}
[1A
[1A 81%|████████  | 842/1041 [1:57:21<28:01,  8.45s/it]
[1A 81%|████████  | 843/1041 [1:57:30<27:46,  8.41s/it]
[1A                                                    
{'loss': '2.883e-06', 'grad_norm': '4.522e-05', 'learning_rate': '1.859e-05', 'epoch': '2.43'}
[1A
[1A 81%|████████  | 843/1041 [1:57:30<27:46,  8.41s/it]
[1A 81%|████████  | 844/1041 [1:57:38<27:32,  8.39s/it]
[1A                                                    
{'loss': '4.301e-06', 'grad_norm': '6.715e-05', 'learning_rate': '1.841e-05', 'epoch': '2.433'}
[1A
[1A 81%|████████  | 844/1041 [1:57:38<27:32,  8.39s/it]
[1A 81%|████████  | 845/1041 [1:57:46<27:08,  8.31s/it]
[1A                                                    
{'loss': '7.15e-06', 'grad_norm': '0.0001305', 'learning_rate': '1.823e-05', 'epoch': '2.436'}
[1A
[1A 81%|████████  | 845/1041 [1:57:46<27:08,  8.31s/it]
[1A 81%|████████▏ | 846/1041 [1:57:55<27:17,  8.40s/it]
[1A                                                    
{'loss': '1.338e-05', 'grad_norm': '0.0004278', 'learning_rate': '1.805e-05', 'epoch': '2.439'}
[1A
[1A 81%|████████▏ | 846/1041 [1:57:55<27:17,  8.40s/it]
[1A 81%|████████▏ | 847/1041 [1:58:03<27:05,  8.38s/it]                                                    
[1A
{'loss': '3.122e-06', 'grad_norm': '6.225e-05', 'learning_rate': '1.787e-05', 'epoch': '2.442'}
[1A 81%|████████▏ | 847/1041 [1:58:03<27:05,  8.38s/it]
[1A 81%|████████▏ | 848/1041 [1:58:11<26:32,  8.25s/it]
[1A                                                    
{'loss': '1.126e-05', 'grad_norm': '0.0002075', 'learning_rate': '1.769e-05', 'epoch': '2.444'}
[1A
[1A 81%|████████▏ | 848/1041 [1:58:11<26:32,  8.25s/it]
[1A 82%|████████▏ | 849/1041 [1:58:19<26:25,  8.26s/it]
[1A                                                    
{'loss': '3.089e-06', 'grad_norm': '5.797e-05', 'learning_rate': '1.752e-05', 'epoch': '2.447'}
[1A
[1A 82%|████████▏ | 849/1041 [1:58:19<26:25,  8.26s/it]
[1A 82%|████████▏ | 850/1041 [1:58:28<26:19,  8.27s/it]
[1A                                                    
{'loss': '6.187e-06', 'grad_norm': '0.0001421', 'learning_rate': '1.734e-05', 'epoch': '2.45'}
[1A
[1A 82%|████████▏ | 850/1041 [1:58:28<26:19,  8.27s/it]
[1A 82%|████████▏ | 851/1041 [1:58:36<26:13,  8.28s/it]
[1A                                                    
{'loss': '5.286e-06', 'grad_norm': '0.0002739', 'learning_rate': '1.717e-05', 'epoch': '2.453'}
[1A
[1A 82%|████████▏ | 851/1041 [1:58:36<26:13,  8.28s/it]
[1A 82%|████████▏ | 852/1041 [1:58:44<25:55,  8.23s/it]
[1A                                                    
{'loss': '2.283e-06', 'grad_norm': '3.813e-05', 'learning_rate': '1.699e-05', 'epoch': '2.456'}
[1A
[1A 82%|████████▏ | 852/1041 [1:58:44<25:55,  8.23s/it]
[1A 82%|████████▏ | 853/1041 [1:58:53<26:01,  8.30s/it]
[1A                                                    
{'loss': '3.93e-06', 'grad_norm': '0.0001027', 'learning_rate': '1.682e-05', 'epoch': '2.459'}
[1A
[1A 82%|████████▏ | 853/1041 [1:58:53<26:01,  8.30s/it]
[1A 82%|████████▏ | 854/1041 [1:59:01<26:08,  8.39s/it]
[1A                                                    
{'loss': '4.38e-06', 'grad_norm': '7.345e-05', 'learning_rate': '1.665e-05', 'epoch': '2.462'}
[1A
[1A 82%|████████▏ | 854/1041 [1:59:01<26:08,  8.39s/it]
[1A 82%|████████▏ | 855/1041 [1:59:09<25:42,  8.30s/it]
[1A                                                    
{'loss': '3.814e-06', 'grad_norm': '8.715e-05', 'learning_rate': '1.648e-05', 'epoch': '2.465'}
[1A
[1A 82%|████████▏ | 855/1041 [1:59:09<25:42,  8.30s/it]
[1A 82%|████████▏ | 856/1041 [1:59:18<25:45,  8.35s/it]
[1A                                                    
{'loss': '2.977e-06', 'grad_norm': '5.386e-05', 'learning_rate': '1.631e-05', 'epoch': '2.468'}
[1A
[1A 82%|████████▏ | 856/1041 [1:59:18<25:45,  8.35s/it]
[1A 82%|████████▏ | 857/1041 [1:59:26<25:32,  8.33s/it]
[1A                                                    
{'loss': '3.05e-06', 'grad_norm': '9.509e-05', 'learning_rate': '1.614e-05', 'epoch': '2.47'}
[1A
[1A 82%|████████▏ | 857/1041 [1:59:26<25:32,  8.33s/it]
[1A 82%|████████▏ | 858/1041 [1:59:34<25:19,  8.30s/it]
[1A                                                    
{'loss': '0.001701', 'grad_norm': '0.1945', 'learning_rate': '1.597e-05', 'epoch': '2.473'}
[1A
[1A 82%|████████▏ | 858/1041 [1:59:34<25:19,  8.30s/it]
[1A 83%|████████▎ | 859/1041 [1:59:43<25:13,  8.31s/it]
[1A                                                    
{'loss': '0.0003053', 'grad_norm': '0.008222', 'learning_rate': '1.58e-05', 'epoch': '2.476'}
[1A
[1A 83%|████████▎ | 859/1041 [1:59:43<25:13,  8.31s/it]
[1A 83%|████████▎ | 860/1041 [1:59:51<25:10,  8.34s/it]
[1A                                                    
{'loss': '5.53e-06', 'grad_norm': '0.0002369', 'learning_rate': '1.563e-05', 'epoch': '2.479'}
[1A
[1A 83%|████████▎ | 860/1041 [1:59:51<25:10,  8.34s/it]
[1A 83%|████████▎ | 861/1041 [1:59:59<25:07,  8.38s/it]
[1A                                                    
{'loss': '5.279e-06', 'grad_norm': '8.156e-05', 'learning_rate': '1.546e-05', 'epoch': '2.482'}
[1A
[1A 83%|████████▎ | 861/1041 [1:59:59<25:07,  8.38s/it]
[1A 83%|████████▎ | 862/1041 [2:00:08<24:57,  8.37s/it]
[1A                                                    
{'loss': '2.5e-05', 'grad_norm': '0.0009047', 'learning_rate': '1.53e-05', 'epoch': '2.485'}
[1A
[1A 83%|████████▎ | 862/1041 [2:00:08<24:57,  8.37s/it]
[1A 83%|████████▎ | 863/1041 [2:00:16<24:47,  8.36s/it]
[1A                                                    
{'loss': '4.665e-06', 'grad_norm': '7.089e-05', 'learning_rate': '1.513e-05', 'epoch': '2.488'}
[1A
[1A 83%|████████▎ | 863/1041 [2:00:16<24:47,  8.36s/it]
[1A 83%|████████▎ | 864/1041 [2:00:25<24:39,  8.36s/it]
[1A                                                    
{'loss': '4.844e-06', 'grad_norm': '0.0002358', 'learning_rate': '1.497e-05', 'epoch': '2.491'}
[1A
[1A 83%|████████▎ | 864/1041 [2:00:25<24:39,  8.36s/it]
[1A 83%|████████▎ | 865/1041 [2:00:33<24:16,  8.28s/it]
[1A                                                    
{'loss': '4.048e-06', 'grad_norm': '9.763e-05', 'learning_rate': '1.481e-05', 'epoch': '2.494'}
[1A
[1A 83%|████████▎ | 865/1041 [2:00:33<24:16,  8.28s/it]
[1A 83%|████████▎ | 866/1041 [2:00:41<24:12,  8.30s/it]
[1A                                                    
{'loss': '3.518e-06', 'grad_norm': '5.745e-05', 'learning_rate': '1.464e-05', 'epoch': '2.496'}
[1A
[1A 83%|████████▎ | 866/1041 [2:00:41<24:12,  8.30s/it]
[1A 83%|████████▎ | 867/1041 [2:00:49<24:04,  8.30s/it]
[1A                                                    
{'loss': '5.014e-06', 'grad_norm': '7.808e-05', 'learning_rate': '1.448e-05', 'epoch': '2.499'}
[1A
[1A 83%|████████▎ | 867/1041 [2:00:49<24:04,  8.30s/it]
[1A 83%|████████▎ | 868/1041 [2:00:58<24:08,  8.37s/it]
[1A                                                    
{'loss': '3.664e-06', 'grad_norm': '6.926e-05', 'learning_rate': '1.432e-05', 'epoch': '2.502'}
[1A
[1A 83%|████████▎ | 868/1041 [2:00:58<24:08,  8.37s/it]
[1A 83%|████████▎ | 869/1041 [2:01:06<23:56,  8.35s/it]
[1A                                                    
{'loss': '4.595e-06', 'grad_norm': '7.575e-05', 'learning_rate': '1.416e-05', 'epoch': '2.505'}
[1A
[1A 83%|████████▎ | 869/1041 [2:01:06<23:56,  8.35s/it]
[1A 84%|████████▎ | 870/1041 [2:01:15<23:55,  8.40s/it]                                                    
{'loss': '4.078e-06', 'grad_norm': '6.783e-05', 'learning_rate': '1.4e-05', 'epoch': '2.508'}
[1A
[1A 84%|████████▎ | 870/1041 [2:01:15<23:55,  8.40s/it]
[1A 84%|████████▎ | 871/1041 [2:01:23<23:42,  8.37s/it]
[1A                                                    
{'loss': '4.081e-06', 'grad_norm': '6.488e-05', 'learning_rate': '1.384e-05', 'epoch': '2.511'}
[1A
[1A 84%|████████▎ | 871/1041 [2:01:23<23:42,  8.37s/it]
[1A 84%|████████▍ | 872/1041 [2:01:31<23:20,  8.29s/it]
[1A                                                    
{'loss': '2.079e-06', 'grad_norm': '4.106e-05', 'learning_rate': '1.368e-05', 'epoch': '2.514'}
[1A
[1A 84%|████████▍ | 872/1041 [2:01:31<23:20,  8.29s/it]
[1A 84%|████████▍ | 873/1041 [2:01:39<23:19,  8.33s/it]
[1A                                                    
{'loss': '6.511e-06', 'grad_norm': '0.0001519', 'learning_rate': '1.353e-05', 'epoch': '2.517'}
[1A
[1A 84%|████████▍ | 873/1041 [2:01:39<23:19,  8.33s/it]
[1A 84%|████████▍ | 874/1041 [2:01:48<23:01,  8.27s/it]
[1A                                                    
{'loss': '5.035e-06', 'grad_norm': '8.111e-05', 'learning_rate': '1.337e-05', 'epoch': '2.519'}
[1A
[1A 84%|████████▍ | 874/1041 [2:01:48<23:01,  8.27s/it]
[1A 84%|████████▍ | 875/1041 [2:01:56<23:04,  8.34s/it]
[1A                                                    
{'loss': '4.757e-06', 'grad_norm': '0.0001011', 'learning_rate': '1.322e-05', 'epoch': '2.522'}
[1A
[1A 84%|████████▍ | 875/1041 [2:01:56<23:04,  8.34s/it]
[1A 84%|████████▍ | 876/1041 [2:02:04<22:50,  8.31s/it]
[1A                                                    
{'loss': '9.001e-06', 'grad_norm': '0.0002436', 'learning_rate': '1.306e-05', 'epoch': '2.525'}
[1A
[1A 84%|████████▍ | 876/1041 [2:02:04<22:50,  8.31s/it]
[1A 84%|████████▍ | 877/1041 [2:02:13<22:58,  8.40s/it]
[1A                                                    
{'loss': '1.58e-05', 'grad_norm': '0.0003925', 'learning_rate': '1.291e-05', 'epoch': '2.528'}
[1A
[1A 84%|████████▍ | 877/1041 [2:02:13<22:58,  8.40s/it]
[1A 84%|████████▍ | 878/1041 [2:02:21<22:29,  8.28s/it]
[1A                                                    
{'loss': '2.296e-06', 'grad_norm': '3.784e-05', 'learning_rate': '1.276e-05', 'epoch': '2.531'}
[1A
[1A 84%|████████▍ | 878/1041 [2:02:21<22:29,  8.28s/it]
[1A 84%|████████▍ | 879/1041 [2:02:29<22:29,  8.33s/it]
[1A                                                    
{'loss': '3.799e-06', 'grad_norm': '7.264e-05', 'learning_rate': '1.26e-05', 'epoch': '2.534'}
[1A
[1A 84%|████████▍ | 879/1041 [2:02:29<22:29,  8.33s/it]
[1A 85%|████████▍ | 880/1041 [2:02:38<22:27,  8.37s/it]
[1A                                                    
{'loss': '1.958e-05', 'grad_norm': '0.001194', 'learning_rate': '1.245e-05', 'epoch': '2.537'}
[1A
[1A 85%|████████▍ | 880/1041 [2:02:38<22:27,  8.37s/it]
[1A 85%|████████▍ | 881/1041 [2:02:46<22:13,  8.34s/it]
[1A                                                    
{'loss': '5.078e-06', 'grad_norm': '8.691e-05', 'learning_rate': '1.23e-05', 'epoch': '2.54'}
[1A
[1A 85%|████████▍ | 881/1041 [2:02:46<22:13,  8.34s/it]
[1A 85%|████████▍ | 882/1041 [2:02:55<22:17,  8.41s/it]
[1A                                                    
{'loss': '3.356e-06', 'grad_norm': '6.403e-05', 'learning_rate': '1.215e-05', 'epoch': '2.543'}
[1A
[1A 85%|████████▍ | 882/1041 [2:02:55<22:17,  8.41s/it]
[1A 85%|████████▍ | 883/1041 [2:03:03<22:05,  8.39s/it]
[1A                                                    
{'loss': '2.912e-06', 'grad_norm': '4.91e-05', 'learning_rate': '1.201e-05', 'epoch': '2.545'}
[1A
[1A 85%|████████▍ | 883/1041 [2:03:03<22:05,  8.39s/it]
[1A 85%|████████▍ | 884/1041 [2:03:11<21:53,  8.37s/it]
[1A                                                    
{'loss': '4.834e-06', 'grad_norm': '7.902e-05', 'learning_rate': '1.186e-05', 'epoch': '2.548'}
[1A
[1A 85%|████████▍ | 884/1041 [2:03:11<21:53,  8.37s/it]
[1A 85%|████████▌ | 885/1041 [2:03:20<21:47,  8.38s/it]
[1A                                                    
{'loss': '8.443e-05', 'grad_norm': '0.004527', 'learning_rate': '1.171e-05', 'epoch': '2.551'}
[1A
[1A 85%|████████▌ | 885/1041 [2:03:20<21:47,  8.38s/it]
[1A 85%|████████▌ | 886/1041 [2:03:28<21:43,  8.41s/it]
[1A                                                    
{'loss': '4.988e-06', 'grad_norm': '0.0001108', 'learning_rate': '1.157e-05', 'epoch': '2.554'}
[1A
[1A 85%|████████▌ | 886/1041 [2:03:28<21:43,  8.41s/it]
[1A 85%|████████▌ | 887/1041 [2:03:36<21:21,  8.32s/it]
[1A                                                    
{'loss': '1.747e-05', 'grad_norm': '0.0003611', 'learning_rate': '1.142e-05', 'epoch': '2.557'}
[1A
[1A 85%|████████▌ | 887/1041 [2:03:36<21:21,  8.32s/it]
[1A 85%|████████▌ | 888/1041 [2:03:45<21:19,  8.36s/it]
[1A                                                    
{'loss': '1.121e-05', 'grad_norm': '0.0002818', 'learning_rate': '1.128e-05', 'epoch': '2.56'}
[1A
[1A 85%|████████▌ | 888/1041 [2:03:45<21:19,  8.36s/it]
[1A 85%|████████▌ | 889/1041 [2:03:53<21:11,  8.36s/it]
[1A                                                    
[1A
{'loss': '6.894e-06', 'grad_norm': '0.000131', 'learning_rate': '1.113e-05', 'epoch': '2.563'}
[1A 85%|████████▌ | 889/1041 [2:03:53<21:11,  8.36s/it]
[1A 85%|████████▌ | 890/1041 [2:04:01<20:57,  8.32s/it]
[1A                                                    
{'loss': '3.805e-06', 'grad_norm': '8.413e-05', 'learning_rate': '1.099e-05', 'epoch': '2.566'}
[1A
[1A 85%|████████▌ | 890/1041 [2:04:01<20:57,  8.32s/it]
[1A 86%|████████▌ | 891/1041 [2:04:10<20:45,  8.31s/it]
[1A                                                    
{'loss': '6.373e-06', 'grad_norm': '0.0001263', 'learning_rate': '1.085e-05', 'epoch': '2.569'}
[1A
[1A 86%|████████▌ | 891/1041 [2:04:10<20:45,  8.31s/it]
[1A 86%|████████▌ | 892/1041 [2:04:18<20:44,  8.35s/it]
[1A                                                    
{'loss': '3.279e-06', 'grad_norm': '5.434e-05', 'learning_rate': '1.071e-05', 'epoch': '2.571'}
[1A
[1A 86%|████████▌ | 892/1041 [2:04:18<20:44,  8.35s/it]
[1A 86%|████████▌ | 893/1041 [2:04:26<20:37,  8.36s/it]
[1A                                                    
{'loss': '5.993e-06', 'grad_norm': '0.0001215', 'learning_rate': '1.057e-05', 'epoch': '2.574'}
[1A
[1A 86%|████████▌ | 893/1041 [2:04:26<20:37,  8.36s/it]
[1A 86%|████████▌ | 894/1041 [2:04:35<20:39,  8.43s/it]
[1A                                                    
{'loss': '9.594e-06', 'grad_norm': '0.0002151', 'learning_rate': '1.043e-05', 'epoch': '2.577'}
[1A
[1A 86%|████████▌ | 894/1041 [2:04:35<20:39,  8.43s/it]
[1A 86%|████████▌ | 895/1041 [2:04:43<20:07,  8.27s/it]
[1A                                                    
{'loss': '3.846e-06', 'grad_norm': '0.0001553', 'learning_rate': '1.029e-05', 'epoch': '2.58'}
[1A
[1A 86%|████████▌ | 895/1041 [2:04:43<20:07,  8.27s/it]
[1A 86%|████████▌ | 896/1041 [2:04:51<19:47,  8.19s/it]
[1A                                                    
{'loss': '1.369e-05', 'grad_norm': '0.0003218', 'learning_rate': '1.016e-05', 'epoch': '2.583'}
[1A
[1A 86%|████████▌ | 896/1041 [2:04:51<19:47,  8.19s/it]
[1A 86%|████████▌ | 897/1041 [2:05:00<19:56,  8.31s/it]
[1A                                                    
{'loss': '4.619e-06', 'grad_norm': '0.0001069', 'learning_rate': '1.002e-05', 'epoch': '2.586'}
[1A
[1A 86%|████████▌ | 897/1041 [2:05:00<19:56,  8.31s/it]
[1A 86%|████████▋ | 898/1041 [2:05:08<19:48,  8.31s/it]
[1A                                                    
{'loss': '6.068e-06', 'grad_norm': '0.000242', 'learning_rate': '9.884e-06', 'epoch': '2.589'}
[1A
[1A 86%|████████▋ | 898/1041 [2:05:08<19:48,  8.31s/it]
[1A 86%|████████▋ | 899/1041 [2:05:16<19:25,  8.21s/it]
[1A                                                    
{'loss': '0.0001292', 'grad_norm': '0.006854', 'learning_rate': '9.749e-06', 'epoch': '2.592'}
[1A
[1A 86%|████████▋ | 899/1041 [2:05:16<19:25,  8.21s/it]
[1A 86%|████████▋ | 900/1041 [2:05:29<22:32,  9.59s/it]
[1A                                                    
{'loss': '4.339e-05', 'grad_norm': '0.001113', 'learning_rate': '9.616e-06', 'epoch': '2.595'}
[1A
[1A 86%|████████▋ | 900/1041 [2:05:29<22:32,  9.59s/it]
[1A 87%|████████▋ | 901/1041 [2:05:37<21:20,  9.15s/it]
[1A                                                    
{'loss': '2.579e-05', 'grad_norm': '0.0007245', 'learning_rate': '9.483e-06', 'epoch': '2.597'}
[1A
[1A 87%|████████▋ | 901/1041 [2:05:37<21:20,  9.15s/it]
[1A 87%|████████▋ | 902/1041 [2:05:45<20:41,  8.93s/it]
[1A                                                    
{'loss': '2.348e-05', 'grad_norm': '0.0008814', 'learning_rate': '9.351e-06', 'epoch': '2.6'}
[1A
[1A 87%|████████▋ | 902/1041 [2:05:45<20:41,  8.93s/it]
[1A 87%|████████▋ | 903/1041 [2:05:54<20:21,  8.85s/it]
[1A                                                    
{'loss': '3.307e-06', 'grad_norm': '0.0001656', 'learning_rate': '9.22e-06', 'epoch': '2.603'}
[1A
[1A 87%|████████▋ | 903/1041 [2:05:54<20:21,  8.85s/it]
[1A 87%|████████▋ | 904/1041 [2:06:02<19:52,  8.70s/it]
[1A                                                    
{'loss': '4.443e-06', 'grad_norm': '9.024e-05', 'learning_rate': '9.09e-06', 'epoch': '2.606'}
[1A
[1A 87%|████████▋ | 904/1041 [2:06:02<19:52,  8.70s/it]
[1A 87%|████████▋ | 905/1041 [2:06:10<19:24,  8.56s/it]
[1A                                                    
{'loss': '5.091e-05', 'grad_norm': '0.001984', 'learning_rate': '8.961e-06', 'epoch': '2.609'}
[1A
[1A 87%|████████▋ | 905/1041 [2:06:10<19:24,  8.56s/it]
[1A 87%|████████▋ | 906/1041 [2:06:19<19:11,  8.53s/it]
[1A                                                    
{'loss': '1.061e-05', 'grad_norm': '0.0002408', 'learning_rate': '8.832e-06', 'epoch': '2.612'}
[1A
[1A 87%|████████▋ | 906/1041 [2:06:19<19:11,  8.53s/it]
[1A 87%|████████▋ | 907/1041 [2:06:27<18:53,  8.46s/it]
[1A                                                    
{'loss': '5.592e-06', 'grad_norm': '0.0002468', 'learning_rate': '8.705e-06', 'epoch': '2.615'}
[1A
[1A 87%|████████▋ | 907/1041 [2:06:27<18:53,  8.46s/it]
[1A 87%|████████▋ | 908/1041 [2:06:35<18:36,  8.40s/it]
[1A                                                    
{'loss': '3.827e-06', 'grad_norm': '6.67e-05', 'learning_rate': '8.578e-06', 'epoch': '2.618'}
[1A
[1A 87%|████████▋ | 908/1041 [2:06:35<18:36,  8.40s/it]
[1A 87%|████████▋ | 909/1041 [2:06:44<18:30,  8.41s/it]
[1A                                                    
{'loss': '5.123e-06', 'grad_norm': '7.83e-05', 'learning_rate': '8.452e-06', 'epoch': '2.62'}
[1A
[1A 87%|████████▋ | 909/1041 [2:06:44<18:30,  8.41s/it]
[1A 87%|████████▋ | 910/1041 [2:06:52<18:22,  8.42s/it]
[1A                                                    
{'loss': '2.909e-05', 'grad_norm': '0.001406', 'learning_rate': '8.327e-06', 'epoch': '2.623'}
[1A
[1A 87%|████████▋ | 910/1041 [2:06:52<18:22,  8.42s/it]
[1A 88%|████████▊ | 911/1041 [2:07:01<18:16,  8.44s/it]
[1A                                                    
{'loss': '3.676e-06', 'grad_norm': '7.796e-05', 'learning_rate': '8.204e-06', 'epoch': '2.626'}
[1A
[1A 88%|████████▊ | 911/1041 [2:07:01<18:16,  8.44s/it]
[1A 88%|████████▊ | 912/1041 [2:07:09<18:07,  8.43s/it]
[1A                                                    
{'loss': '1.36e-05', 'grad_norm': '0.0004921', 'learning_rate': '8.08e-06', 'epoch': '2.629'}
[1A
[1A 88%|████████▊ | 912/1041 [2:07:09<18:07,  8.43s/it]
[1A 88%|████████▊ | 913/1041 [2:07:18<17:59,  8.44s/it]
[1A                                                    
{'loss': '3.223e-06', 'grad_norm': '5.251e-05', 'learning_rate': '7.958e-06', 'epoch': '2.632'}
[1A
[1A 88%|████████▊ | 913/1041 [2:07:18<17:59,  8.44s/it]
[1A 88%|████████▊ | 914/1041 [2:07:26<17:51,  8.44s/it]
[1A                                                    
{'loss': '3.838e-05', 'grad_norm': '0.002569', 'learning_rate': '7.837e-06', 'epoch': '2.635'}
[1A
[1A 88%|████████▊ | 914/1041 [2:07:26<17:51,  8.44s/it]
[1A 88%|████████▊ | 915/1041 [2:07:34<17:38,  8.40s/it]
[1A                                                    
{'loss': '3.663e-06', 'grad_norm': '6.843e-05', 'learning_rate': '7.717e-06', 'epoch': '2.638'}
[1A
[1A 88%|████████▊ | 915/1041 [2:07:34<17:38,  8.40s/it]
[1A 88%|████████▊ | 916/1041 [2:07:43<17:27,  8.38s/it]
[1A                                                    
{'loss': '3.573e-05', 'grad_norm': '0.0009157', 'learning_rate': '7.597e-06', 'epoch': '2.641'}
[1A
[1A 88%|████████▊ | 916/1041 [2:07:43<17:27,  8.38s/it]
[1A 88%|████████▊ | 917/1041 [2:07:51<17:16,  8.36s/it]
[1A                                                    
{'loss': '1.614e-05', 'grad_norm': '0.0006898', 'learning_rate': '7.479e-06', 'epoch': '2.644'}
[1A
[1A 88%|████████▊ | 917/1041 [2:07:51<17:16,  8.36s/it]
[1A 88%|████████▊ | 918/1041 [2:08:00<17:18,  8.44s/it]
[1A                                                    
{'loss': '9.699e-06', 'grad_norm': '0.0001928', 'learning_rate': '7.361e-06', 'epoch': '2.646'}
[1A
[1A 88%|████████▊ | 918/1041 [2:08:00<17:18,  8.44s/it]
[1A 88%|████████▊ | 919/1041 [2:08:08<17:09,  8.44s/it]
[1A                                                    
{'loss': '9.113e-06', 'grad_norm': '0.0001661', 'learning_rate': '7.244e-06', 'epoch': '2.649'}
[1A
[1A 88%|████████▊ | 919/1041 [2:08:08<17:09,  8.44s/it]
[1A 88%|████████▊ | 920/1041 [2:08:17<17:10,  8.52s/it]
[1A                                                    
{'loss': '5.539e-06', 'grad_norm': '0.0001175', 'learning_rate': '7.128e-06', 'epoch': '2.652'}
[1A
[1A 88%|████████▊ | 920/1041 [2:08:17<17:10,  8.52s/it]
[1A 88%|████████▊ | 921/1041 [2:08:25<16:55,  8.47s/it]
[1A                                                    
{'loss': '3.43e-06', 'grad_norm': '5.774e-05', 'learning_rate': '7.013e-06', 'epoch': '2.655'}
[1A
[1A 88%|████████▊ | 921/1041 [2:08:25<16:55,  8.47s/it]
[1A 89%|████████▊ | 922/1041 [2:08:34<16:41,  8.42s/it]
[1A                                                    
{'loss': '9.01e-06', 'grad_norm': '0.0003348', 'learning_rate': '6.899e-06', 'epoch': '2.658'}
[1A
[1A 89%|████████▊ | 922/1041 [2:08:34<16:41,  8.42s/it]
[1A 89%|████████▊ | 923/1041 [2:08:42<16:39,  8.47s/it]
[1A                                                    
{'loss': '5.616e-06', 'grad_norm': '0.000214', 'learning_rate': '6.786e-06', 'epoch': '2.661'}
[1A
[1A 89%|████████▊ | 923/1041 [2:08:42<16:39,  8.47s/it]
[1A 89%|████████▉ | 924/1041 [2:08:50<16:11,  8.30s/it]
[1A                                                    
{'loss': '6.846e-06', 'grad_norm': '0.0001689', 'learning_rate': '6.674e-06', 'epoch': '2.664'}
[1A
[1A 89%|████████▉ | 924/1041 [2:08:50<16:11,  8.30s/it]
[1A 89%|████████▉ | 925/1041 [2:08:59<16:10,  8.36s/it]
[1A                                                    
{'loss': '4.658e-06', 'grad_norm': '7.612e-05', 'learning_rate': '6.562e-06', 'epoch': '2.667'}
[1A
[1A 89%|████████▉ | 925/1041 [2:08:59<16:10,  8.36s/it]
[1A 89%|████████▉ | 926/1041 [2:09:07<15:53,  8.29s/it]
[1A                                                    
{'loss': '4.377e-06', 'grad_norm': '7.147e-05', 'learning_rate': '6.452e-06', 'epoch': '2.67'}
[1A
[1A 89%|████████▉ | 926/1041 [2:09:07<15:53,  8.29s/it]
[1A 89%|████████▉ | 927/1041 [2:09:15<15:37,  8.22s/it]
[1A                                                    
{'loss': '1.575e-06', 'grad_norm': '3.084e-05', 'learning_rate': '6.342e-06', 'epoch': '2.672'}
[1A
[1A 89%|████████▉ | 927/1041 [2:09:15<15:37,  8.22s/it]
[1A 89%|████████▉ | 928/1041 [2:09:23<15:34,  8.27s/it]
[1A                                                    
{'loss': '3.602e-06', 'grad_norm': '8.824e-05', 'learning_rate': '6.234e-06', 'epoch': '2.675'}
[1A
[1A 89%|████████▉ | 928/1041 [2:09:23<15:34,  8.27s/it]
[1A 89%|████████▉ | 929/1041 [2:09:32<15:40,  8.40s/it]
[1A                                                    
{'loss': '3.767e-05', 'grad_norm': '0.001282', 'learning_rate': '6.126e-06', 'epoch': '2.678'}
[1A
[1A 89%|████████▉ | 929/1041 [2:09:32<15:40,  8.40s/it]
[1A 89%|████████▉ | 930/1041 [2:09:40<15:26,  8.34s/it]
[1A                                                    
{'loss': '4.107e-06', 'grad_norm': '7.34e-05', 'learning_rate': '6.019e-06', 'epoch': '2.681'}
[1A
[1A 89%|████████▉ | 930/1041 [2:09:40<15:26,  8.34s/it]
[1A 89%|████████▉ | 931/1041 [2:09:48<15:21,  8.38s/it]
[1A                                                    
{'loss': '7.436e-06', 'grad_norm': '0.0001818', 'learning_rate': '5.913e-06', 'epoch': '2.684'}
[1A
[1A 89%|████████▉ | 931/1041 [2:09:48<15:21,  8.38s/it]
[1A 90%|████████▉ | 932/1041 [2:09:57<15:02,  8.28s/it]
[1A                                                    
{'loss': '1.933e-06', 'grad_norm': '3.312e-05', 'learning_rate': '5.808e-06', 'epoch': '2.687'}
[1A
[1A 90%|████████▉ | 932/1041 [2:09:57<15:02,  8.28s/it]
[1A 90%|████████▉ | 933/1041 [2:10:05<14:59,  8.33s/it]
[1A                                                    
{'loss': '5.482e-06', 'grad_norm': '0.0001428', 'learning_rate': '5.704e-06', 'epoch': '2.69'}
[1A
[1A 90%|████████▉ | 933/1041 [2:10:05<14:59,  8.33s/it]
[1A 90%|████████▉ | 934/1041 [2:10:13<14:42,  8.25s/it]
[1A                                                    
{'loss': '4.142e-06', 'grad_norm': '0.000104', 'learning_rate': '5.601e-06', 'epoch': '2.693'}
[1A
[1A 90%|████████▉ | 934/1041 [2:10:13<14:42,  8.25s/it]
[1A 90%|████████▉ | 935/1041 [2:10:21<14:29,  8.21s/it]
[1A                                                    
{'loss': '4.019e-06', 'grad_norm': '9.398e-05', 'learning_rate': '5.498e-06', 'epoch': '2.696'}
[1A
[1A 90%|████████▉ | 935/1041 [2:10:21<14:29,  8.21s/it]
[1A 90%|████████▉ | 936/1041 [2:10:30<14:32,  8.31s/it]
[1A                                                    
{'loss': '4.883e-06', 'grad_norm': '9.136e-05', 'learning_rate': '5.397e-06', 'epoch': '2.698'}
[1A
[1A 90%|████████▉ | 936/1041 [2:10:30<14:32,  8.31s/it]
[1A 90%|█████████ | 937/1041 [2:10:38<14:25,  8.32s/it]
[1A                                                    
{'loss': '3.644e-06', 'grad_norm': '6.571e-05', 'learning_rate': '5.297e-06', 'epoch': '2.701'}
[1A
[1A 90%|█████████ | 937/1041 [2:10:38<14:25,  8.32s/it]
[1A 90%|█████████ | 938/1041 [2:10:46<14:15,  8.30s/it]
[1A                                                    
{'loss': '3.868e-05', 'grad_norm': '0.001616', 'learning_rate': '5.197e-06', 'epoch': '2.704'}
[1A
[1A 90%|█████████ | 938/1041 [2:10:46<14:15,  8.30s/it]
[1A 90%|█████████ | 939/1041 [2:10:54<14:01,  8.25s/it]
[1A                                                    
{'loss': '1.483e-05', 'grad_norm': '0.0005383', 'learning_rate': '5.098e-06', 'epoch': '2.707'}
[1A
[1A 90%|█████████ | 939/1041 [2:10:54<14:01,  8.25s/it]
[1A 90%|█████████ | 940/1041 [2:11:03<13:54,  8.27s/it]
[1A                                                    
{'loss': '5.975e-06', 'grad_norm': '0.000134', 'learning_rate': '5.001e-06', 'epoch': '2.71'}
[1A
[1A 90%|█████████ | 940/1041 [2:11:03<13:54,  8.27s/it]
[1A 90%|█████████ | 941/1041 [2:11:11<13:55,  8.35s/it]
[1A                                                    
{'loss': '2.603e-06', 'grad_norm': '4.469e-05', 'learning_rate': '4.904e-06', 'epoch': '2.713'}
[1A
[1A 90%|█████████ | 941/1041 [2:11:11<13:55,  8.35s/it]
[1A 90%|█████████ | 942/1041 [2:11:20<13:44,  8.33s/it]
[1A                                                    
{'loss': '4.037e-06', 'grad_norm': '8.357e-05', 'learning_rate': '4.808e-06', 'epoch': '2.716'}
[1A
[1A 90%|█████████ | 942/1041 [2:11:20<13:44,  8.33s/it]
[1A 91%|█████████ | 943/1041 [2:11:28<13:35,  8.32s/it]
[1A                                                    
{'loss': '7.237e-05', 'grad_norm': '0.003653', 'learning_rate': '4.713e-06', 'epoch': '2.719'}
[1A
[1A 91%|█████████ | 943/1041 [2:11:28<13:35,  8.32s/it]
[1A 91%|█████████ | 944/1041 [2:11:36<13:22,  8.27s/it]
[1A                                                    
{'loss': '5.444e-05', 'grad_norm': '0.001451', 'learning_rate': '4.619e-06', 'epoch': '2.722'}
[1A
[1A 91%|█████████ | 944/1041 [2:11:36<13:22,  8.27s/it]
[1A 91%|█████████ | 945/1041 [2:11:44<13:14,  8.27s/it]
[1A                                                    
{'loss': '2.624e-05', 'grad_norm': '0.001017', 'learning_rate': '4.526e-06', 'epoch': '2.724'}
[1A
[1A 91%|█████████ | 945/1041 [2:11:44<13:14,  8.27s/it]
[1A 91%|█████████ | 946/1041 [2:11:53<13:10,  8.32s/it]
[1A                                                    
{'loss': '3.537e-06', 'grad_norm': '6.212e-05', 'learning_rate': '4.434e-06', 'epoch': '2.727'}
[1A
[1A 91%|█████████ | 946/1041 [2:11:53<13:10,  8.32s/it]
[1A 91%|█████████ | 947/1041 [2:12:01<12:54,  8.24s/it]
[1A                                                    
{'loss': '5.421e-06', 'grad_norm': '8.178e-05', 'learning_rate': '4.343e-06', 'epoch': '2.73'}
[1A
[1A 91%|█████████ | 947/1041 [2:12:01<12:54,  8.24s/it]
[1A 91%|█████████ | 948/1041 [2:12:09<12:41,  8.19s/it]
[1A                                                    
{'loss': '2.121e-06', 'grad_norm': '3.666e-05', 'learning_rate': '4.252e-06', 'epoch': '2.733'}
[1A
[1A 91%|█████████ | 948/1041 [2:12:09<12:41,  8.19s/it]
[1A 91%|█████████ | 949/1041 [2:12:17<12:36,  8.22s/it]
[1A                                                    
{'loss': '1.036e-05', 'grad_norm': '0.0002714', 'learning_rate': '4.163e-06', 'epoch': '2.736'}
[1A
[1A 91%|█████████ | 949/1041 [2:12:17<12:36,  8.22s/it]
[1A 91%|█████████▏| 950/1041 [2:12:25<12:31,  8.25s/it]
[1A                                                    
{'loss': '8.899e-06', 'grad_norm': '0.000295', 'learning_rate': '4.075e-06', 'epoch': '2.739'}
[1A
[1A 91%|█████████▏| 950/1041 [2:12:25<12:31,  8.25s/it]
[1A 91%|█████████▏| 951/1041 [2:12:34<12:24,  8.27s/it]
[1A                                                    
{'loss': '2.466e-06', 'grad_norm': '8.692e-05', 'learning_rate': '3.987e-06', 'epoch': '2.742'}
[1A
[1A 91%|█████████▏| 951/1041 [2:12:34<12:24,  8.27s/it]
[1A 91%|█████████▏| 952/1041 [2:12:42<12:20,  8.32s/it]
[1A                                                    
{'loss': '4.711e-06', 'grad_norm': '0.0001446', 'learning_rate': '3.901e-06', 'epoch': '2.745'}
[1A
[1A 91%|█████████▏| 952/1041 [2:12:42<12:20,  8.32s/it]
[1A 92%|█████████▏| 953/1041 [2:12:51<12:12,  8.32s/it]
[1A                                                    
{'loss': '0.0001064', 'grad_norm': '0.005131', 'learning_rate': '3.815e-06', 'epoch': '2.747'}
[1A
[1A 92%|█████████▏| 953/1041 [2:12:51<12:12,  8.32s/it]
[1A 92%|█████████▏| 954/1041 [2:12:59<12:03,  8.31s/it]
[1A                                                    
{'loss': '4.772e-06', 'grad_norm': '0.0001027', 'learning_rate': '3.73e-06', 'epoch': '2.75'}
[1A
[1A 92%|█████████▏| 954/1041 [2:12:59<12:03,  8.31s/it]
[1A 92%|█████████▏| 955/1041 [2:13:08<12:06,  8.44s/it]
[1A                                                    
{'loss': '3.756e-06', 'grad_norm': '7.743e-05', 'learning_rate': '3.646e-06', 'epoch': '2.753'}
[1A
[1A 92%|█████████▏| 955/1041 [2:13:08<12:06,  8.44s/it]
[1A 92%|█████████▏| 956/1041 [2:13:16<12:01,  8.49s/it]
[1A                                                    
{'loss': '1.393e-05', 'grad_norm': '0.000486', 'learning_rate': '3.564e-06', 'epoch': '2.756'}
[1A
[1A 92%|█████████▏| 956/1041 [2:13:16<12:01,  8.49s/it]
[1A 92%|█████████▏| 957/1041 [2:13:24<11:45,  8.40s/it]
[1A                                                    
{'loss': '3.84e-06', 'grad_norm': '7.544e-05', 'learning_rate': '3.482e-06', 'epoch': '2.759'}
[1A
[1A 92%|█████████▏| 957/1041 [2:13:24<11:45,  8.40s/it]
[1A 92%|█████████▏| 958/1041 [2:13:32<11:29,  8.31s/it]
[1A                                                    
{'loss': '3.262e-06', 'grad_norm': '5.277e-05', 'learning_rate': '3.401e-06', 'epoch': '2.762'}
[1A
[1A 92%|█████████▏| 958/1041 [2:13:32<11:29,  8.31s/it]
[1A 92%|█████████▏| 959/1041 [2:13:41<11:21,  8.31s/it]
[1A                                                    
{'loss': '8.947e-06', 'grad_norm': '0.0003055', 'learning_rate': '3.321e-06', 'epoch': '2.765'}
[1A
[1A 92%|█████████▏| 959/1041 [2:13:41<11:21,  8.31s/it]
[1A 92%|█████████▏| 960/1041 [2:13:49<11:16,  8.36s/it]
[1A                                                    
{'loss': '1.007e-05', 'grad_norm': '0.0003132', 'learning_rate': '3.242e-06', 'epoch': '2.768'}
[1A
[1A 92%|█████████▏| 960/1041 [2:13:49<11:16,  8.36s/it]
[1A 92%|█████████▏| 961/1041 [2:13:58<11:11,  8.39s/it]
[1A                                                    
{'loss': '4.232e-05', 'grad_norm': '0.002803', 'learning_rate': '3.163e-06', 'epoch': '2.771'}
[1A
[1A 92%|█████████▏| 961/1041 [2:13:58<11:11,  8.39s/it]
[1A 92%|█████████▏| 962/1041 [2:14:06<11:08,  8.46s/it]
[1A                                                    
{'loss': '7.124e-06', 'grad_norm': '0.0001611', 'learning_rate': '3.086e-06', 'epoch': '2.773'}
[1A
[1A 92%|█████████▏| 962/1041 [2:14:06<11:08,  8.46s/it]
[1A 93%|█████████▎| 963/1041 [2:14:15<10:59,  8.46s/it]
[1A                                                    
{'loss': '2.493e-06', 'grad_norm': '3.645e-05', 'learning_rate': '3.01e-06', 'epoch': '2.776'}
[1A
[1A 93%|█████████▎| 963/1041 [2:14:15<10:59,  8.46s/it]
[1A 93%|█████████▎| 964/1041 [2:14:23<10:52,  8.47s/it]
[1A                                                    
{'loss': '8.749e-06', 'grad_norm': '0.0001591', 'learning_rate': '2.935e-06', 'epoch': '2.779'}
[1A
[1A 93%|█████████▎| 964/1041 [2:14:23<10:52,  8.47s/it]
[1A 93%|█████████▎| 965/1041 [2:14:31<10:27,  8.25s/it]
[1A                                                    
{'loss': '2.279e-06', 'grad_norm': '6.68e-05', 'learning_rate': '2.86e-06', 'epoch': '2.782'}
[1A
[1A 93%|█████████▎| 965/1041 [2:14:31<10:27,  8.25s/it]
[1A 93%|█████████▎| 966/1041 [2:14:39<10:23,  8.31s/it]
[1A                                                    
{'loss': '1.378e-05', 'grad_norm': '0.000382', 'learning_rate': '2.787e-06', 'epoch': '2.785'}
[1A
[1A 93%|█████████▎| 966/1041 [2:14:39<10:23,  8.31s/it]
[1A 93%|█████████▎| 967/1041 [2:14:48<10:09,  8.24s/it]
[1A                                                    
{'loss': '2.333e-06', 'grad_norm': '4.912e-05', 'learning_rate': '2.714e-06', 'epoch': '2.788'}
[1A
[1A 93%|█████████▎| 967/1041 [2:14:48<10:09,  8.24s/it]
[1A 93%|█████████▎| 968/1041 [2:14:56<10:01,  8.24s/it]
[1A                                                    
{'loss': '4.053e-06', 'grad_norm': '8.293e-05', 'learning_rate': '2.643e-06', 'epoch': '2.791'}
[1A
[1A 93%|█████████▎| 968/1041 [2:14:56<10:01,  8.24s/it]
[1A 93%|█████████▎| 969/1041 [2:15:04<09:57,  8.30s/it]
[1A                                                    
{'loss': '3.018e-06', 'grad_norm': '0.0001257', 'learning_rate': '2.572e-06', 'epoch': '2.794'}
[1A
[1A 93%|█████████▎| 969/1041 [2:15:04<09:57,  8.30s/it]
[1A 93%|█████████▎| 970/1041 [2:15:13<09:52,  8.35s/it]
[1A                                                    
{'loss': '4.231e-06', 'grad_norm': '6.946e-05', 'learning_rate': '2.502e-06', 'epoch': '2.797'}
[1A
[1A 93%|█████████▎| 970/1041 [2:15:13<09:52,  8.35s/it]
[1A 93%|█████████▎| 971/1041 [2:15:21<09:35,  8.22s/it]
[1A                                                    
{'loss': '3.14e-06', 'grad_norm': '6.967e-05', 'learning_rate': '2.434e-06', 'epoch': '2.799'}
[1A
[1A 93%|█████████▎| 971/1041 [2:15:21<09:35,  8.22s/it]
[1A 93%|█████████▎| 972/1041 [2:15:29<09:25,  8.19s/it]
[1A                                                    
{'loss': '3.737e-06', 'grad_norm': '7.826e-05', 'learning_rate': '2.366e-06', 'epoch': '2.802'}
[1A
[1A 93%|█████████▎| 972/1041 [2:15:29<09:25,  8.19s/it]
[1A 93%|█████████▎| 973/1041 [2:15:37<09:14,  8.16s/it]
[1A                                                    
{'loss': '3.157e-05', 'grad_norm': '0.001527', 'learning_rate': '2.299e-06', 'epoch': '2.805'}
[1A
[1A 93%|█████████▎| 973/1041 [2:15:37<09:14,  8.16s/it]
[1A 94%|█████████▎| 974/1041 [2:15:45<09:10,  8.22s/it]
[1A                                                    
{'loss': '2.898e-06', 'grad_norm': '6.129e-05', 'learning_rate': '2.233e-06', 'epoch': '2.808'}
[1A
[1A 94%|█████████▎| 974/1041 [2:15:45<09:10,  8.22s/it]
[1A 94%|█████████▎| 975/1041 [2:15:54<09:06,  8.27s/it]
[1A                                                    
{'loss': '3.18e-05', 'grad_norm': '0.001877', 'learning_rate': '2.168e-06', 'epoch': '2.811'}
[1A
[1A 94%|█████████▎| 975/1041 [2:15:54<09:06,  8.27s/it]
[1A 94%|█████████▍| 976/1041 [2:16:02<08:58,  8.28s/it]
[1A                                                    
{'loss': '1.887e-06', 'grad_norm': '3.856e-05', 'learning_rate': '2.104e-06', 'epoch': '2.814'}
[1A
[1A 94%|█████████▍| 976/1041 [2:16:02<08:58,  8.28s/it]
[1A 94%|█████████▍| 977/1041 [2:16:10<08:43,  8.17s/it]
[1A                                                    
{'loss': '5.759e-06', 'grad_norm': '0.0002342', 'learning_rate': '2.041e-06', 'epoch': '2.817'}
[1A
[1A 94%|█████████▍| 977/1041 [2:16:10<08:43,  8.17s/it]
[1A 94%|█████████▍| 978/1041 [2:16:18<08:30,  8.11s/it]
[1A                                                    
{'loss': '2.998e-06', 'grad_norm': '5.553e-05', 'learning_rate': '1.979e-06', 'epoch': '2.82'}
[1A
[1A 94%|█████████▍| 978/1041 [2:16:18<08:30,  8.11s/it]
[1A 94%|█████████▍| 979/1041 [2:16:26<08:26,  8.17s/it]
[1A                                                    
{'loss': '1.547e-05', 'grad_norm': '0.0007312', 'learning_rate': '1.918e-06', 'epoch': '2.823'}
[1A
[1A 94%|█████████▍| 979/1041 [2:16:26<08:26,  8.17s/it]
[1A 94%|█████████▍| 980/1041 [2:16:35<08:23,  8.25s/it]
[1A                                                    
{'loss': '9.528e-06', 'grad_norm': '0.0002004', 'learning_rate': '1.857e-06', 'epoch': '2.825'}
[1A
[1A 94%|█████████▍| 980/1041 [2:16:35<08:23,  8.25s/it]
[1A 94%|█████████▍| 981/1041 [2:16:43<08:14,  8.24s/it]
[1A                                                    
{'loss': '5.688e-06', 'grad_norm': '0.0002762', 'learning_rate': '1.798e-06', 'epoch': '2.828'}
[1A
[1A 94%|█████████▍| 981/1041 [2:16:43<08:14,  8.24s/it]
[1A 94%|█████████▍| 982/1041 [2:16:51<07:59,  8.13s/it]
[1A                                                    
{'loss': '2.159e-05', 'grad_norm': '0.0008145', 'learning_rate': '1.74e-06', 'epoch': '2.831'}
[1A
[1A 94%|█████████▍| 982/1041 [2:16:51<07:59,  8.13s/it]
[1A 94%|█████████▍| 983/1041 [2:16:59<07:56,  8.21s/it]
[1A                                                    
{'loss': '4.25e-05', 'grad_norm': '0.003866', 'learning_rate': '1.683e-06', 'epoch': '2.834'}
[1A
[1A 94%|█████████▍| 983/1041 [2:16:59<07:56,  8.21s/it]
[1A 95%|█████████▍| 984/1041 [2:17:07<07:39,  8.06s/it]
[1A                                                    
{'loss': '1.943e-06', 'grad_norm': '3.648e-05', 'learning_rate': '1.626e-06', 'epoch': '2.837'}
[1A
[1A 95%|█████████▍| 984/1041 [2:17:07<07:39,  8.06s/it]
[1A 95%|█████████▍| 985/1041 [2:17:14<07:25,  7.95s/it]
[1A                                                    
{'loss': '3.498e-06', 'grad_norm': '7.283e-05', 'learning_rate': '1.571e-06', 'epoch': '2.84'}
[1A
[1A 95%|█████████▍| 985/1041 [2:17:14<07:25,  7.95s/it]
[1A 95%|█████████▍| 986/1041 [2:17:23<07:27,  8.13s/it]
[1A                                                    
{'loss': '3.461e-05', 'grad_norm': '0.001147', 'learning_rate': '1.516e-06', 'epoch': '2.843'}
[1A
[1A 95%|█████████▍| 986/1041 [2:17:23<07:27,  8.13s/it]
[1A 95%|█████████▍| 987/1041 [2:17:31<07:20,  8.16s/it]
[1A                                                    
{'loss': '3.141e-06', 'grad_norm': '6.367e-05', 'learning_rate': '1.463e-06', 'epoch': '2.846'}
[1A
[1A 95%|█████████▍| 987/1041 [2:17:31<07:20,  8.16s/it]
[1A 95%|█████████▍| 988/1041 [2:17:40<07:16,  8.24s/it]
[1A                                                    
{'loss': '2.355e-06', 'grad_norm': '4.181e-05', 'learning_rate': '1.41e-06', 'epoch': '2.848'}
[1A
[1A 95%|█████████▍| 988/1041 [2:17:40<07:16,  8.24s/it]
[1A 95%|█████████▌| 989/1041 [2:17:48<07:09,  8.26s/it]
[1A                                                    
{'loss': '1.227e-05', 'grad_norm': '0.0002572', 'learning_rate': '1.358e-06', 'epoch': '2.851'}
[1A
[1A 95%|█████████▌| 989/1041 [2:17:48<07:09,  8.26s/it]
[1A 95%|█████████▌| 990/1041 [2:17:56<07:00,  8.24s/it]
[1A                                                    
{'loss': '1.159e-05', 'grad_norm': '0.000374', 'learning_rate': '1.308e-06', 'epoch': '2.854'}
[1A
[1A 95%|█████████▌| 990/1041 [2:17:56<07:00,  8.24s/it]
[1A 95%|█████████▌| 991/1041 [2:18:04<06:51,  8.24s/it]
[1A                                                    
{'loss': '2.821e-06', 'grad_norm': '6.282e-05', 'learning_rate': '1.258e-06', 'epoch': '2.857'}
[1A
[1A 95%|█████████▌| 991/1041 [2:18:04<06:51,  8.24s/it]
[1A 95%|█████████▌| 992/1041 [2:18:12<06:41,  8.19s/it]
[1A                                                    
{'loss': '2.38e-05', 'grad_norm': '0.0008102', 'learning_rate': '1.209e-06', 'epoch': '2.86'}
[1A
[1A 95%|█████████▌| 992/1041 [2:18:12<06:41,  8.19s/it]
[1A 95%|█████████▌| 993/1041 [2:18:21<06:36,  8.26s/it]
[1A                                                    
{'loss': '4.477e-05', 'grad_norm': '0.001057', 'learning_rate': '1.162e-06', 'epoch': '2.863'}
[1A
[1A 95%|█████████▌| 993/1041 [2:18:21<06:36,  8.26s/it]
[1A 95%|█████████▌| 994/1041 [2:18:29<06:23,  8.16s/it]
[1A                                                    
{'loss': '2.346e-06', 'grad_norm': '5.65e-05', 'learning_rate': '1.115e-06', 'epoch': '2.866'}
[1A
[1A 95%|█████████▌| 994/1041 [2:18:29<06:23,  8.16s/it]
[1A 96%|█████████▌| 995/1041 [2:18:37<06:17,  8.20s/it]
[1A                                                    
{'loss': '1.425e-05', 'grad_norm': '0.0005162', 'learning_rate': '1.069e-06', 'epoch': '2.869'}
[1A
[1A 96%|█████████▌| 995/1041 [2:18:37<06:17,  8.20s/it]
[1A 96%|█████████▌| 996/1041 [2:18:45<06:09,  8.22s/it]
[1A                                                    
{'loss': '8.76e-06', 'grad_norm': '0.0002411', 'learning_rate': '1.024e-06', 'epoch': '2.872'}
[1A
[1A 96%|█████████▌| 996/1041 [2:18:45<06:09,  8.22s/it]
[1A 96%|█████████▌| 997/1041 [2:18:54<06:02,  8.23s/it]
[1A                                                    
{'loss': '3.787e-05', 'grad_norm': '0.001331', 'learning_rate': '9.799e-07', 'epoch': '2.874'}
[1A
[1A 96%|█████████▌| 997/1041 [2:18:54<06:02,  8.23s/it]
[1A 96%|█████████▌| 998/1041 [2:19:02<05:52,  8.19s/it]
[1A                                                    
{'loss': '1.277e-05', 'grad_norm': '0.0002973', 'learning_rate': '9.369e-07', 'epoch': '2.877'}
[1A
[1A 96%|█████████▌| 998/1041 [2:19:02<05:52,  8.19s/it]
[1A 96%|█████████▌| 999/1041 [2:19:10<05:43,  8.18s/it]
[1A                                                    
{'loss': '3.536e-06', 'grad_norm': '0.0001056', 'learning_rate': '8.949e-07', 'epoch': '2.88'}
[1A
[1A 96%|█████████▌| 999/1041 [2:19:10<05:43,  8.18s/it]
[1A 96%|█████████▌| 1000/1041 [2:19:23<06:37,  9.70s/it]
[1A                                                     
{'loss': '2.326e-06', 'grad_norm': '4.928e-05', 'learning_rate': '8.538e-07', 'epoch': '2.883'}
[1A
[1A 96%|█████████▌| 1000/1041 [2:19:23<06:37,  9.70s/it]
[1A 96%|█████████▌| 1001/1041 [2:19:31<06:10,  9.27s/it]
[1A                                                     
{'loss': '3.318e-05', 'grad_norm': '0.001122', 'learning_rate': '8.137e-07', 'epoch': '2.886'}
[1A
[1A 96%|█████████▌| 1001/1041 [2:19:31<06:10,  9.27s/it]
[1A 96%|█████████▋| 1002/1041 [2:19:40<05:51,  9.01s/it]
[1A                                                     
{'loss': '2.864e-06', 'grad_norm': '4.484e-05', 'learning_rate': '7.745e-07', 'epoch': '2.889'}
[1A
[1A 96%|█████████▋| 1002/1041 [2:19:40<05:51,  9.01s/it]
[1A 96%|█████████▋| 1003/1041 [2:19:48<05:31,  8.72s/it]
[1A                                                     
{'loss': '7.456e-06', 'grad_norm': '0.0002119', 'learning_rate': '7.363e-07', 'epoch': '2.892'}
[1A
[1A 96%|█████████▋| 1003/1041 [2:19:48<05:31,  8.72s/it]
[1A 96%|█████████▋| 1004/1041 [2:19:56<05:20,  8.66s/it]
[1A                                                     
{'loss': '4.2e-05', 'grad_norm': '0.001071', 'learning_rate': '6.991e-07', 'epoch': '2.895'}
[1A
[1A 96%|█████████▋| 1004/1041 [2:19:56<05:20,  8.66s/it]
[1A 97%|█████████▋| 1005/1041 [2:20:05<05:09,  8.59s/it]
[1A                                                     
{'loss': '3.48e-06', 'grad_norm': '8.492e-05', 'learning_rate': '6.628e-07', 'epoch': '2.898'}
[1A
[1A 97%|█████████▋| 1005/1041 [2:20:05<05:09,  8.59s/it]
[1A 97%|█████████▋| 1006/1041 [2:20:13<04:59,  8.55s/it]
[1A                                                     
{'loss': '6.706e-05', 'grad_norm': '0.002377', 'learning_rate': '6.275e-07', 'epoch': '2.9'}
[1A
[1A 97%|█████████▋| 1006/1041 [2:20:13<04:59,  8.55s/it]
[1A 97%|█████████▋| 1007/1041 [2:20:22<04:49,  8.51s/it]
[1A                                                     
{'loss': '3.363e-06', 'grad_norm': '7.015e-05', 'learning_rate': '5.932e-07', 'epoch': '2.903'}
[1A
[1A 97%|█████████▋| 1007/1041 [2:20:22<04:49,  8.51s/it]
[1A 97%|█████████▋| 1008/1041 [2:20:30<04:37,  8.39s/it]
[1A                                                     
{'loss': '3.889e-06', 'grad_norm': '7.97e-05', 'learning_rate': '5.598e-07', 'epoch': '2.906'}
[1A
[1A 97%|█████████▋| 1008/1041 [2:20:30<04:37,  8.39s/it]
[1A 97%|█████████▋| 1009/1041 [2:20:38<04:28,  8.40s/it]
[1A                                                     
{'loss': '6.257e-06', 'grad_norm': '0.0002181', 'learning_rate': '5.274e-07', 'epoch': '2.909'}
[1A
[1A 97%|█████████▋| 1009/1041 [2:20:38<04:28,  8.40s/it]
[1A 97%|█████████▋| 1010/1041 [2:20:46<04:15,  8.24s/it]
[1A                                                     
{'loss': '3.443e-06', 'grad_norm': '6.108e-05', 'learning_rate': '4.959e-07', 'epoch': '2.912'}
[1A
[1A 97%|█████████▋| 1010/1041 [2:20:46<04:15,  8.24s/it]
[1A 97%|█████████▋| 1011/1041 [2:20:54<04:04,  8.15s/it]                                                     
{'loss': '5.385e-06', 'grad_norm': '0.0001391', 'learning_rate': '4.655e-07', 'epoch': '2.915'}
[1A
[1A 97%|█████████▋| 1011/1041 [2:20:54<04:04,  8.15s/it]
[1A 97%|█████████▋| 1012/1041 [2:21:02<03:53,  8.05s/it]
[1A                                                     
{'loss': '4.258e-06', 'grad_norm': '7.638e-05', 'learning_rate': '4.359e-07', 'epoch': '2.918'}
[1A
[1A 97%|█████████▋| 1012/1041 [2:21:02<03:53,  8.05s/it]
[1A 97%|█████████▋| 1013/1041 [2:21:10<03:47,  8.11s/it]
[1A                                                     
{'loss': '6.674e-06', 'grad_norm': '0.000136', 'learning_rate': '4.074e-07', 'epoch': '2.921'}
[1A
[1A 97%|█████████▋| 1013/1041 [2:21:10<03:47,  8.11s/it]
[1A 97%|█████████▋| 1014/1041 [2:21:18<03:38,  8.11s/it]
[1A                                                     
{'loss': '3.768e-06', 'grad_norm': '0.000118', 'learning_rate': '3.798e-07', 'epoch': '2.924'}
[1A
[1A 97%|█████████▋| 1014/1041 [2:21:18<03:38,  8.11s/it]
[1A 98%|█████████▊| 1015/1041 [2:21:27<03:33,  8.20s/it]
[1A                                                     
{'loss': '8.34e-06', 'grad_norm': '0.0001482', 'learning_rate': '3.531e-07', 'epoch': '2.926'}
[1A
[1A 98%|█████████▊| 1015/1041 [2:21:27<03:33,  8.20s/it]
[1A 98%|█████████▊| 1016/1041 [2:21:35<03:25,  8.21s/it]
[1A                                                     
{'loss': '1.088e-05', 'grad_norm': '0.0003262', 'learning_rate': '3.275e-07', 'epoch': '2.929'}
[1A
[1A 98%|█████████▊| 1016/1041 [2:21:35<03:25,  8.21s/it]
[1A 98%|█████████▊| 1017/1041 [2:21:43<03:16,  8.20s/it]
[1A                                                     
{'loss': '7.04e-06', 'grad_norm': '0.0001636', 'learning_rate': '3.028e-07', 'epoch': '2.932'}
[1A
[1A 98%|█████████▊| 1017/1041 [2:21:43<03:16,  8.20s/it]
[1A 98%|█████████▊| 1018/1041 [2:21:51<03:09,  8.23s/it]
[1A                                                     
{'loss': '3.095e-06', 'grad_norm': '6.239e-05', 'learning_rate': '2.791e-07', 'epoch': '2.935'}
[1A
[1A 98%|█████████▊| 1018/1041 [2:21:51<03:09,  8.23s/it]
[1A 98%|█████████▊| 1019/1041 [2:22:00<03:01,  8.26s/it]
[1A                                                     
{'loss': '2.317e-06', 'grad_norm': '7.296e-05', 'learning_rate': '2.563e-07', 'epoch': '2.938'}
[1A
[1A 98%|█████████▊| 1019/1041 [2:22:00<03:01,  8.26s/it]
[1A 98%|█████████▊| 1020/1041 [2:22:08<02:54,  8.31s/it]
[1A                                                     
{'loss': '9.204e-06', 'grad_norm': '0.000273', 'learning_rate': '2.345e-07', 'epoch': '2.941'}
[1A
[1A 98%|█████████▊| 1020/1041 [2:22:08<02:54,  8.31s/it]
[1A 98%|█████████▊| 1021/1041 [2:22:16<02:46,  8.31s/it]
[1A                                                     
{'loss': '3.24e-06', 'grad_norm': '6.522e-05', 'learning_rate': '2.137e-07', 'epoch': '2.944'}
[1A
[1A 98%|█████████▊| 1021/1041 [2:22:16<02:46,  8.31s/it]
[1A 98%|█████████▊| 1022/1041 [2:22:24<02:36,  8.25s/it]
[1A                                                     
{'loss': '9.806e-06', 'grad_norm': '0.0003035', 'learning_rate': '1.938e-07', 'epoch': '2.947'}
[1A
[1A 98%|█████████▊| 1022/1041 [2:22:24<02:36,  8.25s/it]
[1A 98%|█████████▊| 1023/1041 [2:22:33<02:28,  8.25s/it]
[1A                                                     
{'loss': '1.322e-05', 'grad_norm': '0.0003595', 'learning_rate': '1.749e-07', 'epoch': '2.949'}
[1A
[1A 98%|█████████▊| 1023/1041 [2:22:33<02:28,  8.25s/it]
[1A 98%|█████████▊| 1024/1041 [2:22:41<02:21,  8.30s/it]
[1A                                                     
{'loss': '5.096e-06', 'grad_norm': '9.458e-05', 'learning_rate': '1.57e-07', 'epoch': '2.952'}
[1A
[1A 98%|█████████▊| 1024/1041 [2:22:41<02:21,  8.30s/it]
[1A 98%|█████████▊| 1025/1041 [2:22:50<02:14,  8.38s/it]
[1A                                                     
{'loss': '4.008e-06', 'grad_norm': '0.0001201', 'learning_rate': '1.401e-07', 'epoch': '2.955'}
[1A
[1A 98%|█████████▊| 1025/1041 [2:22:50<02:14,  8.38s/it]
[1A 99%|█████████▊| 1026/1041 [2:22:58<02:06,  8.42s/it]                                                     
{'loss': '4.638e-06', 'grad_norm': '0.0001088', 'learning_rate': '1.241e-07', 'epoch': '2.958'}
[1A
[1A 99%|█████████▊| 1026/1041 [2:22:58<02:06,  8.42s/it]
[1A 99%|█████████▊| 1027/1041 [2:23:07<01:57,  8.43s/it]
[1A                                                     
{'loss': '4.128e-06', 'grad_norm': '0.0001089', 'learning_rate': '1.09e-07', 'epoch': '2.961'}
[1A
[1A 99%|█████████▊| 1027/1041 [2:23:07<01:57,  8.43s/it]
[1A 99%|█████████▉| 1028/1041 [2:23:15<01:48,  8.38s/it]
[1A                                                     
{'loss': '5.151e-06', 'grad_norm': '7.987e-05', 'learning_rate': '9.499e-08', 'epoch': '2.964'}
[1A
[1A 99%|█████████▉| 1028/1041 [2:23:15<01:48,  8.38s/it]
[1A 99%|█████████▉| 1029/1041 [2:23:23<01:39,  8.28s/it]
[1A                                                     
{'loss': '0.0004825', 'grad_norm': '0.04803', 'learning_rate': '8.191e-08', 'epoch': '2.967'}
[1A
[1A 99%|█████████▉| 1029/1041 [2:23:23<01:39,  8.28s/it]
[1A 99%|█████████▉| 1030/1041 [2:23:31<01:29,  8.18s/it]
[1A                                                     
{'loss': '1.918e-06', 'grad_norm': '6.693e-05', 'learning_rate': '6.979e-08', 'epoch': '2.97'}
[1A
[1A 99%|█████████▉| 1030/1041 [2:23:31<01:29,  8.18s/it]
[1A 99%|█████████▉| 1031/1041 [2:23:39<01:21,  8.18s/it]                                                     
{'loss': '2.195e-06', 'grad_norm': '4.858e-05', 'learning_rate': '5.864e-08', 'epoch': '2.973'}
[1A
[1A 99%|█████████▉| 1031/1041 [2:23:39<01:21,  8.18s/it]
[1A 99%|█████████▉| 1032/1041 [2:23:48<01:14,  8.26s/it]
[1A                                                     
{'loss': '1.995e-05', 'grad_norm': '0.0007303', 'learning_rate': '4.847e-08', 'epoch': '2.975'}
[1A
[1A 99%|█████████▉| 1032/1041 [2:23:48<01:14,  8.26s/it]
[1A 99%|█████████▉| 1033/1041 [2:23:56<01:06,  8.26s/it]
[1A                                                     
{'loss': '1.307e-05', 'grad_norm': '0.0003652', 'learning_rate': '3.926e-08', 'epoch': '2.978'}
[1A
[1A 99%|█████████▉| 1033/1041 [2:23:56<01:06,  8.26s/it]
[1A 99%|█████████▉| 1034/1041 [2:24:04<00:57,  8.24s/it]
[1A                                                     
{'loss': '6.459e-06', 'grad_norm': '0.000178', 'learning_rate': '3.102e-08', 'epoch': '2.981'}
[1A
[1A 99%|█████████▉| 1034/1041 [2:24:04<00:57,  8.24s/it]
[1A 99%|█████████▉| 1035/1041 [2:24:12<00:49,  8.25s/it]
[1A                                                     
{'loss': '4.5e-06', 'grad_norm': '7.719e-05', 'learning_rate': '2.375e-08', 'epoch': '2.984'}
[1A
[1A 99%|█████████▉| 1035/1041 [2:24:12<00:49,  8.25s/it]
[1A100%|█████████▉| 1036/1041 [2:24:21<00:41,  8.30s/it]
[1A                                                     
{'loss': '3.136e-06', 'grad_norm': '0.0001352', 'learning_rate': '1.745e-08', 'epoch': '2.987'}
[1A
[1A100%|█████████▉| 1036/1041 [2:24:21<00:41,  8.30s/it]
[1A100%|█████████▉| 1037/1041 [2:24:29<00:33,  8.34s/it]
[1A                                                     
{'loss': '1.22e-05', 'grad_norm': '0.000468', 'learning_rate': '1.212e-08', 'epoch': '2.99'}
[1A
[1A100%|█████████▉| 1037/1041 [2:24:29<00:33,  8.34s/it]
[1A100%|█████████▉| 1038/1041 [2:24:38<00:25,  8.41s/it]
[1A                                                     
{'loss': '8.986e-06', 'grad_norm': '0.0003371', 'learning_rate': '7.755e-09', 'epoch': '2.993'}
[1A
[1A100%|█████████▉| 1038/1041 [2:24:38<00:25,  8.41s/it]
[1A100%|█████████▉| 1039/1041 [2:24:46<00:16,  8.31s/it]
[1A                                                     
{'loss': '1.815e-06', 'grad_norm': '3.875e-05', 'learning_rate': '4.362e-09', 'epoch': '2.996'}
[1A
[1A100%|█████████▉| 1039/1041 [2:24:46<00:16,  8.31s/it]
[1A100%|█████████▉| 1040/1041 [2:24:54<00:08,  8.38s/it]
[1A                                                     
{'loss': '9.56e-06', 'grad_norm': '0.000229', 'learning_rate': '1.939e-09', 'epoch': '2.999'}
[1A
[1A100%|█████████▉| 1040/1041 [2:24:54<00:08,  8.38s/it]
[1A100%|██████████| 1041/1041 [2:25:03<00:00,  8.34s/it]
[1A                                                     
{'loss': '2.722e-06', 'grad_norm': '6.42e-05', 'learning_rate': '4.847e-10', 'epoch': '3'}
[1A
[1A100%|██████████| 1041/1041 [2:25:03<00:00,  8.34s/it]
[1A                                                     
{'train_runtime': '8703', 'train_samples_per_second': '0.956', 'train_steps_per_second': '0.12', 'train_loss': '0.01243', 'epoch': '3'}
[1A
[1A100%|██████████| 1041/1041 [2:25:03<00:00,  8.34s/it]
[1A100%|██████████| 1041/1041 [2:25:03<00:00,  8.36s/it]
[transformers] Both `max_new_tokens` (=128) and `max_length`(=262144) seem to have been set. `max_new_tokens` will take precedence. Please refer to the documentation for more information. (https://huggingface.co/docs/transformers/main/en/main_classes/text_generation)
[transformers] Both `max_new_tokens` (=128) and `max_length`(=262144) seem to have been set. `max_new_tokens` will take precedence. Please refer to the documentation for more information. (https://huggingface.co/docs/transformers/main/en/main_classes/text_generation)
Traceback (most recent call last):
  File "/pkg/modal/_runtime/container_io_manager.py", line 947, in handle_input_exception
    yield
  File "/pkg/modal/_container_entrypoint.py", line 172, in run_input_sync
    values = io_context.call_function_sync()
             ^^^^^^^^^^^^^^^^^^^^^^^^^^^^^^^
  File "/pkg/modal/_runtime/container_io_manager.py", line 225, in call_function_sync
    expected_value_or_values = self.finalized_function.callable(*args, **kwargs)
                               ^^^^^^^^^^^^^^^^^^^^^^^^^^^^^^^^^^^^^^^^^^^^^^^^^
  File "/root/train_pairs.py", line 373, in train
    json.dump(record, fh, indent=2)
    ^^^^
NameError: name 'json' is not defined. Did you forget to import 'json'
╭───────────────────── Traceback (most recent call last) ──────────────────────╮
│ /Users/harsh/semantic-drift-autoformalization/ft-experiments/v2/train_pairs. │
│ py:655 in main                                                               │
│                                                                              │
│   654 │   t0 = time.monotonic()                                              │
│ ❱ 655 │   result = train.remote(payload, holdout_payload, config)            │
│   656 │   result["wall_seconds"] = round(time.monotonic() - t0, 1)           │
│                                                                              │
│ /opt/anaconda3/envs/main/lib/python3.13/site-packages/modal/_object.py:46 in │
│ wrapped                                                                      │
│                                                                              │
│    45 │   │   await self.hydrate()                                           │
│ ❱  46 │   │   return await method(self, *args, **kwargs)                     │
│    47                                                                        │
│                                                                              │
│ /opt/anaconda3/envs/main/lib/python3.13/site-packages/modal/_functions.py:17 │
│ 66 in remote                                                                 │
│                                                                              │
│   1765 │   │                                                                 │
│ ❱ 1766 │   │   return await self._call_function(args, kwargs)                │
│   1767                                                                       │
│                                                                              │
│ /opt/anaconda3/envs/main/lib/python3.13/site-packages/modal/_functions.py:17 │
│ 10 in _call_function                                                         │
│                                                                              │
│   1709 │   │                                                                 │
│ ❱ 1710 │   │   return await invocation.run_function()                        │
│   1711                                                                       │
│                                                                              │
│ /opt/anaconda3/envs/main/lib/python3.13/site-packages/modal/_functions.py:49 │
│ 6 in run_function                                                            │
│                                                                              │
│    495 │   │   │   # No more retries left.                                   │
│ ❱  496 │   │   │   return await _process_result(                             │
│    497 │   │   │   │   await_response.output.result, await_response.output.d │
│                                                                              │
│ /opt/anaconda3/envs/main/lib/python3.13/site-packages/modal/_utils/function_ │
│ utils.py:527 in _process_result                                              │
│                                                                              │
│   526 │   │   │                                                              │
│ ❱ 527 │   │   │   raise exc_with_hints(exc)                                  │
│   528                                                                        │
│                                                                              │
│     ...Remote call to Modal Function (ta-01M0C1BHSGZ36E5C52G7N70WVR)...      │
│                                                                              │
│ /root/train_pairs.py:373 in train                                            │
│                                                                              │
│ ❱ 373 json.dump(record, fh, indent=2)                                        │
│                                                                              │
╰──────────────────────────────────────────────────────────────────────────────╯
NameError: name 'json' is not defined
EXIT:0
