✓ Initialized. View run at 
https://modal.com/apps/order-evaluation/main/ap-SVJfaT7Q33IavwQsrAeeXQ
✓ Created objects.
├── 🔨 Created mount 
│   /Users/harsh/semantic-drift-autoformalization/ft-experiments/v2/train_pairs.
│   py
└── 🔨 Created function train.
= resolved training config: {"run_name": "v2-qwen3-32b-s0", "model_id": "Qwen/Qwen3-32B", "seed": 0, "rank": 16, "lora_alpha": 16, "target_modules": ["q_proj", "k_proj", "v_proj", "o_proj", "gate_proj", "up_proj", "down_proj"], "batch_size": 2, "grad_accum": 4, "lr": 0.0002, "save_steps": 100, "max_len": 2048, "template_sha": "ad33f6de859156b81be0d889abd3c56e4d9275bd855eb6d804d4e8ebcfe4983c", "epochs": 3}  samples=all

==========
== CUDA ==
==========

CUDA Version 12.8.1

Container image Copyright (c) 2016-2023, NVIDIA CORPORATION & AFFILIATES. All rights reserved.

This container image and its contents are governed by the NVIDIA Deep Learning Container License.
By pulling and using the container, you accept the terms and conditions of this license:
https://developer.nvidia.com/ngc/nvidia-deep-learning-container-license

A copy of this license is made available in this container at /NGC-DL-CONTAINER-LICENSE for your convenience.

/usr/local/lib/python3.12/site-packages/huggingface_hub/constants.py:298: FutureWarning: The `HF_HUB_ENABLE_HF_TRANSFER` environment variable is deprecated as 'hf_transfer' is not used anymore. Please use `HF_XET_HIGH_PERFORMANCE` instead to enable high performance transfer with Xet. Visit https://huggingface.co/docs/huggingface_hub/package_reference/environment_variables#hfxethighperformance for more details.
  warnings.warn(
= dataset: 2772 kept, 0 dropped overlong, seq len max 1315 mean 1157.5

[1ALoading weights:   0%|          | 0/707 [00:00<?, ?it/s]
[1ALoading weights:   0%|          | 1/707 [00:03<44:39,  3.80s/it]
[1ALoading weights:   0%|          | 2/707 [00:04<26:08,  2.22s/it]
[1ALoading weights:   1%|          | 5/707 [00:05<07:50,  1.49it/s]
[1ALoading weights:   1%|          | 6/707 [00:05<06:18,  1.85it/s]
[1ALoading weights:   2%|▏         | 11/707 [00:05<02:24,  4.81it/s]
[1ALoading weights:   2%|▏         | 15/707 [00:05<01:43,  6.67it/s]
[1ALoading weights:   2%|▏         | 17/707 [00:05<01:31,  7.51it/s]
[1ALoading weights:   3%|▎         | 24/707 [00:05<00:47, 14.25it/s]
[1ALoading weights:   4%|▍         | 28/707 [00:06<00:53, 12.59it/s]
[1ALoading weights:   5%|▍         | 34/707 [00:06<00:37, 18.09it/s]
[1ALoading weights:   5%|▌         | 38/707 [00:06<00:39, 16.92it/s]
[1ALoading weights:   6%|▌         | 41/707 [00:06<00:38, 17.30it/s]
[1ALoading weights:   7%|▋         | 47/707 [00:07<00:33, 19.74it/s]
[1ALoading weights:   7%|▋         | 50/707 [00:07<00:39, 16.66it/s]
[1ALoading weights:   8%|▊         | 55/707 [00:07<00:33, 19.36it/s]
[1ALoading weights:   8%|▊         | 60/707 [00:07<00:39, 16.58it/s]
[1ALoading weights:   9%|▉         | 67/707 [00:08<00:27, 23.14it/s]
[1ALoading weights:  10%|█         | 71/707 [00:08<00:33, 19.15it/s]
[1ALoading weights:  10%|█         | 74/707 [00:08<00:33, 18.65it/s]
[1ALoading weights:  11%|█         | 79/707 [00:08<00:27, 22.70it/s]
[1ALoading weights:  12%|█▏        | 82/707 [00:08<00:32, 19.15it/s]
[1ALoading weights:  12%|█▏        | 85/707 [00:09<00:33, 18.40it/s]
[1ALoading weights:  13%|█▎        | 92/707 [00:09<00:26, 22.84it/s]
[1ALoading weights:  13%|█▎        | 95/707 [00:09<00:34, 17.58it/s]
[1ALoading weights:  14%|█▍        | 101/707 [00:09<00:25, 23.47it/s]
[1ALoading weights:  15%|█▍        | 104/707 [00:10<00:30, 19.55it/s]
[1ALoading weights:  15%|█▌        | 107/707 [00:10<00:31, 18.77it/s]
[1ALoading weights:  16%|█▌        | 114/707 [00:10<00:25, 23.24it/s]
[1ALoading weights:  17%|█▋        | 117/707 [00:10<00:31, 18.45it/s]
[1ALoading weights:  17%|█▋        | 122/707 [00:10<00:25, 23.27it/s]
[1ALoading weights:  18%|█▊        | 125/707 [00:10<00:23, 24.31it/s]
[1ALoading weights:  18%|█▊        | 128/707 [00:11<00:32, 17.68it/s]
[1ALoading weights:  19%|█▉        | 134/707 [00:11<00:23, 24.18it/s]
[1ALoading weights:  20%|█▉        | 138/707 [00:11<00:32, 17.28it/s]
[1ALoading weights:  21%|██        | 145/707 [00:11<00:23, 23.90it/s]
[1ALoading weights:  21%|██        | 149/707 [00:12<00:32, 17.27it/s]
[1ALoading weights:  22%|██▏       | 155/707 [00:12<00:24, 22.60it/s]
[1ALoading weights:  22%|██▏       | 159/707 [00:12<00:32, 16.77it/s]
[1ALoading weights:  24%|██▎       | 167/707 [00:12<00:21, 24.56it/s]
[1ALoading weights:  24%|██▍       | 171/707 [00:13<00:28, 18.70it/s]
[1ALoading weights:  25%|██▌       | 178/707 [00:13<00:21, 24.94it/s]
[1ALoading weights:  26%|██▌       | 182/707 [00:13<00:28, 18.55it/s]
[1ALoading weights:  26%|██▋       | 187/707 [00:14<00:24, 20.88it/s]
[1ALoading weights:  27%|██▋       | 192/707 [00:14<00:29, 17.54it/s]
[1ALoading weights:  28%|██▊       | 201/707 [00:14<00:22, 22.15it/s]
[1ALoading weights:  29%|██▉       | 204/707 [00:14<00:25, 19.40it/s]
[1ALoading weights:  30%|██▉       | 209/707 [00:15<00:22, 22.51it/s]
[1ALoading weights:  30%|███       | 213/707 [00:15<00:19, 24.86it/s]
[1ALoading weights:  31%|███       | 217/707 [00:15<00:24, 19.98it/s]
[1ALoading weights:  31%|███▏      | 222/707 [00:15<00:20, 23.86it/s]
[1ALoading weights:  32%|███▏      | 225/707 [00:15<00:25, 19.21it/s]
[1ALoading weights:  32%|███▏      | 228/707 [00:16<00:25, 19.08it/s]
[1ALoading weights:  33%|███▎      | 233/707 [00:16<00:19, 24.15it/s]
[1ALoading weights:  33%|███▎      | 236/707 [00:16<00:30, 15.56it/s]
[1ALoading weights:  35%|███▍      | 245/707 [00:16<00:21, 21.57it/s]
[1ALoading weights:  35%|███▌      | 248/707 [00:17<00:24, 18.74it/s]
[1ALoading weights:  36%|███▌      | 254/707 [00:17<00:18, 24.68it/s]
[1ALoading weights:  36%|███▋      | 258/707 [00:17<00:21, 21.17it/s]
[1ALoading weights:  37%|███▋      | 261/707 [00:17<00:22, 20.17it/s]
[1ALoading weights:  38%|███▊      | 266/707 [00:17<00:17, 25.02it/s]
[1ALoading weights:  38%|███▊      | 270/707 [00:18<00:24, 17.71it/s]
[1ALoading weights:  39%|███▉      | 277/707 [00:18<00:17, 24.75it/s]
[1ALoading weights:  40%|███▉      | 281/707 [00:18<00:23, 17.93it/s]
[1ALoading weights:  41%|████      | 289/707 [00:18<00:15, 26.27it/s]
[1ALoading weights:  42%|████▏     | 294/707 [00:19<00:20, 20.33it/s]
[1ALoading weights:  42%|████▏     | 299/707 [00:19<00:16, 24.05it/s]
[1ALoading weights:  43%|████▎     | 303/707 [00:19<00:22, 17.83it/s]
[1ALoading weights:  44%|████▎     | 309/707 [00:19<00:17, 22.59it/s]
[1ALoading weights:  44%|████▍     | 313/707 [00:20<00:23, 17.06it/s]
[1ALoading weights:  45%|████▌     | 320/707 [00:20<00:16, 23.59it/s]
[1ALoading weights:  46%|████▌     | 324/707 [00:20<00:18, 20.46it/s]
[1ALoading weights:  46%|████▋     | 328/707 [00:20<00:18, 20.81it/s]
[1ALoading weights:  47%|████▋     | 334/707 [00:20<00:16, 22.86it/s]
[1ALoading weights:  48%|████▊     | 337/707 [00:21<00:20, 18.43it/s]
[1ALoading weights:  49%|████▊     | 343/707 [00:21<00:15, 24.09it/s]
[1ALoading weights:  49%|████▉     | 347/707 [00:21<00:20, 17.66it/s]
[1ALoading weights:  50%|████▉     | 353/707 [00:21<00:15, 22.44it/s]
[1ALoading weights:  50%|█████     | 357/707 [00:22<00:17, 19.80it/s]
[1ALoading weights:  51%|█████     | 360/707 [00:22<00:18, 18.84it/s]
[1ALoading weights:  52%|█████▏    | 365/707 [00:22<00:14, 22.94it/s]
[1ALoading weights:  52%|█████▏    | 368/707 [00:22<00:17, 19.05it/s]
[1ALoading weights:  52%|█████▏    | 371/707 [00:22<00:18, 18.44it/s]
[1ALoading weights:  53%|█████▎    | 378/707 [00:23<00:14, 22.77it/s]
[1ALoading weights:  54%|█████▍    | 381/707 [00:23<00:18, 17.97it/s]
[1ALoading weights:  55%|█████▍    | 387/707 [00:23<00:13, 23.67it/s]
[1ALoading weights:  55%|█████▌    | 390/707 [00:23<00:15, 20.19it/s]
[1ALoading weights:  56%|█████▌    | 393/707 [00:23<00:16, 19.21it/s]
[1ALoading weights:  56%|█████▌    | 396/707 [00:24<00:14, 20.81it/s]
[1ALoading weights:  57%|█████▋    | 400/707 [00:24<00:12, 24.56it/s]
[1ALoading weights:  57%|█████▋    | 403/707 [00:24<00:17, 17.78it/s]
[1ALoading weights:  58%|█████▊    | 407/707 [00:24<00:14, 21.23it/s]
[1ALoading weights:  58%|█████▊    | 411/707 [00:24<00:12, 22.88it/s]
[1ALoading weights:  59%|█████▊    | 414/707 [00:25<00:17, 16.82it/s]
[1ALoading weights:  59%|█████▉    | 420/707 [00:25<00:12, 23.13it/s]
[1ALoading weights:  60%|█████▉    | 423/707 [00:25<00:15, 18.63it/s]
[1ALoading weights:  60%|██████    | 426/707 [00:25<00:15, 18.50it/s]
[1ALoading weights:  61%|██████    | 431/707 [00:25<00:11, 23.48it/s]
[1ALoading weights:  61%|██████▏   | 434/707 [00:26<00:18, 14.58it/s]
[1ALoading weights:  62%|██████▏   | 440/707 [00:26<00:13, 19.88it/s]
[1ALoading weights:  63%|██████▎   | 445/707 [00:26<00:12, 20.62it/s]
[1ALoading weights:  63%|██████▎   | 448/707 [00:26<00:13, 19.83it/s]
[1ALoading weights:  64%|██████▍   | 453/707 [00:26<00:10, 23.82it/s]
[1ALoading weights:  64%|██████▍   | 456/707 [00:27<00:12, 19.60it/s]
[1ALoading weights:  65%|██████▍   | 459/707 [00:27<00:13, 18.70it/s]
[1ALoading weights:  66%|██████▌   | 464/707 [00:27<00:10, 23.60it/s]
[1ALoading weights:  66%|██████▌   | 467/707 [00:27<00:13, 18.36it/s]
[1ALoading weights:  66%|██████▋   | 470/707 [00:27<00:13, 18.07it/s]
[1ALoading weights:  67%|██████▋   | 477/707 [00:28<00:12, 18.33it/s]
[1ALoading weights:  68%|██████▊   | 480/707 [00:28<00:12, 18.37it/s]
[1ALoading weights:  68%|██████▊   | 483/707 [00:28<00:11, 20.13it/s]
[1ALoading weights:  69%|██████▉   | 488/707 [00:28<00:09, 24.28it/s]
[1ALoading weights:  69%|██████▉   | 491/707 [00:28<00:11, 18.06it/s]
[1ALoading weights:  70%|███████   | 497/707 [00:29<00:08, 24.39it/s]
[1ALoading weights:  71%|███████   | 501/707 [00:29<00:12, 16.31it/s]
[1ALoading weights:  72%|███████▏  | 508/707 [00:29<00:08, 23.62it/s]
[1ALoading weights:  72%|███████▏  | 512/707 [00:30<00:11, 16.95it/s]
[1ALoading weights:  73%|███████▎  | 518/707 [00:30<00:08, 22.36it/s]
[1ALoading weights:  74%|███████▍  | 522/707 [00:30<00:09, 19.66it/s]
[1ALoading weights:  74%|███████▍  | 525/707 [00:30<00:09, 19.04it/s]
[1ALoading weights:  75%|███████▍  | 530/707 [00:30<00:07, 23.82it/s]
[1ALoading weights:  76%|███████▌  | 534/707 [00:31<00:10, 16.91it/s]
[1ALoading weights:  77%|███████▋  | 541/707 [00:31<00:06, 24.08it/s]
[1ALoading weights:  77%|███████▋  | 545/707 [00:31<00:09, 17.72it/s]
[1ALoading weights:  78%|███████▊  | 551/707 [00:31<00:06, 22.86it/s]
[1ALoading weights:  79%|███████▊  | 555/707 [00:32<00:07, 19.95it/s]
[1ALoading weights:  79%|███████▉  | 558/707 [00:32<00:07, 19.75it/s]
[1ALoading weights:  79%|███████▉  | 562/707 [00:32<00:06, 23.09it/s]
[1ALoading weights:  80%|████████  | 566/707 [00:32<00:07, 19.60it/s]
[1ALoading weights:  80%|████████  | 569/707 [00:32<00:07, 19.34it/s]
[1ALoading weights:  81%|████████▏ | 575/707 [00:32<00:05, 26.01it/s]
[1ALoading weights:  82%|████████▏ | 579/707 [00:33<00:07, 17.72it/s]
[1ALoading weights:  83%|████████▎ | 586/707 [00:33<00:04, 25.33it/s]
[1ALoading weights:  83%|████████▎ | 590/707 [00:33<00:06, 17.72it/s]
[1ALoading weights:  84%|████████▍ | 596/707 [00:33<00:04, 23.17it/s]
[1ALoading weights:  85%|████████▍ | 600/707 [00:34<00:06, 16.97it/s]
[1ALoading weights:  86%|████████▌ | 606/707 [00:34<00:04, 22.26it/s]
[1ALoading weights:  86%|████████▋ | 610/707 [00:34<00:04, 19.80it/s]
[1ALoading weights:  87%|████████▋ | 613/707 [00:34<00:04, 19.47it/s]
[1ALoading weights:  87%|████████▋ | 616/707 [00:35<00:04, 19.43it/s]
[1ALoading weights:  88%|████████▊ | 621/707 [00:35<00:04, 20.00it/s]
[1ALoading weights:  88%|████████▊ | 624/707 [00:35<00:04, 19.61it/s]
[1ALoading weights:  89%|████████▉ | 628/707 [00:35<00:03, 22.85it/s]
[1ALoading weights:  89%|████████▉ | 631/707 [00:35<00:03, 22.95it/s]
[1ALoading weights:  90%|████████▉ | 634/707 [00:35<00:04, 16.92it/s]
[1ALoading weights:  91%|█████████ | 640/707 [00:36<00:02, 24.29it/s]
[1ALoading weights:  91%|█████████ | 644/707 [00:36<00:04, 15.63it/s]
[1ALoading weights:  92%|█████████▏| 651/707 [00:36<00:02, 20.13it/s]
[1ALoading weights:  93%|█████████▎| 654/707 [00:36<00:02, 20.50it/s]
[1ALoading weights:  93%|█████████▎| 657/707 [00:37<00:02, 19.52it/s]
[1ALoading weights:  93%|█████████▎| 660/707 [00:37<00:02, 19.93it/s]
[1ALoading weights:  94%|█████████▍| 664/707 [00:37<00:01, 23.59it/s]
[1ALoading weights:  94%|█████████▍| 667/707 [00:37<00:02, 17.31it/s]
[1ALoading weights:  95%|█████████▌| 674/707 [00:37<00:01, 26.11it/s]
[1ALoading weights:  96%|█████████▌| 678/707 [00:38<00:01, 17.41it/s]
[1ALoading weights:  97%|█████████▋| 683/707 [00:38<00:01, 21.89it/s]
[1ALoading weights:  97%|█████████▋| 687/707 [00:38<00:01, 19.45it/s]
[1ALoading weights:  98%|█████████▊| 690/707 [00:38<00:00, 18.81it/s]
[1ALoading weights:  98%|█████████▊| 696/707 [00:38<00:00, 21.61it/s]
[1ALoading weights:  99%|█████████▉| 699/707 [00:39<00:00, 17.75it/s]Loading weights: 100%|██████████| 707/707 [00:39<00:00, 17.98it/s]
= model loaded: bf16
[transformers] warmup_ratio is deprecated and will be removed in v5.2. Use `warmup_steps` instead.
[RANK 0] Detected kernel version 4.19.0, which is below the recommended minimum of 5.5.0; this can cause the process to hang. It is recommended to upgrade the kernel to the minimum version or higher.

[1A  0%|          | 0/1041 [00:00<?, ?it/s]
[1A  0%|          | 1/1041 [00:16<4:51:57, 16.84s/it]
[1A                                                  
{'loss': '1.228', 'grad_norm': '1.172', 'learning_rate': '0', 'epoch': '0.002886'}
[1A
[1A  0%|          | 1/1041 [00:16<4:51:57, 16.84s/it]
[1A  0%|          | 2/1041 [00:31<4:25:56, 15.36s/it]
[1A                                                  
{'loss': '1.079', 'grad_norm': '1.07', 'learning_rate': '6.25e-06', 'epoch': '0.005772'}
[1A
[1A  0%|          | 2/1041 [00:31<4:25:56, 15.36s/it]
[1A  0%|          | 3/1041 [00:45<4:14:12, 14.69s/it]
[1A                                                  
{'loss': '1.196', 'grad_norm': '1.024', 'learning_rate': '1.25e-05', 'epoch': '0.008658'}
[1A
[1A  0%|          | 3/1041 [00:45<4:14:12, 14.69s/it]
[1A  0%|          | 4/1041 [00:58<4:08:38, 14.39s/it]
[1A                                                  
{'loss': '1.147', 'grad_norm': '1.305', 'learning_rate': '1.875e-05', 'epoch': '0.01154'}
[1A
[1A  0%|          | 4/1041 [00:58<4:08:38, 14.39s/it]
[1A  0%|          | 5/1041 [01:12<4:05:06, 14.20s/it]
[1A                                                  
{'loss': '1.345', 'grad_norm': '1.305', 'learning_rate': '2.5e-05', 'epoch': '0.01443'}
[1A
[1A  0%|          | 5/1041 [01:12<4:05:06, 14.20s/it]
[1A  1%|          | 6/1041 [01:26<4:01:57, 14.03s/it]
[1A                                                  
{'loss': '1.085', 'grad_norm': '1.184', 'learning_rate': '3.125e-05', 'epoch': '0.01732'}
[1A
[1A  1%|          | 6/1041 [01:26<4:01:57, 14.03s/it]
[1A  1%|          | 7/1041 [01:40<4:00:22, 13.95s/it]
[1A                                                  
{'loss': '1.311', 'grad_norm': '1.419', 'learning_rate': '3.75e-05', 'epoch': '0.0202'}
[1A
[1A  1%|          | 7/1041 [01:40<4:00:22, 13.95s/it]
[1A  1%|          | 8/1041 [01:54<3:59:03, 13.89s/it]
[1A                                                  
{'loss': '1.217', 'grad_norm': '1.274', 'learning_rate': '4.375e-05', 'epoch': '0.02309'}
[1A
[1A  1%|          | 8/1041 [01:54<3:59:03, 13.89s/it]
[1A  1%|          | 9/1041 [02:08<4:01:51, 14.06s/it]
[1A                                                  
{'loss': '1.105', 'grad_norm': '1.172', 'learning_rate': '5e-05', 'epoch': '0.02597'}
[1A
[1A  1%|          | 9/1041 [02:08<4:01:51, 14.06s/it]
[1A  1%|          | 10/1041 [02:22<4:01:15, 14.04s/it]
[1A                                                   
{'loss': '0.9826', 'grad_norm': '1.191', 'learning_rate': '5.625e-05', 'epoch': '0.02886'}
[1A
[1A  1%|          | 10/1041 [02:22<4:01:15, 14.04s/it]
[1A  1%|          | 11/1041 [02:36<3:59:21, 13.94s/it]
[1A                                                   
{'loss': '0.9395', 'grad_norm': '1.206', 'learning_rate': '6.25e-05', 'epoch': '0.03175'}
[1A
[1A  1%|          | 11/1041 [02:36<3:59:21, 13.94s/it]
[1A  1%|          | 12/1041 [02:50<4:00:41, 14.03s/it]
[1A                                                   
{'loss': '0.9114', 'grad_norm': '1.081', 'learning_rate': '6.875e-05', 'epoch': '0.03463'}
[1A
[1A  1%|          | 12/1041 [02:50<4:00:41, 14.03s/it]
[1A  1%|          | 13/1041 [03:04<3:58:03, 13.89s/it]
[1A                                                   
{'loss': '0.804', 'grad_norm': '0.9126', 'learning_rate': '7.5e-05', 'epoch': '0.03752'}
[1A
[1A  1%|          | 13/1041 [03:04<3:58:03, 13.89s/it]
[1A  1%|▏         | 14/1041 [03:18<4:00:11, 14.03s/it]
[1A                                                   
{'loss': '0.7717', 'grad_norm': '0.9488', 'learning_rate': '8.125e-05', 'epoch': '0.0404'}
[1A
[1A  1%|▏         | 14/1041 [03:18<4:00:11, 14.03s/it]
[1A  1%|▏         | 15/1041 [03:32<4:00:17, 14.05s/it]
[1A                                                   
{'loss': '0.632', 'grad_norm': '1.092', 'learning_rate': '8.75e-05', 'epoch': '0.04329'}
[1A
[1A  1%|▏         | 15/1041 [03:32<4:00:17, 14.05s/it]
[1A  2%|▏         | 16/1041 [03:46<4:01:03, 14.11s/it]
[1A                                                   
{'loss': '0.4439', 'grad_norm': '0.7984', 'learning_rate': '9.375e-05', 'epoch': '0.04618'}
[1A
[1A  2%|▏         | 16/1041 [03:46<4:01:03, 14.11s/it]
[1A  2%|▏         | 17/1041 [04:00<3:59:42, 14.04s/it]
[1A                                                   
{'loss': '0.3474', 'grad_norm': '1.141', 'learning_rate': '0.0001', 'epoch': '0.04906'}
[1A
[1A  2%|▏         | 17/1041 [04:00<3:59:42, 14.04s/it]
[1A  2%|▏         | 18/1041 [04:14<3:59:33, 14.05s/it]
[1A                                                   
{'loss': '0.2726', 'grad_norm': '0.9149', 'learning_rate': '0.0001063', 'epoch': '0.05195'}
[1A
[1A  2%|▏         | 18/1041 [04:14<3:59:33, 14.05s/it]
[1A  2%|▏         | 19/1041 [04:29<4:01:41, 14.19s/it]
[1A                                                   
{'loss': '0.2728', 'grad_norm': '0.8769', 'learning_rate': '0.0001125', 'epoch': '0.05483'}
[1A
[1A  2%|▏         | 19/1041 [04:29<4:01:41, 14.19s/it]
[1A  2%|▏         | 20/1041 [04:43<4:01:30, 14.19s/it]
[1A                                                   
{'loss': '0.2667', 'grad_norm': '0.9913', 'learning_rate': '0.0001187', 'epoch': '0.05772'}
[1A
[1A  2%|▏         | 20/1041 [04:43<4:01:30, 14.19s/it]
[1A  2%|▏         | 21/1041 [04:56<3:58:03, 14.00s/it]
[1A                                                   
{'loss': '0.2109', 'grad_norm': '0.6286', 'learning_rate': '0.000125', 'epoch': '0.06061'}
[1A
[1A  2%|▏         | 21/1041 [04:56<3:58:03, 14.00s/it]
[1A  2%|▏         | 22/1041 [05:11<4:01:17, 14.21s/it]
[1A                                                   
{'loss': '0.2537', 'grad_norm': '0.9451', 'learning_rate': '0.0001313', 'epoch': '0.06349'}
[1A
[1A  2%|▏         | 22/1041 [05:11<4:01:17, 14.21s/it]
[1A  2%|▏         | 23/1041 [05:26<4:03:44, 14.37s/it]
[1A                                                   
{'loss': '0.197', 'grad_norm': '0.7353', 'learning_rate': '0.0001375', 'epoch': '0.06638'}
[1A
[1A  2%|▏         | 23/1041 [05:26<4:03:44, 14.37s/it]
[1A  2%|▏         | 24/1041 [05:40<4:03:07, 14.34s/it]
[1A                                                   
{'loss': '0.199', 'grad_norm': '0.5763', 'learning_rate': '0.0001437', 'epoch': '0.06926'}
[1A
[1A  2%|▏         | 24/1041 [05:40<4:03:07, 14.34s/it]
[1A  2%|▏         | 25/1041 [05:54<4:01:44, 14.28s/it]
[1A                                                   
{'loss': '0.1385', 'grad_norm': '0.7433', 'learning_rate': '0.00015', 'epoch': '0.07215'}
[1A
[1A  2%|▏         | 25/1041 [05:54<4:01:44, 14.28s/it]
[1A  2%|▏         | 26/1041 [06:09<4:02:20, 14.33s/it]
[1A                                                   
{'loss': '0.1199', 'grad_norm': '0.7473', 'learning_rate': '0.0001563', 'epoch': '0.07504'}
[1A
[1A  2%|▏         | 26/1041 [06:09<4:02:20, 14.33s/it]
[1A  3%|▎         | 27/1041 [06:23<3:59:19, 14.16s/it]
[1A                                                   
{'loss': '0.03438', 'grad_norm': '0.7833', 'learning_rate': '0.0001625', 'epoch': '0.07792'}
[1A
[1A  3%|▎         | 27/1041 [06:23<3:59:19, 14.16s/it]
[1A  3%|▎         | 28/1041 [06:37<3:59:43, 14.20s/it]
[1A                                                   
{'loss': '0.0997', 'grad_norm': '0.3712', 'learning_rate': '0.0001688', 'epoch': '0.08081'}
[1A
[1A  3%|▎         | 28/1041 [06:37<3:59:43, 14.20s/it]
[1A  3%|▎         | 29/1041 [06:51<3:57:39, 14.09s/it]
[1A                                                   
{'loss': '0.05195', 'grad_norm': '0.4048', 'learning_rate': '0.000175', 'epoch': '0.08369'}
[1A
[1A  3%|▎         | 29/1041 [06:51<3:57:39, 14.09s/it]
[1A  3%|▎         | 30/1041 [07:05<3:56:18, 14.02s/it]
[1A                                                   
{'loss': '0.01691', 'grad_norm': '0.3065', 'learning_rate': '0.0001813', 'epoch': '0.08658'}
[1A
[1A  3%|▎         | 30/1041 [07:05<3:56:18, 14.02s/it]
[1A  3%|▎         | 31/1041 [07:18<3:54:13, 13.91s/it]
[1A                                                   
{'loss': '0.02972', 'grad_norm': '0.8783', 'learning_rate': '0.0001875', 'epoch': '0.08947'}
[1A
[1A  3%|▎         | 31/1041 [07:18<3:54:13, 13.91s/it]
[1A  3%|▎         | 32/1041 [07:33<3:57:55, 14.15s/it]
[1A                                                   
{'loss': '0.09555', 'grad_norm': '1.109', 'learning_rate': '0.0001938', 'epoch': '0.09235'}
[1A
[1A  3%|▎         | 32/1041 [07:33<3:57:55, 14.15s/it]
[1A  3%|▎         | 33/1041 [07:47<3:57:56, 14.16s/it]
[1A                                                   
{'loss': '0.01759', 'grad_norm': '0.3383', 'learning_rate': '0.0002', 'epoch': '0.09524'}
[1A
[1A  3%|▎         | 33/1041 [07:47<3:57:56, 14.16s/it]
[1A  3%|▎         | 34/1041 [08:01<3:56:00, 14.06s/it]
[1A                                                   
{'loss': '0.02453', 'grad_norm': '0.4847', 'learning_rate': '0.0002', 'epoch': '0.09812'}
[1A
[1A  3%|▎         | 34/1041 [08:01<3:56:00, 14.06s/it]
[1A  3%|▎         | 35/1041 [08:15<3:53:53, 13.95s/it]
[1A                                                   
{'loss': '0.07128', 'grad_norm': '0.8211', 'learning_rate': '0.0002', 'epoch': '0.101'}
[1A
[1A  3%|▎         | 35/1041 [08:15<3:53:53, 13.95s/it]
[1A  3%|▎         | 36/1041 [08:30<3:59:15, 14.28s/it]
[1A                                                   
{'loss': '0.06504', 'grad_norm': '2.439', 'learning_rate': '0.0002', 'epoch': '0.1039'}
[1A
[1A  3%|▎         | 36/1041 [08:30<3:59:15, 14.28s/it]
[1A  4%|▎         | 37/1041 [08:43<3:54:06, 13.99s/it]
[1A                                                   
{'loss': '0.04198', 'grad_norm': '0.7344', 'learning_rate': '0.0002', 'epoch': '0.1068'}
[1A
[1A  4%|▎         | 37/1041 [08:43<3:54:06, 13.99s/it]
[1A  4%|▎         | 38/1041 [08:58<3:56:42, 14.16s/it]
[1A                                                   
{'loss': '0.008417', 'grad_norm': '0.2805', 'learning_rate': '0.0002', 'epoch': '0.1097'}
[1A
[1A  4%|▎         | 38/1041 [08:58<3:56:42, 14.16s/it]
[1A  4%|▎         | 39/1041 [09:12<3:56:20, 14.15s/it]
[1A                                                   
{'loss': '0.01118', 'grad_norm': '0.2825', 'learning_rate': '0.0002', 'epoch': '0.1126'}
[1A
[1A  4%|▎         | 39/1041 [09:12<3:56:20, 14.15s/it]
[1A  4%|▍         | 40/1041 [09:26<3:55:42, 14.13s/it]
[1A                                                   
{'loss': '0.006581', 'grad_norm': '0.2066', 'learning_rate': '0.0002', 'epoch': '0.1154'}
[1A
[1A  4%|▍         | 40/1041 [09:26<3:55:42, 14.13s/it]
[1A  4%|▍         | 41/1041 [09:40<3:55:46, 14.15s/it]
[1A                                                   
{'loss': '0.03782', 'grad_norm': '0.5678', 'learning_rate': '0.0002', 'epoch': '0.1183'}
[1A
[1A  4%|▍         | 41/1041 [09:40<3:55:46, 14.15s/it]
[1A  4%|▍         | 42/1041 [09:54<3:55:09, 14.12s/it]
[1A                                                   
{'loss': '0.01327', 'grad_norm': '0.3573', 'learning_rate': '0.0002', 'epoch': '0.1212'}
[1A
[1A  4%|▍         | 42/1041 [09:54<3:55:09, 14.12s/it]
[1A  4%|▍         | 43/1041 [10:09<3:57:16, 14.27s/it]
[1A                                                   
{'loss': '0.009563', 'grad_norm': '0.1525', 'learning_rate': '0.0002', 'epoch': '0.1241'}
[1A
[1A  4%|▍         | 43/1041 [10:09<3:57:16, 14.27s/it]
[1A  4%|▍         | 44/1041 [10:23<3:56:41, 14.24s/it]
[1A                                                   
{'loss': '0.02704', 'grad_norm': '0.2538', 'learning_rate': '0.0001999', 'epoch': '0.127'}
[1A
[1A  4%|▍         | 44/1041 [10:23<3:56:41, 14.24s/it]
[1A  4%|▍         | 45/1041 [10:37<3:57:34, 14.31s/it]
[1A                                                   
{'loss': '0.02013', 'grad_norm': '0.441', 'learning_rate': '0.0001999', 'epoch': '0.1299'}
[1A
[1A  4%|▍         | 45/1041 [10:37<3:57:34, 14.31s/it]
[1A  4%|▍         | 46/1041 [10:50<3:50:42, 13.91s/it]
[1A                                                   
{'loss': '0.005697', 'grad_norm': '0.2701', 'learning_rate': '0.0001999', 'epoch': '0.1328'}
[1A
[1A  4%|▍         | 46/1041 [10:50<3:50:42, 13.91s/it]
[1A  5%|▍         | 47/1041 [11:05<3:53:17, 14.08s/it]
[1A                                                   
{'loss': '0.0209', 'grad_norm': '0.2622', 'learning_rate': '0.0001999', 'epoch': '0.1356'}
[1A
[1A  5%|▍         | 47/1041 [11:05<3:53:17, 14.08s/it]
[1A  5%|▍         | 48/1041 [11:19<3:51:48, 14.01s/it]
[1A                                                   
{'loss': '0.003006', 'grad_norm': '0.0674', 'learning_rate': '0.0001999', 'epoch': '0.1385'}
[1A
[1A  5%|▍         | 48/1041 [11:19<3:51:48, 14.01s/it]
[1A  5%|▍         | 49/1041 [11:32<3:51:17, 13.99s/it]
[1A                                                   
{'loss': '0.003387', 'grad_norm': '0.07682', 'learning_rate': '0.0001999', 'epoch': '0.1414'}
[1A
[1A  5%|▍         | 49/1041 [11:32<3:51:17, 13.99s/it]
[1A  5%|▍         | 50/1041 [11:47<3:51:55, 14.04s/it]
[1A                                                   
{'loss': '0.007126', 'grad_norm': '0.1393', 'learning_rate': '0.0001999', 'epoch': '0.1443'}
[1A
[1A  5%|▍         | 50/1041 [11:47<3:51:55, 14.04s/it]
[1A  5%|▍         | 51/1041 [12:01<3:54:09, 14.19s/it]
[1A                                                   
{'loss': '0.01637', 'grad_norm': '0.2012', 'learning_rate': '0.0001998', 'epoch': '0.1472'}
[1A
[1A  5%|▍         | 51/1041 [12:01<3:54:09, 14.19s/it]
[1A  5%|▍         | 52/1041 [12:15<3:53:25, 14.16s/it]
[1A                                                   
{'loss': '0.02523', 'grad_norm': '0.9656', 'learning_rate': '0.0001998', 'epoch': '0.1501'}
[1A
[1A  5%|▍         | 52/1041 [12:15<3:53:25, 14.16s/it]
[1A  5%|▌         | 53/1041 [12:29<3:52:55, 14.15s/it]
[1A                                                   
{'loss': '0.002928', 'grad_norm': '0.04413', 'learning_rate': '0.0001998', 'epoch': '0.153'}
[1A
[1A  5%|▌         | 53/1041 [12:29<3:52:55, 14.15s/it]
[1A  5%|▌         | 54/1041 [12:43<3:49:59, 13.98s/it]
[1A                                                   
{'loss': '0.003445', 'grad_norm': '0.08569', 'learning_rate': '0.0001998', 'epoch': '0.1558'}
[1A
[1A  5%|▌         | 54/1041 [12:43<3:49:59, 13.98s/it]
[1A  5%|▌         | 55/1041 [12:56<3:46:56, 13.81s/it]
[1A                                                   
{'loss': '0.003269', 'grad_norm': '0.07041', 'learning_rate': '0.0001998', 'epoch': '0.1587'}
[1A
[1A  5%|▌         | 55/1041 [12:56<3:46:56, 13.81s/it]
[1A  5%|▌         | 56/1041 [13:10<3:44:48, 13.69s/it]
[1A                                                   
{'loss': '0.004141', 'grad_norm': '0.1501', 'learning_rate': '0.0001997', 'epoch': '0.1616'}
[1A
[1A  5%|▌         | 56/1041 [13:10<3:44:48, 13.69s/it]
[1A  5%|▌         | 57/1041 [13:23<3:43:32, 13.63s/it]
[1A                                                   
{'loss': '0.002227', 'grad_norm': '0.05763', 'learning_rate': '0.0001997', 'epoch': '0.1645'}
[1A
[1A  5%|▌         | 57/1041 [13:23<3:43:32, 13.63s/it]
[1A  6%|▌         | 58/1041 [13:37<3:44:35, 13.71s/it]
[1A                                                   
{'loss': '0.001526', 'grad_norm': '0.02956', 'learning_rate': '0.0001997', 'epoch': '0.1674'}
[1A
[1A  6%|▌         | 58/1041 [13:37<3:44:35, 13.71s/it]
[1A  6%|▌         | 59/1041 [13:51<3:47:14, 13.88s/it]
[1A                                                   
{'loss': '0.0438', 'grad_norm': '0.3586', 'learning_rate': '0.0001997', 'epoch': '0.1703'}
[1A
[1A  6%|▌         | 59/1041 [13:51<3:47:14, 13.88s/it]
[1A  6%|▌         | 60/1041 [14:05<3:46:25, 13.85s/it]
[1A                                                   
{'loss': '0.01191', 'grad_norm': '0.2953', 'learning_rate': '0.0001996', 'epoch': '0.1732'}
[1A
[1A  6%|▌         | 60/1041 [14:05<3:46:25, 13.85s/it]
[1A  6%|▌         | 61/1041 [14:19<3:46:23, 13.86s/it]
[1A                                                   
{'loss': '0.000725', 'grad_norm': '0.02378', 'learning_rate': '0.0001996', 'epoch': '0.176'}
[1A
[1A  6%|▌         | 61/1041 [14:19<3:46:23, 13.86s/it]
[1A  6%|▌         | 62/1041 [14:33<3:48:02, 13.98s/it]
[1A                                                   
{'loss': '0.02317', 'grad_norm': '0.8826', 'learning_rate': '0.0001996', 'epoch': '0.1789'}
[1A
[1A  6%|▌         | 62/1041 [14:33<3:48:02, 13.98s/it]
[1A  6%|▌         | 63/1041 [14:48<3:50:40, 14.15s/it]
[1A                                                   
{'loss': '0.004056', 'grad_norm': '0.08026', 'learning_rate': '0.0001996', 'epoch': '0.1818'}
[1A
[1A  6%|▌         | 63/1041 [14:48<3:50:40, 14.15s/it]
[1A  6%|▌         | 64/1041 [15:02<3:48:46, 14.05s/it]
[1A                                                   
{'loss': '0.004192', 'grad_norm': '0.2969', 'learning_rate': '0.0001995', 'epoch': '0.1847'}
[1A
[1A  6%|▌         | 64/1041 [15:02<3:48:46, 14.05s/it]
[1A  6%|▌         | 65/1041 [15:15<3:45:10, 13.84s/it]
[1A                                                   
{'loss': '0.002275', 'grad_norm': '0.07551', 'learning_rate': '0.0001995', 'epoch': '0.1876'}
[1A
[1A  6%|▌         | 65/1041 [15:15<3:45:10, 13.84s/it]
[1A  6%|▋         | 66/1041 [15:29<3:47:24, 13.99s/it]
[1A                                                   
{'loss': '0.005239', 'grad_norm': '0.1453', 'learning_rate': '0.0001995', 'epoch': '0.1905'}
[1A
[1A  6%|▋         | 66/1041 [15:29<3:47:24, 13.99s/it]
[1A  6%|▋         | 67/1041 [15:43<3:45:43, 13.90s/it]
[1A                                                   
{'loss': '0.002934', 'grad_norm': '0.1039', 'learning_rate': '0.0001994', 'epoch': '0.1934'}
[1A
[1A  6%|▋         | 67/1041 [15:43<3:45:43, 13.90s/it]
[1A  7%|▋         | 68/1041 [15:57<3:47:14, 14.01s/it]
[1A                                                   
{'loss': '0.00264', 'grad_norm': '0.104', 'learning_rate': '0.0001994', 'epoch': '0.1962'}
[1A
[1A  7%|▋         | 68/1041 [15:57<3:47:14, 14.01s/it]
[1A  7%|▋         | 69/1041 [16:11<3:47:16, 14.03s/it]
[1A                                                   
{'loss': '0.0002866', 'grad_norm': '0.005388', 'learning_rate': '0.0001994', 'epoch': '0.1991'}
[1A
[1A  7%|▋         | 69/1041 [16:11<3:47:16, 14.03s/it]
[1A  7%|▋         | 70/1041 [16:25<3:43:41, 13.82s/it]
[1A                                                   
{'loss': '0.0003061', 'grad_norm': '0.007788', 'learning_rate': '0.0001993', 'epoch': '0.202'}
[1A
[1A  7%|▋         | 70/1041 [16:25<3:43:41, 13.82s/it]
[1A  7%|▋         | 71/1041 [16:39<3:43:13, 13.81s/it]
[1A                                                   
{'loss': '0.0009994', 'grad_norm': '0.06618', 'learning_rate': '0.0001993', 'epoch': '0.2049'}
[1A
[1A  7%|▋         | 71/1041 [16:39<3:43:13, 13.81s/it]
[1A  7%|▋         | 72/1041 [16:53<3:46:03, 14.00s/it]
[1A                                                   
{'loss': '0.009947', 'grad_norm': '0.259', 'learning_rate': '0.0001993', 'epoch': '0.2078'}
[1A
[1A  7%|▋         | 72/1041 [16:53<3:46:03, 14.00s/it]
[1A  7%|▋         | 73/1041 [17:07<3:46:31, 14.04s/it]
[1A                                                   
{'loss': '0.003341', 'grad_norm': '0.2142', 'learning_rate': '0.0001992', 'epoch': '0.2107'}
[1A
[1A  7%|▋         | 73/1041 [17:07<3:46:31, 14.04s/it]
[1A  7%|▋         | 74/1041 [17:21<3:47:01, 14.09s/it]
[1A                                                   
{'loss': '0.000894', 'grad_norm': '0.0138', 'learning_rate': '0.0001992', 'epoch': '0.2136'}
[1A
[1A  7%|▋         | 74/1041 [17:21<3:47:01, 14.09s/it]
[1A  7%|▋         | 75/1041 [17:36<3:49:56, 14.28s/it]
[1A                                                   
{'loss': '0.01317', 'grad_norm': '0.1606', 'learning_rate': '0.0001991', 'epoch': '0.2165'}
[1A
[1A  7%|▋         | 75/1041 [17:36<3:49:56, 14.28s/it]
[1A  7%|▋         | 76/1041 [17:50<3:48:26, 14.20s/it]
[1A                                                   
{'loss': '0.003805', 'grad_norm': '0.2099', 'learning_rate': '0.0001991', 'epoch': '0.2193'}
[1A
[1A  7%|▋         | 76/1041 [17:50<3:48:26, 14.20s/it]
[1A  7%|▋         | 77/1041 [18:05<3:49:46, 14.30s/it]
[1A                                                   
{'loss': '0.001416', 'grad_norm': '0.06743', 'learning_rate': '0.0001991', 'epoch': '0.2222'}
[1A
[1A  7%|▋         | 77/1041 [18:05<3:49:46, 14.30s/it]
[1A  7%|▋         | 78/1041 [18:19<3:47:21, 14.17s/it]
[1A                                                   
{'loss': '0.001933', 'grad_norm': '0.09112', 'learning_rate': '0.000199', 'epoch': '0.2251'}
[1A
[1A  7%|▋         | 78/1041 [18:19<3:47:21, 14.17s/it]
[1A  8%|▊         | 79/1041 [18:34<3:51:04, 14.41s/it]
[1A                                                   
{'loss': '0.001541', 'grad_norm': '0.05177', 'learning_rate': '0.000199', 'epoch': '0.228'}
[1A
[1A  8%|▊         | 79/1041 [18:34<3:51:04, 14.41s/it]
[1A  8%|▊         | 80/1041 [18:47<3:44:05, 13.99s/it]
[1A                                                   
{'loss': '8.905e-05', 'grad_norm': '0.001446', 'learning_rate': '0.0001989', 'epoch': '0.2309'}
[1A
[1A  8%|▊         | 80/1041 [18:47<3:44:05, 13.99s/it]
[1A  8%|▊         | 81/1041 [19:01<3:47:35, 14.22s/it]
[1A                                                   
{'loss': '0.0005661', 'grad_norm': '0.02438', 'learning_rate': '0.0001989', 'epoch': '0.2338'}
[1A
[1A  8%|▊         | 81/1041 [19:01<3:47:35, 14.22s/it]
[1A  8%|▊         | 82/1041 [19:16<3:49:22, 14.35s/it]
[1A                                                   
{'loss': '0.0008646', 'grad_norm': '0.02694', 'learning_rate': '0.0001988', 'epoch': '0.2367'}
[1A
[1A  8%|▊         | 82/1041 [19:16<3:49:22, 14.35s/it]
[1A  8%|▊         | 83/1041 [19:30<3:47:18, 14.24s/it]
[1A                                                   
{'loss': '0.02511', 'grad_norm': '0.2115', 'learning_rate': '0.0001988', 'epoch': '0.2395'}
[1A
[1A  8%|▊         | 83/1041 [19:30<3:47:18, 14.24s/it]
[1A  8%|▊         | 84/1041 [19:44<3:46:55, 14.23s/it]
[1A                                                   
{'loss': '0.0002325', 'grad_norm': '0.01064', 'learning_rate': '0.0001987', 'epoch': '0.2424'}
[1A
[1A  8%|▊         | 84/1041 [19:44<3:46:55, 14.23s/it]
[1A  8%|▊         | 85/1041 [19:59<3:48:38, 14.35s/it]
[1A                                                   
{'loss': '0.004508', 'grad_norm': '0.07489', 'learning_rate': '0.0001987', 'epoch': '0.2453'}
[1A
[1A  8%|▊         | 85/1041 [19:59<3:48:38, 14.35s/it]
[1A  8%|▊         | 86/1041 [20:13<3:47:21, 14.28s/it]
[1A                                                   
{'loss': '0.006783', 'grad_norm': '0.29', 'learning_rate': '0.0001986', 'epoch': '0.2482'}
[1A
[1A  8%|▊         | 86/1041 [20:13<3:47:21, 14.28s/it]
[1A  8%|▊         | 87/1041 [20:28<3:49:05, 14.41s/it]
[1A                                                   
{'loss': '0.0003678', 'grad_norm': '0.008486', 'learning_rate': '0.0001986', 'epoch': '0.2511'}
[1A
[1A  8%|▊         | 87/1041 [20:28<3:49:05, 14.41s/it]
[1A  8%|▊         | 88/1041 [20:41<3:44:20, 14.12s/it]
[1A                                                   
{'loss': '0.0003188', 'grad_norm': '0.0141', 'learning_rate': '0.0001985', 'epoch': '0.254'}
[1A
[1A  8%|▊         | 88/1041 [20:41<3:44:20, 14.12s/it]
[1A  9%|▊         | 89/1041 [20:55<3:43:58, 14.12s/it]
[1A                                                   
{'loss': '0.003024', 'grad_norm': '0.08221', 'learning_rate': '0.0001985', 'epoch': '0.2569'}
[1A
[1A  9%|▊         | 89/1041 [20:55<3:43:58, 14.12s/it]
[1A  9%|▊         | 90/1041 [21:09<3:42:37, 14.05s/it]
[1A                                                   
{'loss': '0.0009152', 'grad_norm': '0.03607', 'learning_rate': '0.0001984', 'epoch': '0.2597'}
[1A
[1A  9%|▊         | 90/1041 [21:09<3:42:37, 14.05s/it]
[1A  9%|▊         | 91/1041 [21:23<3:44:00, 14.15s/it]
[1A                                                   
{'loss': '0.0005298', 'grad_norm': '0.01311', 'learning_rate': '0.0001984', 'epoch': '0.2626'}
[1A
[1A  9%|▊         | 91/1041 [21:23<3:44:00, 14.15s/it]
[1A  9%|▉         | 92/1041 [21:37<3:39:02, 13.85s/it]
[1A                                                   
{'loss': '0.002041', 'grad_norm': '0.1077', 'learning_rate': '0.0001983', 'epoch': '0.2655'}
[1A
[1A  9%|▉         | 92/1041 [21:37<3:39:02, 13.85s/it]
[1A  9%|▉         | 93/1041 [21:51<3:41:01, 13.99s/it]
[1A                                                   
{'loss': '0.002058', 'grad_norm': '0.1107', 'learning_rate': '0.0001983', 'epoch': '0.2684'}
[1A
[1A  9%|▉         | 93/1041 [21:51<3:41:01, 13.99s/it]
[1A  9%|▉         | 94/1041 [22:05<3:40:14, 13.95s/it]
[1A                                                   
{'loss': '0.002127', 'grad_norm': '0.1154', 'learning_rate': '0.0001982', 'epoch': '0.2713'}
[1A
[1A  9%|▉         | 94/1041 [22:05<3:40:14, 13.95s/it]
[1A  9%|▉         | 95/1041 [22:19<3:42:12, 14.09s/it]
[1A                                                   
{'loss': '0.005549', 'grad_norm': '0.2675', 'learning_rate': '0.0001981', 'epoch': '0.2742'}
[1A
[1A  9%|▉         | 95/1041 [22:19<3:42:12, 14.09s/it]
[1A  9%|▉         | 96/1041 [22:33<3:41:51, 14.09s/it]
[1A                                                   
{'loss': '0.0003588', 'grad_norm': '0.01225', 'learning_rate': '0.0001981', 'epoch': '0.2771'}
[1A
[1A  9%|▉         | 96/1041 [22:33<3:41:51, 14.09s/it]
[1A  9%|▉         | 97/1041 [22:46<3:36:38, 13.77s/it]
[1A                                                   
{'loss': '7.095e-05', 'grad_norm': '0.001611', 'learning_rate': '0.000198', 'epoch': '0.2799'}
[1A
[1A  9%|▉         | 97/1041 [22:46<3:36:38, 13.77s/it]
[1A  9%|▉         | 98/1041 [23:00<3:36:59, 13.81s/it]
[1A                                                   
{'loss': '0.0005482', 'grad_norm': '0.02428', 'learning_rate': '0.000198', 'epoch': '0.2828'}
[1A
[1A  9%|▉         | 98/1041 [23:00<3:36:59, 13.81s/it]
[1A 10%|▉         | 99/1041 [23:14<3:38:17, 13.90s/it]
[1A                                                   
{'loss': '0.0001004', 'grad_norm': '0.001177', 'learning_rate': '0.0001979', 'epoch': '0.2857'}
[1A
[1A 10%|▉         | 99/1041 [23:14<3:38:17, 13.90s/it]
[1A 10%|▉         | 100/1041 [23:35<4:08:08, 15.82s/it]
[1A                                                    
{'loss': '2.806e-05', 'grad_norm': '0.0003878', 'learning_rate': '0.0001978', 'epoch': '0.2886'}
[1A
[1A 10%|▉         | 100/1041 [23:35<4:08:08, 15.82s/it]
[1A 10%|▉         | 101/1041 [23:49<3:59:40, 15.30s/it]
[1A                                                    
{'loss': '0.03518', 'grad_norm': '1.212', 'learning_rate': '0.0001978', 'epoch': '0.2915'}
[1A
[1A 10%|▉         | 101/1041 [23:49<3:59:40, 15.30s/it]
[1A 10%|▉         | 102/1041 [24:03<3:53:56, 14.95s/it]
[1A                                                    
{'loss': '0.007985', 'grad_norm': '0.422', 'learning_rate': '0.0001977', 'epoch': '0.2944'}
[1A
[1A 10%|▉         | 102/1041 [24:03<3:53:56, 14.95s/it]
[1A 10%|▉         | 103/1041 [24:16<3:47:15, 14.54s/it]
[1A                                                    
{'loss': '0.000499', 'grad_norm': '0.02281', 'learning_rate': '0.0001976', 'epoch': '0.2973'}
[1A
[1A 10%|▉         | 103/1041 [24:16<3:47:15, 14.54s/it]
[1A 10%|▉         | 104/1041 [24:31<3:45:34, 14.44s/it]
[1A                                                    
{'loss': '0.01453', 'grad_norm': '0.3726', 'learning_rate': '0.0001976', 'epoch': '0.3001'}
[1A
[1A 10%|▉         | 104/1041 [24:31<3:45:34, 14.44s/it]
[1A 10%|█         | 105/1041 [24:44<3:42:46, 14.28s/it]
[1A                                                    
{'loss': '0.000778', 'grad_norm': '0.03319', 'learning_rate': '0.0001975', 'epoch': '0.303'}
[1A
[1A 10%|█         | 105/1041 [24:44<3:42:46, 14.28s/it]
[1A 10%|█         | 106/1041 [24:59<3:41:59, 14.25s/it]
[1A                                                    
{'loss': '0.0002198', 'grad_norm': '0.004294', 'learning_rate': '0.0001974', 'epoch': '0.3059'}
[1A
[1A 10%|█         | 106/1041 [24:59<3:41:59, 14.25s/it]
[1A 10%|█         | 107/1041 [25:12<3:38:45, 14.05s/it]
[1A                                                    
{'loss': '0.0007002', 'grad_norm': '0.06946', 'learning_rate': '0.0001974', 'epoch': '0.3088'}
[1A
[1A 10%|█         | 107/1041 [25:12<3:38:45, 14.05s/it]
[1A 10%|█         | 108/1041 [25:26<3:39:08, 14.09s/it]
[1A                                                    
{'loss': '0.002', 'grad_norm': '0.1082', 'learning_rate': '0.0001973', 'epoch': '0.3117'}
[1A
[1A 10%|█         | 108/1041 [25:26<3:39:08, 14.09s/it]
[1A 10%|█         | 109/1041 [25:41<3:38:58, 14.10s/it]
[1A                                                    
{'loss': '0.000138', 'grad_norm': '0.002111', 'learning_rate': '0.0001972', 'epoch': '0.3146'}
[1A
[1A 10%|█         | 109/1041 [25:41<3:38:58, 14.10s/it]
[1A 11%|█         | 110/1041 [25:55<3:38:30, 14.08s/it]
[1A                                                    
{'loss': '0.001173', 'grad_norm': '0.02675', 'learning_rate': '0.0001971', 'epoch': '0.3175'}
[1A
[1A 11%|█         | 110/1041 [25:55<3:38:30, 14.08s/it]
[1A 11%|█         | 111/1041 [26:09<3:40:49, 14.25s/it]
[1A                                                    
{'loss': '0.003193', 'grad_norm': '0.09032', 'learning_rate': '0.0001971', 'epoch': '0.3203'}
[1A
[1A 11%|█         | 111/1041 [26:09<3:40:49, 14.25s/it]
[1A 11%|█         | 112/1041 [26:23<3:36:47, 14.00s/it]
[1A                                                    
{'loss': '0.0001772', 'grad_norm': '0.006559', 'learning_rate': '0.000197', 'epoch': '0.3232'}
[1A
[1A 11%|█         | 112/1041 [26:23<3:36:47, 14.00s/it]
[1A 11%|█         | 113/1041 [26:37<3:38:14, 14.11s/it]
[1A                                                    
{'loss': '0.002867', 'grad_norm': '0.1153', 'learning_rate': '0.0001969', 'epoch': '0.3261'}
[1A
[1A 11%|█         | 113/1041 [26:37<3:38:14, 14.11s/it]
[1A 11%|█         | 114/1041 [26:51<3:38:42, 14.16s/it]
[1A                                                    
{'loss': '0.004825', 'grad_norm': '0.1495', 'learning_rate': '0.0001968', 'epoch': '0.329'}
[1A
[1A 11%|█         | 114/1041 [26:51<3:38:42, 14.16s/it]
[1A 11%|█         | 115/1041 [27:06<3:39:52, 14.25s/it]
[1A                                                    
{'loss': '0.001638', 'grad_norm': '0.05485', 'learning_rate': '0.0001968', 'epoch': '0.3319'}
[1A
[1A 11%|█         | 115/1041 [27:06<3:39:52, 14.25s/it]
[1A 11%|█         | 116/1041 [27:20<3:40:08, 14.28s/it]
[1A                                                    
{'loss': '0.001514', 'grad_norm': '0.03289', 'learning_rate': '0.0001967', 'epoch': '0.3348'}
[1A
[1A 11%|█         | 116/1041 [27:20<3:40:08, 14.28s/it]
[1A 11%|█         | 117/1041 [27:34<3:39:28, 14.25s/it]
[1A                                                    
{'loss': '0.001126', 'grad_norm': '0.05431', 'learning_rate': '0.0001966', 'epoch': '0.3377'}
[1A
[1A 11%|█         | 117/1041 [27:34<3:39:28, 14.25s/it]
[1A 11%|█▏        | 118/1041 [27:48<3:36:59, 14.11s/it]
[1A                                                    
{'loss': '0.0002224', 'grad_norm': '0.005818', 'learning_rate': '0.0001965', 'epoch': '0.3405'}
[1A
[1A 11%|█▏        | 118/1041 [27:48<3:36:59, 14.11s/it]
[1A 11%|█▏        | 119/1041 [28:02<3:37:17, 14.14s/it]
[1A                                                    
{'loss': '0.005363', 'grad_norm': '0.1486', 'learning_rate': '0.0001964', 'epoch': '0.3434'}
[1A
[1A 11%|█▏        | 119/1041 [28:02<3:37:17, 14.14s/it]
[1A 12%|█▏        | 120/1041 [28:17<3:38:21, 14.23s/it]
[1A                                                    
{'loss': '0.000893', 'grad_norm': '0.06797', 'learning_rate': '0.0001964', 'epoch': '0.3463'}
[1A
[1A 12%|█▏        | 120/1041 [28:17<3:38:21, 14.23s/it]
[1A 12%|█▏        | 121/1041 [28:31<3:39:39, 14.33s/it]
[1A                                                    
{'loss': '0.001712', 'grad_norm': '0.199', 'learning_rate': '0.0001963', 'epoch': '0.3492'}
[1A
[1A 12%|█▏        | 121/1041 [28:31<3:39:39, 14.33s/it]
[1A 12%|█▏        | 122/1041 [28:46<3:39:23, 14.32s/it]
[1A                                                    
{'loss': '0.0007258', 'grad_norm': '0.02597', 'learning_rate': '0.0001962', 'epoch': '0.3521'}
[1A
[1A 12%|█▏        | 122/1041 [28:46<3:39:23, 14.32s/it]
[1A 12%|█▏        | 123/1041 [29:00<3:37:41, 14.23s/it]
[1A                                                    
{'loss': '0.0003008', 'grad_norm': '0.007948', 'learning_rate': '0.0001961', 'epoch': '0.355'}
[1A
[1A 12%|█▏        | 123/1041 [29:00<3:37:41, 14.23s/it]
[1A 12%|█▏        | 124/1041 [29:13<3:36:04, 14.14s/it]
[1A                                                    
{'loss': '0.0002071', 'grad_norm': '0.005915', 'learning_rate': '0.000196', 'epoch': '0.3579'}
[1A
[1A 12%|█▏        | 124/1041 [29:13<3:36:04, 14.14s/it]
[1A 12%|█▏        | 125/1041 [29:28<3:36:21, 14.17s/it]
[1A                                                    
{'loss': '0.001222', 'grad_norm': '0.1348', 'learning_rate': '0.0001959', 'epoch': '0.3608'}
[1A
[1A 12%|█▏        | 125/1041 [29:28<3:36:21, 14.17s/it]
[1A 12%|█▏        | 126/1041 [29:42<3:35:14, 14.11s/it]
[1A                                                    
{'loss': '0.0009455', 'grad_norm': '0.03558', 'learning_rate': '0.0001958', 'epoch': '0.3636'}
[1A
[1A 12%|█▏        | 126/1041 [29:42<3:35:14, 14.11s/it]
[1A 12%|█▏        | 127/1041 [29:56<3:36:36, 14.22s/it]
[1A                                                    
{'loss': '0.0001984', 'grad_norm': '0.01148', 'learning_rate': '0.0001957', 'epoch': '0.3665'}
[1A
[1A 12%|█▏        | 127/1041 [29:56<3:36:36, 14.22s/it]
[1A 12%|█▏        | 128/1041 [30:10<3:35:47, 14.18s/it]
[1A                                                    
{'loss': '0.003477', 'grad_norm': '0.1673', 'learning_rate': '0.0001957', 'epoch': '0.3694'}
[1A
[1A 12%|█▏        | 128/1041 [30:10<3:35:47, 14.18s/it]
[1A 12%|█▏        | 129/1041 [30:25<3:38:17, 14.36s/it]
[1A                                                    
{'loss': '0.0002854', 'grad_norm': '0.01091', 'learning_rate': '0.0001956', 'epoch': '0.3723'}
[1A
[1A 12%|█▏        | 129/1041 [30:25<3:38:17, 14.36s/it]
[1A 12%|█▏        | 130/1041 [30:38<3:32:22, 13.99s/it]
[1A                                                    
{'loss': '1.41e-05', 'grad_norm': '0.0002166', 'learning_rate': '0.0001955', 'epoch': '0.3752'}
[1A
[1A 12%|█▏        | 130/1041 [30:38<3:32:22, 13.99s/it]
[1A 13%|█▎        | 131/1041 [30:52<3:31:07, 13.92s/it]
[1A                                                    
{'loss': '0.0001298', 'grad_norm': '0.006338', 'learning_rate': '0.0001954', 'epoch': '0.3781'}
[1A
[1A 13%|█▎        | 131/1041 [30:52<3:31:07, 13.92s/it]
[1A 13%|█▎        | 132/1041 [31:06<3:32:23, 14.02s/it]
[1A                                                    
{'loss': '0.000459', 'grad_norm': '0.0407', 'learning_rate': '0.0001953', 'epoch': '0.381'}
[1A
[1A 13%|█▎        | 132/1041 [31:06<3:32:23, 14.02s/it]
[1A 13%|█▎        | 133/1041 [31:20<3:31:06, 13.95s/it]
[1A                                                    
{'loss': '0.0001645', 'grad_norm': '0.005709', 'learning_rate': '0.0001952', 'epoch': '0.3838'}
[1A
[1A 13%|█▎        | 133/1041 [31:20<3:31:06, 13.95s/it]
[1A 13%|█▎        | 134/1041 [31:34<3:30:27, 13.92s/it]
[1A                                                    
{'loss': '0.0002152', 'grad_norm': '0.01201', 'learning_rate': '0.0001951', 'epoch': '0.3867'}
[1A
[1A 13%|█▎        | 134/1041 [31:34<3:30:27, 13.92s/it]
[1A 13%|█▎        | 135/1041 [31:48<3:30:19, 13.93s/it]
[1A                                                    
{'loss': '0.01173', 'grad_norm': '0.3597', 'learning_rate': '0.000195', 'epoch': '0.3896'}
[1A
[1A 13%|█▎        | 135/1041 [31:48<3:30:19, 13.93s/it]
[1A 13%|█▎        | 136/1041 [32:02<3:30:20, 13.95s/it]
[1A                                                    
{'loss': '2.029e-05', 'grad_norm': '0.0003767', 'learning_rate': '0.0001949', 'epoch': '0.3925'}
[1A
[1A 13%|█▎        | 136/1041 [32:02<3:30:20, 13.95s/it]
[1A 13%|█▎        | 137/1041 [32:16<3:31:20, 14.03s/it]
[1A                                                    
{'loss': '1.492e-05', 'grad_norm': '0.0002648', 'learning_rate': '0.0001948', 'epoch': '0.3954'}
[1A
[1A 13%|█▎        | 137/1041 [32:16<3:31:20, 14.03s/it]
[1A 13%|█▎        | 138/1041 [32:30<3:33:05, 14.16s/it]
[1A                                                    
{'loss': '2.711e-05', 'grad_norm': '0.000448', 'learning_rate': '0.0001947', 'epoch': '0.3983'}
[1A
[1A 13%|█▎        | 138/1041 [32:30<3:33:05, 14.16s/it]
[1A 13%|█▎        | 139/1041 [32:44<3:31:41, 14.08s/it]
[1A                                                    
{'loss': '7.654e-05', 'grad_norm': '0.001879', 'learning_rate': '0.0001946', 'epoch': '0.4012'}
[1A
[1A 13%|█▎        | 139/1041 [32:44<3:31:41, 14.08s/it]
[1A 13%|█▎        | 140/1041 [32:59<3:32:52, 14.18s/it]
[1A                                                    
{'loss': '0.0001169', 'grad_norm': '0.00705', 'learning_rate': '0.0001945', 'epoch': '0.404'}
[1A
[1A 13%|█▎        | 140/1041 [32:59<3:32:52, 14.18s/it]
[1A 14%|█▎        | 141/1041 [33:13<3:31:28, 14.10s/it]
[1A                                                    
{'loss': '0.004143', 'grad_norm': '0.2075', 'learning_rate': '0.0001944', 'epoch': '0.4069'}
[1A
[1A 14%|█▎        | 141/1041 [33:13<3:31:28, 14.10s/it]
[1A 14%|█▎        | 142/1041 [33:27<3:32:51, 14.21s/it]
[1A                                                    
{'loss': '0.000544', 'grad_norm': '0.06268', 'learning_rate': '0.0001943', 'epoch': '0.4098'}
[1A
[1A 14%|█▎        | 142/1041 [33:27<3:32:51, 14.21s/it]
[1A 14%|█▎        | 143/1041 [33:41<3:31:34, 14.14s/it]
[1A                                                    
{'loss': '0.0002251', 'grad_norm': '0.01315', 'learning_rate': '0.0001942', 'epoch': '0.4127'}
[1A
[1A 14%|█▎        | 143/1041 [33:41<3:31:34, 14.14s/it]
[1A 14%|█▍        | 144/1041 [33:55<3:31:14, 14.13s/it]
[1A                                                    
{'loss': '0.0003817', 'grad_norm': '0.02892', 'learning_rate': '0.0001941', 'epoch': '0.4156'}
[1A
[1A 14%|█▍        | 144/1041 [33:55<3:31:14, 14.13s/it]
[1A 14%|█▍        | 145/1041 [34:10<3:31:50, 14.19s/it]
[1A                                                    
{'loss': '0.004091', 'grad_norm': '0.4187', 'learning_rate': '0.000194', 'epoch': '0.4185'}
[1A
[1A 14%|█▍        | 145/1041 [34:10<3:31:50, 14.19s/it]
[1A 14%|█▍        | 146/1041 [34:24<3:30:45, 14.13s/it]
[1A                                                    
{'loss': '0.002428', 'grad_norm': '0.1447', 'learning_rate': '0.0001939', 'epoch': '0.4214'}
[1A
[1A 14%|█▍        | 146/1041 [34:24<3:30:45, 14.13s/it]
[1A 14%|█▍        | 147/1041 [34:38<3:32:28, 14.26s/it]
[1A                                                    
{'loss': '4.531e-05', 'grad_norm': '0.0009325', 'learning_rate': '0.0001938', 'epoch': '0.4242'}
[1A
[1A 14%|█▍        | 147/1041 [34:38<3:32:28, 14.26s/it]
[1A 14%|█▍        | 148/1041 [34:52<3:29:00, 14.04s/it]
[1A                                                    
{'loss': '0.01863', 'grad_norm': '0.3815', 'learning_rate': '0.0001937', 'epoch': '0.4271'}
[1A
[1A 14%|█▍        | 148/1041 [34:52<3:29:00, 14.04s/it]
[1A 14%|█▍        | 149/1041 [35:05<3:26:59, 13.92s/it]
[1A                                                    
{'loss': '0.00445', 'grad_norm': '0.4213', 'learning_rate': '0.0001935', 'epoch': '0.43'}
[1A
[1A 14%|█▍        | 149/1041 [35:05<3:26:59, 13.92s/it]
[1A 14%|█▍        | 150/1041 [35:19<3:25:52, 13.86s/it]
[1A                                                    
{'loss': '2.945e-05', 'grad_norm': '0.0006262', 'learning_rate': '0.0001934', 'epoch': '0.4329'}
[1A
[1A 14%|█▍        | 150/1041 [35:19<3:25:52, 13.86s/it]
[1A 15%|█▍        | 151/1041 [35:33<3:26:33, 13.93s/it]
[1A                                                    
{'loss': '0.0002024', 'grad_norm': '0.01177', 'learning_rate': '0.0001933', 'epoch': '0.4358'}
[1A
[1A 15%|█▍        | 151/1041 [35:33<3:26:33, 13.93s/it]
[1A 15%|█▍        | 152/1041 [35:48<3:29:16, 14.12s/it]
[1A                                                    
{'loss': '0.0004087', 'grad_norm': '0.02986', 'learning_rate': '0.0001932', 'epoch': '0.4387'}
[1A
[1A 15%|█▍        | 152/1041 [35:48<3:29:16, 14.12s/it]
[1A 15%|█▍        | 153/1041 [36:01<3:26:19, 13.94s/it]
[1A                                                    
{'loss': '0.02551', 'grad_norm': '0.7727', 'learning_rate': '0.0001931', 'epoch': '0.4416'}
[1A
[1A 15%|█▍        | 153/1041 [36:01<3:26:19, 13.94s/it]
[1A 15%|█▍        | 154/1041 [36:16<3:27:55, 14.06s/it]
[1A                                                    
{'loss': '0.02162', 'grad_norm': '0.3501', 'learning_rate': '0.000193', 'epoch': '0.4444'}
[1A
[1A 15%|█▍        | 154/1041 [36:16<3:27:55, 14.06s/it]
[1A 15%|█▍        | 155/1041 [36:30<3:28:58, 14.15s/it]
[1A                                                    
{'loss': '0.02194', 'grad_norm': '0.334', 'learning_rate': '0.0001929', 'epoch': '0.4473'}
[1A
[1A 15%|█▍        | 155/1041 [36:30<3:28:58, 14.15s/it]
[1A 15%|█▍        | 156/1041 [36:45<3:30:49, 14.29s/it]
[1A                                                    
{'loss': '0.0006617', 'grad_norm': '0.05418', 'learning_rate': '0.0001928', 'epoch': '0.4502'}
[1A
[1A 15%|█▍        | 156/1041 [36:45<3:30:49, 14.29s/it]
[1A 15%|█▌        | 157/1041 [36:58<3:26:54, 14.04s/it]
[1A                                                    
{'loss': '0.0003847', 'grad_norm': '0.04389', 'learning_rate': '0.0001926', 'epoch': '0.4531'}
[1A
[1A 15%|█▌        | 157/1041 [36:58<3:26:54, 14.04s/it]
[1A 15%|█▌        | 158/1041 [37:12<3:28:00, 14.13s/it]
[1A                                                    
{'loss': '0.01025', 'grad_norm': '0.2721', 'learning_rate': '0.0001925', 'epoch': '0.456'}
[1A
[1A 15%|█▌        | 158/1041 [37:12<3:28:00, 14.13s/it]
[1A 15%|█▌        | 159/1041 [37:26<3:26:48, 14.07s/it]
[1A                                                    
{'loss': '0.005203', 'grad_norm': '0.1493', 'learning_rate': '0.0001924', 'epoch': '0.4589'}
[1A
[1A 15%|█▌        | 159/1041 [37:26<3:26:48, 14.07s/it]
[1A 15%|█▌        | 160/1041 [37:40<3:25:22, 13.99s/it]
[1A                                                    
{'loss': '0.006842', 'grad_norm': '0.2255', 'learning_rate': '0.0001923', 'epoch': '0.4618'}
[1A
[1A 15%|█▌        | 160/1041 [37:40<3:25:22, 13.99s/it]
[1A 15%|█▌        | 161/1041 [37:54<3:26:47, 14.10s/it]
[1A                                                    
{'loss': '0.001189', 'grad_norm': '0.08435', 'learning_rate': '0.0001922', 'epoch': '0.4646'}
[1A
[1A 15%|█▌        | 161/1041 [37:54<3:26:47, 14.10s/it]
[1A 16%|█▌        | 162/1041 [38:09<3:26:46, 14.11s/it]
[1A                                                    
{'loss': '0.007884', 'grad_norm': '0.1648', 'learning_rate': '0.000192', 'epoch': '0.4675'}
[1A
[1A 16%|█▌        | 162/1041 [38:09<3:26:46, 14.11s/it]
[1A 16%|█▌        | 163/1041 [38:23<3:29:51, 14.34s/it]
[1A                                                    
{'loss': '0.01997', 'grad_norm': '0.4417', 'learning_rate': '0.0001919', 'epoch': '0.4704'}
[1A
[1A 16%|█▌        | 163/1041 [38:23<3:29:51, 14.34s/it]
[1A 16%|█▌        | 164/1041 [38:37<3:25:42, 14.07s/it]
[1A                                                    
{'loss': '0.00104', 'grad_norm': '0.06028', 'learning_rate': '0.0001918', 'epoch': '0.4733'}
[1A
[1A 16%|█▌        | 164/1041 [38:37<3:25:42, 14.07s/it]
[1A 16%|█▌        | 165/1041 [38:51<3:27:21, 14.20s/it]
[1A                                                    
{'loss': '0.005654', 'grad_norm': '0.2398', 'learning_rate': '0.0001917', 'epoch': '0.4762'}
[1A
[1A 16%|█▌        | 165/1041 [38:51<3:27:21, 14.20s/it]
[1A 16%|█▌        | 166/1041 [39:05<3:26:39, 14.17s/it]
[1A                                                    
{'loss': '0.0005114', 'grad_norm': '0.01241', 'learning_rate': '0.0001915', 'epoch': '0.4791'}
[1A
[1A 16%|█▌        | 166/1041 [39:05<3:26:39, 14.17s/it]
[1A 16%|█▌        | 167/1041 [39:19<3:24:53, 14.07s/it]
[1A                                                    
{'loss': '0.026', 'grad_norm': '0.5063', 'learning_rate': '0.0001914', 'epoch': '0.482'}
[1A
[1A 16%|█▌        | 167/1041 [39:19<3:24:53, 14.07s/it]
[1A 16%|█▌        | 168/1041 [39:34<3:25:46, 14.14s/it]
[1A                                                    
{'loss': '0.006973', 'grad_norm': '0.1801', 'learning_rate': '0.0001913', 'epoch': '0.4848'}
[1A
[1A 16%|█▌        | 168/1041 [39:34<3:25:46, 14.14s/it]
[1A 16%|█▌        | 169/1041 [39:48<3:24:45, 14.09s/it]
[1A                                                    
{'loss': '0.01336', 'grad_norm': '0.1645', 'learning_rate': '0.0001912', 'epoch': '0.4877'}
[1A
[1A 16%|█▌        | 169/1041 [39:48<3:24:45, 14.09s/it]
[1A 16%|█▋        | 170/1041 [40:02<3:26:47, 14.25s/it]
[1A                                                    
{'loss': '0.003382', 'grad_norm': '0.1144', 'learning_rate': '0.000191', 'epoch': '0.4906'}
[1A
[1A 16%|█▋        | 170/1041 [40:02<3:26:47, 14.25s/it]
[1A 16%|█▋        | 171/1041 [40:16<3:25:16, 14.16s/it]
[1A                                                    
{'loss': '0.0003489', 'grad_norm': '0.004749', 'learning_rate': '0.0001909', 'epoch': '0.4935'}
[1A
[1A 16%|█▋        | 171/1041 [40:16<3:25:16, 14.16s/it]
[1A 17%|█▋        | 172/1041 [40:31<3:26:26, 14.25s/it]
[1A                                                    
{'loss': '0.001391', 'grad_norm': '0.01402', 'learning_rate': '0.0001908', 'epoch': '0.4964'}
[1A
[1A 17%|█▋        | 172/1041 [40:31<3:26:26, 14.25s/it]
[1A 17%|█▋        | 173/1041 [40:45<3:25:00, 14.17s/it]
[1A                                                    
{'loss': '0.00036', 'grad_norm': '0.006987', 'learning_rate': '0.0001906', 'epoch': '0.4993'}
[1A
[1A 17%|█▋        | 173/1041 [40:45<3:25:00, 14.17s/it]
[1A 17%|█▋        | 174/1041 [40:59<3:25:32, 14.22s/it]
[1A                                                    
{'loss': '0.0008017', 'grad_norm': '0.01605', 'learning_rate': '0.0001905', 'epoch': '0.5022'}
[1A
[1A 17%|█▋        | 174/1041 [40:59<3:25:32, 14.22s/it]
[1A 17%|█▋        | 175/1041 [41:13<3:22:41, 14.04s/it]
[1A                                                    
{'loss': '0.004035', 'grad_norm': '0.1014', 'learning_rate': '0.0001904', 'epoch': '0.5051'}
[1A
[1A 17%|█▋        | 175/1041 [41:13<3:22:41, 14.04s/it]
[1A 17%|█▋        | 176/1041 [41:27<3:24:20, 14.17s/it]
[1A                                                    
{'loss': '0.003883', 'grad_norm': '0.08352', 'learning_rate': '0.0001903', 'epoch': '0.5079'}
[1A
[1A 17%|█▋        | 176/1041 [41:27<3:24:20, 14.17s/it]
[1A 17%|█▋        | 177/1041 [41:41<3:22:34, 14.07s/it]
[1A                                                    
{'loss': '0.003744', 'grad_norm': '0.08145', 'learning_rate': '0.0001901', 'epoch': '0.5108'}
[1A
[1A 17%|█▋        | 177/1041 [41:41<3:22:34, 14.07s/it]
[1A 17%|█▋        | 178/1041 [41:55<3:21:58, 14.04s/it]
[1A                                                    
{'loss': '0.006125', 'grad_norm': '0.1415', 'learning_rate': '0.00019', 'epoch': '0.5137'}
[1A
[1A 17%|█▋        | 178/1041 [41:55<3:21:58, 14.04s/it]
[1A 17%|█▋        | 179/1041 [42:09<3:22:46, 14.11s/it]
[1A                                                    
{'loss': '0.0006048', 'grad_norm': '0.008086', 'learning_rate': '0.0001898', 'epoch': '0.5166'}
[1A
[1A 17%|█▋        | 179/1041 [42:09<3:22:46, 14.11s/it]
[1A 17%|█▋        | 180/1041 [42:23<3:23:23, 14.17s/it]
[1A                                                    
{'loss': '0.002645', 'grad_norm': '0.04734', 'learning_rate': '0.0001897', 'epoch': '0.5195'}
[1A
[1A 17%|█▋        | 180/1041 [42:23<3:23:23, 14.17s/it]
[1A 17%|█▋        | 181/1041 [42:38<3:23:57, 14.23s/it]
[1A                                                    
{'loss': '0.0009374', 'grad_norm': '0.01591', 'learning_rate': '0.0001896', 'epoch': '0.5224'}
[1A
[1A 17%|█▋        | 181/1041 [42:38<3:23:57, 14.23s/it]
[1A 17%|█▋        | 182/1041 [42:52<3:22:49, 14.17s/it]
[1A                                                    
{'loss': '0.001703', 'grad_norm': '0.04202', 'learning_rate': '0.0001894', 'epoch': '0.5253'}
[1A
[1A 17%|█▋        | 182/1041 [42:52<3:22:49, 14.17s/it]
[1A 18%|█▊        | 183/1041 [43:06<3:23:57, 14.26s/it]
[1A                                                    
{'loss': '0.01016', 'grad_norm': '0.1135', 'learning_rate': '0.0001893', 'epoch': '0.5281'}
[1A
[1A 18%|█▊        | 183/1041 [43:06<3:23:57, 14.26s/it]
[1A 18%|█▊        | 184/1041 [43:21<3:25:18, 14.37s/it]
[1A                                                    
{'loss': '0.007257', 'grad_norm': '0.5574', 'learning_rate': '0.0001892', 'epoch': '0.531'}
[1A
[1A 18%|█▊        | 184/1041 [43:21<3:25:18, 14.37s/it]
[1A 18%|█▊        | 185/1041 [43:35<3:23:59, 14.30s/it]
[1A                                                    
{'loss': '0.001933', 'grad_norm': '0.03834', 'learning_rate': '0.000189', 'epoch': '0.5339'}
[1A
[1A 18%|█▊        | 185/1041 [43:35<3:23:59, 14.30s/it]
[1A 18%|█▊        | 186/1041 [43:49<3:24:25, 14.35s/it]
[1A                                                    
{'loss': '0.001063', 'grad_norm': '0.03512', 'learning_rate': '0.0001889', 'epoch': '0.5368'}
[1A
[1A 18%|█▊        | 186/1041 [43:49<3:24:25, 14.35s/it]
[1A 18%|█▊        | 187/1041 [44:03<3:21:18, 14.14s/it]
[1A                                                    
{'loss': '0.001719', 'grad_norm': '0.08231', 'learning_rate': '0.0001887', 'epoch': '0.5397'}
[1A
[1A 18%|█▊        | 187/1041 [44:03<3:21:18, 14.14s/it]
[1A 18%|█▊        | 188/1041 [44:17<3:20:13, 14.08s/it]
[1A                                                    
{'loss': '0.0008282', 'grad_norm': '0.05677', 'learning_rate': '0.0001886', 'epoch': '0.5426'}
[1A
[1A 18%|█▊        | 188/1041 [44:17<3:20:13, 14.08s/it]
[1A 18%|█▊        | 189/1041 [44:32<3:21:26, 14.19s/it]
[1A                                                    
{'loss': '0.0005306', 'grad_norm': '0.01461', 'learning_rate': '0.0001884', 'epoch': '0.5455'}
[1A
[1A 18%|█▊        | 189/1041 [44:32<3:21:26, 14.19s/it]
[1A 18%|█▊        | 190/1041 [44:46<3:23:08, 14.32s/it]
[1A                                                    
{'loss': '0.0204', 'grad_norm': '0.3146', 'learning_rate': '0.0001883', 'epoch': '0.5483'}
[1A
[1A 18%|█▊        | 190/1041 [44:46<3:23:08, 14.32s/it]
[1A 18%|█▊        | 191/1041 [45:00<3:20:29, 14.15s/it]
[1A                                                    
{'loss': '0.0006075', 'grad_norm': '0.01607', 'learning_rate': '0.0001881', 'epoch': '0.5512'}
[1A
[1A 18%|█▊        | 191/1041 [45:00<3:20:29, 14.15s/it]
[1A 18%|█▊        | 192/1041 [45:14<3:17:46, 13.98s/it]
[1A                                                    
{'loss': '0.02377', 'grad_norm': '0.3518', 'learning_rate': '0.000188', 'epoch': '0.5541'}
[1A
[1A 18%|█▊        | 192/1041 [45:14<3:17:46, 13.98s/it]
[1A 19%|█▊        | 193/1041 [45:27<3:17:17, 13.96s/it]
[1A                                                    
{'loss': '0.0003329', 'grad_norm': '0.005894', 'learning_rate': '0.0001878', 'epoch': '0.557'}
[1A
[1A 19%|█▊        | 193/1041 [45:27<3:17:17, 13.96s/it]
[1A 19%|█▊        | 194/1041 [45:40<3:13:18, 13.69s/it]
[1A                                                    
{'loss': '9.948e-05', 'grad_norm': '0.0016', 'learning_rate': '0.0001877', 'epoch': '0.5599'}
[1A
[1A 19%|█▊        | 194/1041 [45:40<3:13:18, 13.69s/it]
[1A 19%|█▊        | 195/1041 [45:55<3:17:54, 14.04s/it]
[1A                                                    
{'loss': '0.0008735', 'grad_norm': '0.02195', 'learning_rate': '0.0001875', 'epoch': '0.5628'}
[1A
[1A 19%|█▊        | 195/1041 [45:55<3:17:54, 14.04s/it]
[1A 19%|█▉        | 196/1041 [46:09<3:16:03, 13.92s/it]
[1A                                                    
{'loss': '0.00111', 'grad_norm': '0.04332', 'learning_rate': '0.0001874', 'epoch': '0.5657'}
[1A
[1A 19%|█▉        | 196/1041 [46:09<3:16:03, 13.92s/it]
[1A 19%|█▉        | 197/1041 [46:23<3:18:05, 14.08s/it]
[1A                                                    
{'loss': '0.01826', 'grad_norm': '0.449', 'learning_rate': '0.0001872', 'epoch': '0.5685'}
[1A
[1A 19%|█▉        | 197/1041 [46:23<3:18:05, 14.08s/it]
[1A 19%|█▉        | 198/1041 [46:37<3:17:01, 14.02s/it]
[1A                                                    
{'loss': '0.00159', 'grad_norm': '0.03536', 'learning_rate': '0.0001871', 'epoch': '0.5714'}
[1A
[1A 19%|█▉        | 198/1041 [46:37<3:17:01, 14.02s/it]
[1A 19%|█▉        | 199/1041 [46:52<3:17:55, 14.10s/it]
[1A                                                    
{'loss': '0.004263', 'grad_norm': '0.08291', 'learning_rate': '0.0001869', 'epoch': '0.5743'}
[1A
[1A 19%|█▉        | 199/1041 [46:52<3:17:55, 14.10s/it]
[1A 19%|█▉        | 200/1041 [47:12<3:45:02, 16.06s/it]                                                    
{'loss': '0.003621', 'grad_norm': '0.1405', 'learning_rate': '0.0001868', 'epoch': '0.5772'}
[1A
[1A 19%|█▉        | 200/1041 [47:12<3:45:02, 16.06s/it]
[1A 19%|█▉        | 201/1041 [47:27<3:37:54, 15.56s/it]
[1A                                                    
{'loss': '0.0001025', 'grad_norm': '0.001404', 'learning_rate': '0.0001866', 'epoch': '0.5801'}
[1A
[1A 19%|█▉        | 201/1041 [47:27<3:37:54, 15.56s/it]
[1A 19%|█▉        | 202/1041 [47:40<3:28:28, 14.91s/it]
[1A                                                    
{'loss': '0.0001836', 'grad_norm': '0.006422', 'learning_rate': '0.0001865', 'epoch': '0.583'}
[1A
[1A 19%|█▉        | 202/1041 [47:40<3:28:28, 14.91s/it]
[1A 20%|█▉        | 203/1041 [47:54<3:25:58, 14.75s/it]
[1A                                                    
{'loss': '0.002977', 'grad_norm': '0.1047', 'learning_rate': '0.0001863', 'epoch': '0.5859'}
[1A
[1A 20%|█▉        | 203/1041 [47:54<3:25:58, 14.75s/it]
[1A 20%|█▉        | 204/1041 [48:09<3:24:12, 14.64s/it]
[1A                                                    
{'loss': '0.0001457', 'grad_norm': '0.001911', 'learning_rate': '0.0001862', 'epoch': '0.5887'}
[1A
[1A 20%|█▉        | 204/1041 [48:09<3:24:12, 14.64s/it]
[1A 20%|█▉        | 205/1041 [48:23<3:20:54, 14.42s/it]
[1A                                                    
{'loss': '0.0004738', 'grad_norm': '0.01022', 'learning_rate': '0.000186', 'epoch': '0.5916'}
[1A
[1A 20%|█▉        | 205/1041 [48:23<3:20:54, 14.42s/it]
[1A 20%|█▉        | 206/1041 [48:37<3:19:25, 14.33s/it]
[1A                                                    
{'loss': '0.0006635', 'grad_norm': '0.0173', 'learning_rate': '0.0001858', 'epoch': '0.5945'}
[1A
[1A 20%|█▉        | 206/1041 [48:37<3:19:25, 14.33s/it]
[1A 20%|█▉        | 207/1041 [48:51<3:20:11, 14.40s/it]
[1A                                                    
{'loss': '0.01887', 'grad_norm': '0.5274', 'learning_rate': '0.0001857', 'epoch': '0.5974'}
[1A
[1A 20%|█▉        | 207/1041 [48:51<3:20:11, 14.40s/it]
[1A 20%|█▉        | 208/1041 [49:06<3:20:43, 14.46s/it]
[1A                                                    
{'loss': '0.01023', 'grad_norm': '0.1977', 'learning_rate': '0.0001855', 'epoch': '0.6003'}
[1A
[1A 20%|█▉        | 208/1041 [49:06<3:20:43, 14.46s/it]
[1A 20%|██        | 209/1041 [49:20<3:17:52, 14.27s/it]
[1A                                                    
{'loss': '0.006851', 'grad_norm': '0.2205', 'learning_rate': '0.0001854', 'epoch': '0.6032'}
[1A
[1A 20%|██        | 209/1041 [49:20<3:17:52, 14.27s/it]
[1A 20%|██        | 210/1041 [49:34<3:19:23, 14.40s/it]
[1A                                                    
{'loss': '0.001379', 'grad_norm': '0.08915', 'learning_rate': '0.0001852', 'epoch': '0.6061'}
[1A
[1A 20%|██        | 210/1041 [49:34<3:19:23, 14.40s/it]
[1A 20%|██        | 211/1041 [49:49<3:19:38, 14.43s/it]
[1A                                                    
{'loss': '0.004323', 'grad_norm': '0.1312', 'learning_rate': '0.000185', 'epoch': '0.6089'}
[1A
[1A 20%|██        | 211/1041 [49:49<3:19:38, 14.43s/it]
[1A 20%|██        | 212/1041 [50:03<3:17:24, 14.29s/it]
[1A                                                    
{'loss': '0.0001931', 'grad_norm': '0.003811', 'learning_rate': '0.0001849', 'epoch': '0.6118'}
[1A
[1A 20%|██        | 212/1041 [50:03<3:17:24, 14.29s/it]
[1A 20%|██        | 213/1041 [50:17<3:15:11, 14.14s/it]
[1A                                                    
{'loss': '0.0001174', 'grad_norm': '0.002877', 'learning_rate': '0.0001847', 'epoch': '0.6147'}
[1A
[1A 20%|██        | 213/1041 [50:17<3:15:11, 14.14s/it]
[1A 21%|██        | 214/1041 [50:31<3:15:05, 14.15s/it]
[1A                                                    
{'loss': '0.001574', 'grad_norm': '0.08835', 'learning_rate': '0.0001845', 'epoch': '0.6176'}
[1A
[1A 21%|██        | 214/1041 [50:31<3:15:05, 14.15s/it]
[1A 21%|██        | 215/1041 [50:45<3:15:45, 14.22s/it]
[1A                                                    
{'loss': '0.01365', 'grad_norm': '0.2316', 'learning_rate': '0.0001844', 'epoch': '0.6205'}
[1A
[1A 21%|██        | 215/1041 [50:45<3:15:45, 14.22s/it]
[1A 21%|██        | 216/1041 [51:00<3:15:33, 14.22s/it]
[1A                                                    
{'loss': '0.0009395', 'grad_norm': '0.03796', 'learning_rate': '0.0001842', 'epoch': '0.6234'}
[1A
[1A 21%|██        | 216/1041 [51:00<3:15:33, 14.22s/it]
[1A 21%|██        | 217/1041 [51:13<3:13:55, 14.12s/it]
[1A                                                    
{'loss': '0.004005', 'grad_norm': '0.2707', 'learning_rate': '0.000184', 'epoch': '0.6263'}
[1A
[1A 21%|██        | 217/1041 [51:13<3:13:55, 14.12s/it]
[1A 21%|██        | 218/1041 [51:28<3:14:33, 14.18s/it]
[1A                                                    
{'loss': '0.0003913', 'grad_norm': '0.01122', 'learning_rate': '0.0001839', 'epoch': '0.6291'}
[1A
[1A 21%|██        | 218/1041 [51:28<3:14:33, 14.18s/it]
[1A 21%|██        | 219/1041 [51:42<3:13:42, 14.14s/it]
[1A                                                    
{'loss': '0.0003659', 'grad_norm': '0.009581', 'learning_rate': '0.0001837', 'epoch': '0.632'}
[1A
[1A 21%|██        | 219/1041 [51:42<3:13:42, 14.14s/it]
[1A 21%|██        | 220/1041 [51:56<3:14:06, 14.19s/it]
[1A                                                    
{'loss': '0.0006565', 'grad_norm': '0.02313', 'learning_rate': '0.0001835', 'epoch': '0.6349'}
[1A
[1A 21%|██        | 220/1041 [51:56<3:14:06, 14.19s/it]
[1A 21%|██        | 221/1041 [52:10<3:13:37, 14.17s/it]
[1A                                                    
{'loss': '0.0006494', 'grad_norm': '0.03118', 'learning_rate': '0.0001834', 'epoch': '0.6378'}
[1A
[1A 21%|██        | 221/1041 [52:10<3:13:37, 14.17s/it]
[1A 21%|██▏       | 222/1041 [52:24<3:12:27, 14.10s/it]
[1A                                                    
{'loss': '0.002536', 'grad_norm': '0.1004', 'learning_rate': '0.0001832', 'epoch': '0.6407'}
[1A
[1A 21%|██▏       | 222/1041 [52:24<3:12:27, 14.10s/it]
[1A 21%|██▏       | 223/1041 [52:38<3:12:32, 14.12s/it]
[1A                                                    
{'loss': '0.004226', 'grad_norm': '0.1939', 'learning_rate': '0.000183', 'epoch': '0.6436'}
[1A
[1A 21%|██▏       | 223/1041 [52:38<3:12:32, 14.12s/it]
[1A 22%|██▏       | 224/1041 [52:52<3:12:11, 14.12s/it]
[1A                                                    
{'loss': '0.006975', 'grad_norm': '0.2204', 'learning_rate': '0.0001828', 'epoch': '0.6465'}
[1A
[1A 22%|██▏       | 224/1041 [52:52<3:12:11, 14.12s/it]
[1A 22%|██▏       | 225/1041 [53:07<3:12:18, 14.14s/it]
[1A                                                    
{'loss': '0.002848', 'grad_norm': '0.06218', 'learning_rate': '0.0001827', 'epoch': '0.6494'}
[1A
[1A 22%|██▏       | 225/1041 [53:07<3:12:18, 14.14s/it]
[1A 22%|██▏       | 226/1041 [53:22<3:15:34, 14.40s/it]
[1A                                                    
{'loss': '0.002602', 'grad_norm': '0.04777', 'learning_rate': '0.0001825', 'epoch': '0.6522'}
[1A
[1A 22%|██▏       | 226/1041 [53:22<3:15:34, 14.40s/it]
[1A 22%|██▏       | 227/1041 [53:35<3:12:07, 14.16s/it]
[1A                                                    
{'loss': '5.956e-05', 'grad_norm': '0.001007', 'learning_rate': '0.0001823', 'epoch': '0.6551'}
[1A
[1A 22%|██▏       | 227/1041 [53:35<3:12:07, 14.16s/it]
[1A 22%|██▏       | 228/1041 [53:50<3:13:01, 14.24s/it]
[1A                                                    
{'loss': '0.0001072', 'grad_norm': '0.002017', 'learning_rate': '0.0001821', 'epoch': '0.658'}
[1A
[1A 22%|██▏       | 228/1041 [53:50<3:13:01, 14.24s/it]
[1A 22%|██▏       | 229/1041 [54:03<3:09:13, 13.98s/it]
[1A                                                    
{'loss': '0.0005619', 'grad_norm': '0.02895', 'learning_rate': '0.0001819', 'epoch': '0.6609'}
[1A
[1A 22%|██▏       | 229/1041 [54:03<3:09:13, 13.98s/it]
[1A 22%|██▏       | 230/1041 [54:17<3:09:16, 14.00s/it]
[1A                                                    
{'loss': '0.0005687', 'grad_norm': '0.02773', 'learning_rate': '0.0001818', 'epoch': '0.6638'}
[1A
[1A 22%|██▏       | 230/1041 [54:17<3:09:16, 14.00s/it]
[1A 22%|██▏       | 231/1041 [54:31<3:09:56, 14.07s/it]
[1A                                                    
{'loss': '0.0004616', 'grad_norm': '0.0164', 'learning_rate': '0.0001816', 'epoch': '0.6667'}
[1A
[1A 22%|██▏       | 231/1041 [54:31<3:09:56, 14.07s/it]
[1A 22%|██▏       | 232/1041 [54:45<3:09:27, 14.05s/it]
[1A                                                    
{'loss': '0.01502', 'grad_norm': '0.3589', 'learning_rate': '0.0001814', 'epoch': '0.6696'}
[1A
[1A 22%|██▏       | 232/1041 [54:45<3:09:27, 14.05s/it]
[1A 22%|██▏       | 233/1041 [55:00<3:11:54, 14.25s/it]
[1A                                                    
{'loss': '7.788e-05', 'grad_norm': '0.001493', 'learning_rate': '0.0001812', 'epoch': '0.6724'}
[1A
[1A 22%|██▏       | 233/1041 [55:00<3:11:54, 14.25s/it]
[1A 22%|██▏       | 234/1041 [55:14<3:10:59, 14.20s/it]
[1A                                                    
{'loss': '0.0001731', 'grad_norm': '0.006831', 'learning_rate': '0.000181', 'epoch': '0.6753'}
[1A
[1A 22%|██▏       | 234/1041 [55:14<3:10:59, 14.20s/it]
[1A 23%|██▎       | 235/1041 [55:28<3:09:26, 14.10s/it]
[1A                                                    
{'loss': '0.0001129', 'grad_norm': '0.001674', 'learning_rate': '0.0001809', 'epoch': '0.6782'}
[1A
[1A 23%|██▎       | 235/1041 [55:28<3:09:26, 14.10s/it]
[1A 23%|██▎       | 236/1041 [55:43<3:10:58, 14.23s/it]
[1A                                                    
{'loss': '0.001514', 'grad_norm': '0.05779', 'learning_rate': '0.0001807', 'epoch': '0.6811'}
[1A
[1A 23%|██▎       | 236/1041 [55:43<3:10:58, 14.23s/it]
[1A 23%|██▎       | 237/1041 [55:57<3:10:38, 14.23s/it]
[1A                                                    
{'loss': '3.871e-05', 'grad_norm': '0.001109', 'learning_rate': '0.0001805', 'epoch': '0.684'}
[1A
[1A 23%|██▎       | 237/1041 [55:57<3:10:38, 14.23s/it]
[1A 23%|██▎       | 238/1041 [56:11<3:12:19, 14.37s/it]
[1A                                                    
{'loss': '0.004203', 'grad_norm': '0.1337', 'learning_rate': '0.0001803', 'epoch': '0.6869'}
[1A
[1A 23%|██▎       | 238/1041 [56:11<3:12:19, 14.37s/it]
[1A 23%|██▎       | 239/1041 [56:25<3:09:54, 14.21s/it]
[1A                                                    
{'loss': '6.458e-05', 'grad_norm': '0.0008578', 'learning_rate': '0.0001801', 'epoch': '0.6898'}
[1A
[1A 23%|██▎       | 239/1041 [56:25<3:09:54, 14.21s/it]
[1A 23%|██▎       | 240/1041 [56:40<3:10:22, 14.26s/it]
[1A                                                    
{'loss': '0.0002418', 'grad_norm': '0.006559', 'learning_rate': '0.0001799', 'epoch': '0.6926'}
[1A
[1A 23%|██▎       | 240/1041 [56:40<3:10:22, 14.26s/it]
[1A 23%|██▎       | 241/1041 [56:54<3:09:00, 14.18s/it]
[1A                                                    
{'loss': '9.932e-05', 'grad_norm': '0.002139', 'learning_rate': '0.0001798', 'epoch': '0.6955'}
[1A
[1A 23%|██▎       | 241/1041 [56:54<3:09:00, 14.18s/it]
[1A 23%|██▎       | 242/1041 [57:08<3:07:57, 14.12s/it]
[1A                                                    
{'loss': '0.0003846', 'grad_norm': '0.01127', 'learning_rate': '0.0001796', 'epoch': '0.6984'}
[1A
[1A 23%|██▎       | 242/1041 [57:08<3:07:57, 14.12s/it]
[1A 23%|██▎       | 243/1041 [57:22<3:08:17, 14.16s/it]
[1A                                                    
{'loss': '0.001554', 'grad_norm': '0.06451', 'learning_rate': '0.0001794', 'epoch': '0.7013'}
[1A
[1A 23%|██▎       | 243/1041 [57:22<3:08:17, 14.16s/it]
[1A 23%|██▎       | 244/1041 [57:36<3:08:52, 14.22s/it]
[1A                                                    
{'loss': '0.0001664', 'grad_norm': '0.006865', 'learning_rate': '0.0001792', 'epoch': '0.7042'}
[1A
[1A 23%|██▎       | 244/1041 [57:36<3:08:52, 14.22s/it]
[1A 24%|██▎       | 245/1041 [57:51<3:09:43, 14.30s/it]
[1A                                                    
{'loss': '0.001036', 'grad_norm': '0.05775', 'learning_rate': '0.000179', 'epoch': '0.7071'}
[1A
[1A 24%|██▎       | 245/1041 [57:51<3:09:43, 14.30s/it]
[1A 24%|██▎       | 246/1041 [58:05<3:09:49, 14.33s/it]
[1A                                                    
{'loss': '0.001033', 'grad_norm': '0.04261', 'learning_rate': '0.0001788', 'epoch': '0.71'}
[1A
[1A 24%|██▎       | 246/1041 [58:05<3:09:49, 14.33s/it]
[1A 24%|██▎       | 247/1041 [58:19<3:09:24, 14.31s/it]
[1A                                                    
{'loss': '0.0003222', 'grad_norm': '0.01091', 'learning_rate': '0.0001786', 'epoch': '0.7128'}
[1A
[1A 24%|██▎       | 247/1041 [58:19<3:09:24, 14.31s/it]
[1A 24%|██▍       | 248/1041 [58:33<3:07:53, 14.22s/it]
[1A                                                    
{'loss': '0.0008098', 'grad_norm': '0.03237', 'learning_rate': '0.0001784', 'epoch': '0.7157'}
[1A
[1A 24%|██▍       | 248/1041 [58:33<3:07:53, 14.22s/it]
[1A 24%|██▍       | 249/1041 [58:47<3:05:38, 14.06s/it]
[1A                                                    
{'loss': '4.308e-05', 'grad_norm': '0.001297', 'learning_rate': '0.0001782', 'epoch': '0.7186'}
[1A
[1A 24%|██▍       | 249/1041 [58:47<3:05:38, 14.06s/it]
[1A 24%|██▍       | 250/1041 [59:01<3:04:46, 14.02s/it]
[1A                                                    
{'loss': '0.0002304', 'grad_norm': '0.01086', 'learning_rate': '0.000178', 'epoch': '0.7215'}
[1A
[1A 24%|██▍       | 250/1041 [59:01<3:04:46, 14.02s/it]
[1A 24%|██▍       | 251/1041 [59:15<3:04:46, 14.03s/it]
[1A                                                    
{'loss': '8.327e-05', 'grad_norm': '0.002847', 'learning_rate': '0.0001778', 'epoch': '0.7244'}
[1A
[1A 24%|██▍       | 251/1041 [59:15<3:04:46, 14.03s/it]
[1A 24%|██▍       | 252/1041 [59:28<3:00:47, 13.75s/it]
[1A                                                    
{'loss': '1.129e-05', 'grad_norm': '0.0001421', 'learning_rate': '0.0001776', 'epoch': '0.7273'}
[1A
[1A 24%|██▍       | 252/1041 [59:28<3:00:47, 13.75s/it]
[1A 24%|██▍       | 253/1041 [59:42<3:01:46, 13.84s/it]
[1A                                                    
{'loss': '0.01354', 'grad_norm': '0.4036', 'learning_rate': '0.0001774', 'epoch': '0.7302'}
[1A
[1A 24%|██▍       | 253/1041 [59:42<3:01:46, 13.84s/it]
[1A 24%|██▍       | 254/1041 [59:57<3:04:50, 14.09s/it]
[1A                                                    
{'loss': '0.0008385', 'grad_norm': '0.03506', 'learning_rate': '0.0001772', 'epoch': '0.733'}
[1A
[1A 24%|██▍       | 254/1041 [59:57<3:04:50, 14.09s/it]
[1A 24%|██▍       | 255/1041 [1:00:11<3:05:51, 14.19s/it]
[1A                                                      
{'loss': '0.0002181', 'grad_norm': '0.007746', 'learning_rate': '0.000177', 'epoch': '0.7359'}
[1A
[1A 24%|██▍       | 255/1041 [1:00:11<3:05:51, 14.19s/it]
[1A 25%|██▍       | 256/1041 [1:00:25<3:02:47, 13.97s/it]
[1A                                                      
{'loss': '0.0002169', 'grad_norm': '0.01389', 'learning_rate': '0.0001768', 'epoch': '0.7388'}
[1A
[1A 25%|██▍       | 256/1041 [1:00:25<3:02:47, 13.97s/it]
[1A 25%|██▍       | 257/1041 [1:00:39<3:01:59, 13.93s/it]
[1A                                                      
{'loss': '0.0004755', 'grad_norm': '0.03491', 'learning_rate': '0.0001766', 'epoch': '0.7417'}
[1A
[1A 25%|██▍       | 257/1041 [1:00:39<3:01:59, 13.93s/it]
[1A 25%|██▍       | 258/1041 [1:00:53<3:02:50, 14.01s/it]
[1A                                                      
{'loss': '0.0003728', 'grad_norm': '0.0267', 'learning_rate': '0.0001764', 'epoch': '0.7446'}
[1A
[1A 25%|██▍       | 258/1041 [1:00:53<3:02:50, 14.01s/it]
[1A 25%|██▍       | 259/1041 [1:01:06<3:01:20, 13.91s/it]
[1A                                                      
{'loss': '0.005349', 'grad_norm': '0.1376', 'learning_rate': '0.0001762', 'epoch': '0.7475'}
[1A
[1A 25%|██▍       | 259/1041 [1:01:06<3:01:20, 13.91s/it]
[1A 25%|██▍       | 260/1041 [1:01:21<3:03:28, 14.10s/it]
[1A                                                      
{'loss': '0.005755', 'grad_norm': '0.2069', 'learning_rate': '0.000176', 'epoch': '0.7504'}
[1A
[1A 25%|██▍       | 260/1041 [1:01:21<3:03:28, 14.10s/it]
[1A 25%|██▌       | 261/1041 [1:01:35<3:03:05, 14.08s/it]
[1A                                                      
{'loss': '2.092e-05', 'grad_norm': '0.0004759', 'learning_rate': '0.0001758', 'epoch': '0.7532'}
[1A
[1A 25%|██▌       | 261/1041 [1:01:35<3:03:05, 14.08s/it]
[1A 25%|██▌       | 262/1041 [1:01:49<3:00:37, 13.91s/it]
[1A                                                      
{'loss': '0.0001067', 'grad_norm': '0.003118', 'learning_rate': '0.0001756', 'epoch': '0.7561'}
[1A
[1A 25%|██▌       | 262/1041 [1:01:49<3:00:37, 13.91s/it]
[1A 25%|██▌       | 263/1041 [1:02:03<3:01:51, 14.02s/it]
[1A                                                      
{'loss': '4.412e-05', 'grad_norm': '0.0007552', 'learning_rate': '0.0001754', 'epoch': '0.759'}
[1A
[1A 25%|██▌       | 263/1041 [1:02:03<3:01:51, 14.02s/it]
[1A 25%|██▌       | 264/1041 [1:02:17<3:00:22, 13.93s/it]
[1A                                                      
{'loss': '3.637e-05', 'grad_norm': '0.000531', 'learning_rate': '0.0001752', 'epoch': '0.7619'}
[1A
[1A 25%|██▌       | 264/1041 [1:02:17<3:00:22, 13.93s/it]
[1A 25%|██▌       | 265/1041 [1:02:31<3:02:41, 14.13s/it]
[1A                                                      
{'loss': '5.778e-05', 'grad_norm': '0.002029', 'learning_rate': '0.000175', 'epoch': '0.7648'}
[1A
[1A 25%|██▌       | 265/1041 [1:02:31<3:02:41, 14.13s/it]
[1A 26%|██▌       | 266/1041 [1:02:44<2:58:50, 13.85s/it]
[1A                                                      
{'loss': '7.559e-06', 'grad_norm': '9.076e-05', 'learning_rate': '0.0001748', 'epoch': '0.7677'}
[1A
[1A 26%|██▌       | 266/1041 [1:02:44<2:58:50, 13.85s/it]
[1A 26%|██▌       | 267/1041 [1:02:58<2:58:25, 13.83s/it]
[1A                                                      
{'loss': '0.0002327', 'grad_norm': '0.01272', 'learning_rate': '0.0001746', 'epoch': '0.7706'}
[1A
[1A 26%|██▌       | 267/1041 [1:02:58<2:58:25, 13.83s/it]
[1A 26%|██▌       | 268/1041 [1:03:12<2:58:47, 13.88s/it]
[1A                                                      
{'loss': '0.0003713', 'grad_norm': '0.0146', 'learning_rate': '0.0001744', 'epoch': '0.7734'}
[1A
[1A 26%|██▌       | 268/1041 [1:03:12<2:58:47, 13.88s/it]
[1A 26%|██▌       | 269/1041 [1:03:27<3:02:33, 14.19s/it]
[1A                                                      
{'loss': '0.002159', 'grad_norm': '0.09687', 'learning_rate': '0.0001742', 'epoch': '0.7763'}
[1A
[1A 26%|██▌       | 269/1041 [1:03:27<3:02:33, 14.19s/it]
[1A 26%|██▌       | 270/1041 [1:03:42<3:03:20, 14.27s/it]
[1A                                                      
{'loss': '1.68e-05', 'grad_norm': '0.0002719', 'learning_rate': '0.000174', 'epoch': '0.7792'}
[1A
[1A 26%|██▌       | 270/1041 [1:03:42<3:03:20, 14.27s/it]
[1A 26%|██▌       | 271/1041 [1:03:55<3:01:49, 14.17s/it]
[1A                                                      
{'loss': '2.408e-05', 'grad_norm': '0.0003726', 'learning_rate': '0.0001738', 'epoch': '0.7821'}
[1A
[1A 26%|██▌       | 271/1041 [1:03:55<3:01:49, 14.17s/it]
[1A 26%|██▌       | 272/1041 [1:04:09<3:00:56, 14.12s/it]
[1A                                                      
{'loss': '2.398e-05', 'grad_norm': '0.0004508', 'learning_rate': '0.0001736', 'epoch': '0.785'}
[1A
[1A 26%|██▌       | 272/1041 [1:04:09<3:00:56, 14.12s/it]
[1A 26%|██▌       | 273/1041 [1:04:24<3:02:03, 14.22s/it]
[1A                                                      
{'loss': '6.664e-05', 'grad_norm': '0.001222', 'learning_rate': '0.0001734', 'epoch': '0.7879'}
[1A
[1A 26%|██▌       | 273/1041 [1:04:24<3:02:03, 14.22s/it]
[1A 26%|██▋       | 274/1041 [1:04:38<3:01:28, 14.20s/it]
[1A                                                      
{'loss': '0.0007077', 'grad_norm': '0.03411', 'learning_rate': '0.0001731', 'epoch': '0.7908'}
[1A
[1A 26%|██▋       | 274/1041 [1:04:38<3:01:28, 14.20s/it]
[1A 26%|██▋       | 275/1041 [1:04:53<3:02:37, 14.30s/it]
[1A                                                      
{'loss': '0.001917', 'grad_norm': '0.08086', 'learning_rate': '0.0001729', 'epoch': '0.7937'}
[1A
[1A 26%|██▋       | 275/1041 [1:04:53<3:02:37, 14.30s/it]
[1A 27%|██▋       | 276/1041 [1:05:07<3:03:12, 14.37s/it]
[1A                                                      
{'loss': '0.0009575', 'grad_norm': '0.06952', 'learning_rate': '0.0001727', 'epoch': '0.7965'}
[1A
[1A 27%|██▋       | 276/1041 [1:05:07<3:03:12, 14.37s/it]
[1A 27%|██▋       | 277/1041 [1:05:21<2:59:45, 14.12s/it]
[1A                                                      
{'loss': '1.728e-05', 'grad_norm': '0.0003871', 'learning_rate': '0.0001725', 'epoch': '0.7994'}
[1A
[1A 27%|██▋       | 277/1041 [1:05:21<2:59:45, 14.12s/it]
[1A 27%|██▋       | 278/1041 [1:05:35<3:00:44, 14.21s/it]
[1A                                                      
{'loss': '0.001496', 'grad_norm': '0.09913', 'learning_rate': '0.0001723', 'epoch': '0.8023'}
[1A
[1A 27%|██▋       | 278/1041 [1:05:35<3:00:44, 14.21s/it]
[1A 27%|██▋       | 279/1041 [1:05:49<2:59:37, 14.14s/it]
[1A                                                      
{'loss': '2.389e-05', 'grad_norm': '0.0003374', 'learning_rate': '0.0001721', 'epoch': '0.8052'}
[1A
[1A 27%|██▋       | 279/1041 [1:05:49<2:59:37, 14.14s/it]
[1A 27%|██▋       | 280/1041 [1:06:03<2:58:36, 14.08s/it]
[1A                                                      
{'loss': '2.463e-05', 'grad_norm': '0.0005463', 'learning_rate': '0.0001719', 'epoch': '0.8081'}
[1A
[1A 27%|██▋       | 280/1041 [1:06:03<2:58:36, 14.08s/it]
[1A 27%|██▋       | 281/1041 [1:06:17<2:59:51, 14.20s/it]
[1A                                                      
{'loss': '0.001867', 'grad_norm': '0.1124', 'learning_rate': '0.0001716', 'epoch': '0.811'}
[1A
[1A 27%|██▋       | 281/1041 [1:06:17<2:59:51, 14.20s/it]
[1A 27%|██▋       | 282/1041 [1:06:31<2:58:47, 14.13s/it]
[1A                                                      
{'loss': '0.0004248', 'grad_norm': '0.01314', 'learning_rate': '0.0001714', 'epoch': '0.8139'}
[1A
[1A 27%|██▋       | 282/1041 [1:06:31<2:58:47, 14.13s/it]
[1A 27%|██▋       | 283/1041 [1:06:45<2:57:37, 14.06s/it]
[1A                                                      
{'loss': '3.788e-05', 'grad_norm': '0.001525', 'learning_rate': '0.0001712', 'epoch': '0.8167'}
[1A
[1A 27%|██▋       | 283/1041 [1:06:45<2:57:37, 14.06s/it]
[1A 27%|██▋       | 284/1041 [1:06:59<2:56:59, 14.03s/it]
[1A                                                      
{'loss': '0.0002923', 'grad_norm': '0.009129', 'learning_rate': '0.000171', 'epoch': '0.8196'}
[1A
[1A 27%|██▋       | 284/1041 [1:06:59<2:56:59, 14.03s/it]
[1A 27%|██▋       | 285/1041 [1:07:14<2:57:46, 14.11s/it]
[1A                                                      
{'loss': '6.109e-05', 'grad_norm': '0.002961', 'learning_rate': '0.0001708', 'epoch': '0.8225'}
[1A
[1A 27%|██▋       | 285/1041 [1:07:14<2:57:46, 14.11s/it]
[1A 27%|██▋       | 286/1041 [1:07:27<2:56:40, 14.04s/it]
[1A                                                      
{'loss': '1.433e-05', 'grad_norm': '0.0002025', 'learning_rate': '0.0001705', 'epoch': '0.8254'}
[1A
[1A 27%|██▋       | 286/1041 [1:07:27<2:56:40, 14.04s/it]
[1A 28%|██▊       | 287/1041 [1:07:41<2:55:58, 14.00s/it]
[1A                                                      
{'loss': '5.93e-05', 'grad_norm': '0.0026', 'learning_rate': '0.0001703', 'epoch': '0.8283'}
[1A
[1A 28%|██▊       | 287/1041 [1:07:41<2:55:58, 14.00s/it]
[1A 28%|██▊       | 288/1041 [1:07:56<2:56:44, 14.08s/it]
[1A                                                      
{'loss': '0.005448', 'grad_norm': '0.2627', 'learning_rate': '0.0001701', 'epoch': '0.8312'}
[1A
[1A 28%|██▊       | 288/1041 [1:07:56<2:56:44, 14.08s/it]
[1A 28%|██▊       | 289/1041 [1:08:10<2:55:36, 14.01s/it]
[1A                                                      
{'loss': '0.0001327', 'grad_norm': '0.006298', 'learning_rate': '0.0001699', 'epoch': '0.8341'}
[1A
[1A 28%|██▊       | 289/1041 [1:08:10<2:55:36, 14.01s/it]
[1A 28%|██▊       | 290/1041 [1:08:23<2:55:01, 13.98s/it]
[1A                                                      
{'loss': '5.981e-06', 'grad_norm': '7.518e-05', 'learning_rate': '0.0001697', 'epoch': '0.8369'}
[1A
[1A 28%|██▊       | 290/1041 [1:08:23<2:55:01, 13.98s/it]
[1A 28%|██▊       | 291/1041 [1:08:37<2:53:12, 13.86s/it]
[1A                                                      
{'loss': '2.593e-05', 'grad_norm': '0.0005196', 'learning_rate': '0.0001694', 'epoch': '0.8398'}
[1A
[1A 28%|██▊       | 291/1041 [1:08:37<2:53:12, 13.86s/it]
[1A 28%|██▊       | 292/1041 [1:08:51<2:54:43, 14.00s/it]
[1A                                                      
{'loss': '2.304e-05', 'grad_norm': '0.0004965', 'learning_rate': '0.0001692', 'epoch': '0.8427'}
[1A
[1A 28%|██▊       | 292/1041 [1:08:51<2:54:43, 14.00s/it]
[1A 28%|██▊       | 293/1041 [1:09:06<2:57:19, 14.22s/it]
[1A                                                      
{'loss': '8.718e-05', 'grad_norm': '0.008248', 'learning_rate': '0.000169', 'epoch': '0.8456'}
[1A
[1A 28%|██▊       | 293/1041 [1:09:06<2:57:19, 14.22s/it]
[1A 28%|██▊       | 294/1041 [1:09:21<2:57:53, 14.29s/it]
[1A                                                      
{'loss': '2.828e-05', 'grad_norm': '0.000875', 'learning_rate': '0.0001688', 'epoch': '0.8485'}
[1A
[1A 28%|██▊       | 294/1041 [1:09:21<2:57:53, 14.29s/it]
[1A 28%|██▊       | 295/1041 [1:09:34<2:56:20, 14.18s/it]
[1A                                                      
{'loss': '3.201e-05', 'grad_norm': '0.001115', 'learning_rate': '0.0001685', 'epoch': '0.8514'}
[1A
[1A 28%|██▊       | 295/1041 [1:09:34<2:56:20, 14.18s/it]
[1A 28%|██▊       | 296/1041 [1:09:48<2:53:44, 13.99s/it]
[1A                                                      
{'loss': '1.218e-05', 'grad_norm': '0.000162', 'learning_rate': '0.0001683', 'epoch': '0.8543'}
[1A
[1A 28%|██▊       | 296/1041 [1:09:48<2:53:44, 13.99s/it]
[1A 29%|██▊       | 297/1041 [1:10:02<2:53:13, 13.97s/it]
[1A                                                      
{'loss': '0.01454', 'grad_norm': '0.2767', 'learning_rate': '0.0001681', 'epoch': '0.8571'}
[1A
[1A 29%|██▊       | 297/1041 [1:10:02<2:53:13, 13.97s/it]
[1A 29%|██▊       | 298/1041 [1:10:16<2:51:38, 13.86s/it]
[1A                                                      
{'loss': '0.000155', 'grad_norm': '0.006363', 'learning_rate': '0.0001678', 'epoch': '0.86'}
[1A
[1A 29%|██▊       | 298/1041 [1:10:16<2:51:38, 13.86s/it]
[1A 29%|██▊       | 299/1041 [1:10:30<2:53:25, 14.02s/it]
[1A                                                      
{'loss': '0.0004253', 'grad_norm': '0.03084', 'learning_rate': '0.0001676', 'epoch': '0.8629'}
[1A
[1A 29%|██▊       | 299/1041 [1:10:30<2:53:25, 14.02s/it]
[1A 29%|██▉       | 300/1041 [1:10:52<3:21:36, 16.33s/it]                                                      
{'loss': '3.938e-05', 'grad_norm': '0.001328', 'learning_rate': '0.0001674', 'epoch': '0.8658'}
[1A
[1A 29%|██▉       | 300/1041 [1:10:52<3:21:36, 16.33s/it]
[1A 29%|██▉       | 301/1041 [1:11:05<3:11:53, 15.56s/it]
[1A                                                      
{'loss': '1.574e-05', 'grad_norm': '0.0003203', 'learning_rate': '0.0001672', 'epoch': '0.8687'}
[1A
[1A 29%|██▉       | 301/1041 [1:11:05<3:11:53, 15.56s/it]
[1A 29%|██▉       | 302/1041 [1:11:20<3:06:47, 15.17s/it]
[1A                                                      
{'loss': '0.000505', 'grad_norm': '0.0392', 'learning_rate': '0.0001669', 'epoch': '0.8716'}
[1A
[1A 29%|██▉       | 302/1041 [1:11:20<3:06:47, 15.17s/it]
[1A 29%|██▉       | 303/1041 [1:11:34<3:02:19, 14.82s/it]
[1A                                                      
{'loss': '0.0001283', 'grad_norm': '0.003672', 'learning_rate': '0.0001667', 'epoch': '0.8745'}
[1A
[1A 29%|██▉       | 303/1041 [1:11:34<3:02:19, 14.82s/it]
[1A 29%|██▉       | 304/1041 [1:11:48<2:59:50, 14.64s/it]
[1A                                                      
{'loss': '5.998e-05', 'grad_norm': '0.002293', 'learning_rate': '0.0001665', 'epoch': '0.8773'}
[1A
[1A 29%|██▉       | 304/1041 [1:11:48<2:59:50, 14.64s/it]
[1A 29%|██▉       | 305/1041 [1:12:01<2:55:44, 14.33s/it]
[1A                                                      
{'loss': '3.954e-05', 'grad_norm': '0.001501', 'learning_rate': '0.0001662', 'epoch': '0.8802'}
[1A
[1A 29%|██▉       | 305/1041 [1:12:01<2:55:44, 14.33s/it]
[1A 29%|██▉       | 306/1041 [1:12:16<2:55:50, 14.35s/it]
[1A                                                      
{'loss': '0.0007425', 'grad_norm': '0.03027', 'learning_rate': '0.000166', 'epoch': '0.8831'}
[1A
[1A 29%|██▉       | 306/1041 [1:12:16<2:55:50, 14.35s/it]
[1A 29%|██▉       | 307/1041 [1:12:30<2:55:05, 14.31s/it]
[1A                                                      
{'loss': '0.0007392', 'grad_norm': '0.05359', 'learning_rate': '0.0001658', 'epoch': '0.886'}
[1A
[1A 29%|██▉       | 307/1041 [1:12:30<2:55:05, 14.31s/it]
[1A 30%|██▉       | 308/1041 [1:12:44<2:53:19, 14.19s/it]
[1A                                                      
{'loss': '0.03613', 'grad_norm': '0.4598', 'learning_rate': '0.0001655', 'epoch': '0.8889'}
[1A
[1A 30%|██▉       | 308/1041 [1:12:44<2:53:19, 14.19s/it]
[1A 30%|██▉       | 309/1041 [1:12:57<2:49:00, 13.85s/it]
[1A                                                      
{'loss': '2.369e-05', 'grad_norm': '0.001057', 'learning_rate': '0.0001653', 'epoch': '0.8918'}
[1A
[1A 30%|██▉       | 309/1041 [1:12:57<2:49:00, 13.85s/it]
[1A 30%|██▉       | 310/1041 [1:13:11<2:50:19, 13.98s/it]
[1A                                                      
{'loss': '0.0001576', 'grad_norm': '0.005242', 'learning_rate': '0.0001651', 'epoch': '0.8947'}
[1A
[1A 30%|██▉       | 310/1041 [1:13:11<2:50:19, 13.98s/it]
[1A 30%|██▉       | 311/1041 [1:13:26<2:51:27, 14.09s/it]
[1A                                                      
{'loss': '5.029e-05', 'grad_norm': '0.001166', 'learning_rate': '0.0001648', 'epoch': '0.8975'}
[1A
[1A 30%|██▉       | 311/1041 [1:13:26<2:51:27, 14.09s/it]
[1A 30%|██▉       | 312/1041 [1:13:39<2:49:32, 13.95s/it]
[1A                                                      
{'loss': '0.007404', 'grad_norm': '0.211', 'learning_rate': '0.0001646', 'epoch': '0.9004'}
[1A
[1A 30%|██▉       | 312/1041 [1:13:39<2:49:32, 13.95s/it]
[1A 30%|███       | 313/1041 [1:13:53<2:50:04, 14.02s/it]
[1A                                                      
{'loss': '6.262e-05', 'grad_norm': '0.002825', 'learning_rate': '0.0001643', 'epoch': '0.9033'}
[1A
[1A 30%|███       | 313/1041 [1:13:53<2:50:04, 14.02s/it]
[1A 30%|███       | 314/1041 [1:14:08<2:52:28, 14.23s/it]
[1A                                                      
{'loss': '0.0005942', 'grad_norm': '0.02443', 'learning_rate': '0.0001641', 'epoch': '0.9062'}
[1A
[1A 30%|███       | 314/1041 [1:14:08<2:52:28, 14.23s/it]
[1A 30%|███       | 315/1041 [1:14:23<2:53:46, 14.36s/it]
[1A                                                      
{'loss': '0.003608', 'grad_norm': '0.2933', 'learning_rate': '0.0001639', 'epoch': '0.9091'}
[1A
[1A 30%|███       | 315/1041 [1:14:23<2:53:46, 14.36s/it]
[1A 30%|███       | 316/1041 [1:14:37<2:53:11, 14.33s/it]
[1A                                                      
{'loss': '0.0001013', 'grad_norm': '0.004009', 'learning_rate': '0.0001636', 'epoch': '0.912'}
[1A
[1A 30%|███       | 316/1041 [1:14:37<2:53:11, 14.33s/it]
[1A 30%|███       | 317/1041 [1:14:51<2:51:40, 14.23s/it]
[1A                                                      
{'loss': '5.008e-05', 'grad_norm': '0.001162', 'learning_rate': '0.0001634', 'epoch': '0.9149'}
[1A
[1A 30%|███       | 317/1041 [1:14:51<2:51:40, 14.23s/it]
[1A 31%|███       | 318/1041 [1:15:05<2:49:49, 14.09s/it]
[1A                                                      
{'loss': '7.682e-05', 'grad_norm': '0.001708', 'learning_rate': '0.0001631', 'epoch': '0.9177'}
[1A
[1A 31%|███       | 318/1041 [1:15:05<2:49:49, 14.09s/it]
[1A 31%|███       | 319/1041 [1:15:18<2:47:42, 13.94s/it]
[1A                                                      
{'loss': '0.0001252', 'grad_norm': '0.002784', 'learning_rate': '0.0001629', 'epoch': '0.9206'}
[1A
[1A 31%|███       | 319/1041 [1:15:18<2:47:42, 13.94s/it]
[1A 31%|███       | 320/1041 [1:15:32<2:47:44, 13.96s/it]
[1A                                                      
{'loss': '0.0001975', 'grad_norm': '0.00856', 'learning_rate': '0.0001627', 'epoch': '0.9235'}
[1A
[1A 31%|███       | 320/1041 [1:15:32<2:47:44, 13.96s/it]
[1A 31%|███       | 321/1041 [1:15:46<2:46:03, 13.84s/it]
[1A                                                      
{'loss': '2.391e-05', 'grad_norm': '0.0005756', 'learning_rate': '0.0001624', 'epoch': '0.9264'}
[1A
[1A 31%|███       | 321/1041 [1:15:46<2:46:03, 13.84s/it]
[1A 31%|███       | 322/1041 [1:16:00<2:46:38, 13.91s/it]
[1A                                                      
{'loss': '1.876e-05', 'grad_norm': '0.0002247', 'learning_rate': '0.0001622', 'epoch': '0.9293'}
[1A
[1A 31%|███       | 322/1041 [1:16:00<2:46:38, 13.91s/it]
[1A 31%|███       | 323/1041 [1:16:14<2:47:22, 13.99s/it]
[1A                                                      
{'loss': '0.0002443', 'grad_norm': '0.00837', 'learning_rate': '0.0001619', 'epoch': '0.9322'}
[1A
[1A 31%|███       | 323/1041 [1:16:14<2:47:22, 13.99s/it]
[1A 31%|███       | 324/1041 [1:16:28<2:47:47, 14.04s/it]
[1A                                                      
{'loss': '4.445e-05', 'grad_norm': '0.001746', 'learning_rate': '0.0001617', 'epoch': '0.9351'}
[1A
[1A 31%|███       | 324/1041 [1:16:28<2:47:47, 14.04s/it]
[1A 31%|███       | 325/1041 [1:16:42<2:47:12, 14.01s/it]
[1A                                                      
{'loss': '0.0006646', 'grad_norm': '0.02834', 'learning_rate': '0.0001614', 'epoch': '0.938'}
[1A
[1A 31%|███       | 325/1041 [1:16:42<2:47:12, 14.01s/it]
[1A 31%|███▏      | 326/1041 [1:16:56<2:46:49, 14.00s/it]
[1A                                                      
{'loss': '0.0001639', 'grad_norm': '0.005758', 'learning_rate': '0.0001612', 'epoch': '0.9408'}
[1A
[1A 31%|███▏      | 326/1041 [1:16:56<2:46:49, 14.00s/it]
[1A 31%|███▏      | 327/1041 [1:17:10<2:45:59, 13.95s/it]
[1A                                                      
{'loss': '0.0003463', 'grad_norm': '0.01009', 'learning_rate': '0.0001609', 'epoch': '0.9437'}
[1A
[1A 31%|███▏      | 327/1041 [1:17:10<2:45:59, 13.95s/it]
[1A 32%|███▏      | 328/1041 [1:17:25<2:47:22, 14.09s/it]
[1A                                                      
{'loss': '0.0002944', 'grad_norm': '0.007579', 'learning_rate': '0.0001607', 'epoch': '0.9466'}
[1A
[1A 32%|███▏      | 328/1041 [1:17:25<2:47:22, 14.09s/it]
[1A 32%|███▏      | 329/1041 [1:17:39<2:49:02, 14.24s/it]
[1A                                                      
{'loss': '0.000279', 'grad_norm': '0.006543', 'learning_rate': '0.0001605', 'epoch': '0.9495'}
[1A
[1A 32%|███▏      | 329/1041 [1:17:39<2:49:02, 14.24s/it]
[1A 32%|███▏      | 330/1041 [1:17:53<2:48:51, 14.25s/it]
[1A                                                      
{'loss': '0.000644', 'grad_norm': '0.02835', 'learning_rate': '0.0001602', 'epoch': '0.9524'}
[1A
[1A 32%|███▏      | 330/1041 [1:17:53<2:48:51, 14.25s/it]
[1A 32%|███▏      | 331/1041 [1:18:08<2:51:05, 14.46s/it]
[1A                                                      
{'loss': '0.0001607', 'grad_norm': '0.00411', 'learning_rate': '0.00016', 'epoch': '0.9553'}
[1A
[1A 32%|███▏      | 331/1041 [1:18:08<2:51:05, 14.46s/it]
[1A 32%|███▏      | 332/1041 [1:18:23<2:51:26, 14.51s/it]
[1A                                                      
{'loss': '8.321e-05', 'grad_norm': '0.001269', 'learning_rate': '0.0001597', 'epoch': '0.9582'}
[1A
[1A 32%|███▏      | 332/1041 [1:18:23<2:51:26, 14.51s/it]
[1A 32%|███▏      | 333/1041 [1:18:37<2:50:23, 14.44s/it]
[1A                                                      
{'loss': '0.0001511', 'grad_norm': '0.006198', 'learning_rate': '0.0001595', 'epoch': '0.961'}
[1A
[1A 32%|███▏      | 333/1041 [1:18:37<2:50:23, 14.44s/it]
[1A 32%|███▏      | 334/1041 [1:18:51<2:47:07, 14.18s/it]
[1A                                                      
{'loss': '7.348e-05', 'grad_norm': '0.001521', 'learning_rate': '0.0001592', 'epoch': '0.9639'}
[1A
[1A 32%|███▏      | 334/1041 [1:18:51<2:47:07, 14.18s/it]
[1A 32%|███▏      | 335/1041 [1:19:05<2:47:00, 14.19s/it]
[1A                                                      
{'loss': '9.183e-05', 'grad_norm': '0.001762', 'learning_rate': '0.000159', 'epoch': '0.9668'}
[1A
[1A 32%|███▏      | 335/1041 [1:19:05<2:47:00, 14.19s/it]
[1A 32%|███▏      | 336/1041 [1:19:20<2:47:55, 14.29s/it]
[1A                                                      
{'loss': '0.003541', 'grad_norm': '0.1113', 'learning_rate': '0.0001587', 'epoch': '0.9697'}
[1A
[1A 32%|███▏      | 336/1041 [1:19:20<2:47:55, 14.29s/it]
[1A 32%|███▏      | 337/1041 [1:19:34<2:47:48, 14.30s/it]
[1A                                                      
{'loss': '0.000125', 'grad_norm': '0.003997', 'learning_rate': '0.0001585', 'epoch': '0.9726'}
[1A
[1A 32%|███▏      | 337/1041 [1:19:34<2:47:48, 14.30s/it]
[1A 32%|███▏      | 338/1041 [1:19:48<2:46:29, 14.21s/it]
[1A                                                      
{'loss': '2.629e-05', 'grad_norm': '0.0005002', 'learning_rate': '0.0001582', 'epoch': '0.9755'}
[1A
[1A 32%|███▏      | 338/1041 [1:19:48<2:46:29, 14.21s/it]
[1A 33%|███▎      | 339/1041 [1:20:02<2:45:28, 14.14s/it]
[1A                                                      
{'loss': '0.0001613', 'grad_norm': '0.003277', 'learning_rate': '0.0001579', 'epoch': '0.9784'}
[1A
[1A 33%|███▎      | 339/1041 [1:20:02<2:45:28, 14.14s/it]
[1A 33%|███▎      | 340/1041 [1:20:16<2:46:15, 14.23s/it]
[1A                                                      
{'loss': '0.0002636', 'grad_norm': '0.006013', 'learning_rate': '0.0001577', 'epoch': '0.9812'}
[1A
[1A 33%|███▎      | 340/1041 [1:20:16<2:46:15, 14.23s/it]
[1A 33%|███▎      | 341/1041 [1:20:31<2:45:44, 14.21s/it]
[1A                                                      
{'loss': '5.406e-05', 'grad_norm': '0.001245', 'learning_rate': '0.0001574', 'epoch': '0.9841'}
[1A
[1A 33%|███▎      | 341/1041 [1:20:31<2:45:44, 14.21s/it]
[1A 33%|███▎      | 342/1041 [1:20:45<2:44:40, 14.14s/it]
[1A                                                      
{'loss': '0.0001275', 'grad_norm': '0.005898', 'learning_rate': '0.0001572', 'epoch': '0.987'}
[1A
[1A 33%|███▎      | 342/1041 [1:20:45<2:44:40, 14.14s/it]
[1A 33%|███▎      | 343/1041 [1:20:59<2:46:20, 14.30s/it]
[1A                                                      
{'loss': '0.006576', 'grad_norm': '0.1184', 'learning_rate': '0.0001569', 'epoch': '0.9899'}
[1A
[1A 33%|███▎      | 343/1041 [1:20:59<2:46:20, 14.30s/it]
[1A 33%|███▎      | 344/1041 [1:21:13<2:44:49, 14.19s/it]
[1A                                                      
{'loss': '0.0002', 'grad_norm': '0.00846', 'learning_rate': '0.0001567', 'epoch': '0.9928'}
[1A
[1A 33%|███▎      | 344/1041 [1:21:13<2:44:49, 14.19s/it]
[1A 33%|███▎      | 345/1041 [1:21:28<2:45:46, 14.29s/it]
[1A                                                      
{'loss': '0.005066', 'grad_norm': '0.24', 'learning_rate': '0.0001564', 'epoch': '0.9957'}
[1A
[1A 33%|███▎      | 345/1041 [1:21:28<2:45:46, 14.29s/it]
[1A 33%|███▎      | 346/1041 [1:21:41<2:43:06, 14.08s/it]
[1A                                                      
{'loss': '4.829e-05', 'grad_norm': '0.001644', 'learning_rate': '0.0001562', 'epoch': '0.9986'}
[1A
[1A 33%|███▎      | 346/1041 [1:21:41<2:43:06, 14.08s/it]
[1A 33%|███▎      | 347/1041 [1:21:49<2:19:47, 12.09s/it]
[1A                                                      
{'loss': '0.0003431', 'grad_norm': '0.01242', 'learning_rate': '0.0001559', 'epoch': '1'}
[1A
[1A 33%|███▎      | 347/1041 [1:21:49<2:19:47, 12.09s/it]
[1A 33%|███▎      | 348/1041 [1:22:02<2:24:00, 12.47s/it]
[1A                                                      
{'loss': '7.874e-05', 'grad_norm': '0.002777', 'learning_rate': '0.0001556', 'epoch': '1.003'}
[1A
[1A 33%|███▎      | 348/1041 [1:22:02<2:24:00, 12.47s/it]
[1A 34%|███▎      | 349/1041 [1:22:15<2:27:05, 12.75s/it]
[1A                                                      
{'loss': '3.294e-05', 'grad_norm': '0.0008307', 'learning_rate': '0.0001554', 'epoch': '1.006'}
[1A
[1A 34%|███▎      | 349/1041 [1:22:15<2:27:05, 12.75s/it]
[1A 34%|███▎      | 350/1041 [1:22:29<2:31:12, 13.13s/it]
[1A                                                      
{'loss': '0.0001455', 'grad_norm': '0.003559', 'learning_rate': '0.0001551', 'epoch': '1.009'}
[1A
[1A 34%|███▎      | 350/1041 [1:22:29<2:31:12, 13.13s/it]
[1A 34%|███▎      | 351/1041 [1:22:43<2:33:34, 13.35s/it]
[1A                                                      
{'loss': '0.001077', 'grad_norm': '0.02783', 'learning_rate': '0.0001549', 'epoch': '1.012'}
[1A
[1A 34%|███▎      | 351/1041 [1:22:43<2:33:34, 13.35s/it]
[1A 34%|███▍      | 352/1041 [1:22:58<2:38:32, 13.81s/it]
[1A                                                      
{'loss': '0.000341', 'grad_norm': '0.01327', 'learning_rate': '0.0001546', 'epoch': '1.014'}
[1A
[1A 34%|███▍      | 352/1041 [1:22:58<2:38:32, 13.81s/it]
[1A 34%|███▍      | 353/1041 [1:23:12<2:38:08, 13.79s/it]
[1A                                                      
{'loss': '0.0001396', 'grad_norm': '0.005888', 'learning_rate': '0.0001543', 'epoch': '1.017'}
[1A
[1A 34%|███▍      | 353/1041 [1:23:12<2:38:08, 13.79s/it]
[1A 34%|███▍      | 354/1041 [1:23:27<2:40:58, 14.06s/it]
[1A                                                      
{'loss': '0.0009411', 'grad_norm': '0.04823', 'learning_rate': '0.0001541', 'epoch': '1.02'}
[1A
[1A 34%|███▍      | 354/1041 [1:23:27<2:40:58, 14.06s/it]
[1A 34%|███▍      | 355/1041 [1:23:41<2:42:07, 14.18s/it]
[1A                                                      
{'loss': '2.813e-05', 'grad_norm': '0.0009896', 'learning_rate': '0.0001538', 'epoch': '1.023'}
[1A
[1A 34%|███▍      | 355/1041 [1:23:41<2:42:07, 14.18s/it]
[1A 34%|███▍      | 356/1041 [1:23:56<2:43:45, 14.34s/it]
[1A                                                      
{'loss': '0.0001152', 'grad_norm': '0.003847', 'learning_rate': '0.0001536', 'epoch': '1.026'}
[1A
[1A 34%|███▍      | 356/1041 [1:23:56<2:43:45, 14.34s/it]
[1A 34%|███▍      | 357/1041 [1:24:10<2:42:12, 14.23s/it]
[1A                                                      
{'loss': '3.563e-05', 'grad_norm': '0.0006582', 'learning_rate': '0.0001533', 'epoch': '1.029'}
[1A
[1A 34%|███▍      | 357/1041 [1:24:10<2:42:12, 14.23s/it]
[1A 34%|███▍      | 358/1041 [1:24:24<2:43:17, 14.35s/it]
[1A                                                      
{'loss': '8.666e-05', 'grad_norm': '0.001585', 'learning_rate': '0.000153', 'epoch': '1.032'}
[1A
[1A 34%|███▍      | 358/1041 [1:24:24<2:43:17, 14.35s/it]
[1A 34%|███▍      | 359/1041 [1:24:38<2:41:44, 14.23s/it]
[1A                                                      
{'loss': '0.001462', 'grad_norm': '0.08871', 'learning_rate': '0.0001528', 'epoch': '1.035'}
[1A
[1A 34%|███▍      | 359/1041 [1:24:38<2:41:44, 14.23s/it]
[1A 35%|███▍      | 360/1041 [1:24:52<2:40:51, 14.17s/it]
[1A                                                      
{'loss': '4.206e-05', 'grad_norm': '0.00103', 'learning_rate': '0.0001525', 'epoch': '1.038'}
[1A
[1A 35%|███▍      | 360/1041 [1:24:52<2:40:51, 14.17s/it]
[1A 35%|███▍      | 361/1041 [1:25:06<2:39:59, 14.12s/it]
[1A                                                      
{'loss': '0.003192', 'grad_norm': '0.1478', 'learning_rate': '0.0001522', 'epoch': '1.04'}
[1A
[1A 35%|███▍      | 361/1041 [1:25:06<2:39:59, 14.12s/it]
[1A 35%|███▍      | 362/1041 [1:25:21<2:40:35, 14.19s/it]
[1A                                                      
{'loss': '2.659e-05', 'grad_norm': '0.0003896', 'learning_rate': '0.000152', 'epoch': '1.043'}
[1A
[1A 35%|███▍      | 362/1041 [1:25:21<2:40:35, 14.19s/it]
[1A 35%|███▍      | 363/1041 [1:25:35<2:40:27, 14.20s/it]
[1A                                                      
{'loss': '3.815e-05', 'grad_norm': '0.0007432', 'learning_rate': '0.0001517', 'epoch': '1.046'}
[1A
[1A 35%|███▍      | 363/1041 [1:25:35<2:40:27, 14.20s/it]
[1A 35%|███▍      | 364/1041 [1:25:49<2:38:16, 14.03s/it]
[1A                                                      
{'loss': '1.658e-05', 'grad_norm': '0.0002845', 'learning_rate': '0.0001514', 'epoch': '1.049'}
[1A
[1A 35%|███▍      | 364/1041 [1:25:49<2:38:16, 14.03s/it]
[1A 35%|███▌      | 365/1041 [1:26:03<2:38:19, 14.05s/it]
[1A                                                      
{'loss': '8.353e-05', 'grad_norm': '0.006419', 'learning_rate': '0.0001512', 'epoch': '1.052'}
[1A
[1A 35%|███▌      | 365/1041 [1:26:03<2:38:19, 14.05s/it]
[1A 35%|███▌      | 366/1041 [1:26:16<2:36:53, 13.95s/it]
[1A                                                      
{'loss': '6.972e-05', 'grad_norm': '0.002243', 'learning_rate': '0.0001509', 'epoch': '1.055'}
[1A
[1A 35%|███▌      | 366/1041 [1:26:16<2:36:53, 13.95s/it]
[1A 35%|███▌      | 367/1041 [1:26:30<2:36:57, 13.97s/it]
[1A                                                      
{'loss': '0.0009765', 'grad_norm': '0.05644', 'learning_rate': '0.0001506', 'epoch': '1.058'}
[1A
[1A 35%|███▌      | 367/1041 [1:26:30<2:36:57, 13.97s/it]
[1A 35%|███▌      | 368/1041 [1:26:45<2:37:44, 14.06s/it]
[1A                                                      
{'loss': '0.0004334', 'grad_norm': '0.01483', 'learning_rate': '0.0001504', 'epoch': '1.061'}
[1A
[1A 35%|███▌      | 368/1041 [1:26:45<2:37:44, 14.06s/it]
[1A 35%|███▌      | 369/1041 [1:26:59<2:38:18, 14.14s/it]
[1A                                                      
{'loss': '0.0002667', 'grad_norm': '0.01415', 'learning_rate': '0.0001501', 'epoch': '1.063'}
[1A
[1A 35%|███▌      | 369/1041 [1:26:59<2:38:18, 14.14s/it]
[1A 36%|███▌      | 370/1041 [1:27:13<2:38:26, 14.17s/it]
[1A                                                      
{'loss': '8.191e-05', 'grad_norm': '0.002286', 'learning_rate': '0.0001498', 'epoch': '1.066'}
[1A
[1A 36%|███▌      | 370/1041 [1:27:13<2:38:26, 14.17s/it]
[1A 36%|███▌      | 371/1041 [1:27:27<2:36:29, 14.01s/it]
[1A                                                      
{'loss': '9.258e-06', 'grad_norm': '0.000194', 'learning_rate': '0.0001495', 'epoch': '1.069'}
[1A
[1A 36%|███▌      | 371/1041 [1:27:27<2:36:29, 14.01s/it]
[1A 36%|███▌      | 372/1041 [1:27:41<2:37:19, 14.11s/it]
[1A                                                      
{'loss': '0.0001201', 'grad_norm': '0.005611', 'learning_rate': '0.0001493', 'epoch': '1.072'}
[1A
[1A 36%|███▌      | 372/1041 [1:27:41<2:37:19, 14.11s/it]
[1A 36%|███▌      | 373/1041 [1:27:55<2:37:12, 14.12s/it]
[1A                                                      
{'loss': '2.453e-05', 'grad_norm': '0.0004841', 'learning_rate': '0.000149', 'epoch': '1.075'}
[1A
[1A 36%|███▌      | 373/1041 [1:27:55<2:37:12, 14.12s/it]
[1A 36%|███▌      | 374/1041 [1:28:10<2:39:16, 14.33s/it]
[1A                                                      
{'loss': '3.544e-05', 'grad_norm': '0.0009075', 'learning_rate': '0.0001487', 'epoch': '1.078'}
[1A
[1A 36%|███▌      | 374/1041 [1:28:10<2:39:16, 14.33s/it]
[1A 36%|███▌      | 375/1041 [1:28:24<2:37:38, 14.20s/it]
[1A                                                      
{'loss': '1.895e-05', 'grad_norm': '0.000317', 'learning_rate': '0.0001485', 'epoch': '1.081'}
[1A
[1A 36%|███▌      | 375/1041 [1:28:24<2:37:38, 14.20s/it]
[1A 36%|███▌      | 376/1041 [1:28:38<2:36:37, 14.13s/it]
[1A                                                      
{'loss': '4.837e-05', 'grad_norm': '0.001927', 'learning_rate': '0.0001482', 'epoch': '1.084'}
[1A
[1A 36%|███▌      | 376/1041 [1:28:38<2:36:37, 14.13s/it]
[1A 36%|███▌      | 377/1041 [1:28:52<2:36:37, 14.15s/it]
[1A                                                      
{'loss': '2.45e-05', 'grad_norm': '0.0004587', 'learning_rate': '0.0001479', 'epoch': '1.087'}
[1A
[1A 36%|███▌      | 377/1041 [1:28:52<2:36:37, 14.15s/it]
[1A 36%|███▋      | 378/1041 [1:29:06<2:36:28, 14.16s/it]
[1A                                                      
{'loss': '1.161e-05', 'grad_norm': '0.0001721', 'learning_rate': '0.0001476', 'epoch': '1.089'}
[1A
[1A 36%|███▋      | 378/1041 [1:29:06<2:36:28, 14.16s/it]
[1A 36%|███▋      | 379/1041 [1:29:20<2:35:40, 14.11s/it]
[1A                                                      
{'loss': '1.348e-05', 'grad_norm': '0.0002369', 'learning_rate': '0.0001474', 'epoch': '1.092'}
[1A
[1A 36%|███▋      | 379/1041 [1:29:20<2:35:40, 14.11s/it]
[1A 37%|███▋      | 380/1041 [1:29:35<2:35:53, 14.15s/it]
[1A                                                      
{'loss': '1.676e-05', 'grad_norm': '0.0002546', 'learning_rate': '0.0001471', 'epoch': '1.095'}
[1A
[1A 37%|███▋      | 380/1041 [1:29:35<2:35:53, 14.15s/it]
[1A 37%|███▋      | 381/1041 [1:29:49<2:35:03, 14.10s/it]
[1A                                                      
{'loss': '2.792e-05', 'grad_norm': '0.0007963', 'learning_rate': '0.0001468', 'epoch': '1.098'}
[1A
[1A 37%|███▋      | 381/1041 [1:29:49<2:35:03, 14.10s/it]
[1A 37%|███▋      | 382/1041 [1:30:02<2:32:30, 13.89s/it]
[1A                                                      
{'loss': '7.124e-06', 'grad_norm': '9.322e-05', 'learning_rate': '0.0001465', 'epoch': '1.101'}
[1A
[1A 37%|███▋      | 382/1041 [1:30:02<2:32:30, 13.89s/it]
[1A 37%|███▋      | 383/1041 [1:30:16<2:31:11, 13.79s/it]
[1A                                                      
{'loss': '0.0001676', 'grad_norm': '0.008386', 'learning_rate': '0.0001463', 'epoch': '1.104'}
[1A
[1A 37%|███▋      | 383/1041 [1:30:16<2:31:11, 13.79s/it]
[1A 37%|███▋      | 384/1041 [1:30:30<2:33:34, 14.03s/it]
[1A                                                      
{'loss': '1.787e-05', 'grad_norm': '0.0003494', 'learning_rate': '0.000146', 'epoch': '1.107'}
[1A
[1A 37%|███▋      | 384/1041 [1:30:30<2:33:34, 14.03s/it]
[1A 37%|███▋      | 385/1041 [1:30:45<2:34:13, 14.11s/it]
[1A                                                      
{'loss': '1.728e-05', 'grad_norm': '0.0002481', 'learning_rate': '0.0001457', 'epoch': '1.11'}
[1A
[1A 37%|███▋      | 385/1041 [1:30:45<2:34:13, 14.11s/it]
[1A 37%|███▋      | 386/1041 [1:30:59<2:34:26, 14.15s/it]
[1A                                                      
{'loss': '3.568e-05', 'grad_norm': '0.001406', 'learning_rate': '0.0001454', 'epoch': '1.113'}
[1A
[1A 37%|███▋      | 386/1041 [1:30:59<2:34:26, 14.15s/it]
[1A 37%|███▋      | 387/1041 [1:31:13<2:33:23, 14.07s/it]
[1A                                                      
{'loss': '1.123e-05', 'grad_norm': '0.0001673', 'learning_rate': '0.0001452', 'epoch': '1.115'}
[1A
[1A 37%|███▋      | 387/1041 [1:31:13<2:33:23, 14.07s/it]
[1A 37%|███▋      | 388/1041 [1:31:27<2:34:43, 14.22s/it]
[1A                                                      
{'loss': '0.0002184', 'grad_norm': '0.01849', 'learning_rate': '0.0001449', 'epoch': '1.118'}
[1A
[1A 37%|███▋      | 388/1041 [1:31:27<2:34:43, 14.22s/it]
[1A 37%|███▋      | 389/1041 [1:31:41<2:33:38, 14.14s/it]
[1A                                                      
{'loss': '2.857e-05', 'grad_norm': '0.001309', 'learning_rate': '0.0001446', 'epoch': '1.121'}
[1A
[1A 37%|███▋      | 389/1041 [1:31:41<2:33:38, 14.14s/it]
[1A 37%|███▋      | 390/1041 [1:31:55<2:32:31, 14.06s/it]
[1A                                                      
{'loss': '9.344e-06', 'grad_norm': '0.0002429', 'learning_rate': '0.0001443', 'epoch': '1.124'}
[1A
[1A 37%|███▋      | 390/1041 [1:31:55<2:32:31, 14.06s/it]
[1A 38%|███▊      | 391/1041 [1:32:09<2:31:21, 13.97s/it]
[1A                                                      
{'loss': '0.0004513', 'grad_norm': '0.02299', 'learning_rate': '0.000144', 'epoch': '1.127'}
[1A
[1A 38%|███▊      | 391/1041 [1:32:09<2:31:21, 13.97s/it]
[1A 38%|███▊      | 392/1041 [1:32:23<2:31:48, 14.04s/it]
[1A                                                      
{'loss': '7.089e-05', 'grad_norm': '0.00763', 'learning_rate': '0.0001438', 'epoch': '1.13'}
[1A
[1A 38%|███▊      | 392/1041 [1:32:23<2:31:48, 14.04s/it]
[1A 38%|███▊      | 393/1041 [1:32:37<2:32:30, 14.12s/it]
[1A                                                      
{'loss': '1.851e-05', 'grad_norm': '0.0002843', 'learning_rate': '0.0001435', 'epoch': '1.133'}
[1A
[1A 38%|███▊      | 393/1041 [1:32:37<2:32:30, 14.12s/it]
[1A 38%|███▊      | 394/1041 [1:32:51<2:30:16, 13.94s/it]
[1A                                                      
{'loss': '7.716e-06', 'grad_norm': '0.0001225', 'learning_rate': '0.0001432', 'epoch': '1.136'}
[1A
[1A 38%|███▊      | 394/1041 [1:32:51<2:30:16, 13.94s/it]
[1A 38%|███▊      | 395/1041 [1:33:05<2:32:22, 14.15s/it]
[1A                                                      
{'loss': '2.306e-05', 'grad_norm': '0.0003681', 'learning_rate': '0.0001429', 'epoch': '1.139'}
[1A
[1A 38%|███▊      | 395/1041 [1:33:05<2:32:22, 14.15s/it]
[1A 38%|███▊      | 396/1041 [1:33:19<2:29:47, 13.93s/it]
[1A                                                      
{'loss': '4.069e-06', 'grad_norm': '7.324e-05', 'learning_rate': '0.0001426', 'epoch': '1.141'}
[1A
[1A 38%|███▊      | 396/1041 [1:33:19<2:29:47, 13.93s/it]
[1A 38%|███▊      | 397/1041 [1:33:33<2:31:03, 14.07s/it]
[1A                                                      
{'loss': '2.115e-05', 'grad_norm': '0.0006597', 'learning_rate': '0.0001424', 'epoch': '1.144'}
[1A
[1A 38%|███▊      | 397/1041 [1:33:33<2:31:03, 14.07s/it]
[1A 38%|███▊      | 398/1041 [1:33:48<2:31:57, 14.18s/it]
[1A                                                      
{'loss': '8.094e-05', 'grad_norm': '0.003547', 'learning_rate': '0.0001421', 'epoch': '1.147'}
[1A
[1A 38%|███▊      | 398/1041 [1:33:48<2:31:57, 14.18s/it]
[1A 38%|███▊      | 399/1041 [1:34:02<2:32:24, 14.24s/it]
[1A                                                      
{'loss': '6.475e-06', 'grad_norm': '8.455e-05', 'learning_rate': '0.0001418', 'epoch': '1.15'}
[1A
[1A 38%|███▊      | 399/1041 [1:34:02<2:32:24, 14.24s/it]
[1A 38%|███▊      | 400/1041 [1:34:25<3:00:09, 16.86s/it]                                                      
{'loss': '1.799e-05', 'grad_norm': '0.0003018', 'learning_rate': '0.0001415', 'epoch': '1.153'}
[1A
[1A 38%|███▊      | 400/1041 [1:34:25<3:00:09, 16.86s/it]
[1A 39%|███▊      | 401/1041 [1:34:40<2:52:09, 16.14s/it]
[1A                                                      
{'loss': '6.651e-05', 'grad_norm': '0.001592', 'learning_rate': '0.0001412', 'epoch': '1.156'}
[1A
[1A 39%|███▊      | 401/1041 [1:34:40<2:52:09, 16.14s/it]
[1A 39%|███▊      | 402/1041 [1:34:54<2:44:58, 15.49s/it]
[1A                                                      
{'loss': '2.794e-05', 'grad_norm': '0.0007949', 'learning_rate': '0.0001409', 'epoch': '1.159'}
[1A
[1A 39%|███▊      | 402/1041 [1:34:54<2:44:58, 15.49s/it]
[1A 39%|███▊      | 403/1041 [1:35:08<2:41:11, 15.16s/it]
[1A                                                      
{'loss': '8.782e-05', 'grad_norm': '0.002527', 'learning_rate': '0.0001407', 'epoch': '1.162'}
[1A
[1A 39%|███▊      | 403/1041 [1:35:08<2:41:11, 15.16s/it]
[1A 39%|███▉      | 404/1041 [1:35:22<2:36:54, 14.78s/it]
[1A                                                      
{'loss': '5.655e-05', 'grad_norm': '0.002153', 'learning_rate': '0.0001404', 'epoch': '1.165'}
[1A
[1A 39%|███▉      | 404/1041 [1:35:22<2:36:54, 14.78s/it]
[1A 39%|███▉      | 405/1041 [1:35:36<2:35:24, 14.66s/it]
[1A                                                      
{'loss': '2.695e-05', 'grad_norm': '0.001077', 'learning_rate': '0.0001401', 'epoch': '1.167'}
[1A
[1A 39%|███▉      | 405/1041 [1:35:36<2:35:24, 14.66s/it]
[1A 39%|███▉      | 406/1041 [1:35:50<2:33:21, 14.49s/it]
[1A                                                      
{'loss': '1.425e-05', 'grad_norm': '0.0004484', 'learning_rate': '0.0001398', 'epoch': '1.17'}
[1A
[1A 39%|███▉      | 406/1041 [1:35:50<2:33:21, 14.49s/it]
[1A 39%|███▉      | 407/1041 [1:36:05<2:32:23, 14.42s/it]
[1A                                                      
{'loss': '1.833e-05', 'grad_norm': '0.0002473', 'learning_rate': '0.0001395', 'epoch': '1.173'}
[1A
[1A 39%|███▉      | 407/1041 [1:36:05<2:32:23, 14.42s/it]
[1A 39%|███▉      | 408/1041 [1:36:19<2:32:28, 14.45s/it]
[1A                                                      
{'loss': '3.725e-05', 'grad_norm': '0.0008295', 'learning_rate': '0.0001392', 'epoch': '1.176'}
[1A
[1A 39%|███▉      | 408/1041 [1:36:19<2:32:28, 14.45s/it]
[1A 39%|███▉      | 409/1041 [1:36:34<2:32:38, 14.49s/it]
[1A                                                      
{'loss': '0.0004991', 'grad_norm': '0.03791', 'learning_rate': '0.000139', 'epoch': '1.179'}
[1A
[1A 39%|███▉      | 409/1041 [1:36:34<2:32:38, 14.49s/it]
[1A 39%|███▉      | 410/1041 [1:36:48<2:31:54, 14.44s/it]
[1A                                                      
{'loss': '0.0002059', 'grad_norm': '0.008153', 'learning_rate': '0.0001387', 'epoch': '1.182'}
[1A
[1A 39%|███▉      | 410/1041 [1:36:48<2:31:54, 14.44s/it]
[1A 39%|███▉      | 411/1041 [1:37:02<2:29:40, 14.25s/it]
[1A                                                      
{'loss': '2.142e-05', 'grad_norm': '0.0003876', 'learning_rate': '0.0001384', 'epoch': '1.185'}
[1A
[1A 39%|███▉      | 411/1041 [1:37:02<2:29:40, 14.25s/it]
[1A 40%|███▉      | 412/1041 [1:37:16<2:28:20, 14.15s/it]
[1A                                                      
{'loss': '6.326e-06', 'grad_norm': '8.205e-05', 'learning_rate': '0.0001381', 'epoch': '1.188'}
[1A
[1A 40%|███▉      | 412/1041 [1:37:16<2:28:20, 14.15s/it]
[1A 40%|███▉      | 413/1041 [1:37:30<2:28:32, 14.19s/it]
[1A                                                      
{'loss': '1.139e-05', 'grad_norm': '0.0002337', 'learning_rate': '0.0001378', 'epoch': '1.19'}
[1A
[1A 40%|███▉      | 413/1041 [1:37:30<2:28:32, 14.19s/it]
[1A 40%|███▉      | 414/1041 [1:37:44<2:27:58, 14.16s/it]
[1A                                                      
{'loss': '1.16e-05', 'grad_norm': '0.0001548', 'learning_rate': '0.0001375', 'epoch': '1.193'}
[1A
[1A 40%|███▉      | 414/1041 [1:37:44<2:27:58, 14.16s/it]
[1A 40%|███▉      | 415/1041 [1:37:59<2:29:30, 14.33s/it]
[1A                                                      
{'loss': '0.0001855', 'grad_norm': '0.0265', 'learning_rate': '0.0001372', 'epoch': '1.196'}
[1A
[1A 40%|███▉      | 415/1041 [1:37:59<2:29:30, 14.33s/it]
[1A 40%|███▉      | 416/1041 [1:38:13<2:28:16, 14.23s/it]
[1A                                                      
{'loss': '3.554e-05', 'grad_norm': '0.00222', 'learning_rate': '0.0001369', 'epoch': '1.199'}
[1A
[1A 40%|███▉      | 416/1041 [1:38:13<2:28:16, 14.23s/it]
[1A 40%|████      | 417/1041 [1:38:27<2:27:03, 14.14s/it]
[1A                                                      
{'loss': '9.317e-06', 'grad_norm': '0.0001343', 'learning_rate': '0.0001366', 'epoch': '1.202'}
[1A
[1A 40%|████      | 417/1041 [1:38:27<2:27:03, 14.14s/it]
[1A 40%|████      | 418/1041 [1:38:41<2:26:47, 14.14s/it]
[1A                                                      
{'loss': '5.165e-05', 'grad_norm': '0.002477', 'learning_rate': '0.0001364', 'epoch': '1.205'}
[1A
[1A 40%|████      | 418/1041 [1:38:41<2:26:47, 14.14s/it]
[1A 40%|████      | 419/1041 [1:38:55<2:27:35, 14.24s/it]
[1A                                                      
{'loss': '8.9e-06', 'grad_norm': '0.0001993', 'learning_rate': '0.0001361', 'epoch': '1.208'}
[1A
[1A 40%|████      | 419/1041 [1:38:55<2:27:35, 14.24s/it]
[1A 40%|████      | 420/1041 [1:39:10<2:28:32, 14.35s/it]
[1A                                                      
{'loss': '0.0001011', 'grad_norm': '0.004666', 'learning_rate': '0.0001358', 'epoch': '1.211'}
[1A
[1A 40%|████      | 420/1041 [1:39:10<2:28:32, 14.35s/it]
[1A 40%|████      | 421/1041 [1:39:24<2:28:44, 14.39s/it]
[1A                                                      
{'loss': '6.577e-05', 'grad_norm': '0.002648', 'learning_rate': '0.0001355', 'epoch': '1.214'}
[1A
[1A 40%|████      | 421/1041 [1:39:24<2:28:44, 14.39s/it]
[1A 41%|████      | 422/1041 [1:39:38<2:26:53, 14.24s/it]
[1A                                                      
{'loss': '1.591e-05', 'grad_norm': '0.0006932', 'learning_rate': '0.0001352', 'epoch': '1.216'}
[1A
[1A 41%|████      | 422/1041 [1:39:38<2:26:53, 14.24s/it]
[1A 41%|████      | 423/1041 [1:39:53<2:26:29, 14.22s/it]
[1A                                                      
{'loss': '2.53e-05', 'grad_norm': '0.0006272', 'learning_rate': '0.0001349', 'epoch': '1.219'}
[1A
[1A 41%|████      | 423/1041 [1:39:53<2:26:29, 14.22s/it]
[1A 41%|████      | 424/1041 [1:40:07<2:26:38, 14.26s/it]
[1A                                                      
{'loss': '3.117e-05', 'grad_norm': '0.0009181', 'learning_rate': '0.0001346', 'epoch': '1.222'}
[1A
[1A 41%|████      | 424/1041 [1:40:07<2:26:38, 14.26s/it]
[1A 41%|████      | 425/1041 [1:40:21<2:26:14, 14.24s/it]
[1A                                                      
{'loss': '0.0001351', 'grad_norm': '0.008234', 'learning_rate': '0.0001343', 'epoch': '1.225'}
[1A
[1A 41%|████      | 425/1041 [1:40:21<2:26:14, 14.24s/it]
[1A 41%|████      | 426/1041 [1:40:35<2:24:47, 14.13s/it]
[1A                                                      
{'loss': '9.297e-06', 'grad_norm': '0.0002881', 'learning_rate': '0.000134', 'epoch': '1.228'}
[1A
[1A 41%|████      | 426/1041 [1:40:35<2:24:47, 14.13s/it]
[1A 41%|████      | 427/1041 [1:40:49<2:23:43, 14.05s/it]
[1A                                                      
{'loss': '1.522e-05', 'grad_norm': '0.0003062', 'learning_rate': '0.0001337', 'epoch': '1.231'}
[1A
[1A 41%|████      | 427/1041 [1:40:49<2:23:43, 14.05s/it]
[1A 41%|████      | 428/1041 [1:41:02<2:22:14, 13.92s/it]
[1A                                                      
{'loss': '7.892e-06', 'grad_norm': '0.0002664', 'learning_rate': '0.0001334', 'epoch': '1.234'}
[1A
[1A 41%|████      | 428/1041 [1:41:02<2:22:14, 13.92s/it]
[1A 41%|████      | 429/1041 [1:41:16<2:20:17, 13.75s/it]
[1A                                                      
{'loss': '3.977e-06', 'grad_norm': '0.0001054', 'learning_rate': '0.0001331', 'epoch': '1.237'}
[1A
[1A 41%|████      | 429/1041 [1:41:16<2:20:17, 13.75s/it]
[1A 41%|████▏     | 430/1041 [1:41:29<2:18:51, 13.64s/it]
[1A                                                      
{'loss': '9.025e-06', 'grad_norm': '0.0001593', 'learning_rate': '0.0001328', 'epoch': '1.24'}
[1A
[1A 41%|████▏     | 430/1041 [1:41:29<2:18:51, 13.64s/it]
[1A 41%|████▏     | 431/1041 [1:41:43<2:20:12, 13.79s/it]
[1A                                                      
{'loss': '5.566e-06', 'grad_norm': '8.94e-05', 'learning_rate': '0.0001326', 'epoch': '1.242'}
[1A
[1A 41%|████▏     | 431/1041 [1:41:43<2:20:12, 13.79s/it]
[1A 41%|████▏     | 432/1041 [1:41:56<2:17:32, 13.55s/it]
[1A                                                      
{'loss': '3.453e-06', 'grad_norm': '6.37e-05', 'learning_rate': '0.0001323', 'epoch': '1.245'}
[1A
[1A 41%|████▏     | 432/1041 [1:41:56<2:17:32, 13.55s/it]
[1A 42%|████▏     | 433/1041 [1:42:10<2:18:10, 13.64s/it]
[1A                                                      
{'loss': '2.75e-05', 'grad_norm': '0.0006599', 'learning_rate': '0.000132', 'epoch': '1.248'}
[1A
[1A 42%|████▏     | 433/1041 [1:42:10<2:18:10, 13.64s/it]
[1A 42%|████▏     | 434/1041 [1:42:25<2:21:29, 13.99s/it]
[1A                                                      
{'loss': '3.769e-05', 'grad_norm': '0.001553', 'learning_rate': '0.0001317', 'epoch': '1.251'}
[1A
[1A 42%|████▏     | 434/1041 [1:42:25<2:21:29, 13.99s/it]
[1A 42%|████▏     | 435/1041 [1:42:39<2:21:43, 14.03s/it]
[1A                                                      
{'loss': '0.0003474', 'grad_norm': '0.02077', 'learning_rate': '0.0001314', 'epoch': '1.254'}
[1A
[1A 42%|████▏     | 435/1041 [1:42:39<2:21:43, 14.03s/it]
[1A 42%|████▏     | 436/1041 [1:42:54<2:24:10, 14.30s/it]
[1A                                                      
{'loss': '3.661e-05', 'grad_norm': '0.002636', 'learning_rate': '0.0001311', 'epoch': '1.257'}
[1A
[1A 42%|████▏     | 436/1041 [1:42:54<2:24:10, 14.30s/it]
[1A 42%|████▏     | 437/1041 [1:43:08<2:22:22, 14.14s/it]
[1A                                                      
{'loss': '2.875e-06', 'grad_norm': '4.729e-05', 'learning_rate': '0.0001308', 'epoch': '1.26'}
[1A
[1A 42%|████▏     | 437/1041 [1:43:08<2:22:22, 14.14s/it]
[1A 42%|████▏     | 438/1041 [1:43:22<2:22:50, 14.21s/it]
[1A                                                      
{'loss': '2.791e-05', 'grad_norm': '0.001257', 'learning_rate': '0.0001305', 'epoch': '1.263'}
[1A
[1A 42%|████▏     | 438/1041 [1:43:22<2:22:50, 14.21s/it]
[1A 42%|████▏     | 439/1041 [1:43:36<2:22:35, 14.21s/it]
[1A                                                      
{'loss': '0.0001674', 'grad_norm': '0.004281', 'learning_rate': '0.0001302', 'epoch': '1.266'}
[1A
[1A 42%|████▏     | 439/1041 [1:43:36<2:22:35, 14.21s/it]
[1A 42%|████▏     | 440/1041 [1:43:51<2:23:00, 14.28s/it]
[1A                                                      
{'loss': '6.199e-06', 'grad_norm': '9.811e-05', 'learning_rate': '0.0001299', 'epoch': '1.268'}
[1A
[1A 42%|████▏     | 440/1041 [1:43:51<2:23:00, 14.28s/it]
[1A 42%|████▏     | 441/1041 [1:44:05<2:22:31, 14.25s/it]
[1A                                                      
{'loss': '6.258e-05', 'grad_norm': '0.001941', 'learning_rate': '0.0001296', 'epoch': '1.271'}
[1A
[1A 42%|████▏     | 441/1041 [1:44:05<2:22:31, 14.25s/it]
[1A 42%|████▏     | 442/1041 [1:44:19<2:21:44, 14.20s/it]
[1A                                                      
{'loss': '9.515e-06', 'grad_norm': '0.0001625', 'learning_rate': '0.0001293', 'epoch': '1.274'}
[1A
[1A 42%|████▏     | 442/1041 [1:44:19<2:21:44, 14.20s/it]
[1A 43%|████▎     | 443/1041 [1:44:33<2:20:57, 14.14s/it]
[1A                                                      
{'loss': '4.656e-06', 'grad_norm': '6.618e-05', 'learning_rate': '0.000129', 'epoch': '1.277'}
[1A
[1A 43%|████▎     | 443/1041 [1:44:33<2:20:57, 14.14s/it]
[1A 43%|████▎     | 444/1041 [1:44:48<2:21:57, 14.27s/it]
[1A                                                      
{'loss': '4.119e-05', 'grad_norm': '0.001439', 'learning_rate': '0.0001287', 'epoch': '1.28'}
[1A
[1A 43%|████▎     | 444/1041 [1:44:48<2:21:57, 14.27s/it]
[1A 43%|████▎     | 445/1041 [1:45:02<2:21:36, 14.26s/it]
[1A                                                      
{'loss': '1.065e-05', 'grad_norm': '0.0002321', 'learning_rate': '0.0001284', 'epoch': '1.283'}
[1A
[1A 43%|████▎     | 445/1041 [1:45:02<2:21:36, 14.26s/it]
[1A 43%|████▎     | 446/1041 [1:45:16<2:21:28, 14.27s/it]
[1A                                                      
{'loss': '3.931e-05', 'grad_norm': '0.002878', 'learning_rate': '0.0001281', 'epoch': '1.286'}
[1A
[1A 43%|████▎     | 446/1041 [1:45:16<2:21:28, 14.27s/it]
[1A 43%|████▎     | 447/1041 [1:45:31<2:23:08, 14.46s/it]
[1A                                                      
{'loss': '0.0002263', 'grad_norm': '0.01839', 'learning_rate': '0.0001278', 'epoch': '1.289'}
[1A
[1A 43%|████▎     | 447/1041 [1:45:31<2:23:08, 14.46s/it]
[1A 43%|████▎     | 448/1041 [1:45:46<2:23:42, 14.54s/it]
[1A                                                      
{'loss': '2.44e-05', 'grad_norm': '0.0004925', 'learning_rate': '0.0001275', 'epoch': '1.291'}
[1A
[1A 43%|████▎     | 448/1041 [1:45:46<2:23:42, 14.54s/it]
[1A 43%|████▎     | 449/1041 [1:45:59<2:19:33, 14.14s/it]
[1A                                                      
{'loss': '2.731e-06', 'grad_norm': '4.022e-05', 'learning_rate': '0.0001272', 'epoch': '1.294'}
[1A
[1A 43%|████▎     | 449/1041 [1:45:59<2:19:33, 14.14s/it]
[1A 43%|████▎     | 450/1041 [1:46:13<2:20:02, 14.22s/it]
[1A                                                      
{'loss': '1.009e-05', 'grad_norm': '0.0004389', 'learning_rate': '0.0001269', 'epoch': '1.297'}
[1A
[1A 43%|████▎     | 450/1041 [1:46:13<2:20:02, 14.22s/it]
[1A 43%|████▎     | 451/1041 [1:46:27<2:19:34, 14.19s/it]
[1A                                                      
{'loss': '3.11e-05', 'grad_norm': '0.0008153', 'learning_rate': '0.0001266', 'epoch': '1.3'}
[1A
[1A 43%|████▎     | 451/1041 [1:46:27<2:19:34, 14.19s/it]
[1A 43%|████▎     | 452/1041 [1:46:43<2:22:08, 14.48s/it]
[1A                                                      
{'loss': '9.327e-06', 'grad_norm': '0.0002016', 'learning_rate': '0.0001263', 'epoch': '1.303'}
[1A
[1A 43%|████▎     | 452/1041 [1:46:43<2:22:08, 14.48s/it]
[1A 44%|████▎     | 453/1041 [1:46:57<2:20:06, 14.30s/it]
[1A                                                      
{'loss': '7.047e-06', 'grad_norm': '0.0001541', 'learning_rate': '0.000126', 'epoch': '1.306'}
[1A
[1A 44%|████▎     | 453/1041 [1:46:57<2:20:06, 14.30s/it]
[1A 44%|████▎     | 454/1041 [1:47:11<2:19:23, 14.25s/it]
[1A                                                      
{'loss': '4.363e-06', 'grad_norm': '6.47e-05', 'learning_rate': '0.0001257', 'epoch': '1.309'}
[1A
[1A 44%|████▎     | 454/1041 [1:47:11<2:19:23, 14.25s/it]
[1A 44%|████▎     | 455/1041 [1:47:24<2:16:59, 14.03s/it]
[1A                                                      
{'loss': '3.854e-06', 'grad_norm': '9.464e-05', 'learning_rate': '0.0001254', 'epoch': '1.312'}
[1A
[1A 44%|████▎     | 455/1041 [1:47:24<2:16:59, 14.03s/it]
[1A 44%|████▍     | 456/1041 [1:47:39<2:17:58, 14.15s/it]
[1A                                                      
{'loss': '2.273e-05', 'grad_norm': '0.001269', 'learning_rate': '0.0001251', 'epoch': '1.315'}
[1A
[1A 44%|████▍     | 456/1041 [1:47:39<2:17:58, 14.15s/it]
[1A 44%|████▍     | 457/1041 [1:47:52<2:15:43, 13.94s/it]
[1A                                                      
{'loss': '5.128e-06', 'grad_norm': '7.194e-05', 'learning_rate': '0.0001248', 'epoch': '1.317'}
[1A
[1A 44%|████▍     | 457/1041 [1:47:52<2:15:43, 13.94s/it]
[1A 44%|████▍     | 458/1041 [1:48:06<2:14:41, 13.86s/it]
[1A                                                      
{'loss': '5.754e-06', 'grad_norm': '8.904e-05', 'learning_rate': '0.0001245', 'epoch': '1.32'}
[1A
[1A 44%|████▍     | 458/1041 [1:48:06<2:14:41, 13.86s/it]
[1A 44%|████▍     | 459/1041 [1:48:20<2:14:37, 13.88s/it]
[1A                                                      
{'loss': '2.829e-06', 'grad_norm': '3.915e-05', 'learning_rate': '0.0001242', 'epoch': '1.323'}
[1A
[1A 44%|████▍     | 459/1041 [1:48:20<2:14:37, 13.88s/it]
[1A 44%|████▍     | 460/1041 [1:48:33<2:13:23, 13.77s/it]
[1A                                                      
{'loss': '2.255e-06', 'grad_norm': '3.273e-05', 'learning_rate': '0.0001239', 'epoch': '1.326'}
[1A
[1A 44%|████▍     | 460/1041 [1:48:33<2:13:23, 13.77s/it]
[1A 44%|████▍     | 461/1041 [1:48:48<2:16:01, 14.07s/it]
[1A                                                      
{'loss': '1.818e-05', 'grad_norm': '0.0006651', 'learning_rate': '0.0001236', 'epoch': '1.329'}
[1A
[1A 44%|████▍     | 461/1041 [1:48:48<2:16:01, 14.07s/it]
[1A 44%|████▍     | 462/1041 [1:49:02<2:14:32, 13.94s/it]
[1A                                                      
{'loss': '4.462e-06', 'grad_norm': '6.296e-05', 'learning_rate': '0.0001233', 'epoch': '1.332'}
[1A
[1A 44%|████▍     | 462/1041 [1:49:02<2:14:32, 13.94s/it]
[1A 44%|████▍     | 463/1041 [1:49:16<2:15:00, 14.01s/it]
[1A                                                      
{'loss': '6.205e-06', 'grad_norm': '8.965e-05', 'learning_rate': '0.000123', 'epoch': '1.335'}
[1A
[1A 44%|████▍     | 463/1041 [1:49:16<2:15:00, 14.01s/it]
[1A 45%|████▍     | 464/1041 [1:49:29<2:12:29, 13.78s/it]
[1A                                                      
{'loss': '1.225e-05', 'grad_norm': '0.0003974', 'learning_rate': '0.0001227', 'epoch': '1.338'}
[1A
[1A 45%|████▍     | 464/1041 [1:49:29<2:12:29, 13.78s/it]
[1A 45%|████▍     | 465/1041 [1:49:43<2:12:45, 13.83s/it]
[1A                                                      
{'loss': '3.913e-06', 'grad_norm': '7.187e-05', 'learning_rate': '0.0001224', 'epoch': '1.341'}
[1A
[1A 45%|████▍     | 465/1041 [1:49:43<2:12:45, 13.83s/it]
[1A 45%|████▍     | 466/1041 [1:49:57<2:12:18, 13.81s/it]
[1A                                                      
{'loss': '3.334e-06', 'grad_norm': '5.611e-05', 'learning_rate': '0.0001221', 'epoch': '1.343'}
[1A
[1A 45%|████▍     | 466/1041 [1:49:57<2:12:18, 13.81s/it]
[1A 45%|████▍     | 467/1041 [1:50:10<2:10:34, 13.65s/it]
[1A                                                      
{'loss': '7.861e-06', 'grad_norm': '0.0002651', 'learning_rate': '0.0001218', 'epoch': '1.346'}
[1A
[1A 45%|████▍     | 467/1041 [1:50:10<2:10:34, 13.65s/it]
[1A 45%|████▍     | 468/1041 [1:50:24<2:12:26, 13.87s/it]
[1A                                                      
{'loss': '9.551e-06', 'grad_norm': '0.0001846', 'learning_rate': '0.0001215', 'epoch': '1.349'}
[1A
[1A 45%|████▍     | 468/1041 [1:50:24<2:12:26, 13.87s/it]
[1A 45%|████▌     | 469/1041 [1:50:39<2:13:07, 13.96s/it]
[1A                                                      
{'loss': '4.02e-06', 'grad_norm': '5.834e-05', 'learning_rate': '0.0001212', 'epoch': '1.352'}
[1A
[1A 45%|████▌     | 469/1041 [1:50:39<2:13:07, 13.96s/it]
[1A 45%|████▌     | 470/1041 [1:50:53<2:14:19, 14.11s/it]
[1A                                                      
{'loss': '1e-05', 'grad_norm': '0.0002996', 'learning_rate': '0.0001209', 'epoch': '1.355'}
[1A
[1A 45%|████▌     | 470/1041 [1:50:53<2:14:19, 14.11s/it]
[1A 45%|████▌     | 471/1041 [1:51:07<2:14:37, 14.17s/it]
[1A                                                      
{'loss': '5.641e-05', 'grad_norm': '0.002676', 'learning_rate': '0.0001206', 'epoch': '1.358'}
[1A
[1A 45%|████▌     | 471/1041 [1:51:07<2:14:37, 14.17s/it]
[1A 45%|████▌     | 472/1041 [1:51:22<2:14:55, 14.23s/it]
[1A                                                      
{'loss': '4.436e-06', 'grad_norm': '7.56e-05', 'learning_rate': '0.0001203', 'epoch': '1.361'}
[1A
[1A 45%|████▌     | 472/1041 [1:51:22<2:14:55, 14.23s/it]
[1A 45%|████▌     | 473/1041 [1:51:35<2:12:29, 14.00s/it]
[1A                                                      
{'loss': '6.204e-06', 'grad_norm': '0.0001424', 'learning_rate': '0.0001199', 'epoch': '1.364'}
[1A
[1A 45%|████▌     | 473/1041 [1:51:35<2:12:29, 14.00s/it]
[1A 46%|████▌     | 474/1041 [1:51:50<2:13:46, 14.16s/it]
[1A                                                      
{'loss': '1.752e-05', 'grad_norm': '0.0006468', 'learning_rate': '0.0001196', 'epoch': '1.367'}
[1A
[1A 46%|████▌     | 474/1041 [1:51:50<2:13:46, 14.16s/it]
[1A 46%|████▌     | 475/1041 [1:52:04<2:12:40, 14.07s/it]
[1A                                                      
{'loss': '1.163e-05', 'grad_norm': '0.0002952', 'learning_rate': '0.0001193', 'epoch': '1.369'}
[1A
[1A 46%|████▌     | 475/1041 [1:52:04<2:12:40, 14.07s/it]
[1A 46%|████▌     | 476/1041 [1:52:17<2:11:54, 14.01s/it]
[1A                                                      
{'loss': '1.384e-05', 'grad_norm': '0.0003758', 'learning_rate': '0.000119', 'epoch': '1.372'}
[1A
[1A 46%|████▌     | 476/1041 [1:52:17<2:11:54, 14.01s/it]
[1A 46%|████▌     | 477/1041 [1:52:32<2:14:11, 14.28s/it]
[1A                                                      
{'loss': '9.104e-06', 'grad_norm': '0.0001875', 'learning_rate': '0.0001187', 'epoch': '1.375'}
[1A
[1A 46%|████▌     | 477/1041 [1:52:32<2:14:11, 14.28s/it]
[1A 46%|████▌     | 478/1041 [1:52:46<2:13:00, 14.17s/it]
[1A                                                      
{'loss': '7.441e-06', 'grad_norm': '0.0001097', 'learning_rate': '0.0001184', 'epoch': '1.378'}
[1A
[1A 46%|████▌     | 478/1041 [1:52:46<2:13:00, 14.17s/it]
[1A 46%|████▌     | 479/1041 [1:53:00<2:11:13, 14.01s/it]
[1A                                                      
{'loss': '4.142e-06', 'grad_norm': '6.169e-05', 'learning_rate': '0.0001181', 'epoch': '1.381'}
[1A
[1A 46%|████▌     | 479/1041 [1:53:00<2:11:13, 14.01s/it]
[1A 46%|████▌     | 480/1041 [1:53:14<2:11:09, 14.03s/it]
[1A                                                      
{'loss': '1.644e-05', 'grad_norm': '0.0006903', 'learning_rate': '0.0001178', 'epoch': '1.384'}
[1A
[1A 46%|████▌     | 480/1041 [1:53:14<2:11:09, 14.03s/it]
[1A 46%|████▌     | 481/1041 [1:53:29<2:12:54, 14.24s/it]
[1A                                                      
{'loss': '1.861e-05', 'grad_norm': '0.0005832', 'learning_rate': '0.0001175', 'epoch': '1.387'}
[1A
[1A 46%|████▌     | 481/1041 [1:53:29<2:12:54, 14.24s/it]
[1A 46%|████▋     | 482/1041 [1:53:42<2:10:07, 13.97s/it]
[1A                                                      
{'loss': '1.027e-05', 'grad_norm': '0.0003324', 'learning_rate': '0.0001172', 'epoch': '1.39'}
[1A
[1A 46%|████▋     | 482/1041 [1:53:42<2:10:07, 13.97s/it]
[1A 46%|████▋     | 483/1041 [1:53:56<2:08:42, 13.84s/it]
[1A                                                      
{'loss': '2.917e-06', 'grad_norm': '4.93e-05', 'learning_rate': '0.0001169', 'epoch': '1.392'}
[1A
[1A 46%|████▋     | 483/1041 [1:53:56<2:08:42, 13.84s/it]
[1A 46%|████▋     | 484/1041 [1:54:10<2:10:45, 14.08s/it]
[1A                                                      
{'loss': '7.899e-06', 'grad_norm': '0.0001971', 'learning_rate': '0.0001166', 'epoch': '1.395'}
[1A
[1A 46%|████▋     | 484/1041 [1:54:10<2:10:45, 14.08s/it]
[1A 47%|████▋     | 485/1041 [1:54:24<2:08:32, 13.87s/it]
[1A                                                      
{'loss': '4.169e-06', 'grad_norm': '0.0001458', 'learning_rate': '0.0001163', 'epoch': '1.398'}
[1A
[1A 47%|████▋     | 485/1041 [1:54:24<2:08:32, 13.87s/it]
[1A 47%|████▋     | 486/1041 [1:54:38<2:09:50, 14.04s/it]
[1A                                                      
{'loss': '3.607e-06', 'grad_norm': '9.726e-05', 'learning_rate': '0.000116', 'epoch': '1.401'}
[1A
[1A 47%|████▋     | 486/1041 [1:54:38<2:09:50, 14.04s/it]
[1A 47%|████▋     | 487/1041 [1:54:53<2:11:32, 14.25s/it]
[1A                                                      
{'loss': '1.07e-05', 'grad_norm': '0.0001937', 'learning_rate': '0.0001157', 'epoch': '1.404'}
[1A
[1A 47%|████▋     | 487/1041 [1:54:53<2:11:32, 14.25s/it]
[1A 47%|████▋     | 488/1041 [1:55:07<2:12:17, 14.35s/it]
[1A                                                      
{'loss': '5.013e-05', 'grad_norm': '0.003284', 'learning_rate': '0.0001154', 'epoch': '1.407'}
[1A
[1A 47%|████▋     | 488/1041 [1:55:07<2:12:17, 14.35s/it]
[1A 47%|████▋     | 489/1041 [1:55:22<2:11:50, 14.33s/it]
[1A                                                      
{'loss': '8.449e-06', 'grad_norm': '0.0001506', 'learning_rate': '0.000115', 'epoch': '1.41'}
[1A
[1A 47%|████▋     | 489/1041 [1:55:22<2:11:50, 14.33s/it]
[1A 47%|████▋     | 490/1041 [1:55:36<2:12:23, 14.42s/it]
[1A                                                      
{'loss': '1.405e-05', 'grad_norm': '0.0003901', 'learning_rate': '0.0001147', 'epoch': '1.413'}
[1A
[1A 47%|████▋     | 490/1041 [1:55:36<2:12:23, 14.42s/it]
[1A 47%|████▋     | 491/1041 [1:55:51<2:12:33, 14.46s/it]
[1A                                                      
{'loss': '1.45e-05', 'grad_norm': '0.0003092', 'learning_rate': '0.0001144', 'epoch': '1.416'}
[1A
[1A 47%|████▋     | 491/1041 [1:55:51<2:12:33, 14.46s/it]
[1A 47%|████▋     | 492/1041 [1:56:05<2:11:19, 14.35s/it]
[1A                                                      
{'loss': '7.267e-06', 'grad_norm': '0.0001248', 'learning_rate': '0.0001141', 'epoch': '1.418'}
[1A
[1A 47%|████▋     | 492/1041 [1:56:05<2:11:19, 14.35s/it]
[1A 47%|████▋     | 493/1041 [1:56:19<2:11:39, 14.41s/it]
[1A                                                      
{'loss': '8.888e-06', 'grad_norm': '0.0001552', 'learning_rate': '0.0001138', 'epoch': '1.421'}
[1A
[1A 47%|████▋     | 493/1041 [1:56:19<2:11:39, 14.41s/it]
[1A 47%|████▋     | 494/1041 [1:56:33<2:09:33, 14.21s/it]
[1A                                                      
{'loss': '4.934e-06', 'grad_norm': '7.483e-05', 'learning_rate': '0.0001135', 'epoch': '1.424'}
[1A
[1A 47%|████▋     | 494/1041 [1:56:33<2:09:33, 14.21s/it]
[1A 48%|████▊     | 495/1041 [1:56:48<2:11:09, 14.41s/it]
[1A                                                      
{'loss': '3.991e-06', 'grad_norm': '0.0001071', 'learning_rate': '0.0001132', 'epoch': '1.427'}
[1A
[1A 48%|████▊     | 495/1041 [1:56:48<2:11:09, 14.41s/it]
[1A 48%|████▊     | 496/1041 [1:57:02<2:09:11, 14.22s/it]
[1A                                                      
{'loss': '6.851e-06', 'grad_norm': '0.000172', 'learning_rate': '0.0001129', 'epoch': '1.43'}
[1A
[1A 48%|████▊     | 496/1041 [1:57:02<2:09:11, 14.22s/it]
[1A 48%|████▊     | 497/1041 [1:57:16<2:09:55, 14.33s/it]
[1A                                                      
{'loss': '0.002285', 'grad_norm': '0.1102', 'learning_rate': '0.0001126', 'epoch': '1.433'}
[1A
[1A 48%|████▊     | 497/1041 [1:57:16<2:09:55, 14.33s/it]
[1A 48%|████▊     | 498/1041 [1:57:30<2:07:38, 14.10s/it]
[1A                                                      
{'loss': '2.779e-06', 'grad_norm': '3.784e-05', 'learning_rate': '0.0001123', 'epoch': '1.436'}
[1A
[1A 48%|████▊     | 498/1041 [1:57:30<2:07:38, 14.10s/it]
[1A 48%|████▊     | 499/1041 [1:57:44<2:06:52, 14.05s/it]
[1A                                                      
{'loss': '1.598e-05', 'grad_norm': '0.0005904', 'learning_rate': '0.000112', 'epoch': '1.439'}
[1A
[1A 48%|████▊     | 499/1041 [1:57:44<2:06:52, 14.05s/it]
[1A 48%|████▊     | 500/1041 [1:58:04<2:22:28, 15.80s/it]                                                      
{'loss': '3.527e-06', 'grad_norm': '8.844e-05', 'learning_rate': '0.0001116', 'epoch': '1.442'}
[1A
[1A 48%|████▊     | 500/1041 [1:58:04<2:22:28, 15.80s/it]
[1A 48%|████▊     | 501/1041 [1:58:17<2:16:17, 15.14s/it]
[1A                                                      
{'loss': '4.182e-06', 'grad_norm': '0.0001025', 'learning_rate': '0.0001113', 'epoch': '1.444'}
[1A
[1A 48%|████▊     | 501/1041 [1:58:17<2:16:17, 15.14s/it]
[1A 48%|████▊     | 502/1041 [1:58:31<2:12:37, 14.76s/it]
[1A                                                      
{'loss': '0.0001102', 'grad_norm': '0.01079', 'learning_rate': '0.000111', 'epoch': '1.447'}
[1A
[1A 48%|████▊     | 502/1041 [1:58:31<2:12:37, 14.76s/it]
[1A 48%|████▊     | 503/1041 [1:58:45<2:10:24, 14.54s/it]
[1A                                                      
{'loss': '5.5e-05', 'grad_norm': '0.003888', 'learning_rate': '0.0001107', 'epoch': '1.45'}
[1A
[1A 48%|████▊     | 503/1041 [1:58:45<2:10:24, 14.54s/it]
[1A 48%|████▊     | 504/1041 [1:58:59<2:08:38, 14.37s/it]
[1A                                                      
{'loss': '1.657e-05', 'grad_norm': '0.0006122', 'learning_rate': '0.0001104', 'epoch': '1.453'}
[1A
[1A 48%|████▊     | 504/1041 [1:58:59<2:08:38, 14.37s/it]
[1A 49%|████▊     | 505/1041 [1:59:12<2:04:44, 13.96s/it]
[1A                                                      
{'loss': '2.02e-06', 'grad_norm': '3.793e-05', 'learning_rate': '0.0001101', 'epoch': '1.456'}
[1A
[1A 49%|████▊     | 505/1041 [1:59:12<2:04:44, 13.96s/it]
[1A 49%|████▊     | 506/1041 [1:59:27<2:06:36, 14.20s/it]
[1A                                                      
{'loss': '0.0002197', 'grad_norm': '0.0117', 'learning_rate': '0.0001098', 'epoch': '1.459'}
[1A
[1A 49%|████▊     | 506/1041 [1:59:27<2:06:36, 14.20s/it]
[1A 49%|████▊     | 507/1041 [1:59:42<2:07:14, 14.30s/it]
[1A                                                      
{'loss': '1.433e-05', 'grad_norm': '0.0003936', 'learning_rate': '0.0001095', 'epoch': '1.462'}
[1A
[1A 49%|████▊     | 507/1041 [1:59:42<2:07:14, 14.30s/it]
[1A 49%|████▉     | 508/1041 [1:59:55<2:05:31, 14.13s/it]
[1A                                                      
{'loss': '8.715e-06', 'grad_norm': '0.0004641', 'learning_rate': '0.0001092', 'epoch': '1.465'}
[1A
[1A 49%|████▉     | 508/1041 [1:59:55<2:05:31, 14.13s/it]
[1A 49%|████▉     | 509/1041 [2:00:09<2:04:29, 14.04s/it]
[1A                                                      
{'loss': '4.071e-05', 'grad_norm': '0.002847', 'learning_rate': '0.0001089', 'epoch': '1.468'}
[1A
[1A 49%|████▉     | 509/1041 [2:00:09<2:04:29, 14.04s/it]
[1A 49%|████▉     | 510/1041 [2:00:23<2:04:36, 14.08s/it]
[1A                                                      
{'loss': '1.079e-05', 'grad_norm': '0.0007401', 'learning_rate': '0.0001086', 'epoch': '1.47'}
[1A
[1A 49%|████▉     | 510/1041 [2:00:23<2:04:36, 14.08s/it]
[1A 49%|████▉     | 511/1041 [2:00:38<2:04:43, 14.12s/it]
[1A                                                      
{'loss': '0.0002039', 'grad_norm': '0.01303', 'learning_rate': '0.0001082', 'epoch': '1.473'}
[1A
[1A 49%|████▉     | 511/1041 [2:00:38<2:04:43, 14.12s/it]
[1A 49%|████▉     | 512/1041 [2:00:51<2:03:50, 14.05s/it]
[1A                                                      
{'loss': '1.119e-05', 'grad_norm': '0.0003557', 'learning_rate': '0.0001079', 'epoch': '1.476'}
[1A
[1A 49%|████▉     | 512/1041 [2:00:51<2:03:50, 14.05s/it]
[1A 49%|████▉     | 513/1041 [2:01:05<2:02:58, 13.97s/it]
[1A                                                      
{'loss': '0.001818', 'grad_norm': '0.09406', 'learning_rate': '0.0001076', 'epoch': '1.479'}
[1A
[1A 49%|████▉     | 513/1041 [2:01:05<2:02:58, 13.97s/it]
[1A 49%|████▉     | 514/1041 [2:01:20<2:03:38, 14.08s/it]
[1A                                                      
{'loss': '6.958e-05', 'grad_norm': '0.004648', 'learning_rate': '0.0001073', 'epoch': '1.482'}
[1A
[1A 49%|████▉     | 514/1041 [2:01:20<2:03:38, 14.08s/it]
[1A 49%|████▉     | 515/1041 [2:01:33<2:02:32, 13.98s/it]
[1A                                                      
{'loss': '8.344e-06', 'grad_norm': '0.0002047', 'learning_rate': '0.000107', 'epoch': '1.485'}
[1A
[1A 49%|████▉     | 515/1041 [2:01:33<2:02:32, 13.98s/it]
[1A 50%|████▉     | 516/1041 [2:01:48<2:04:12, 14.20s/it]
[1A                                                      
{'loss': '6.82e-06', 'grad_norm': '0.0001522', 'learning_rate': '0.0001067', 'epoch': '1.488'}
[1A
[1A 50%|████▉     | 516/1041 [2:01:48<2:04:12, 14.20s/it]
[1A 50%|████▉     | 517/1041 [2:02:02<2:02:24, 14.02s/it]
[1A                                                      
{'loss': '9.929e-06', 'grad_norm': '0.0002858', 'learning_rate': '0.0001064', 'epoch': '1.491'}
[1A
[1A 50%|████▉     | 517/1041 [2:02:02<2:02:24, 14.02s/it]
[1A 50%|████▉     | 518/1041 [2:02:16<2:02:40, 14.07s/it]
[1A                                                      
{'loss': '8.585e-06', 'grad_norm': '0.0002006', 'learning_rate': '0.0001061', 'epoch': '1.494'}
[1A
[1A 50%|████▉     | 518/1041 [2:02:16<2:02:40, 14.07s/it]
[1A 50%|████▉     | 519/1041 [2:02:30<2:02:47, 14.11s/it]
[1A                                                      
{'loss': '4.639e-06', 'grad_norm': '0.0001041', 'learning_rate': '0.0001058', 'epoch': '1.496'}
[1A
[1A 50%|████▉     | 519/1041 [2:02:30<2:02:47, 14.11s/it]
[1A 50%|████▉     | 520/1041 [2:02:45<2:04:11, 14.30s/it]
[1A                                                      
{'loss': '1.808e-05', 'grad_norm': '0.0004181', 'learning_rate': '0.0001054', 'epoch': '1.499'}
[1A
[1A 50%|████▉     | 520/1041 [2:02:45<2:04:11, 14.30s/it]
[1A 50%|█████     | 521/1041 [2:02:58<2:02:18, 14.11s/it]
[1A                                                      
{'loss': '7.926e-06', 'grad_norm': '0.0003492', 'learning_rate': '0.0001051', 'epoch': '1.502'}
[1A
[1A 50%|█████     | 521/1041 [2:02:58<2:02:18, 14.11s/it]
[1A 50%|█████     | 522/1041 [2:03:12<2:00:23, 13.92s/it]
[1A                                                      
{'loss': '1.828e-06', 'grad_norm': '3.137e-05', 'learning_rate': '0.0001048', 'epoch': '1.505'}
[1A
[1A 50%|█████     | 522/1041 [2:03:12<2:00:23, 13.92s/it]
[1A 50%|█████     | 523/1041 [2:03:26<2:00:14, 13.93s/it]
[1A                                                      
{'loss': '4.11e-06', 'grad_norm': '6.64e-05', 'learning_rate': '0.0001045', 'epoch': '1.508'}
[1A
[1A 50%|█████     | 523/1041 [2:03:26<2:00:14, 13.93s/it]
[1A 50%|█████     | 524/1041 [2:03:40<2:01:55, 14.15s/it]
[1A                                                      
{'loss': '7.281e-06', 'grad_norm': '0.0002939', 'learning_rate': '0.0001042', 'epoch': '1.511'}
[1A
[1A 50%|█████     | 524/1041 [2:03:40<2:01:55, 14.15s/it]
[1A 50%|█████     | 525/1041 [2:03:54<2:00:25, 14.00s/it]
[1A                                                      
{'loss': '7.003e-06', 'grad_norm': '0.0001224', 'learning_rate': '0.0001039', 'epoch': '1.514'}
[1A
[1A 50%|█████     | 525/1041 [2:03:54<2:00:25, 14.00s/it]
[1A 51%|█████     | 526/1041 [2:04:08<2:00:17, 14.01s/it]
[1A                                                      
{'loss': '5.175e-06', 'grad_norm': '0.0001568', 'learning_rate': '0.0001036', 'epoch': '1.517'}
[1A
[1A 51%|█████     | 526/1041 [2:04:08<2:00:17, 14.01s/it]
[1A 51%|█████     | 527/1041 [2:04:22<2:00:16, 14.04s/it]
[1A                                                      
{'loss': '4.714e-06', 'grad_norm': '7.211e-05', 'learning_rate': '0.0001033', 'epoch': '1.519'}
[1A
[1A 51%|█████     | 527/1041 [2:04:22<2:00:16, 14.04s/it]
[1A 51%|█████     | 528/1041 [2:04:36<1:59:52, 14.02s/it]
[1A                                                      
{'loss': '8.086e-06', 'grad_norm': '0.0002114', 'learning_rate': '0.000103', 'epoch': '1.522'}
[1A
[1A 51%|█████     | 528/1041 [2:04:36<1:59:52, 14.02s/it]
[1A 51%|█████     | 529/1041 [2:04:51<2:01:00, 14.18s/it]
[1A                                                      
{'loss': '2.247e-05', 'grad_norm': '0.001181', 'learning_rate': '0.0001026', 'epoch': '1.525'}
[1A
[1A 51%|█████     | 529/1041 [2:04:51<2:01:00, 14.18s/it]
[1A 51%|█████     | 530/1041 [2:05:05<2:01:59, 14.32s/it]
[1A                                                      
{'loss': '0.001933', 'grad_norm': '0.2335', 'learning_rate': '0.0001023', 'epoch': '1.528'}
[1A
[1A 51%|█████     | 530/1041 [2:05:05<2:01:59, 14.32s/it]
[1A 51%|█████     | 531/1041 [2:05:19<2:00:21, 14.16s/it]
[1A                                                      
{'loss': '4.438e-06', 'grad_norm': '7.044e-05', 'learning_rate': '0.000102', 'epoch': '1.531'}
[1A
[1A 51%|█████     | 531/1041 [2:05:19<2:00:21, 14.16s/it]
[1A 51%|█████     | 532/1041 [2:05:33<1:59:40, 14.11s/it]
[1A                                                      
{'loss': '1.406e-05', 'grad_norm': '0.001178', 'learning_rate': '0.0001017', 'epoch': '1.534'}
[1A
[1A 51%|█████     | 532/1041 [2:05:33<1:59:40, 14.11s/it]
[1A 51%|█████     | 533/1041 [2:05:47<1:58:23, 13.98s/it]
[1A                                                      
{'loss': '2.328e-06', 'grad_norm': '4.339e-05', 'learning_rate': '0.0001014', 'epoch': '1.537'}
[1A
[1A 51%|█████     | 533/1041 [2:05:47<1:58:23, 13.98s/it]
[1A 51%|█████▏    | 534/1041 [2:06:01<1:57:44, 13.93s/it]
[1A                                                      
{'loss': '8.976e-06', 'grad_norm': '0.000183', 'learning_rate': '0.0001011', 'epoch': '1.54'}
[1A
[1A 51%|█████▏    | 534/1041 [2:06:01<1:57:44, 13.93s/it]
[1A 51%|█████▏    | 535/1041 [2:06:14<1:55:57, 13.75s/it]
[1A                                                      
{'loss': '6.529e-06', 'grad_norm': '0.0002144', 'learning_rate': '0.0001008', 'epoch': '1.543'}
[1A
[1A 51%|█████▏    | 535/1041 [2:06:14<1:55:57, 13.75s/it]
[1A 51%|█████▏    | 536/1041 [2:06:28<1:55:29, 13.72s/it]
[1A                                                      
{'loss': '2.371e-06', 'grad_norm': '7.159e-05', 'learning_rate': '0.0001005', 'epoch': '1.545'}
[1A
[1A 51%|█████▏    | 536/1041 [2:06:28<1:55:29, 13.72s/it]
[1A 52%|█████▏    | 537/1041 [2:06:41<1:55:02, 13.69s/it]
[1A                                                      
{'loss': '1.31e-05', 'grad_norm': '0.000348', 'learning_rate': '0.0001002', 'epoch': '1.548'}
[1A
[1A 52%|█████▏    | 537/1041 [2:06:41<1:55:02, 13.69s/it]
[1A 52%|█████▏    | 538/1041 [2:06:56<1:56:16, 13.87s/it]
[1A                                                      
{'loss': '7.401e-06', 'grad_norm': '0.0001566', 'learning_rate': '9.984e-05', 'epoch': '1.551'}
[1A
[1A 52%|█████▏    | 538/1041 [2:06:56<1:56:16, 13.87s/it]
[1A 52%|█████▏    | 539/1041 [2:07:09<1:55:43, 13.83s/it]
[1A                                                      
{'loss': '1.655e-06', 'grad_norm': '2.566e-05', 'learning_rate': '9.953e-05', 'epoch': '1.554'}
[1A
[1A 52%|█████▏    | 539/1041 [2:07:09<1:55:43, 13.83s/it]
[1A 52%|█████▏    | 540/1041 [2:07:23<1:55:01, 13.77s/it]
[1A                                                      
{'loss': '1.993e-06', 'grad_norm': '3.139e-05', 'learning_rate': '9.922e-05', 'epoch': '1.557'}
[1A
[1A 52%|█████▏    | 540/1041 [2:07:23<1:55:01, 13.77s/it]
[1A 52%|█████▏    | 541/1041 [2:07:37<1:55:01, 13.80s/it]
[1A                                                      
{'loss': '0.0148', 'grad_norm': '0.3799', 'learning_rate': '9.891e-05', 'epoch': '1.56'}
[1A
[1A 52%|█████▏    | 541/1041 [2:07:37<1:55:01, 13.80s/it]
[1A 52%|█████▏    | 542/1041 [2:07:50<1:52:32, 13.53s/it]
[1A                                                      
{'loss': '2.282e-05', 'grad_norm': '0.002097', 'learning_rate': '9.86e-05', 'epoch': '1.563'}
[1A
[1A 52%|█████▏    | 542/1041 [2:07:50<1:52:32, 13.53s/it]
[1A 52%|█████▏    | 543/1041 [2:08:04<1:53:43, 13.70s/it]
[1A                                                      
{'loss': '5.188e-06', 'grad_norm': '8.464e-05', 'learning_rate': '9.829e-05', 'epoch': '1.566'}
[1A
[1A 52%|█████▏    | 543/1041 [2:08:04<1:53:43, 13.70s/it]
[1A 52%|█████▏    | 544/1041 [2:08:18<1:54:52, 13.87s/it]
[1A                                                      
{'loss': '1.548e-05', 'grad_norm': '0.0005174', 'learning_rate': '9.798e-05', 'epoch': '1.569'}
[1A
[1A 52%|█████▏    | 544/1041 [2:08:18<1:54:52, 13.87s/it]
[1A 52%|█████▏    | 545/1041 [2:08:32<1:54:39, 13.87s/it]
[1A                                                      
{'loss': '4.372e-05', 'grad_norm': '0.001157', 'learning_rate': '9.767e-05', 'epoch': '1.571'}
[1A
[1A 52%|█████▏    | 545/1041 [2:08:32<1:54:39, 13.87s/it]
[1A 52%|█████▏    | 546/1041 [2:08:46<1:54:34, 13.89s/it]
[1A                                                      
{'loss': '8.235e-05', 'grad_norm': '0.007844', 'learning_rate': '9.735e-05', 'epoch': '1.574'}
[1A
[1A 52%|█████▏    | 546/1041 [2:08:46<1:54:34, 13.89s/it]
[1A 53%|█████▎    | 547/1041 [2:09:00<1:55:02, 13.97s/it]
[1A                                                      
{'loss': '3.651e-06', 'grad_norm': '5.242e-05', 'learning_rate': '9.704e-05', 'epoch': '1.577'}
[1A
[1A 53%|█████▎    | 547/1041 [2:09:00<1:55:02, 13.97s/it]
[1A 53%|█████▎    | 548/1041 [2:09:14<1:55:09, 14.02s/it]
[1A                                                      
{'loss': '3.72e-05', 'grad_norm': '0.001707', 'learning_rate': '9.673e-05', 'epoch': '1.58'}
[1A
[1A 53%|█████▎    | 548/1041 [2:09:14<1:55:09, 14.02s/it]
[1A 53%|█████▎    | 549/1041 [2:09:28<1:55:22, 14.07s/it]
[1A                                                      
{'loss': '2.894e-05', 'grad_norm': '0.001284', 'learning_rate': '9.642e-05', 'epoch': '1.583'}
[1A
[1A 53%|█████▎    | 549/1041 [2:09:28<1:55:22, 14.07s/it]
[1A 53%|█████▎    | 550/1041 [2:09:42<1:53:56, 13.92s/it]
[1A                                                      
{'loss': '8.336e-05', 'grad_norm': '0.01443', 'learning_rate': '9.611e-05', 'epoch': '1.586'}
[1A
[1A 53%|█████▎    | 550/1041 [2:09:42<1:53:56, 13.92s/it]
[1A 53%|█████▎    | 551/1041 [2:09:55<1:51:45, 13.69s/it]
[1A                                                      
{'loss': '5.458e-06', 'grad_norm': '0.000125', 'learning_rate': '9.58e-05', 'epoch': '1.589'}
[1A
[1A 53%|█████▎    | 551/1041 [2:09:55<1:51:45, 13.69s/it]
[1A 53%|█████▎    | 552/1041 [2:10:10<1:53:36, 13.94s/it]
[1A                                                      
{'loss': '7.781e-06', 'grad_norm': '0.0001778', 'learning_rate': '9.549e-05', 'epoch': '1.592'}
[1A
[1A 53%|█████▎    | 552/1041 [2:10:10<1:53:36, 13.94s/it]
[1A 53%|█████▎    | 553/1041 [2:10:24<1:53:56, 14.01s/it]
[1A                                                      
{'loss': '5.88e-05', 'grad_norm': '0.004468', 'learning_rate': '9.518e-05', 'epoch': '1.595'}
[1A
[1A 53%|█████▎    | 553/1041 [2:10:24<1:53:56, 14.01s/it]
[1A 53%|█████▎    | 554/1041 [2:10:39<1:55:23, 14.22s/it]
[1A                                                      
{'loss': '1.043e-05', 'grad_norm': '0.0001818', 'learning_rate': '9.486e-05', 'epoch': '1.597'}
[1A
[1A 53%|█████▎    | 554/1041 [2:10:39<1:55:23, 14.22s/it]
[1A 53%|█████▎    | 555/1041 [2:10:52<1:54:31, 14.14s/it]
[1A                                                      
{'loss': '9.336e-06', 'grad_norm': '0.0001987', 'learning_rate': '9.455e-05', 'epoch': '1.6'}
[1A
[1A 53%|█████▎    | 555/1041 [2:10:53<1:54:31, 14.14s/it]
[1A 53%|█████▎    | 556/1041 [2:11:07<1:54:23, 14.15s/it]
[1A                                                      
{'loss': '2.251e-05', 'grad_norm': '0.000297', 'learning_rate': '9.424e-05', 'epoch': '1.603'}
[1A
[1A 53%|█████▎    | 556/1041 [2:11:07<1:54:23, 14.15s/it]
[1A 54%|█████▎    | 557/1041 [2:11:21<1:53:40, 14.09s/it]
[1A                                                      
{'loss': '6.226e-05', 'grad_norm': '0.004988', 'learning_rate': '9.393e-05', 'epoch': '1.606'}
[1A
[1A 54%|█████▎    | 557/1041 [2:11:21<1:53:40, 14.09s/it]
[1A 54%|█████▎    | 558/1041 [2:11:35<1:53:59, 14.16s/it]
[1A                                                      
{'loss': '1.62e-05', 'grad_norm': '0.001178', 'learning_rate': '9.362e-05', 'epoch': '1.609'}
[1A
[1A 54%|█████▎    | 558/1041 [2:11:35<1:53:59, 14.16s/it]
[1A 54%|█████▎    | 559/1041 [2:11:49<1:53:27, 14.12s/it]
[1A                                                      
{'loss': '3.408e-06', 'grad_norm': '3.899e-05', 'learning_rate': '9.331e-05', 'epoch': '1.612'}
[1A
[1A 54%|█████▎    | 559/1041 [2:11:49<1:53:27, 14.12s/it]
[1A 54%|█████▍    | 560/1041 [2:12:03<1:53:16, 14.13s/it]
[1A                                                      
{'loss': '8.944e-05', 'grad_norm': '0.005275', 'learning_rate': '9.3e-05', 'epoch': '1.615'}
[1A
[1A 54%|█████▍    | 560/1041 [2:12:03<1:53:16, 14.13s/it]
[1A 54%|█████▍    | 561/1041 [2:12:17<1:52:52, 14.11s/it]
[1A                                                      
{'loss': '8.183e-06', 'grad_norm': '0.0001594', 'learning_rate': '9.269e-05', 'epoch': '1.618'}
[1A
[1A 54%|█████▍    | 561/1041 [2:12:17<1:52:52, 14.11s/it]
[1A 54%|█████▍    | 562/1041 [2:12:32<1:53:44, 14.25s/it]
[1A                                                      
{'loss': '2.257e-05', 'grad_norm': '0.000703', 'learning_rate': '9.238e-05', 'epoch': '1.62'}
[1A
[1A 54%|█████▍    | 562/1041 [2:12:32<1:53:44, 14.25s/it]
[1A 54%|█████▍    | 563/1041 [2:12:45<1:52:11, 14.08s/it]
[1A                                                      
{'loss': '1.758e-06', 'grad_norm': '2.264e-05', 'learning_rate': '9.207e-05', 'epoch': '1.623'}
[1A
[1A 54%|█████▍    | 563/1041 [2:12:45<1:52:11, 14.08s/it]
[1A 54%|█████▍    | 564/1041 [2:12:59<1:50:05, 13.85s/it]
[1A                                                      
{'loss': '1.229e-05', 'grad_norm': '0.0001869', 'learning_rate': '9.176e-05', 'epoch': '1.626'}
[1A
[1A 54%|█████▍    | 564/1041 [2:12:59<1:50:05, 13.85s/it]
[1A 54%|█████▍    | 565/1041 [2:13:13<1:50:49, 13.97s/it]
[1A                                                      
{'loss': '2.352e-05', 'grad_norm': '0.001192', 'learning_rate': '9.145e-05', 'epoch': '1.629'}
[1A
[1A 54%|█████▍    | 565/1041 [2:13:13<1:50:49, 13.97s/it]
[1A 54%|█████▍    | 566/1041 [2:13:27<1:51:07, 14.04s/it]
[1A                                                      
{'loss': '3.94e-06', 'grad_norm': '5.143e-05', 'learning_rate': '9.114e-05', 'epoch': '1.632'}
[1A
[1A 54%|█████▍    | 566/1041 [2:13:27<1:51:07, 14.04s/it]
[1A 54%|█████▍    | 567/1041 [2:13:42<1:52:10, 14.20s/it]
[1A                                                      
{'loss': '2.811e-05', 'grad_norm': '0.001577', 'learning_rate': '9.083e-05', 'epoch': '1.635'}
[1A
[1A 54%|█████▍    | 567/1041 [2:13:42<1:52:10, 14.20s/it]
[1A 55%|█████▍    | 568/1041 [2:13:56<1:52:23, 14.26s/it]
[1A                                                      
{'loss': '0.001333', 'grad_norm': '0.07112', 'learning_rate': '9.052e-05', 'epoch': '1.638'}
[1A
[1A 55%|█████▍    | 568/1041 [2:13:56<1:52:23, 14.26s/it]
[1A 55%|█████▍    | 569/1041 [2:14:10<1:51:55, 14.23s/it]
[1A                                                      
{'loss': '3.053e-05', 'grad_norm': '0.0007128', 'learning_rate': '9.021e-05', 'epoch': '1.641'}
[1A
[1A 55%|█████▍    | 569/1041 [2:14:10<1:51:55, 14.23s/it]
[1A 55%|█████▍    | 570/1041 [2:14:25<1:52:03, 14.27s/it]
[1A                                                      
{'loss': '6.151e-06', 'grad_norm': '0.0001118', 'learning_rate': '8.99e-05', 'epoch': '1.644'}
[1A
[1A 55%|█████▍    | 570/1041 [2:14:25<1:52:03, 14.27s/it]
[1A 55%|█████▍    | 571/1041 [2:14:39<1:52:27, 14.36s/it]
[1A                                                      
{'loss': '1.376e-05', 'grad_norm': '0.0003123', 'learning_rate': '8.959e-05', 'epoch': '1.646'}
[1A
[1A 55%|█████▍    | 571/1041 [2:14:39<1:52:27, 14.36s/it]
[1A 55%|█████▍    | 572/1041 [2:14:53<1:50:58, 14.20s/it]
[1A                                                      
{'loss': '6.72e-06', 'grad_norm': '0.0001062', 'learning_rate': '8.928e-05', 'epoch': '1.649'}
[1A
[1A 55%|█████▍    | 572/1041 [2:14:53<1:50:58, 14.20s/it]
[1A 55%|█████▌    | 573/1041 [2:15:07<1:50:40, 14.19s/it]
[1A                                                      
{'loss': '6.325e-06', 'grad_norm': '9.722e-05', 'learning_rate': '8.897e-05', 'epoch': '1.652'}
[1A
[1A 55%|█████▌    | 573/1041 [2:15:07<1:50:40, 14.19s/it]
[1A 55%|█████▌    | 574/1041 [2:15:21<1:50:01, 14.14s/it]
[1A                                                      
{'loss': '5.757e-06', 'grad_norm': '9.399e-05', 'learning_rate': '8.866e-05', 'epoch': '1.655'}
[1A
[1A 55%|█████▌    | 574/1041 [2:15:21<1:50:01, 14.14s/it]
[1A 55%|█████▌    | 575/1041 [2:15:35<1:49:23, 14.08s/it]
[1A                                                      
{'loss': '2.793e-05', 'grad_norm': '0.001085', 'learning_rate': '8.835e-05', 'epoch': '1.658'}
[1A
[1A 55%|█████▌    | 575/1041 [2:15:35<1:49:23, 14.08s/it]
[1A 55%|█████▌    | 576/1041 [2:15:50<1:50:21, 14.24s/it]
[1A                                                      
{'loss': '1.295e-05', 'grad_norm': '0.0001903', 'learning_rate': '8.804e-05', 'epoch': '1.661'}
[1A
[1A 55%|█████▌    | 576/1041 [2:15:50<1:50:21, 14.24s/it]
[1A 55%|█████▌    | 577/1041 [2:16:04<1:50:59, 14.35s/it]
[1A                                                      
{'loss': '1.681e-05', 'grad_norm': '0.0003883', 'learning_rate': '8.773e-05', 'epoch': '1.664'}
[1A
[1A 55%|█████▌    | 577/1041 [2:16:04<1:50:59, 14.35s/it]
[1A 56%|█████▌    | 578/1041 [2:16:19<1:50:08, 14.27s/it]
[1A                                                      
{'loss': '0.0001222', 'grad_norm': '0.008517', 'learning_rate': '8.742e-05', 'epoch': '1.667'}
[1A
[1A 56%|█████▌    | 578/1041 [2:16:19<1:50:08, 14.27s/it]
[1A 56%|█████▌    | 579/1041 [2:16:33<1:49:56, 14.28s/it]
[1A                                                      
{'loss': '4.199e-06', 'grad_norm': '6.836e-05', 'learning_rate': '8.711e-05', 'epoch': '1.67'}
[1A
[1A 56%|█████▌    | 579/1041 [2:16:33<1:49:56, 14.28s/it]
[1A 56%|█████▌    | 580/1041 [2:16:47<1:49:06, 14.20s/it]
[1A                                                      
{'loss': '1.672e-05', 'grad_norm': '0.0003226', 'learning_rate': '8.681e-05', 'epoch': '1.672'}
[1A
[1A 56%|█████▌    | 580/1041 [2:16:47<1:49:06, 14.20s/it]
[1A 56%|█████▌    | 581/1041 [2:17:01<1:49:37, 14.30s/it]
[1A                                                      
{'loss': '6.269e-06', 'grad_norm': '8.038e-05', 'learning_rate': '8.65e-05', 'epoch': '1.675'}
[1A
[1A 56%|█████▌    | 581/1041 [2:17:01<1:49:37, 14.30s/it]
[1A 56%|█████▌    | 582/1041 [2:17:15<1:48:53, 14.23s/it]
[1A                                                      
{'loss': '4.193e-05', 'grad_norm': '0.002503', 'learning_rate': '8.619e-05', 'epoch': '1.678'}
[1A
[1A 56%|█████▌    | 582/1041 [2:17:15<1:48:53, 14.23s/it]
[1A 56%|█████▌    | 583/1041 [2:17:29<1:47:56, 14.14s/it]
[1A                                                      
{'loss': '6.315e-06', 'grad_norm': '7.605e-05', 'learning_rate': '8.588e-05', 'epoch': '1.681'}
[1A
[1A 56%|█████▌    | 583/1041 [2:17:29<1:47:56, 14.14s/it]
[1A 56%|█████▌    | 584/1041 [2:17:43<1:46:55, 14.04s/it]
[1A                                                      
{'loss': '2.314e-05', 'grad_norm': '0.0007506', 'learning_rate': '8.557e-05', 'epoch': '1.684'}
[1A
[1A 56%|█████▌    | 584/1041 [2:17:43<1:46:55, 14.04s/it]
[1A 56%|█████▌    | 585/1041 [2:17:57<1:46:32, 14.02s/it]
[1A                                                      
{'loss': '4.773e-05', 'grad_norm': '0.001935', 'learning_rate': '8.526e-05', 'epoch': '1.687'}
[1A
[1A 56%|█████▌    | 585/1041 [2:17:57<1:46:32, 14.02s/it]
[1A 56%|█████▋    | 586/1041 [2:18:11<1:46:39, 14.06s/it]
[1A                                                      
{'loss': '2.365e-05', 'grad_norm': '0.001871', 'learning_rate': '8.496e-05', 'epoch': '1.69'}
[1A
[1A 56%|█████▋    | 586/1041 [2:18:11<1:46:39, 14.06s/it]
[1A 56%|█████▋    | 587/1041 [2:18:25<1:45:21, 13.92s/it]
[1A                                                      
{'loss': '3.193e-06', 'grad_norm': '4.337e-05', 'learning_rate': '8.465e-05', 'epoch': '1.693'}
[1A
[1A 56%|█████▋    | 587/1041 [2:18:25<1:45:21, 13.92s/it]
[1A 56%|█████▋    | 588/1041 [2:18:39<1:45:27, 13.97s/it]
[1A                                                      
{'loss': '1.722e-05', 'grad_norm': '0.0009048', 'learning_rate': '8.434e-05', 'epoch': '1.696'}
[1A
[1A 56%|█████▋    | 588/1041 [2:18:39<1:45:27, 13.97s/it]
[1A 57%|█████▋    | 589/1041 [2:18:52<1:43:51, 13.79s/it]
[1A                                                      
{'loss': '7.047e-06', 'grad_norm': '0.0001873', 'learning_rate': '8.403e-05', 'epoch': '1.698'}
[1A
[1A 57%|█████▋    | 589/1041 [2:18:52<1:43:51, 13.79s/it]
[1A 57%|█████▋    | 590/1041 [2:19:06<1:43:13, 13.73s/it]
[1A                                                      
{'loss': '4.777e-06', 'grad_norm': '7.441e-05', 'learning_rate': '8.373e-05', 'epoch': '1.701'}
[1A
[1A 57%|█████▋    | 590/1041 [2:19:06<1:43:13, 13.73s/it]
[1A 57%|█████▋    | 591/1041 [2:19:19<1:42:22, 13.65s/it]
[1A                                                      
{'loss': '4.598e-06', 'grad_norm': '6.705e-05', 'learning_rate': '8.342e-05', 'epoch': '1.704'}
[1A
[1A 57%|█████▋    | 591/1041 [2:19:19<1:42:22, 13.65s/it]
[1A 57%|█████▋    | 592/1041 [2:19:33<1:42:48, 13.74s/it]
[1A                                                      
{'loss': '3.492e-06', 'grad_norm': '4.596e-05', 'learning_rate': '8.311e-05', 'epoch': '1.707'}
[1A
[1A 57%|█████▋    | 592/1041 [2:19:33<1:42:48, 13.74s/it]
[1A 57%|█████▋    | 593/1041 [2:19:47<1:43:05, 13.81s/it]
[1A                                                      
{'loss': '9.602e-06', 'grad_norm': '0.0001754', 'learning_rate': '8.281e-05', 'epoch': '1.71'}
[1A
[1A 57%|█████▋    | 593/1041 [2:19:47<1:43:05, 13.81s/it]
[1A 57%|█████▋    | 594/1041 [2:20:02<1:43:48, 13.93s/it]
[1A                                                      
{'loss': '1.18e-05', 'grad_norm': '0.0002286', 'learning_rate': '8.25e-05', 'epoch': '1.713'}
[1A
[1A 57%|█████▋    | 594/1041 [2:20:02<1:43:48, 13.93s/it]
[1A 57%|█████▋    | 595/1041 [2:20:16<1:44:03, 14.00s/it]
[1A                                                      
{'loss': '8.62e-06', 'grad_norm': '0.0001226', 'learning_rate': '8.219e-05', 'epoch': '1.716'}
[1A
[1A 57%|█████▋    | 595/1041 [2:20:16<1:44:03, 14.00s/it]
[1A 57%|█████▋    | 596/1041 [2:20:30<1:44:24, 14.08s/it]
[1A                                                      
{'loss': '5.387e-06', 'grad_norm': '6.778e-05', 'learning_rate': '8.189e-05', 'epoch': '1.719'}
[1A
[1A 57%|█████▋    | 596/1041 [2:20:30<1:44:24, 14.08s/it]
[1A 57%|█████▋    | 597/1041 [2:20:44<1:43:24, 13.97s/it]
[1A                                                      
{'loss': '1.929e-05', 'grad_norm': '0.0006515', 'learning_rate': '8.158e-05', 'epoch': '1.722'}
[1A
[1A 57%|█████▋    | 597/1041 [2:20:44<1:43:24, 13.97s/it]
[1A 57%|█████▋    | 598/1041 [2:20:58<1:43:51, 14.07s/it]
[1A                                                      
{'loss': '7e-06', 'grad_norm': '0.0001226', 'learning_rate': '8.127e-05', 'epoch': '1.724'}
[1A
[1A 57%|█████▋    | 598/1041 [2:20:58<1:43:51, 14.07s/it]
[1A 58%|█████▊    | 599/1041 [2:21:12<1:43:13, 14.01s/it]
[1A                                                      
{'loss': '7.851e-06', 'grad_norm': '0.000229', 'learning_rate': '8.097e-05', 'epoch': '1.727'}
[1A
[1A 58%|█████▊    | 599/1041 [2:21:12<1:43:13, 14.01s/it]
[1A 58%|█████▊    | 600/1041 [2:22:00<2:57:39, 24.17s/it]                                                      
{'loss': '1.958e-05', 'grad_norm': '0.001231', 'learning_rate': '8.066e-05', 'epoch': '1.73'}
[1A
[1A 58%|█████▊    | 600/1041 [2:22:00<2:57:39, 24.17s/it]
[1A 58%|█████▊    | 601/1041 [2:22:13<2:33:47, 20.97s/it]
[1A                                                      
{'loss': '1.318e-05', 'grad_norm': '0.0002293', 'learning_rate': '8.036e-05', 'epoch': '1.733'}
[1A
[1A 58%|█████▊    | 601/1041 [2:22:13<2:33:47, 20.97s/it]
[1A 58%|█████▊    | 602/1041 [2:22:27<2:18:23, 18.91s/it]
[1A                                                      
{'loss': '4.489e-06', 'grad_norm': '6.259e-05', 'learning_rate': '8.005e-05', 'epoch': '1.736'}
[1A
[1A 58%|█████▊    | 602/1041 [2:22:27<2:18:23, 18.91s/it]
[1A 58%|█████▊    | 603/1041 [2:22:41<2:07:13, 17.43s/it]
[1A                                                      
{'loss': '4.297e-05', 'grad_norm': '0.002533', 'learning_rate': '7.975e-05', 'epoch': '1.739'}
[1A
[1A 58%|█████▊    | 603/1041 [2:22:41<2:07:13, 17.43s/it]
[1A 58%|█████▊    | 604/1041 [2:22:56<2:00:40, 16.57s/it]
[1A                                                      
{'loss': '5.413e-05', 'grad_norm': '0.002763', 'learning_rate': '7.944e-05', 'epoch': '1.742'}
[1A
[1A 58%|█████▊    | 604/1041 [2:22:56<2:00:40, 16.57s/it]
[1A 58%|█████▊    | 605/1041 [2:23:10<1:54:46, 15.80s/it]
[1A                                                      
{'loss': '1.08e-05', 'grad_norm': '0.0002155', 'learning_rate': '7.914e-05', 'epoch': '1.745'}
[1A
[1A 58%|█████▊    | 605/1041 [2:23:10<1:54:46, 15.80s/it]
[1A 58%|█████▊    | 606/1041 [2:23:24<1:50:14, 15.21s/it]
[1A                                                      
{'loss': '4.014e-06', 'grad_norm': '6.803e-05', 'learning_rate': '7.883e-05', 'epoch': '1.747'}
[1A
[1A 58%|█████▊    | 606/1041 [2:23:24<1:50:14, 15.21s/it]
[1A 58%|█████▊    | 607/1041 [2:23:38<1:47:13, 14.82s/it]
[1A                                                      
{'loss': '8.829e-06', 'grad_norm': '0.0001543', 'learning_rate': '7.853e-05', 'epoch': '1.75'}
[1A
[1A 58%|█████▊    | 607/1041 [2:23:38<1:47:13, 14.82s/it]
[1A 58%|█████▊    | 608/1041 [2:23:52<1:46:16, 14.73s/it]
[1A                                                      
{'loss': '4.891e-06', 'grad_norm': '8.394e-05', 'learning_rate': '7.823e-05', 'epoch': '1.753'}
[1A
[1A 58%|█████▊    | 608/1041 [2:23:52<1:46:16, 14.73s/it]
[1A 59%|█████▊    | 609/1041 [2:24:06<1:45:06, 14.60s/it]
[1A                                                      
{'loss': '8.339e-06', 'grad_norm': '0.000128', 'learning_rate': '7.792e-05', 'epoch': '1.756'}
[1A
[1A 59%|█████▊    | 609/1041 [2:24:06<1:45:06, 14.60s/it]
[1A 59%|█████▊    | 610/1041 [2:24:21<1:44:20, 14.53s/it]
[1A                                                      
{'loss': '3.706e-05', 'grad_norm': '0.002937', 'learning_rate': '7.762e-05', 'epoch': '1.759'}
[1A
[1A 59%|█████▊    | 610/1041 [2:24:21<1:44:20, 14.53s/it]
[1A 59%|█████▊    | 611/1041 [2:24:35<1:43:43, 14.47s/it]
[1A                                                      
{'loss': '2.813e-05', 'grad_norm': '0.0006687', 'learning_rate': '7.731e-05', 'epoch': '1.762'}
[1A
[1A 59%|█████▊    | 611/1041 [2:24:35<1:43:43, 14.47s/it]
[1A 59%|█████▉    | 612/1041 [2:24:50<1:43:11, 14.43s/it]
[1A                                                      
{'loss': '4.615e-05', 'grad_norm': '0.004197', 'learning_rate': '7.701e-05', 'epoch': '1.765'}
[1A
[1A 59%|█████▉    | 612/1041 [2:24:50<1:43:11, 14.43s/it]
[1A 59%|█████▉    | 613/1041 [2:25:04<1:42:34, 14.38s/it]
[1A                                                      
{'loss': '7.6e-06', 'grad_norm': '0.0001735', 'learning_rate': '7.671e-05', 'epoch': '1.768'}
[1A
[1A 59%|█████▉    | 613/1041 [2:25:04<1:42:34, 14.38s/it]
[1A 59%|█████▉    | 614/1041 [2:25:18<1:41:44, 14.30s/it]
[1A                                                      
{'loss': '8.039e-05', 'grad_norm': '0.005473', 'learning_rate': '7.641e-05', 'epoch': '1.771'}
[1A
[1A 59%|█████▉    | 614/1041 [2:25:18<1:41:44, 14.30s/it]
[1A 59%|█████▉    | 615/1041 [2:25:32<1:40:39, 14.18s/it]
[1A                                                      
{'loss': '2.372e-05', 'grad_norm': '0.001477', 'learning_rate': '7.61e-05', 'epoch': '1.773'}
[1A
[1A 59%|█████▉    | 615/1041 [2:25:32<1:40:39, 14.18s/it]
[1A 59%|█████▉    | 616/1041 [2:25:45<1:38:58, 13.97s/it]
[1A                                                      
{'loss': '1.866e-06', 'grad_norm': '2.19e-05', 'learning_rate': '7.58e-05', 'epoch': '1.776'}
[1A
[1A 59%|█████▉    | 616/1041 [2:25:45<1:38:58, 13.97s/it]
[1A 59%|█████▉    | 617/1041 [2:25:59<1:38:40, 13.96s/it]
[1A                                                      
{'loss': '3.449e-05', 'grad_norm': '0.0009026', 'learning_rate': '7.55e-05', 'epoch': '1.779'}
[1A
[1A 59%|█████▉    | 617/1041 [2:25:59<1:38:40, 13.96s/it]
[1A 59%|█████▉    | 618/1041 [2:26:13<1:37:46, 13.87s/it]
[1A                                                      
{'loss': '3.212e-06', 'grad_norm': '7.809e-05', 'learning_rate': '7.52e-05', 'epoch': '1.782'}
[1A
[1A 59%|█████▉    | 618/1041 [2:26:13<1:37:46, 13.87s/it]
[1A 59%|█████▉    | 619/1041 [2:26:26<1:37:02, 13.80s/it]
[1A                                                      
{'loss': '4.724e-06', 'grad_norm': '0.000102', 'learning_rate': '7.49e-05', 'epoch': '1.785'}
[1A
[1A 59%|█████▉    | 619/1041 [2:26:26<1:37:02, 13.80s/it]
[1A 60%|█████▉    | 620/1041 [2:26:41<1:37:54, 13.95s/it]
[1A                                                      
{'loss': '2.055e-05', 'grad_norm': '0.0005065', 'learning_rate': '7.459e-05', 'epoch': '1.788'}
[1A
[1A 60%|█████▉    | 620/1041 [2:26:41<1:37:54, 13.95s/it]
[1A 60%|█████▉    | 621/1041 [2:26:55<1:37:37, 13.95s/it]
[1A                                                      
{'loss': '4.852e-06', 'grad_norm': '9.041e-05', 'learning_rate': '7.429e-05', 'epoch': '1.791'}
[1A
[1A 60%|█████▉    | 621/1041 [2:26:55<1:37:37, 13.95s/it]
[1A 60%|█████▉    | 622/1041 [2:27:09<1:37:07, 13.91s/it]
[1A                                                      
{'loss': '3.655e-06', 'grad_norm': '4.57e-05', 'learning_rate': '7.399e-05', 'epoch': '1.794'}
[1A
[1A 60%|█████▉    | 622/1041 [2:27:09<1:37:07, 13.91s/it]
[1A 60%|█████▉    | 623/1041 [2:27:23<1:38:23, 14.12s/it]
[1A                                                      
{'loss': '7.114e-06', 'grad_norm': '0.0002009', 'learning_rate': '7.369e-05', 'epoch': '1.797'}
[1A
[1A 60%|█████▉    | 623/1041 [2:27:23<1:38:23, 14.12s/it]
[1A 60%|█████▉    | 624/1041 [2:27:37<1:37:48, 14.07s/it]
[1A                                                      
{'loss': '4.443e-05', 'grad_norm': '0.004245', 'learning_rate': '7.339e-05', 'epoch': '1.799'}
[1A
[1A 60%|█████▉    | 624/1041 [2:27:37<1:37:48, 14.07s/it]
[1A 60%|██████    | 625/1041 [2:27:51<1:37:07, 14.01s/it]
[1A                                                      
{'loss': '8.122e-06', 'grad_norm': '0.0001272', 'learning_rate': '7.309e-05', 'epoch': '1.802'}
[1A
[1A 60%|██████    | 625/1041 [2:27:51<1:37:07, 14.01s/it]
[1A 60%|██████    | 626/1041 [2:28:04<1:35:08, 13.76s/it]
[1A                                                      
{'loss': '0.0002253', 'grad_norm': '0.00908', 'learning_rate': '7.279e-05', 'epoch': '1.805'}
[1A
[1A 60%|██████    | 626/1041 [2:28:04<1:35:08, 13.76s/it]
[1A 60%|██████    | 627/1041 [2:28:18<1:35:50, 13.89s/it]
[1A                                                      
{'loss': '2.844e-06', 'grad_norm': '4.141e-05', 'learning_rate': '7.249e-05', 'epoch': '1.808'}
[1A
[1A 60%|██████    | 627/1041 [2:28:18<1:35:50, 13.89s/it]
[1A 60%|██████    | 628/1041 [2:28:33<1:36:21, 14.00s/it]
[1A                                                      
{'loss': '1.152e-05', 'grad_norm': '0.0001914', 'learning_rate': '7.219e-05', 'epoch': '1.811'}
[1A
[1A 60%|██████    | 628/1041 [2:28:33<1:36:21, 14.00s/it]
[1A 60%|██████    | 629/1041 [2:28:47<1:36:58, 14.12s/it]
[1A                                                      
{'loss': '9.579e-06', 'grad_norm': '0.0004487', 'learning_rate': '7.189e-05', 'epoch': '1.814'}
[1A
[1A 60%|██████    | 629/1041 [2:28:47<1:36:58, 14.12s/it]
[1A 61%|██████    | 630/1041 [2:29:01<1:36:28, 14.08s/it]
[1A                                                      
{'loss': '0.0003715', 'grad_norm': '0.01947', 'learning_rate': '7.16e-05', 'epoch': '1.817'}
[1A
[1A 61%|██████    | 630/1041 [2:29:01<1:36:28, 14.08s/it]
[1A 61%|██████    | 631/1041 [2:29:15<1:36:08, 14.07s/it]
[1A                                                      
{'loss': '2.004e-06', 'grad_norm': '2.484e-05', 'learning_rate': '7.13e-05', 'epoch': '1.82'}
[1A
[1A 61%|██████    | 631/1041 [2:29:15<1:36:08, 14.07s/it]
[1A 61%|██████    | 632/1041 [2:29:29<1:35:30, 14.01s/it]
[1A                                                      
{'loss': '8.209e-06', 'grad_norm': '0.0001485', 'learning_rate': '7.1e-05', 'epoch': '1.823'}
[1A
[1A 61%|██████    | 632/1041 [2:29:29<1:35:30, 14.01s/it]
[1A 61%|██████    | 633/1041 [2:29:44<1:36:49, 14.24s/it]
[1A                                                      
{'loss': '6.145e-06', 'grad_norm': '0.0001233', 'learning_rate': '7.07e-05', 'epoch': '1.825'}
[1A
[1A 61%|██████    | 633/1041 [2:29:44<1:36:49, 14.24s/it]
[1A 61%|██████    | 634/1041 [2:29:58<1:36:46, 14.27s/it]
[1A                                                      
{'loss': '3.707e-06', 'grad_norm': '7.309e-05', 'learning_rate': '7.04e-05', 'epoch': '1.828'}
[1A
[1A 61%|██████    | 634/1041 [2:29:58<1:36:46, 14.27s/it]
[1A 61%|██████    | 635/1041 [2:30:12<1:36:44, 14.30s/it]
[1A                                                      
{'loss': '6.038e-06', 'grad_norm': '8.222e-05', 'learning_rate': '7.011e-05', 'epoch': '1.831'}
[1A
[1A 61%|██████    | 635/1041 [2:30:12<1:36:44, 14.30s/it]
[1A 61%|██████    | 636/1041 [2:30:27<1:36:35, 14.31s/it]
[1A                                                      
{'loss': '1.134e-05', 'grad_norm': '0.0005457', 'learning_rate': '6.981e-05', 'epoch': '1.834'}
[1A
[1A 61%|██████    | 636/1041 [2:30:27<1:36:35, 14.31s/it]
[1A 61%|██████    | 637/1041 [2:30:41<1:35:34, 14.20s/it]
[1A                                                      
{'loss': '8.822e-06', 'grad_norm': '0.0001544', 'learning_rate': '6.951e-05', 'epoch': '1.837'}
[1A
[1A 61%|██████    | 637/1041 [2:30:41<1:35:34, 14.20s/it]
[1A 61%|██████▏   | 638/1041 [2:30:56<1:37:03, 14.45s/it]
[1A                                                      
{'loss': '2.322e-05', 'grad_norm': '0.0005459', 'learning_rate': '6.922e-05', 'epoch': '1.84'}
[1A
[1A 61%|██████▏   | 638/1041 [2:30:56<1:37:03, 14.45s/it]
[1A 61%|██████▏   | 639/1041 [2:31:10<1:36:29, 14.40s/it]
[1A                                                      
{'loss': '1.58e-05', 'grad_norm': '0.0002226', 'learning_rate': '6.892e-05', 'epoch': '1.843'}
[1A
[1A 61%|██████▏   | 639/1041 [2:31:10<1:36:29, 14.40s/it]
[1A 61%|██████▏   | 640/1041 [2:31:24<1:36:12, 14.40s/it]
[1A                                                      
{'loss': '1.686e-05', 'grad_norm': '0.0005387', 'learning_rate': '6.862e-05', 'epoch': '1.846'}
[1A
[1A 61%|██████▏   | 640/1041 [2:31:24<1:36:12, 14.40s/it]
[1A 62%|██████▏   | 641/1041 [2:31:38<1:35:10, 14.28s/it]
[1A                                                      
{'loss': '1.305e-05', 'grad_norm': '0.0002225', 'learning_rate': '6.833e-05', 'epoch': '1.848'}
[1A
[1A 62%|██████▏   | 641/1041 [2:31:38<1:35:10, 14.28s/it]
[1A 62%|██████▏   | 642/1041 [2:31:53<1:34:38, 14.23s/it]
[1A                                                      
{'loss': '4.342e-06', 'grad_norm': '0.0001507', 'learning_rate': '6.803e-05', 'epoch': '1.851'}
[1A
[1A 62%|██████▏   | 642/1041 [2:31:53<1:34:38, 14.23s/it]
[1A 62%|██████▏   | 643/1041 [2:32:07<1:34:20, 14.22s/it]
[1A                                                      
{'loss': '3.191e-05', 'grad_norm': '0.0008216', 'learning_rate': '6.774e-05', 'epoch': '1.854'}
[1A
[1A 62%|██████▏   | 643/1041 [2:32:07<1:34:20, 14.22s/it]
[1A 62%|██████▏   | 644/1041 [2:32:21<1:34:00, 14.21s/it]
[1A                                                      
{'loss': '4.358e-06', 'grad_norm': '6.235e-05', 'learning_rate': '6.744e-05', 'epoch': '1.857'}
[1A
[1A 62%|██████▏   | 644/1041 [2:32:21<1:34:00, 14.21s/it]
[1A 62%|██████▏   | 645/1041 [2:32:35<1:33:07, 14.11s/it]
[1A                                                      
{'loss': '3.253e-06', 'grad_norm': '5.488e-05', 'learning_rate': '6.715e-05', 'epoch': '1.86'}
[1A
[1A 62%|██████▏   | 645/1041 [2:32:35<1:33:07, 14.11s/it]
[1A 62%|██████▏   | 646/1041 [2:32:49<1:32:26, 14.04s/it]
[1A                                                      
{'loss': '1.037e-05', 'grad_norm': '0.0001849', 'learning_rate': '6.686e-05', 'epoch': '1.863'}
[1A
[1A 62%|██████▏   | 646/1041 [2:32:49<1:32:26, 14.04s/it]
[1A 62%|██████▏   | 647/1041 [2:33:03<1:32:00, 14.01s/it]
[1A                                                      
{'loss': '6.221e-06', 'grad_norm': '0.0002843', 'learning_rate': '6.656e-05', 'epoch': '1.866'}
[1A
[1A 62%|██████▏   | 647/1041 [2:33:03<1:32:00, 14.01s/it]
[1A 62%|██████▏   | 648/1041 [2:33:16<1:30:46, 13.86s/it]
[1A                                                      
{'loss': '1.118e-05', 'grad_norm': '0.0002955', 'learning_rate': '6.627e-05', 'epoch': '1.869'}
[1A
[1A 62%|██████▏   | 648/1041 [2:33:16<1:30:46, 13.86s/it]
[1A 62%|██████▏   | 649/1041 [2:33:29<1:29:32, 13.71s/it]
[1A                                                      
{'loss': '2.119e-06', 'grad_norm': '2.793e-05', 'learning_rate': '6.598e-05', 'epoch': '1.872'}
[1A
[1A 62%|██████▏   | 649/1041 [2:33:29<1:29:32, 13.71s/it]
[1A 62%|██████▏   | 650/1041 [2:33:44<1:30:34, 13.90s/it]
[1A                                                      
{'loss': '2.939e-05', 'grad_norm': '0.0007412', 'learning_rate': '6.568e-05', 'epoch': '1.874'}
[1A
[1A 62%|██████▏   | 650/1041 [2:33:44<1:30:34, 13.90s/it]
[1A 63%|██████▎   | 651/1041 [2:33:59<1:32:02, 14.16s/it]
[1A                                                      
{'loss': '3.865e-05', 'grad_norm': '0.001307', 'learning_rate': '6.539e-05', 'epoch': '1.877'}
[1A
[1A 63%|██████▎   | 651/1041 [2:33:59<1:32:02, 14.16s/it]
[1A 63%|██████▎   | 652/1041 [2:34:12<1:31:09, 14.06s/it]
[1A                                                      
{'loss': '2.638e-05', 'grad_norm': '0.001323', 'learning_rate': '6.51e-05', 'epoch': '1.88'}
[1A
[1A 63%|██████▎   | 652/1041 [2:34:12<1:31:09, 14.06s/it]
[1A 63%|██████▎   | 653/1041 [2:34:27<1:31:56, 14.22s/it]
[1A                                                      
{'loss': '9.917e-06', 'grad_norm': '0.000285', 'learning_rate': '6.481e-05', 'epoch': '1.883'}
[1A
[1A 63%|██████▎   | 653/1041 [2:34:27<1:31:56, 14.22s/it]
[1A 63%|██████▎   | 654/1041 [2:34:41<1:31:59, 14.26s/it]
[1A                                                      
{'loss': '8.279e-06', 'grad_norm': '0.0002017', 'learning_rate': '6.452e-05', 'epoch': '1.886'}
[1A
[1A 63%|██████▎   | 654/1041 [2:34:41<1:31:59, 14.26s/it]
[1A 63%|██████▎   | 655/1041 [2:34:55<1:31:26, 14.21s/it]
[1A                                                      
{'loss': '1.853e-05', 'grad_norm': '0.000549', 'learning_rate': '6.423e-05', 'epoch': '1.889'}
[1A
[1A 63%|██████▎   | 655/1041 [2:34:55<1:31:26, 14.21s/it]
[1A 63%|██████▎   | 656/1041 [2:35:09<1:30:16, 14.07s/it]
[1A                                                      
{'loss': '2.863e-06', 'grad_norm': '4.488e-05', 'learning_rate': '6.394e-05', 'epoch': '1.892'}
[1A
[1A 63%|██████▎   | 656/1041 [2:35:09<1:30:16, 14.07s/it]
[1A 63%|██████▎   | 657/1041 [2:35:24<1:31:23, 14.28s/it]
[1A                                                      
{'loss': '1.239e-05', 'grad_norm': '0.0003233', 'learning_rate': '6.365e-05', 'epoch': '1.895'}
[1A
[1A 63%|██████▎   | 657/1041 [2:35:24<1:31:23, 14.28s/it]
[1A 63%|██████▎   | 658/1041 [2:35:38<1:31:15, 14.30s/it]
[1A                                                      
{'loss': '6.363e-06', 'grad_norm': '0.0001525', 'learning_rate': '6.336e-05', 'epoch': '1.898'}
[1A
[1A 63%|██████▎   | 658/1041 [2:35:38<1:31:15, 14.30s/it]
[1A 63%|██████▎   | 659/1041 [2:35:53<1:31:06, 14.31s/it]
[1A                                                      
{'loss': '0.0001176', 'grad_norm': '0.01696', 'learning_rate': '6.307e-05', 'epoch': '1.9'}
[1A
[1A 63%|██████▎   | 659/1041 [2:35:53<1:31:06, 14.31s/it]
[1A 63%|██████▎   | 660/1041 [2:36:07<1:31:57, 14.48s/it]
[1A                                                      
{'loss': '4.092e-05', 'grad_norm': '0.002276', 'learning_rate': '6.278e-05', 'epoch': '1.903'}
[1A
[1A 63%|██████▎   | 660/1041 [2:36:07<1:31:57, 14.48s/it]
[1A 63%|██████▎   | 661/1041 [2:36:22<1:30:54, 14.35s/it]
[1A                                                      
{'loss': '1.045e-05', 'grad_norm': '0.0005815', 'learning_rate': '6.249e-05', 'epoch': '1.906'}
[1A
[1A 63%|██████▎   | 661/1041 [2:36:22<1:30:54, 14.35s/it]
[1A 64%|██████▎   | 662/1041 [2:36:36<1:30:40, 14.35s/it]
[1A                                                      
{'loss': '5.631e-06', 'grad_norm': '0.0001384', 'learning_rate': '6.22e-05', 'epoch': '1.909'}
[1A
[1A 64%|██████▎   | 662/1041 [2:36:36<1:30:40, 14.35s/it]
[1A 64%|██████▎   | 663/1041 [2:36:50<1:30:04, 14.30s/it]
[1A                                                      
{'loss': '1.32e-05', 'grad_norm': '0.0002425', 'learning_rate': '6.191e-05', 'epoch': '1.912'}
[1A
[1A 64%|██████▎   | 663/1041 [2:36:50<1:30:04, 14.30s/it]
[1A 64%|██████▍   | 664/1041 [2:37:04<1:29:16, 14.21s/it]
[1A                                                      
{'loss': '2.337e-05', 'grad_norm': '0.000569', 'learning_rate': '6.162e-05', 'epoch': '1.915'}
[1A
[1A 64%|██████▍   | 664/1041 [2:37:04<1:29:16, 14.21s/it]
[1A 64%|██████▍   | 665/1041 [2:37:19<1:29:44, 14.32s/it]
[1A                                                      
{'loss': '1.278e-05', 'grad_norm': '0.0003356', 'learning_rate': '6.134e-05', 'epoch': '1.918'}
[1A
[1A 64%|██████▍   | 665/1041 [2:37:19<1:29:44, 14.32s/it]
[1A 64%|██████▍   | 666/1041 [2:37:33<1:29:29, 14.32s/it]
[1A                                                      
{'loss': '3.101e-06', 'grad_norm': '6.542e-05', 'learning_rate': '6.105e-05', 'epoch': '1.921'}
[1A
[1A 64%|██████▍   | 666/1041 [2:37:33<1:29:29, 14.32s/it]
[1A 64%|██████▍   | 667/1041 [2:37:47<1:29:21, 14.33s/it]
[1A                                                      
{'loss': '1.905e-05', 'grad_norm': '0.0004132', 'learning_rate': '6.076e-05', 'epoch': '1.924'}
[1A
[1A 64%|██████▍   | 667/1041 [2:37:47<1:29:21, 14.33s/it]
[1A 64%|██████▍   | 668/1041 [2:38:01<1:27:45, 14.12s/it]
[1A                                                      
{'loss': '1.046e-05', 'grad_norm': '0.0002432', 'learning_rate': '6.048e-05', 'epoch': '1.926'}
[1A
[1A 64%|██████▍   | 668/1041 [2:38:01<1:27:45, 14.12s/it]
[1A 64%|██████▍   | 669/1041 [2:38:15<1:28:12, 14.23s/it]
[1A                                                      
{'loss': '6.683e-06', 'grad_norm': '0.0001496', 'learning_rate': '6.019e-05', 'epoch': '1.929'}
[1A
[1A 64%|██████▍   | 669/1041 [2:38:15<1:28:12, 14.23s/it]
[1A 64%|██████▍   | 670/1041 [2:38:30<1:28:11, 14.26s/it]
[1A                                                      
{'loss': '4.903e-06', 'grad_norm': '0.0001156', 'learning_rate': '5.991e-05', 'epoch': '1.932'}
[1A
[1A 64%|██████▍   | 670/1041 [2:38:30<1:28:11, 14.26s/it]
[1A 64%|██████▍   | 671/1041 [2:38:43<1:26:52, 14.09s/it]
[1A                                                      
{'loss': '0.004828', 'grad_norm': '0.2293', 'learning_rate': '5.962e-05', 'epoch': '1.935'}
[1A
[1A 64%|██████▍   | 671/1041 [2:38:43<1:26:52, 14.09s/it]
[1A 65%|██████▍   | 672/1041 [2:38:57<1:26:12, 14.02s/it]
[1A                                                      
{'loss': '3.464e-06', 'grad_norm': '5.035e-05', 'learning_rate': '5.934e-05', 'epoch': '1.938'}
[1A
[1A 65%|██████▍   | 672/1041 [2:38:57<1:26:12, 14.02s/it]
[1A 65%|██████▍   | 673/1041 [2:39:12<1:26:45, 14.15s/it]
[1A                                                      
{'loss': '1.908e-05', 'grad_norm': '0.0003509', 'learning_rate': '5.905e-05', 'epoch': '1.941'}
[1A
[1A 65%|██████▍   | 673/1041 [2:39:12<1:26:45, 14.15s/it]
[1A 65%|██████▍   | 674/1041 [2:39:26<1:26:08, 14.08s/it]
[1A                                                      
{'loss': '4.354e-06', 'grad_norm': '4.971e-05', 'learning_rate': '5.877e-05', 'epoch': '1.944'}
[1A
[1A 65%|██████▍   | 674/1041 [2:39:26<1:26:08, 14.08s/it]
[1A 65%|██████▍   | 675/1041 [2:39:39<1:25:20, 13.99s/it]
[1A                                                      
{'loss': '1.425e-05', 'grad_norm': '0.0008065', 'learning_rate': '5.848e-05', 'epoch': '1.947'}
[1A
[1A 65%|██████▍   | 675/1041 [2:39:39<1:25:20, 13.99s/it]
[1A 65%|██████▍   | 676/1041 [2:39:54<1:26:16, 14.18s/it]
[1A                                                      
{'loss': '0.0001939', 'grad_norm': '0.01171', 'learning_rate': '5.82e-05', 'epoch': '1.949'}
[1A
[1A 65%|██████▍   | 676/1041 [2:39:54<1:26:16, 14.18s/it]
[1A 65%|██████▌   | 677/1041 [2:40:08<1:25:33, 14.10s/it]
[1A                                                      
{'loss': '6.709e-05', 'grad_norm': '0.004901', 'learning_rate': '5.792e-05', 'epoch': '1.952'}
[1A
[1A 65%|██████▌   | 677/1041 [2:40:08<1:25:33, 14.10s/it]
[1A 65%|██████▌   | 678/1041 [2:40:22<1:24:21, 13.94s/it]
[1A                                                      
{'loss': '0.01242', 'grad_norm': '0.3007', 'learning_rate': '5.764e-05', 'epoch': '1.955'}
[1A
[1A 65%|██████▌   | 678/1041 [2:40:22<1:24:21, 13.94s/it]
[1A 65%|██████▌   | 679/1041 [2:40:36<1:24:51, 14.07s/it]
[1A                                                      
{'loss': '2.589e-05', 'grad_norm': '0.0008645', 'learning_rate': '5.735e-05', 'epoch': '1.958'}
[1A
[1A 65%|██████▌   | 679/1041 [2:40:36<1:24:51, 14.07s/it]
[1A 65%|██████▌   | 680/1041 [2:40:50<1:24:00, 13.96s/it]
[1A                                                      
{'loss': '2.54e-06', 'grad_norm': '3.089e-05', 'learning_rate': '5.707e-05', 'epoch': '1.961'}
[1A
[1A 65%|██████▌   | 680/1041 [2:40:50<1:24:00, 13.96s/it]
[1A 65%|██████▌   | 681/1041 [2:41:03<1:23:25, 13.90s/it]
[1A                                                      
{'loss': '4.906e-06', 'grad_norm': '7.465e-05', 'learning_rate': '5.679e-05', 'epoch': '1.964'}
[1A
[1A 65%|██████▌   | 681/1041 [2:41:03<1:23:25, 13.90s/it]
[1A 66%|██████▌   | 682/1041 [2:41:18<1:24:35, 14.14s/it]
[1A                                                      
{'loss': '0.0001516', 'grad_norm': '0.007848', 'learning_rate': '5.651e-05', 'epoch': '1.967'}
[1A
[1A 66%|██████▌   | 682/1041 [2:41:18<1:24:35, 14.14s/it]
[1A 66%|██████▌   | 683/1041 [2:41:32<1:24:01, 14.08s/it]
[1A                                                      
{'loss': '4.293e-05', 'grad_norm': '0.001253', 'learning_rate': '5.623e-05', 'epoch': '1.97'}
[1A
[1A 66%|██████▌   | 683/1041 [2:41:32<1:24:01, 14.08s/it]
[1A 66%|██████▌   | 684/1041 [2:41:46<1:23:28, 14.03s/it]
[1A                                                      
{'loss': '3.751e-06', 'grad_norm': '4.643e-05', 'learning_rate': '5.595e-05', 'epoch': '1.973'}
[1A
[1A 66%|██████▌   | 684/1041 [2:41:46<1:23:28, 14.03s/it]
[1A 66%|██████▌   | 685/1041 [2:42:00<1:23:08, 14.01s/it]
[1A                                                      
{'loss': '9.347e-06', 'grad_norm': '0.0001663', 'learning_rate': '5.567e-05', 'epoch': '1.975'}
[1A
[1A 66%|██████▌   | 685/1041 [2:42:00<1:23:08, 14.01s/it]
[1A 66%|██████▌   | 686/1041 [2:42:14<1:22:41, 13.98s/it]
[1A                                                      
{'loss': '3.291e-06', 'grad_norm': '3.882e-05', 'learning_rate': '5.539e-05', 'epoch': '1.978'}
[1A
[1A 66%|██████▌   | 686/1041 [2:42:14<1:22:41, 13.98s/it]
[1A 66%|██████▌   | 687/1041 [2:42:27<1:21:51, 13.88s/it]
[1A                                                      
{'loss': '0.00012', 'grad_norm': '0.006636', 'learning_rate': '5.511e-05', 'epoch': '1.981'}
[1A
[1A 66%|██████▌   | 687/1041 [2:42:27<1:21:51, 13.88s/it]
[1A 66%|██████▌   | 688/1041 [2:42:41<1:21:36, 13.87s/it]
[1A                                                      
{'loss': '2.368e-05', 'grad_norm': '0.001779', 'learning_rate': '5.484e-05', 'epoch': '1.984'}
[1A
[1A 66%|██████▌   | 688/1041 [2:42:41<1:21:36, 13.87s/it]
[1A 66%|██████▌   | 689/1041 [2:42:56<1:22:18, 14.03s/it]
[1A                                                      
{'loss': '2.312e-05', 'grad_norm': '0.0005931', 'learning_rate': '5.456e-05', 'epoch': '1.987'}
[1A
[1A 66%|██████▌   | 689/1041 [2:42:56<1:22:18, 14.03s/it]
[1A 66%|██████▋   | 690/1041 [2:43:11<1:23:26, 14.26s/it]
[1A                                                      
{'loss': '3.319e-06', 'grad_norm': '4.118e-05', 'learning_rate': '5.428e-05', 'epoch': '1.99'}
[1A
[1A 66%|██████▋   | 690/1041 [2:43:11<1:23:26, 14.26s/it]
[1A 66%|██████▋   | 691/1041 [2:43:24<1:21:38, 14.00s/it]
[1A                                                      
{'loss': '2.189e-06', 'grad_norm': '3.07e-05', 'learning_rate': '5.401e-05', 'epoch': '1.993'}
[1A
[1A 66%|██████▋   | 691/1041 [2:43:24<1:21:38, 14.00s/it]
[1A 66%|██████▋   | 692/1041 [2:43:38<1:21:57, 14.09s/it]
[1A                                                      
{'loss': '8.966e-06', 'grad_norm': '0.0001814', 'learning_rate': '5.373e-05', 'epoch': '1.996'}
[1A
[1A 66%|██████▋   | 692/1041 [2:43:38<1:21:57, 14.09s/it]
[1A 67%|██████▋   | 693/1041 [2:43:52<1:21:49, 14.11s/it]
[1A                                                      
{'loss': '0.0007073', 'grad_norm': '0.03926', 'learning_rate': '5.345e-05', 'epoch': '1.999'}
[1A
[1A 67%|██████▋   | 693/1041 [2:43:52<1:21:49, 14.11s/it]
[1A 67%|██████▋   | 694/1041 [2:43:59<1:08:49, 11.90s/it]
[1A                                                      
{'loss': '3.385e-06', 'grad_norm': '5.294e-05', 'learning_rate': '5.318e-05', 'epoch': '2'}
[1A
[1A 67%|██████▋   | 694/1041 [2:43:59<1:08:49, 11.90s/it]
[1A 67%|██████▋   | 695/1041 [2:44:13<1:12:26, 12.56s/it]
[1A                                                      
{'loss': '1.825e-06', 'grad_norm': '2.21e-05', 'learning_rate': '5.29e-05', 'epoch': '2.003'}
[1A
[1A 67%|██████▋   | 695/1041 [2:44:13<1:12:26, 12.56s/it]
[1A 67%|██████▋   | 696/1041 [2:44:27<1:15:07, 13.07s/it]
[1A                                                      
{'loss': '1.904e-05', 'grad_norm': '0.0006248', 'learning_rate': '5.263e-05', 'epoch': '2.006'}
[1A
[1A 67%|██████▋   | 696/1041 [2:44:27<1:15:07, 13.07s/it]
[1A 67%|██████▋   | 697/1041 [2:44:42<1:16:41, 13.38s/it]
[1A                                                      
{'loss': '6.054e-06', 'grad_norm': '9.497e-05', 'learning_rate': '5.235e-05', 'epoch': '2.009'}
[1A
[1A 67%|██████▋   | 697/1041 [2:44:42<1:16:41, 13.38s/it]
[1A 67%|██████▋   | 698/1041 [2:44:56<1:18:04, 13.66s/it]
[1A                                                      
{'loss': '4.708e-05', 'grad_norm': '0.003188', 'learning_rate': '5.208e-05', 'epoch': '2.012'}
[1A
[1A 67%|██████▋   | 698/1041 [2:44:56<1:18:04, 13.66s/it]
[1A 67%|██████▋   | 699/1041 [2:45:10<1:18:31, 13.78s/it]
[1A                                                      
{'loss': '1.724e-05', 'grad_norm': '0.0006016', 'learning_rate': '5.181e-05', 'epoch': '2.014'}
[1A
[1A 67%|██████▋   | 699/1041 [2:45:10<1:18:31, 13.78s/it]
[1A 67%|██████▋   | 700/1041 [2:46:21<2:55:55, 30.95s/it]                                                      
{'loss': '4.409e-06', 'grad_norm': '9.55e-05', 'learning_rate': '5.154e-05', 'epoch': '2.017'}
[1A
[1A 67%|██████▋   | 700/1041 [2:46:21<2:55:55, 30.95s/it]
[1A 67%|██████▋   | 701/1041 [2:46:36<2:28:43, 26.25s/it]
[1A                                                      
{'loss': '1.561e-05', 'grad_norm': '0.0003914', 'learning_rate': '5.126e-05', 'epoch': '2.02'}
[1A
[1A 67%|██████▋   | 701/1041 [2:46:36<2:28:43, 26.25s/it]
[1A 67%|██████▋   | 702/1041 [2:46:50<2:06:46, 22.44s/it]
[1A                                                      
{'loss': '9.331e-05', 'grad_norm': '0.005241', 'learning_rate': '5.099e-05', 'epoch': '2.023'}
[1A
[1A 67%|██████▋   | 702/1041 [2:46:50<2:06:46, 22.44s/it]
[1A 68%|██████▊   | 703/1041 [2:47:04<1:52:46, 20.02s/it]
[1A                                                      
{'loss': '1.825e-05', 'grad_norm': '0.000506', 'learning_rate': '5.072e-05', 'epoch': '2.026'}
[1A
[1A 68%|██████▊   | 703/1041 [2:47:04<1:52:46, 20.02s/it]
[1A 68%|██████▊   | 704/1041 [2:47:19<1:43:10, 18.37s/it]
[1A                                                      
{'loss': '0.0002151', 'grad_norm': '0.01801', 'learning_rate': '5.045e-05', 'epoch': '2.029'}
[1A
[1A 68%|██████▊   | 704/1041 [2:47:19<1:43:10, 18.37s/it]
[1A 68%|██████▊   | 705/1041 [2:47:33<1:35:48, 17.11s/it]
[1A                                                      
{'loss': '4.589e-06', 'grad_norm': '8.135e-05', 'learning_rate': '5.018e-05', 'epoch': '2.032'}
[1A
[1A 68%|██████▊   | 705/1041 [2:47:33<1:35:48, 17.11s/it]
[1A 68%|██████▊   | 706/1041 [2:47:47<1:30:05, 16.14s/it]
[1A                                                      
{'loss': '2.664e-05', 'grad_norm': '0.001856', 'learning_rate': '4.991e-05', 'epoch': '2.035'}
[1A
[1A 68%|██████▊   | 706/1041 [2:47:47<1:30:05, 16.14s/it]
[1A 68%|██████▊   | 707/1041 [2:48:00<1:25:19, 15.33s/it]
[1A                                                      
{'loss': '4.735e-06', 'grad_norm': '7.693e-05', 'learning_rate': '4.964e-05', 'epoch': '2.038'}
[1A
[1A 68%|██████▊   | 707/1041 [2:48:00<1:25:19, 15.33s/it]
[1A 68%|██████▊   | 708/1041 [2:48:15<1:24:30, 15.23s/it]
[1A                                                      
{'loss': '5.408e-06', 'grad_norm': '8.985e-05', 'learning_rate': '4.937e-05', 'epoch': '2.04'}
[1A
[1A 68%|██████▊   | 708/1041 [2:48:15<1:24:30, 15.23s/it]
[1A 68%|██████▊   | 709/1041 [2:48:29<1:22:05, 14.84s/it]
[1A                                                      
{'loss': '5.532e-06', 'grad_norm': '0.0001586', 'learning_rate': '4.91e-05', 'epoch': '2.043'}
[1A
[1A 68%|██████▊   | 709/1041 [2:48:29<1:22:05, 14.84s/it]
[1A 68%|██████▊   | 710/1041 [2:48:43<1:20:20, 14.56s/it]
[1A                                                      
{'loss': '3.705e-06', 'grad_norm': '8.274e-05', 'learning_rate': '4.884e-05', 'epoch': '2.046'}
[1A
[1A 68%|██████▊   | 710/1041 [2:48:43<1:20:20, 14.56s/it]
[1A 68%|██████▊   | 711/1041 [2:48:57<1:18:30, 14.28s/it]
[1A                                                      
{'loss': '1.571e-05', 'grad_norm': '0.0003498', 'learning_rate': '4.857e-05', 'epoch': '2.049'}
[1A
[1A 68%|██████▊   | 711/1041 [2:48:57<1:18:30, 14.28s/it]
[1A 68%|██████▊   | 712/1041 [2:49:11<1:19:07, 14.43s/it]
[1A                                                      
{'loss': '1.213e-05', 'grad_norm': '0.0003332', 'learning_rate': '4.83e-05', 'epoch': '2.052'}
[1A
[1A 68%|██████▊   | 712/1041 [2:49:11<1:19:07, 14.43s/it]
[1A 68%|██████▊   | 713/1041 [2:49:26<1:19:15, 14.50s/it]
[1A                                                      
{'loss': '0.001401', 'grad_norm': '0.09662', 'learning_rate': '4.804e-05', 'epoch': '2.055'}
[1A
[1A 68%|██████▊   | 713/1041 [2:49:26<1:19:15, 14.50s/it]
[1A 69%|██████▊   | 714/1041 [2:49:41<1:19:05, 14.51s/it]
[1A                                                      
{'loss': '9.961e-05', 'grad_norm': '0.006011', 'learning_rate': '4.777e-05', 'epoch': '2.058'}
[1A
[1A 69%|██████▊   | 714/1041 [2:49:41<1:19:05, 14.51s/it]
[1A 69%|██████▊   | 715/1041 [2:49:55<1:18:00, 14.36s/it]
[1A                                                      
{'loss': '0.003888', 'grad_norm': '0.2904', 'learning_rate': '4.75e-05', 'epoch': '2.061'}
[1A
[1A 69%|██████▊   | 715/1041 [2:49:55<1:18:00, 14.36s/it]
[1A 69%|██████▉   | 716/1041 [2:50:09<1:17:35, 14.32s/it]
[1A                                                      
{'loss': '6.096e-05', 'grad_norm': '0.004285', 'learning_rate': '4.724e-05', 'epoch': '2.063'}
[1A
[1A 69%|██████▉   | 716/1041 [2:50:09<1:17:35, 14.32s/it]
[1A 69%|██████▉   | 717/1041 [2:50:23<1:17:20, 14.32s/it]
[1A                                                      
{'loss': '7.374e-06', 'grad_norm': '0.0001504', 'learning_rate': '4.698e-05', 'epoch': '2.066'}
[1A
[1A 69%|██████▉   | 717/1041 [2:50:23<1:17:20, 14.32s/it]
[1A 69%|██████▉   | 718/1041 [2:50:37<1:16:55, 14.29s/it]
[1A                                                      
{'loss': '2.706e-05', 'grad_norm': '0.001353', 'learning_rate': '4.671e-05', 'epoch': '2.069'}
[1A
[1A 69%|██████▉   | 718/1041 [2:50:37<1:16:55, 14.29s/it]
[1A 69%|██████▉   | 719/1041 [2:50:52<1:16:41, 14.29s/it]
[1A                                                      
{'loss': '1.305e-05', 'grad_norm': '0.0002097', 'learning_rate': '4.645e-05', 'epoch': '2.072'}
[1A
[1A 69%|██████▉   | 719/1041 [2:50:52<1:16:41, 14.29s/it]
[1A 69%|██████▉   | 720/1041 [2:51:05<1:15:39, 14.14s/it]
[1A                                                      
{'loss': '2.001e-05', 'grad_norm': '0.001067', 'learning_rate': '4.619e-05', 'epoch': '2.075'}
[1A
[1A 69%|██████▉   | 720/1041 [2:51:05<1:15:39, 14.14s/it]
[1A 69%|██████▉   | 721/1041 [2:51:19<1:15:00, 14.07s/it]
[1A                                                      
{'loss': '1.008e-05', 'grad_norm': '0.0002181', 'learning_rate': '4.592e-05', 'epoch': '2.078'}
[1A
[1A 69%|██████▉   | 721/1041 [2:51:19<1:15:00, 14.07s/it]
[1A 69%|██████▉   | 722/1041 [2:51:34<1:15:19, 14.17s/it]
[1A                                                      
{'loss': '8.376e-06', 'grad_norm': '0.0001834', 'learning_rate': '4.566e-05', 'epoch': '2.081'}
[1A
[1A 69%|██████▉   | 722/1041 [2:51:34<1:15:19, 14.17s/it]
[1A 69%|██████▉   | 723/1041 [2:51:47<1:13:41, 13.90s/it]
[1A                                                      
{'loss': '1.759e-06', 'grad_norm': '2.167e-05', 'learning_rate': '4.54e-05', 'epoch': '2.084'}
[1A
[1A 69%|██████▉   | 723/1041 [2:51:47<1:13:41, 13.90s/it]
[1A 70%|██████▉   | 724/1041 [2:52:02<1:14:37, 14.12s/it]
[1A                                                      
{'loss': '0.008334', 'grad_norm': '0.1309', 'learning_rate': '4.514e-05', 'epoch': '2.087'}
[1A
[1A 70%|██████▉   | 724/1041 [2:52:02<1:14:37, 14.12s/it]
[1A 70%|██████▉   | 725/1041 [2:52:15<1:13:38, 13.98s/it]
[1A                                                      
{'loss': '2.235e-06', 'grad_norm': '3.053e-05', 'learning_rate': '4.488e-05', 'epoch': '2.089'}
[1A
[1A 70%|██████▉   | 725/1041 [2:52:15<1:13:38, 13.98s/it]
[1A 70%|██████▉   | 726/1041 [2:52:30<1:13:58, 14.09s/it]
[1A                                                      
{'loss': '1.454e-05', 'grad_norm': '0.0003141', 'learning_rate': '4.462e-05', 'epoch': '2.092'}
[1A
[1A 70%|██████▉   | 726/1041 [2:52:30<1:13:58, 14.09s/it]
[1A 70%|██████▉   | 727/1041 [2:52:43<1:13:05, 13.97s/it]
[1A                                                      
{'loss': '0.0011', 'grad_norm': '0.05698', 'learning_rate': '4.436e-05', 'epoch': '2.095'}
[1A
[1A 70%|██████▉   | 727/1041 [2:52:43<1:13:05, 13.97s/it]
[1A 70%|██████▉   | 728/1041 [2:52:57<1:11:44, 13.75s/it]
[1A                                                      
{'loss': '0.0002037', 'grad_norm': '0.01072', 'learning_rate': '4.41e-05', 'epoch': '2.098'}
[1A
[1A 70%|██████▉   | 728/1041 [2:52:57<1:11:44, 13.75s/it]
[1A 70%|███████   | 729/1041 [2:53:11<1:12:08, 13.87s/it]
[1A                                                      
{'loss': '8.056e-06', 'grad_norm': '0.0002124', 'learning_rate': '4.385e-05', 'epoch': '2.101'}
[1A
[1A 70%|███████   | 729/1041 [2:53:11<1:12:08, 13.87s/it]
[1A 70%|███████   | 730/1041 [2:53:24<1:11:32, 13.80s/it]
[1A                                                      
{'loss': '1.061e-05', 'grad_norm': '0.0002218', 'learning_rate': '4.359e-05', 'epoch': '2.104'}
[1A
[1A 70%|███████   | 730/1041 [2:53:24<1:11:32, 13.80s/it]
[1A 70%|███████   | 731/1041 [2:53:38<1:11:42, 13.88s/it]
[1A                                                      
{'loss': '9.285e-06', 'grad_norm': '0.0001934', 'learning_rate': '4.333e-05', 'epoch': '2.107'}
[1A
[1A 70%|███████   | 731/1041 [2:53:38<1:11:42, 13.88s/it]
[1A 70%|███████   | 732/1041 [2:53:52<1:11:30, 13.89s/it]
[1A                                                      
{'loss': '4.075e-05', 'grad_norm': '0.001285', 'learning_rate': '4.308e-05', 'epoch': '2.11'}
[1A
[1A 70%|███████   | 732/1041 [2:53:52<1:11:30, 13.89s/it]
[1A 70%|███████   | 733/1041 [2:54:06<1:11:37, 13.95s/it]
[1A                                                      
{'loss': '4.743e-05', 'grad_norm': '0.002908', 'learning_rate': '4.282e-05', 'epoch': '2.113'}
[1A
[1A 70%|███████   | 733/1041 [2:54:06<1:11:37, 13.95s/it]
[1A 71%|███████   | 734/1041 [2:54:21<1:12:41, 14.21s/it]
[1A                                                      
{'loss': '6.907e-05', 'grad_norm': '0.004309', 'learning_rate': '4.256e-05', 'epoch': '2.115'}
[1A
[1A 71%|███████   | 734/1041 [2:54:21<1:12:41, 14.21s/it]
[1A 71%|███████   | 735/1041 [2:54:35<1:11:41, 14.06s/it]
[1A                                                      
{'loss': '6.461e-06', 'grad_norm': '0.0001525', 'learning_rate': '4.231e-05', 'epoch': '2.118'}
[1A
[1A 71%|███████   | 735/1041 [2:54:35<1:11:41, 14.06s/it]
[1A 71%|███████   | 736/1041 [2:54:49<1:11:45, 14.12s/it]
[1A                                                      
{'loss': '2.738e-05', 'grad_norm': '0.001157', 'learning_rate': '4.206e-05', 'epoch': '2.121'}
[1A
[1A 71%|███████   | 736/1041 [2:54:49<1:11:45, 14.12s/it]
[1A 71%|███████   | 737/1041 [2:55:03<1:11:14, 14.06s/it]
[1A                                                      
{'loss': '5.844e-05', 'grad_norm': '0.002441', 'learning_rate': '4.18e-05', 'epoch': '2.124'}
[1A
[1A 71%|███████   | 737/1041 [2:55:03<1:11:14, 14.06s/it]
[1A 71%|███████   | 738/1041 [2:55:18<1:11:51, 14.23s/it]
[1A                                                      
{'loss': '6.416e-06', 'grad_norm': '9.042e-05', 'learning_rate': '4.155e-05', 'epoch': '2.127'}
[1A
[1A 71%|███████   | 738/1041 [2:55:18<1:11:51, 14.23s/it]
[1A 71%|███████   | 739/1041 [2:55:32<1:11:37, 14.23s/it]
[1A                                                      
{'loss': '1.16e-05', 'grad_norm': '0.0005366', 'learning_rate': '4.13e-05', 'epoch': '2.13'}
[1A
[1A 71%|███████   | 739/1041 [2:55:32<1:11:37, 14.23s/it]
[1A 71%|███████   | 740/1041 [2:55:46<1:11:35, 14.27s/it]
[1A                                                      
{'loss': '0.000155', 'grad_norm': '0.0127', 'learning_rate': '4.105e-05', 'epoch': '2.133'}
[1A
[1A 71%|███████   | 740/1041 [2:55:46<1:11:35, 14.27s/it]
[1A 71%|███████   | 741/1041 [2:56:01<1:11:19, 14.27s/it]
[1A                                                      
{'loss': '9.416e-06', 'grad_norm': '0.0001929', 'learning_rate': '4.079e-05', 'epoch': '2.136'}
[1A
[1A 71%|███████   | 741/1041 [2:56:01<1:11:19, 14.27s/it]
[1A 71%|███████▏  | 742/1041 [2:56:15<1:11:10, 14.28s/it]
[1A                                                      
{'loss': '7.283e-06', 'grad_norm': '0.000185', 'learning_rate': '4.054e-05', 'epoch': '2.139'}
[1A
[1A 71%|███████▏  | 742/1041 [2:56:15<1:11:10, 14.28s/it]
[1A 71%|███████▏  | 743/1041 [2:56:29<1:11:09, 14.33s/it]
[1A                                                      
{'loss': '3.315e-06', 'grad_norm': '5.003e-05', 'learning_rate': '4.029e-05', 'epoch': '2.141'}
[1A
[1A 71%|███████▏  | 743/1041 [2:56:29<1:11:09, 14.33s/it]
[1A 71%|███████▏  | 744/1041 [2:56:44<1:11:28, 14.44s/it]
[1A                                                      
{'loss': '7.488e-05', 'grad_norm': '0.003866', 'learning_rate': '4.004e-05', 'epoch': '2.144'}
[1A
[1A 71%|███████▏  | 744/1041 [2:56:44<1:11:28, 14.44s/it]
[1A 72%|███████▏  | 745/1041 [2:56:59<1:11:30, 14.50s/it]
[1A                                                      
{'loss': '6.051e-05', 'grad_norm': '0.002342', 'learning_rate': '3.98e-05', 'epoch': '2.147'}
[1A
[1A 72%|███████▏  | 745/1041 [2:56:59<1:11:30, 14.50s/it]
[1A 72%|███████▏  | 746/1041 [2:57:13<1:10:40, 14.37s/it]
[1A                                                      
{'loss': '1.715e-05', 'grad_norm': '0.0002235', 'learning_rate': '3.955e-05', 'epoch': '2.15'}
[1A
[1A 72%|███████▏  | 746/1041 [2:57:13<1:10:40, 14.37s/it]
[1A 72%|███████▏  | 747/1041 [2:57:28<1:11:31, 14.60s/it]
[1A                                                      
{'loss': '2.294e-05', 'grad_norm': '0.000398', 'learning_rate': '3.93e-05', 'epoch': '2.153'}
[1A
[1A 72%|███████▏  | 747/1041 [2:57:28<1:11:31, 14.60s/it]
[1A 72%|███████▏  | 748/1041 [2:57:41<1:08:47, 14.09s/it]
[1A                                                      
{'loss': '1.719e-06', 'grad_norm': '2.02e-05', 'learning_rate': '3.905e-05', 'epoch': '2.156'}
[1A
[1A 72%|███████▏  | 748/1041 [2:57:41<1:08:47, 14.09s/it]
[1A 72%|███████▏  | 749/1041 [2:57:55<1:08:27, 14.07s/it]
[1A                                                      
{'loss': '3.011e-05', 'grad_norm': '0.001638', 'learning_rate': '3.881e-05', 'epoch': '2.159'}
[1A
[1A 72%|███████▏  | 749/1041 [2:57:55<1:08:27, 14.07s/it]
[1A 72%|███████▏  | 750/1041 [2:58:09<1:08:20, 14.09s/it]
[1A                                                      
{'loss': '7.248e-06', 'grad_norm': '0.0001043', 'learning_rate': '3.856e-05', 'epoch': '2.162'}
[1A
[1A 72%|███████▏  | 750/1041 [2:58:09<1:08:20, 14.09s/it]
[1A 72%|███████▏  | 751/1041 [2:58:23<1:08:03, 14.08s/it]
[1A                                                      
{'loss': '9.507e-06', 'grad_norm': '0.0001859', 'learning_rate': '3.831e-05', 'epoch': '2.165'}
[1A
[1A 72%|███████▏  | 751/1041 [2:58:23<1:08:03, 14.08s/it]
[1A 72%|███████▏  | 752/1041 [2:58:37<1:07:44, 14.06s/it]
[1A                                                      
{'loss': '8.782e-06', 'grad_norm': '0.0001365', 'learning_rate': '3.807e-05', 'epoch': '2.167'}
[1A
Task's current input(s) ["in-01M0BH1JBW1MZHE4HCM0WN9EA7:1787093371260-0"] cancelled because: Task's current input in-01M0BH1JBW1MZHE4HCM0WN9EA7:1787093371260-0 hit its timeout of 10800s
[1A 72%|███████▏  | 752/1041 [2:58:37<1:07:44, 14.06s/it][modal-client] 2026-08-19T01:53:08+0000 Received a cancellation signal while processing input ('in-01M0BH1JBW1MZHE4HCM0WN9EA7:1787093371260-0',)
Stopping app - uncaught exception raised locally: FunctionTimeoutError("Task's current input in-01M0BH1JBW1MZHE4HCM0WN9EA7:1787093371260-0 hit its timeout of 10800s").

[1A 72%|███████▏  | 752/1041 [2:58:44<1:08:41, 14.26s/it]
╭───────────────────── Traceback (most recent call last) ──────────────────────╮
│ /Users/harsh/semantic-drift-autoformalization/ft-experiments/v2/train_pairs. │
│ py:624 in main                                                               │
│                                                                              │
│   623 │   import random                                                      │
│ ❱ 624 │   import time                                                        │
│   625 │   from datetime import datetime, timezone                            │
│                                                                              │
│ /opt/anaconda3/envs/main/lib/python3.13/site-packages/modal/_object.py:46 in │
│ wrapped                                                                      │
│                                                                              │
│    45 │   │   await self.hydrate()                                           │
│ ❱  46 │   │   return await method(self, *args, **kwargs)                     │
│    47                                                                        │
│                                                                              │
│ /opt/anaconda3/envs/main/lib/python3.13/site-packages/modal/_functions.py:17 │
│ 66 in remote                                                                 │
│                                                                              │
│   1765 │   │                                                                 │
│ ❱ 1766 │   │   return await self._call_function(args, kwargs)                │
│   1767                                                                       │
│                                                                              │
│ /opt/anaconda3/envs/main/lib/python3.13/site-packages/modal/_functions.py:17 │
│ 10 in _call_function                                                         │
│                                                                              │
│   1709 │   │                                                                 │
│ ❱ 1710 │   │   return await invocation.run_function()                        │
│   1711                                                                       │
│                                                                              │
│ /opt/anaconda3/envs/main/lib/python3.13/site-packages/modal/_functions.py:49 │
│ 6 in run_function                                                            │
│                                                                              │
│    495 │   │   │   # No more retries left.                                   │
│ ❱  496 │   │   │   return await _process_result(                             │
│    497 │   │   │   │   await_response.output.result, await_response.output.d │
│                                                                              │
│ /opt/anaconda3/envs/main/lib/python3.13/site-packages/modal/_utils/function_ │
│ utils.py:489 in _process_result                                              │
│                                                                              │
│   488 │   if result.status == api_pb2.GenericResult.GENERIC_STATUS_TIMEOUT:  │
│ ❱ 489 │   │   raise FunctionTimeoutError(result.exception)                   │
│   490 │   elif result.status == api_pb2.GenericResult.GENERIC_STATUS_INTERNA │
╰──────────────────────────────────────────────────────────────────────────────╯
FunctionTimeoutError: Task's current input 
in-01M0BH1JBW1MZHE4HCM0WN9EA7:1787093371260-0 hit its timeout of 10800s
EXIT:0
