✓ Initialized. View run at 
https://modal.com/apps/order-evaluation/main/ap-F8oDcZ3tBOpvLWo3ynqRcu
✓ Created objects.
├── 🔨 Created mount 
│   /Users/harsh/semantic-drift-autoformalization/ft-experiments/v2/train_pairs.
│   py
└── 🔨 Created function train.
= resolved training config: {"run_name": "v2-8b-s0", "model_id": "meta-llama/Llama-3.1-8B-Instruct", "seed": 0, "rank": 16, "lora_alpha": 16, "target_modules": ["q_proj", "k_proj", "v_proj", "o_proj", "gate_proj", "up_proj", "down_proj"], "batch_size": 4, "grad_accum": 2, "lr": 0.0002, "save_steps": 100, "max_len": 2048, "template_sha": "ad33f6de859156b81be0d889abd3c56e4d9275bd855eb6d804d4e8ebcfe4983c", "epochs": 3}  samples=all

==========
== CUDA ==
==========

CUDA Version 12.8.1

Container image Copyright (c) 2016-2023, NVIDIA CORPORATION & AFFILIATES. All rights reserved.

This container image and its contents are governed by the NVIDIA Deep Learning Container License.
By pulling and using the container, you accept the terms and conditions of this license:
https://developer.nvidia.com/ngc/nvidia-deep-learning-container-license

A copy of this license is made available in this container at /NGC-DL-CONTAINER-LICENSE for your convenience.

/usr/local/lib/python3.12/site-packages/huggingface_hub/constants.py:298: FutureWarning: The `HF_HUB_ENABLE_HF_TRANSFER` environment variable is deprecated as 'hf_transfer' is not used anymore. Please use `HF_XET_HIGH_PERFORMANCE` instead to enable high performance transfer with Xet. Visit https://huggingface.co/docs/huggingface_hub/package_reference/environment_variables#hfxethighperformance for more details.
  warnings.warn(
= dataset: 2772 kept, 0 dropped overlong, seq len max 1337 mean 1179.5

[1ALoading weights:   0%|          | 0/291 [00:00<?, ?it/s]
[1ALoading weights:   0%|          | 1/291 [00:00<02:45,  1.75it/s]
[1ALoading weights:   1%|          | 2/291 [00:01<02:58,  1.62it/s]
[1ALoading weights:   2%|▏         | 6/291 [00:01<00:49,  5.76it/s]
[1ALoading weights:   3%|▎         | 10/291 [00:01<00:28,  9.90it/s]
[1ALoading weights:   5%|▌         | 15/291 [00:01<00:17, 15.67it/s]
[1ALoading weights:   8%|▊         | 22/291 [00:01<00:11, 22.43it/s]
[1ALoading weights:  10%|▉         | 29/291 [00:01<00:09, 28.25it/s]
[1ALoading weights:  11%|█▏        | 33/291 [00:02<00:08, 29.98it/s]
[1ALoading weights:  14%|█▍        | 41/291 [00:02<00:06, 36.64it/s]
[1ALoading weights:  16%|█▌        | 46/291 [00:02<00:06, 38.40it/s]
[1ALoading weights:  18%|█▊        | 51/291 [00:02<00:06, 34.65it/s]
[1ALoading weights:  20%|█▉        | 57/291 [00:02<00:05, 39.01it/s]
[1ALoading weights:  21%|██▏       | 62/291 [00:02<00:06, 37.99it/s]
[1ALoading weights:  23%|██▎       | 68/291 [00:02<00:05, 40.67it/s]
[1ALoading weights:  25%|██▌       | 74/291 [00:03<00:05, 42.14it/s]
[1ALoading weights:  27%|██▋       | 79/291 [00:03<00:05, 39.15it/s]
[1ALoading weights:  29%|██▉       | 84/291 [00:03<00:05, 40.55it/s]
[1ALoading weights:  31%|███       | 89/291 [00:03<00:04, 41.14it/s]
[1ALoading weights:  33%|███▎      | 95/291 [00:03<00:05, 36.59it/s]
[1ALoading weights:  35%|███▌      | 103/291 [00:03<00:04, 42.08it/s]
[1ALoading weights:  37%|███▋      | 109/291 [00:03<00:04, 39.57it/s]
[1ALoading weights:  39%|███▉      | 114/291 [00:04<00:04, 40.14it/s]
[1ALoading weights:  41%|████      | 119/291 [00:04<00:04, 42.32it/s]
[1ALoading weights:  43%|████▎     | 124/291 [00:04<00:03, 42.43it/s]
[1ALoading weights:  45%|████▌     | 131/291 [00:04<00:04, 38.47it/s]
[1ALoading weights:  48%|████▊     | 140/291 [00:04<00:03, 45.71it/s]
[1ALoading weights:  50%|████▉     | 145/291 [00:04<00:03, 45.11it/s]
[1ALoading weights:  52%|█████▏    | 150/291 [00:04<00:03, 38.81it/s]
[1ALoading weights:  53%|█████▎    | 155/291 [00:05<00:03, 38.41it/s]
[1ALoading weights:  55%|█████▍    | 160/291 [00:05<00:03, 40.28it/s]
[1ALoading weights:  57%|█████▋    | 167/291 [00:05<00:02, 44.50it/s]
[1ALoading weights:  59%|█████▉    | 172/291 [00:05<00:02, 43.54it/s]
[1ALoading weights:  61%|██████    | 177/291 [00:05<00:02, 38.96it/s]
[1ALoading weights:  63%|██████▎   | 184/291 [00:05<00:02, 45.39it/s]
[1ALoading weights:  65%|██████▍   | 189/291 [00:05<00:02, 46.37it/s]
[1ALoading weights:  67%|██████▋   | 194/291 [00:05<00:02, 38.56it/s]
[1ALoading weights:  69%|██████▊   | 200/291 [00:06<00:02, 43.22it/s]
[1ALoading weights:  70%|███████   | 205/291 [00:06<00:01, 44.28it/s]
[1ALoading weights:  73%|███████▎  | 212/291 [00:06<00:01, 43.98it/s]
[1ALoading weights:  75%|███████▍  | 217/291 [00:06<00:01, 43.57it/s]
[1ALoading weights:  76%|███████▋  | 222/291 [00:06<00:01, 38.82it/s]
[1ALoading weights:  79%|███████▊  | 229/291 [00:06<00:01, 46.11it/s]
[1ALoading weights:  80%|████████  | 234/291 [00:06<00:01, 42.97it/s]
[1ALoading weights:  82%|████████▏ | 239/291 [00:06<00:01, 41.93it/s]
[1ALoading weights:  84%|████████▍ | 244/291 [00:07<00:01, 42.11it/s]
[1ALoading weights:  86%|████████▌ | 249/291 [00:07<00:01, 38.12it/s]
[1ALoading weights:  88%|████████▊ | 257/291 [00:07<00:00, 42.95it/s]
[1ALoading weights:  90%|█████████ | 263/291 [00:07<00:00, 38.11it/s]
[1ALoading weights:  92%|█████████▏| 269/291 [00:07<00:00, 41.91it/s]
[1ALoading weights:  95%|█████████▍| 275/291 [00:07<00:00, 43.79it/s]
[1ALoading weights:  97%|█████████▋| 281/291 [00:07<00:00, 46.52it/s]
[1ALoading weights:  98%|█████████▊| 286/291 [00:08<00:00, 44.30it/s]
[1ALoading weights: 100%|██████████| 291/291 [00:08<00:00, 35.88it/s]
= model loaded: bf16
[transformers] warmup_ratio is deprecated and will be removed in v5.2. Use `warmup_steps` instead.
[RANK 0] Detected kernel version 4.19.0, which is below the recommended minimum of 5.5.0; this can cause the process to hang. It is recommended to upgrade the kernel to the minimum version or higher.

[1A  0%|          | 0/1041 [00:00<?, ?it/s]
[1A  0%|          | 1/1041 [00:06<1:48:14,  6.24s/it]
[1A                                                  
{'loss': '1.016', 'grad_norm': '1.817', 'learning_rate': '0', 'epoch': '0.002886'}
[1A
[1A  0%|          | 1/1041 [00:06<1:48:14,  6.24s/it]
[1A  0%|          | 2/1041 [00:09<1:20:36,  4.66s/it]
[1A                                                  
{'loss': '0.9862', 'grad_norm': '1.584', 'learning_rate': '6.25e-06', 'epoch': '0.005772'}
[1A
[1A  0%|          | 2/1041 [00:09<1:20:36,  4.66s/it]
[1A  0%|          | 3/1041 [00:13<1:12:33,  4.19s/it]
[1A                                                  
{'loss': '0.9183', 'grad_norm': '1.711', 'learning_rate': '1.25e-05', 'epoch': '0.008658'}
[1A
[1A  0%|          | 3/1041 [00:13<1:12:33,  4.19s/it]
[1A  0%|          | 4/1041 [00:16<1:07:47,  3.92s/it]
[1A                                                  
{'loss': '1.028', 'grad_norm': '2.11', 'learning_rate': '1.875e-05', 'epoch': '0.01154'}
[1A
[1A  0%|          | 4/1041 [00:16<1:07:47,  3.92s/it]
[1A  0%|          | 5/1041 [00:20<1:05:27,  3.79s/it]
[1A                                                  
{'loss': '0.9835', 'grad_norm': '1.838', 'learning_rate': '2.5e-05', 'epoch': '0.01443'}
[1A
[1A  0%|          | 5/1041 [00:20<1:05:27,  3.79s/it]
[1A  1%|          | 6/1041 [00:24<1:04:55,  3.76s/it]
[1A                                                  
{'loss': '0.8097', 'grad_norm': '2.009', 'learning_rate': '3.125e-05', 'epoch': '0.01732'}
[1A
[1A  1%|          | 6/1041 [00:24<1:04:55,  3.76s/it]
[1A  1%|          | 7/1041 [00:27<1:04:43,  3.76s/it]
[1A                                                  
{'loss': '0.8942', 'grad_norm': '2.098', 'learning_rate': '3.75e-05', 'epoch': '0.0202'}
[1A
[1A  1%|          | 7/1041 [00:27<1:04:43,  3.76s/it]
[1A  1%|          | 8/1041 [00:31<1:03:38,  3.70s/it]
[1A                                                  
{'loss': '0.8884', 'grad_norm': '1.887', 'learning_rate': '4.375e-05', 'epoch': '0.02309'}
[1A
[1A  1%|          | 8/1041 [00:31<1:03:38,  3.70s/it]
[1A  1%|          | 9/1041 [00:35<1:03:39,  3.70s/it]
[1A                                                  
{'loss': '0.7806', 'grad_norm': '2.008', 'learning_rate': '5e-05', 'epoch': '0.02597'}
[1A
[1A  1%|          | 9/1041 [00:35<1:03:39,  3.70s/it]
[1A  1%|          | 10/1041 [00:39<1:04:22,  3.75s/it]
[1A                                                   
{'loss': '0.6113', 'grad_norm': '2.144', 'learning_rate': '5.625e-05', 'epoch': '0.02886'}
[1A
[1A  1%|          | 10/1041 [00:39<1:04:22,  3.75s/it]
[1A  1%|          | 11/1041 [00:42<1:03:41,  3.71s/it]
[1A                                                   
{'loss': '0.4536', 'grad_norm': '2.071', 'learning_rate': '6.25e-05', 'epoch': '0.03175'}
[1A
[1A  1%|          | 11/1041 [00:42<1:03:41,  3.71s/it]
[1A  1%|          | 12/1041 [00:46<1:03:40,  3.71s/it]
[1A                                                   
{'loss': '0.4702', 'grad_norm': '2.012', 'learning_rate': '6.875e-05', 'epoch': '0.03463'}
[1A
[1A  1%|          | 12/1041 [00:46<1:03:40,  3.71s/it]
[1A  1%|          | 13/1041 [00:49<1:02:52,  3.67s/it]
[1A                                                   
{'loss': '0.4236', 'grad_norm': '2.113', 'learning_rate': '7.5e-05', 'epoch': '0.03752'}
[1A
[1A  1%|          | 13/1041 [00:49<1:02:52,  3.67s/it]
[1A  1%|▏         | 14/1041 [00:53<1:03:44,  3.72s/it]
[1A                                                   
{'loss': '0.4815', 'grad_norm': '1.98', 'learning_rate': '8.125e-05', 'epoch': '0.0404'}
[1A
[1A  1%|▏         | 14/1041 [00:53<1:03:44,  3.72s/it]
[1A  1%|▏         | 15/1041 [00:57<1:03:32,  3.72s/it]
[1A                                                   
{'loss': '0.3577', 'grad_norm': '1.571', 'learning_rate': '8.75e-05', 'epoch': '0.04329'}
[1A
[1A  1%|▏         | 15/1041 [00:57<1:03:32,  3.72s/it]
[1A  2%|▏         | 16/1041 [01:01<1:02:47,  3.68s/it]
[1A                                                   
{'loss': '0.3388', 'grad_norm': '1.937', 'learning_rate': '9.375e-05', 'epoch': '0.04618'}
[1A
[1A  2%|▏         | 16/1041 [01:01<1:02:47,  3.68s/it]
[1A  2%|▏         | 17/1041 [01:04<1:01:57,  3.63s/it]
[1A                                                   
{'loss': '0.2612', 'grad_norm': '2.012', 'learning_rate': '0.0001', 'epoch': '0.04906'}
[1A
[1A  2%|▏         | 17/1041 [01:04<1:01:57,  3.63s/it]
[1A  2%|▏         | 18/1041 [01:08<1:01:20,  3.60s/it]
[1A                                                   
{'loss': '0.2009', 'grad_norm': '1.574', 'learning_rate': '0.0001063', 'epoch': '0.05195'}
[1A
[1A  2%|▏         | 18/1041 [01:08<1:01:20,  3.60s/it]
[1A  2%|▏         | 19/1041 [01:11<1:01:54,  3.63s/it]
[1A                                                   
{'loss': '0.2157', 'grad_norm': '1.69', 'learning_rate': '0.0001125', 'epoch': '0.05483'}
[1A
[1A  2%|▏         | 19/1041 [01:11<1:01:54,  3.63s/it]
[1A  2%|▏         | 20/1041 [01:15<1:02:20,  3.66s/it]
[1A                                                   
{'loss': '0.2064', 'grad_norm': '1.874', 'learning_rate': '0.0001187', 'epoch': '0.05772'}
[1A
[1A  2%|▏         | 20/1041 [01:15<1:02:20,  3.66s/it]
[1A  2%|▏         | 21/1041 [01:19<1:01:33,  3.62s/it]
[1A                                                   
{'loss': '0.09289', 'grad_norm': '1.636', 'learning_rate': '0.000125', 'epoch': '0.06061'}
[1A
[1A  2%|▏         | 21/1041 [01:19<1:01:33,  3.62s/it]
[1A  2%|▏         | 22/1041 [01:23<1:02:44,  3.69s/it]
[1A                                                   
{'loss': '0.1595', 'grad_norm': '1.847', 'learning_rate': '0.0001313', 'epoch': '0.06349'}
[1A
[1A  2%|▏         | 22/1041 [01:23<1:02:44,  3.69s/it]
[1A  2%|▏         | 23/1041 [01:26<1:03:15,  3.73s/it]
[1A                                                   
{'loss': '0.1729', 'grad_norm': '2.601', 'learning_rate': '0.0001375', 'epoch': '0.06638'}
[1A
[1A  2%|▏         | 23/1041 [01:26<1:03:15,  3.73s/it]
[1A  2%|▏         | 24/1041 [01:30<1:03:04,  3.72s/it]
[1A                                                   
{'loss': '0.211', 'grad_norm': '2.399', 'learning_rate': '0.0001437', 'epoch': '0.06926'}
[1A
[1A  2%|▏         | 24/1041 [01:30<1:03:04,  3.72s/it]
[1A  2%|▏         | 25/1041 [01:34<1:03:02,  3.72s/it]
[1A                                                   
{'loss': '0.1174', 'grad_norm': '1.871', 'learning_rate': '0.00015', 'epoch': '0.07215'}
[1A
[1A  2%|▏         | 25/1041 [01:34<1:03:02,  3.72s/it]
[1A  2%|▏         | 26/1041 [01:38<1:03:42,  3.77s/it]
[1A                                                   
{'loss': '0.09807', 'grad_norm': '1.08', 'learning_rate': '0.0001563', 'epoch': '0.07504'}
[1A
[1A  2%|▏         | 26/1041 [01:38<1:03:42,  3.77s/it]
[1A  3%|▎         | 27/1041 [01:41<1:02:18,  3.69s/it]
[1A                                                   
{'loss': '0.05388', 'grad_norm': '1.068', 'learning_rate': '0.0001625', 'epoch': '0.07792'}
[1A
[1A  3%|▎         | 27/1041 [01:41<1:02:18,  3.69s/it]
[1A  3%|▎         | 28/1041 [01:45<1:02:25,  3.70s/it]
[1A                                                   
{'loss': '0.09384', 'grad_norm': '1.422', 'learning_rate': '0.0001688', 'epoch': '0.08081'}
[1A
[1A  3%|▎         | 28/1041 [01:45<1:02:25,  3.70s/it]
[1A  3%|▎         | 29/1041 [01:48<1:01:35,  3.65s/it]
[1A                                                   
{'loss': '0.06344', 'grad_norm': '1.859', 'learning_rate': '0.000175', 'epoch': '0.08369'}
[1A
[1A  3%|▎         | 29/1041 [01:48<1:01:35,  3.65s/it]
[1A  3%|▎         | 30/1041 [01:52<1:00:51,  3.61s/it]
[1A                                                   
{'loss': '0.01959', 'grad_norm': '0.3966', 'learning_rate': '0.0001813', 'epoch': '0.08658'}
[1A
[1A  3%|▎         | 30/1041 [01:52<1:00:51,  3.61s/it]
[1A  3%|▎         | 31/1041 [01:56<1:01:20,  3.64s/it]
[1A                                                   
{'loss': '0.07785', 'grad_norm': '1.899', 'learning_rate': '0.0001875', 'epoch': '0.08947'}
[1A
[1A  3%|▎         | 31/1041 [01:56<1:01:20,  3.64s/it]
[1A  3%|▎         | 32/1041 [01:59<1:01:38,  3.67s/it]
[1A                                                   
{'loss': '0.1245', 'grad_norm': '1.868', 'learning_rate': '0.0001938', 'epoch': '0.09235'}
[1A
[1A  3%|▎         | 32/1041 [01:59<1:01:38,  3.67s/it]
[1A  3%|▎         | 33/1041 [02:03<1:02:31,  3.72s/it]
[1A                                                   
{'loss': '0.05134', 'grad_norm': '1.093', 'learning_rate': '0.0002', 'epoch': '0.09524'}
[1A
[1A  3%|▎         | 33/1041 [02:03<1:02:31,  3.72s/it]
[1A  3%|▎         | 34/1041 [02:07<1:01:08,  3.64s/it]
[1A                                                   
{'loss': '0.0219', 'grad_norm': '0.8412', 'learning_rate': '0.0002', 'epoch': '0.09812'}
[1A
[1A  3%|▎         | 34/1041 [02:07<1:01:08,  3.64s/it]
[1A  3%|▎         | 35/1041 [02:10<1:01:32,  3.67s/it]
[1A                                                   
{'loss': '0.05638', 'grad_norm': '1.316', 'learning_rate': '0.0002', 'epoch': '0.101'}
[1A
[1A  3%|▎         | 35/1041 [02:10<1:01:32,  3.67s/it]
[1A  3%|▎         | 36/1041 [02:14<1:02:57,  3.76s/it]
[1A                                                   
{'loss': '0.1246', 'grad_norm': '1.919', 'learning_rate': '0.0002', 'epoch': '0.1039'}
[1A
[1A  3%|▎         | 36/1041 [02:14<1:02:57,  3.76s/it]
[1A  4%|▎         | 37/1041 [02:18<1:01:37,  3.68s/it]
[1A                                                   
{'loss': '0.05989', 'grad_norm': '1.538', 'learning_rate': '0.0002', 'epoch': '0.1068'}
[1A
[1A  4%|▎         | 37/1041 [02:18<1:01:37,  3.68s/it]
[1A  4%|▎         | 38/1041 [02:22<1:01:47,  3.70s/it]
[1A                                                   
{'loss': '0.02496', 'grad_norm': '0.7018', 'learning_rate': '0.0002', 'epoch': '0.1097'}
[1A
[1A  4%|▎         | 38/1041 [02:22<1:01:47,  3.70s/it]
[1A  4%|▎         | 39/1041 [02:25<1:01:30,  3.68s/it]
[1A                                                   
{'loss': '0.01622', 'grad_norm': '0.5001', 'learning_rate': '0.0002', 'epoch': '0.1126'}
[1A
[1A  4%|▎         | 39/1041 [02:25<1:01:30,  3.68s/it]
[1A  4%|▍         | 40/1041 [02:29<1:01:40,  3.70s/it]
[1A                                                   
{'loss': '0.009626', 'grad_norm': '0.5934', 'learning_rate': '0.0002', 'epoch': '0.1154'}
[1A
[1A  4%|▍         | 40/1041 [02:29<1:01:40,  3.70s/it]
[1A  4%|▍         | 41/1041 [02:33<1:01:23,  3.68s/it]
[1A                                                   
{'loss': '0.02825', 'grad_norm': '1.012', 'learning_rate': '0.0002', 'epoch': '0.1183'}
[1A
[1A  4%|▍         | 41/1041 [02:33<1:01:23,  3.68s/it]
[1A  4%|▍         | 42/1041 [02:36<1:00:48,  3.65s/it]
[1A                                                   
{'loss': '0.08415', 'grad_norm': '1.674', 'learning_rate': '0.0002', 'epoch': '0.1212'}
[1A
[1A  4%|▍         | 42/1041 [02:36<1:00:48,  3.65s/it]
[1A  4%|▍         | 43/1041 [02:40<1:00:23,  3.63s/it]
[1A                                                   
{'loss': '0.09832', 'grad_norm': '1.39', 'learning_rate': '0.0002', 'epoch': '0.1241'}
[1A
[1A  4%|▍         | 43/1041 [02:40<1:00:23,  3.63s/it]
[1A  4%|▍         | 44/1041 [02:43<1:00:41,  3.65s/it]
[1A                                                   
{'loss': '0.0808', 'grad_norm': '1.284', 'learning_rate': '0.0001999', 'epoch': '0.127'}
[1A
[1A  4%|▍         | 44/1041 [02:43<1:00:41,  3.65s/it]
[1A  4%|▍         | 45/1041 [02:47<1:00:12,  3.63s/it]
[1A                                                   
{'loss': '0.03487', 'grad_norm': '0.7723', 'learning_rate': '0.0001999', 'epoch': '0.1299'}
[1A
[1A  4%|▍         | 45/1041 [02:47<1:00:12,  3.63s/it]
[1A  4%|▍         | 46/1041 [02:50<58:46,  3.54s/it]  
[1A                                                 
{'loss': '0.03524', 'grad_norm': '1.103', 'learning_rate': '0.0001999', 'epoch': '0.1328'}
[1A
[1A  4%|▍         | 46/1041 [02:50<58:46,  3.54s/it]
[1A  5%|▍         | 47/1041 [02:54<58:54,  3.56s/it]
[1A                                                 
{'loss': '0.04526', 'grad_norm': '2.978', 'learning_rate': '0.0001999', 'epoch': '0.1356'}
[1A
[1A  5%|▍         | 47/1041 [02:54<58:54,  3.56s/it]
[1A  5%|▍         | 48/1041 [02:58<58:53,  3.56s/it]
[1A                                                 
{'loss': '0.09259', 'grad_norm': '1.776', 'learning_rate': '0.0001999', 'epoch': '0.1385'}
[1A
[1A  5%|▍         | 48/1041 [02:58<58:53,  3.56s/it]
[1A  5%|▍         | 49/1041 [03:01<59:16,  3.58s/it]
[1A                                                 
{'loss': '0.01173', 'grad_norm': '0.66', 'learning_rate': '0.0001999', 'epoch': '0.1414'}
[1A
[1A  5%|▍         | 49/1041 [03:01<59:16,  3.58s/it]
[1A  5%|▍         | 50/1041 [03:05<59:46,  3.62s/it]
[1A                                                 
{'loss': '0.02138', 'grad_norm': '0.5787', 'learning_rate': '0.0001999', 'epoch': '0.1443'}
[1A
[1A  5%|▍         | 50/1041 [03:05<59:46,  3.62s/it]
[1A  5%|▍         | 51/1041 [03:09<1:00:53,  3.69s/it]
[1A                                                   
{'loss': '0.03462', 'grad_norm': '0.4837', 'learning_rate': '0.0001998', 'epoch': '0.1472'}
[1A
[1A  5%|▍         | 51/1041 [03:09<1:00:53,  3.69s/it]
[1A  5%|▍         | 52/1041 [03:12<1:00:52,  3.69s/it]
[1A                                                   
{'loss': '0.1023', 'grad_norm': '1.473', 'learning_rate': '0.0001998', 'epoch': '0.1501'}
[1A
[1A  5%|▍         | 52/1041 [03:12<1:00:52,  3.69s/it]
[1A  5%|▌         | 53/1041 [03:16<1:01:03,  3.71s/it]
[1A                                                   
{'loss': '0.02756', 'grad_norm': '0.7443', 'learning_rate': '0.0001998', 'epoch': '0.153'}
[1A
[1A  5%|▌         | 53/1041 [03:16<1:01:03,  3.71s/it]
[1A  5%|▌         | 54/1041 [03:20<59:32,  3.62s/it]  
[1A                                                 
{'loss': '0.04542', 'grad_norm': '0.4375', 'learning_rate': '0.0001998', 'epoch': '0.1558'}
[1A
[1A  5%|▌         | 54/1041 [03:20<59:32,  3.62s/it]
[1A  5%|▌         | 55/1041 [03:23<58:53,  3.58s/it]
[1A                                                 
{'loss': '0.0923', 'grad_norm': '1.683', 'learning_rate': '0.0001998', 'epoch': '0.1587'}
[1A
[1A  5%|▌         | 55/1041 [03:23<58:53,  3.58s/it]
[1A  5%|▌         | 56/1041 [03:27<58:29,  3.56s/it]
[1A                                                 
{'loss': '0.04363', 'grad_norm': '0.9881', 'learning_rate': '0.0001997', 'epoch': '0.1616'}
[1A
[1A  5%|▌         | 56/1041 [03:27<58:29,  3.56s/it]
[1A  5%|▌         | 57/1041 [03:30<58:26,  3.56s/it]
[1A                                                 
{'loss': '0.04267', 'grad_norm': '1.079', 'learning_rate': '0.0001997', 'epoch': '0.1645'}
[1A
[1A  5%|▌         | 57/1041 [03:30<58:26,  3.56s/it]
[1A  6%|▌         | 58/1041 [03:34<58:13,  3.55s/it]
[1A                                                 
{'loss': '0.04519', 'grad_norm': '0.7956', 'learning_rate': '0.0001997', 'epoch': '0.1674'}
[1A
[1A  6%|▌         | 58/1041 [03:34<58:13,  3.55s/it]
[1A  6%|▌         | 59/1041 [03:37<58:21,  3.57s/it]
[1A                                                 
{'loss': '0.048', 'grad_norm': '0.8788', 'learning_rate': '0.0001997', 'epoch': '0.1703'}
[1A
[1A  6%|▌         | 59/1041 [03:37<58:21,  3.57s/it]
[1A  6%|▌         | 60/1041 [03:41<58:00,  3.55s/it]
[1A                                                 
{'loss': '0.0889', 'grad_norm': '1.29', 'learning_rate': '0.0001996', 'epoch': '0.1732'}
[1A
[1A  6%|▌         | 60/1041 [03:41<58:00,  3.55s/it]
[1A  6%|▌         | 61/1041 [03:44<58:27,  3.58s/it]
[1A                                                 
{'loss': '0.009654', 'grad_norm': '0.4368', 'learning_rate': '0.0001996', 'epoch': '0.176'}
[1A
[1A  6%|▌         | 61/1041 [03:44<58:27,  3.58s/it]
[1A  6%|▌         | 62/1041 [03:48<59:11,  3.63s/it]
[1A                                                 
{'loss': '0.02555', 'grad_norm': '0.4842', 'learning_rate': '0.0001996', 'epoch': '0.1789'}
[1A
[1A  6%|▌         | 62/1041 [03:48<59:11,  3.63s/it]
[1A  6%|▌         | 63/1041 [03:52<58:52,  3.61s/it]
[1A                                                 
{'loss': '0.03875', 'grad_norm': '0.7516', 'learning_rate': '0.0001996', 'epoch': '0.1818'}
[1A
[1A  6%|▌         | 63/1041 [03:52<58:52,  3.61s/it]
[1A  6%|▌         | 64/1041 [03:55<58:46,  3.61s/it]
[1A                                                 
{'loss': '0.05714', 'grad_norm': '0.9527', 'learning_rate': '0.0001995', 'epoch': '0.1847'}
[1A
[1A  6%|▌         | 64/1041 [03:55<58:46,  3.61s/it]
[1A  6%|▌         | 65/1041 [03:59<57:59,  3.57s/it]
[1A                                                 
{'loss': '0.003841', 'grad_norm': '0.1636', 'learning_rate': '0.0001995', 'epoch': '0.1876'}
[1A
[1A  6%|▌         | 65/1041 [03:59<57:59,  3.57s/it]
[1A  6%|▋         | 66/1041 [04:02<57:57,  3.57s/it]
[1A                                                 
{'loss': '0.007654', 'grad_norm': '0.3606', 'learning_rate': '0.0001995', 'epoch': '0.1905'}
[1A
[1A  6%|▋         | 66/1041 [04:02<57:57,  3.57s/it]
[1A  6%|▋         | 67/1041 [04:06<59:18,  3.65s/it]
[1A                                                 
{'loss': '0.005116', 'grad_norm': '0.144', 'learning_rate': '0.0001994', 'epoch': '0.1934'}
[1A
[1A  6%|▋         | 67/1041 [04:06<59:18,  3.65s/it]
[1A  7%|▋         | 68/1041 [04:10<59:35,  3.67s/it]
[1A                                                 
{'loss': '0.006431', 'grad_norm': '0.4996', 'learning_rate': '0.0001994', 'epoch': '0.1962'}
[1A
[1A  7%|▋         | 68/1041 [04:10<59:35,  3.67s/it]
[1A  7%|▋         | 69/1041 [04:14<59:05,  3.65s/it]
[1A                                                 
{'loss': '0.02509', 'grad_norm': '0.7582', 'learning_rate': '0.0001994', 'epoch': '0.1991'}
[1A
[1A  7%|▋         | 69/1041 [04:14<59:05,  3.65s/it]
[1A  7%|▋         | 70/1041 [04:17<57:59,  3.58s/it]
[1A                                                 
{'loss': '0.007211', 'grad_norm': '0.3896', 'learning_rate': '0.0001993', 'epoch': '0.202'}
[1A
[1A  7%|▋         | 70/1041 [04:17<57:59,  3.58s/it]
[1A  7%|▋         | 71/1041 [04:21<57:54,  3.58s/it]
[1A                                                 
{'loss': '0.0102', 'grad_norm': '1.632', 'learning_rate': '0.0001993', 'epoch': '0.2049'}
[1A
[1A  7%|▋         | 71/1041 [04:21<57:54,  3.58s/it]
[1A  7%|▋         | 72/1041 [04:24<58:40,  3.63s/it]
[1A                                                 
{'loss': '0.04248', 'grad_norm': '2.047', 'learning_rate': '0.0001993', 'epoch': '0.2078'}
[1A
[1A  7%|▋         | 72/1041 [04:24<58:40,  3.63s/it]
[1A  7%|▋         | 73/1041 [04:28<59:06,  3.66s/it]
[1A                                                 
{'loss': '0.01383', 'grad_norm': '0.2823', 'learning_rate': '0.0001992', 'epoch': '0.2107'}
[1A
[1A  7%|▋         | 73/1041 [04:28<59:06,  3.66s/it]
[1A  7%|▋         | 74/1041 [04:32<59:24,  3.69s/it]
[1A                                                 
{'loss': '0.01878', 'grad_norm': '0.4477', 'learning_rate': '0.0001992', 'epoch': '0.2136'}
[1A
[1A  7%|▋         | 74/1041 [04:32<59:24,  3.69s/it]
[1A  7%|▋         | 75/1041 [04:36<59:39,  3.71s/it]
[1A                                                 
{'loss': '0.03166', 'grad_norm': '0.7362', 'learning_rate': '0.0001991', 'epoch': '0.2165'}
[1A
[1A  7%|▋         | 75/1041 [04:36<59:39,  3.71s/it]
[1A  7%|▋         | 76/1041 [04:39<59:40,  3.71s/it]
[1A                                                 
{'loss': '0.04597', 'grad_norm': '0.8065', 'learning_rate': '0.0001991', 'epoch': '0.2193'}
[1A
[1A  7%|▋         | 76/1041 [04:39<59:40,  3.71s/it]
[1A  7%|▋         | 77/1041 [04:43<58:56,  3.67s/it]
[1A                                                 
{'loss': '0.02978', 'grad_norm': '0.7528', 'learning_rate': '0.0001991', 'epoch': '0.2222'}
[1A
[1A  7%|▋         | 77/1041 [04:43<58:56,  3.67s/it]
[1A  7%|▋         | 78/1041 [04:46<58:10,  3.62s/it]
[1A                                                 
{'loss': '0.03715', 'grad_norm': '0.6489', 'learning_rate': '0.000199', 'epoch': '0.2251'}
[1A
[1A  7%|▋         | 78/1041 [04:46<58:10,  3.62s/it]
[1A  8%|▊         | 79/1041 [04:50<58:31,  3.65s/it]
[1A                                                 
{'loss': '0.0137', 'grad_norm': '0.5133', 'learning_rate': '0.000199', 'epoch': '0.228'}
[1A
[1A  8%|▊         | 79/1041 [04:50<58:31,  3.65s/it]
[1A  8%|▊         | 80/1041 [04:53<57:02,  3.56s/it]
[1A                                                 
{'loss': '0.004142', 'grad_norm': '0.321', 'learning_rate': '0.0001989', 'epoch': '0.2309'}
[1A
[1A  8%|▊         | 80/1041 [04:53<57:02,  3.56s/it]
[1A  8%|▊         | 81/1041 [04:57<57:48,  3.61s/it]
[1A                                                 
{'loss': '0.01361', 'grad_norm': '0.4838', 'learning_rate': '0.0001989', 'epoch': '0.2338'}
[1A
[1A  8%|▊         | 81/1041 [04:57<57:48,  3.61s/it]
[1A  8%|▊         | 82/1041 [05:01<59:04,  3.70s/it]
[1A                                                 
{'loss': '0.02264', 'grad_norm': '0.661', 'learning_rate': '0.0001988', 'epoch': '0.2367'}
[1A
[1A  8%|▊         | 82/1041 [05:01<59:04,  3.70s/it]
[1A  8%|▊         | 83/1041 [05:05<58:26,  3.66s/it]
[1A                                                 
{'loss': '0.01515', 'grad_norm': '0.5758', 'learning_rate': '0.0001988', 'epoch': '0.2395'}
[1A
[1A  8%|▊         | 83/1041 [05:05<58:26,  3.66s/it]
[1A  8%|▊         | 84/1041 [05:08<57:51,  3.63s/it]
[1A                                                 
{'loss': '0.04111', 'grad_norm': '1.927', 'learning_rate': '0.0001987', 'epoch': '0.2424'}
[1A
[1A  8%|▊         | 84/1041 [05:08<57:51,  3.63s/it]
[1A  8%|▊         | 85/1041 [05:12<58:16,  3.66s/it]
[1A                                                 
{'loss': '0.01763', 'grad_norm': '0.6083', 'learning_rate': '0.0001987', 'epoch': '0.2453'}
[1A
[1A  8%|▊         | 85/1041 [05:12<58:16,  3.66s/it]
[1A  8%|▊         | 86/1041 [05:16<58:17,  3.66s/it]
[1A                                                 
{'loss': '0.007554', 'grad_norm': '0.3784', 'learning_rate': '0.0001986', 'epoch': '0.2482'}
[1A
[1A  8%|▊         | 86/1041 [05:16<58:17,  3.66s/it]
[1A  8%|▊         | 87/1041 [05:19<58:35,  3.69s/it]
[1A                                                 
{'loss': '0.01288', 'grad_norm': '0.5093', 'learning_rate': '0.0001986', 'epoch': '0.2511'}
[1A
[1A  8%|▊         | 87/1041 [05:19<58:35,  3.69s/it]
[1A  8%|▊         | 88/1041 [05:23<57:17,  3.61s/it]
[1A                                                 
{'loss': '0.01826', 'grad_norm': '0.6003', 'learning_rate': '0.0001985', 'epoch': '0.254'}
[1A
[1A  8%|▊         | 88/1041 [05:23<57:17,  3.61s/it]
[1A  9%|▊         | 89/1041 [05:26<57:48,  3.64s/it]
[1A                                                 
{'loss': '0.01441', 'grad_norm': '0.4135', 'learning_rate': '0.0001985', 'epoch': '0.2569'}
[1A
[1A  9%|▊         | 89/1041 [05:26<57:48,  3.64s/it]
[1A  9%|▊         | 90/1041 [05:30<57:09,  3.61s/it]
[1A                                                 
{'loss': '0.001027', 'grad_norm': '0.04073', 'learning_rate': '0.0001984', 'epoch': '0.2597'}
[1A
[1A  9%|▊         | 90/1041 [05:30<57:09,  3.61s/it]
[1A  9%|▊         | 91/1041 [05:34<58:21,  3.69s/it]
[1A                                                 
{'loss': '0.002196', 'grad_norm': '0.08263', 'learning_rate': '0.0001984', 'epoch': '0.2626'}
[1A
[1A  9%|▊         | 91/1041 [05:34<58:21,  3.69s/it]
[1A  9%|▉         | 92/1041 [05:37<57:21,  3.63s/it]
[1A                                                 
{'loss': '0.0001693', 'grad_norm': '0.003851', 'learning_rate': '0.0001983', 'epoch': '0.2655'}
[1A
[1A  9%|▉         | 92/1041 [05:37<57:21,  3.63s/it]
[1A  9%|▉         | 93/1041 [05:41<57:02,  3.61s/it]
[1A                                                 
{'loss': '0.001758', 'grad_norm': '0.08746', 'learning_rate': '0.0001983', 'epoch': '0.2684'}
[1A
[1A  9%|▉         | 93/1041 [05:41<57:02,  3.61s/it]
[1A  9%|▉         | 94/1041 [05:45<56:47,  3.60s/it]
[1A                                                 
{'loss': '0.06721', 'grad_norm': '1.679', 'learning_rate': '0.0001982', 'epoch': '0.2713'}
[1A
[1A  9%|▉         | 94/1041 [05:45<56:47,  3.60s/it]
[1A  9%|▉         | 95/1041 [05:48<57:57,  3.68s/it]
[1A                                                 
{'loss': '0.01152', 'grad_norm': '0.5274', 'learning_rate': '0.0001981', 'epoch': '0.2742'}
[1A
[1A  9%|▉         | 95/1041 [05:48<57:57,  3.68s/it]
[1A  9%|▉         | 96/1041 [05:52<58:08,  3.69s/it]
[1A                                                 
{'loss': '0.0006464', 'grad_norm': '0.02642', 'learning_rate': '0.0001981', 'epoch': '0.2771'}
[1A
[1A  9%|▉         | 96/1041 [05:52<58:08,  3.69s/it]
[1A  9%|▉         | 97/1041 [05:55<56:05,  3.57s/it]
[1A                                                 
{'loss': '0.000549', 'grad_norm': '0.03245', 'learning_rate': '0.000198', 'epoch': '0.2799'}
[1A
[1A  9%|▉         | 97/1041 [05:55<56:05,  3.57s/it]
[1A  9%|▉         | 98/1041 [05:59<57:45,  3.68s/it]
[1A                                                 
{'loss': '0.04678', 'grad_norm': '1.727', 'learning_rate': '0.000198', 'epoch': '0.2828'}
[1A
[1A  9%|▉         | 98/1041 [05:59<57:45,  3.68s/it]
[1A 10%|▉         | 99/1041 [06:03<58:40,  3.74s/it]
[1A                                                 
{'loss': '0.01128', 'grad_norm': '0.3312', 'learning_rate': '0.0001979', 'epoch': '0.2857'}
[1A
[1A 10%|▉         | 99/1041 [06:03<58:40,  3.74s/it]
[1A 10%|▉         | 100/1041 [06:11<1:19:45,  5.09s/it]                                                    
{'loss': '0.0004718', 'grad_norm': '0.03045', 'learning_rate': '0.0001978', 'epoch': '0.2886'}
[1A
[1A 10%|▉         | 100/1041 [06:11<1:19:45,  5.09s/it]
[1A 10%|▉         | 101/1041 [06:15<1:13:21,  4.68s/it]
[1A                                                    
{'loss': '0.05826', 'grad_norm': '1.429', 'learning_rate': '0.0001978', 'epoch': '0.2915'}
[1A
[1A 10%|▉         | 101/1041 [06:15<1:13:21,  4.68s/it]
[1A 10%|▉         | 102/1041 [06:19<1:08:47,  4.40s/it]
[1A                                                    
{'loss': '0.003151', 'grad_norm': '0.1632', 'learning_rate': '0.0001977', 'epoch': '0.2944'}
[1A
[1A 10%|▉         | 102/1041 [06:19<1:08:47,  4.40s/it]
[1A 10%|▉         | 103/1041 [06:22<1:04:13,  4.11s/it]
[1A                                                    
{'loss': '0.008137', 'grad_norm': '0.5837', 'learning_rate': '0.0001976', 'epoch': '0.2973'}
[1A
[1A 10%|▉         | 103/1041 [06:22<1:04:13,  4.11s/it]
[1A 10%|▉         | 104/1041 [06:26<1:01:36,  3.95s/it]
[1A                                                    
{'loss': '0.004192', 'grad_norm': '0.09225', 'learning_rate': '0.0001976', 'epoch': '0.3001'}
[1A
[1A 10%|▉         | 104/1041 [06:26<1:01:36,  3.95s/it]
[1A 10%|█         | 105/1041 [06:30<1:00:30,  3.88s/it]
[1A                                                    
{'loss': '0.002568', 'grad_norm': '0.0545', 'learning_rate': '0.0001975', 'epoch': '0.303'}
[1A
[1A 10%|█         | 105/1041 [06:30<1:00:30,  3.88s/it]
[1A 10%|█         | 106/1041 [06:33<59:46,  3.84s/it]  
[1A                                                  
{'loss': '0.01842', 'grad_norm': '0.4242', 'learning_rate': '0.0001974', 'epoch': '0.3059'}
[1A
[1A 10%|█         | 106/1041 [06:33<59:46,  3.84s/it]
[1A 10%|█         | 107/1041 [06:37<58:17,  3.74s/it]
[1A                                                  
{'loss': '0.007471', 'grad_norm': '0.2696', 'learning_rate': '0.0001974', 'epoch': '0.3088'}
[1A
[1A 10%|█         | 107/1041 [06:37<58:17,  3.74s/it]
[1A 10%|█         | 108/1041 [06:41<58:08,  3.74s/it]
[1A                                                  
{'loss': '0.006422', 'grad_norm': '0.341', 'learning_rate': '0.0001973', 'epoch': '0.3117'}
[1A
[1A 10%|█         | 108/1041 [06:41<58:08,  3.74s/it]
[1A 10%|█         | 109/1041 [06:44<57:39,  3.71s/it]
[1A                                                  
{'loss': '0.001946', 'grad_norm': '0.1007', 'learning_rate': '0.0001972', 'epoch': '0.3146'}
[1A
[1A 10%|█         | 109/1041 [06:44<57:39,  3.71s/it]
[1A 11%|█         | 110/1041 [06:48<58:13,  3.75s/it]
[1A                                                  
{'loss': '0.02464', 'grad_norm': '0.5455', 'learning_rate': '0.0001971', 'epoch': '0.3175'}
[1A
[1A 11%|█         | 110/1041 [06:48<58:13,  3.75s/it]
[1A 11%|█         | 111/1041 [06:52<58:25,  3.77s/it]
[1A                                                  
{'loss': '0.02745', 'grad_norm': '0.6978', 'learning_rate': '0.0001971', 'epoch': '0.3203'}
[1A
[1A 11%|█         | 111/1041 [06:52<58:25,  3.77s/it]
[1A 11%|█         | 112/1041 [06:55<56:30,  3.65s/it]
[1A                                                  
{'loss': '0.0002477', 'grad_norm': '0.006332', 'learning_rate': '0.000197', 'epoch': '0.3232'}
[1A
[1A 11%|█         | 112/1041 [06:55<56:30,  3.65s/it]
[1A 11%|█         | 113/1041 [06:59<56:11,  3.63s/it]
[1A                                                  
{'loss': '0.00356', 'grad_norm': '0.2118', 'learning_rate': '0.0001969', 'epoch': '0.3261'}
[1A
[1A 11%|█         | 113/1041 [06:59<56:11,  3.63s/it]
[1A 11%|█         | 114/1041 [07:02<55:47,  3.61s/it]
[1A                                                  
{'loss': '0.003486', 'grad_norm': '0.1327', 'learning_rate': '0.0001968', 'epoch': '0.329'}
[1A
[1A 11%|█         | 114/1041 [07:02<55:47,  3.61s/it]
[1A 11%|█         | 115/1041 [07:06<56:17,  3.65s/it]
[1A                                                  
{'loss': '0.004912', 'grad_norm': '0.3468', 'learning_rate': '0.0001968', 'epoch': '0.3319'}
[1A
[1A 11%|█         | 115/1041 [07:06<56:17,  3.65s/it]
[1A 11%|█         | 116/1041 [07:10<56:31,  3.67s/it]
[1A                                                  
{'loss': '0.004324', 'grad_norm': '0.2028', 'learning_rate': '0.0001967', 'epoch': '0.3348'}
[1A
[1A 11%|█         | 116/1041 [07:10<56:31,  3.67s/it]
[1A 11%|█         | 117/1041 [07:13<56:02,  3.64s/it]
[1A                                                  
{'loss': '0.03407', 'grad_norm': '0.2772', 'learning_rate': '0.0001966', 'epoch': '0.3377'}
[1A
[1A 11%|█         | 117/1041 [07:13<56:02,  3.64s/it]
[1A 11%|█▏        | 118/1041 [07:17<56:01,  3.64s/it]
[1A                                                  
{'loss': '0.001654', 'grad_norm': '0.2706', 'learning_rate': '0.0001965', 'epoch': '0.3405'}
[1A
[1A 11%|█▏        | 118/1041 [07:17<56:01,  3.64s/it]
[1A 11%|█▏        | 119/1041 [07:21<56:24,  3.67s/it]
[1A                                                  
{'loss': '0.03198', 'grad_norm': '0.625', 'learning_rate': '0.0001964', 'epoch': '0.3434'}
[1A
[1A 11%|█▏        | 119/1041 [07:21<56:24,  3.67s/it]
[1A 12%|█▏        | 120/1041 [07:25<56:29,  3.68s/it]
[1A                                                  
{'loss': '0.001597', 'grad_norm': '0.1044', 'learning_rate': '0.0001964', 'epoch': '0.3463'}
[1A
[1A 12%|█▏        | 120/1041 [07:25<56:29,  3.68s/it]
[1A 12%|█▏        | 121/1041 [07:28<56:44,  3.70s/it]
[1A                                                  
{'loss': '0.03557', 'grad_norm': '0.6336', 'learning_rate': '0.0001963', 'epoch': '0.3492'}
[1A
[1A 12%|█▏        | 121/1041 [07:28<56:44,  3.70s/it]
[1A 12%|█▏        | 122/1041 [07:32<56:29,  3.69s/it]
[1A                                                  
{'loss': '0.01104', 'grad_norm': '0.3911', 'learning_rate': '0.0001962', 'epoch': '0.3521'}
[1A
[1A 12%|█▏        | 122/1041 [07:32<56:29,  3.69s/it]
[1A 12%|█▏        | 123/1041 [07:36<56:53,  3.72s/it]
[1A                                                  
{'loss': '0.006209', 'grad_norm': '0.2883', 'learning_rate': '0.0001961', 'epoch': '0.355'}
[1A
[1A 12%|█▏        | 123/1041 [07:36<56:53,  3.72s/it]
[1A 12%|█▏        | 124/1041 [07:39<56:10,  3.68s/it]
[1A                                                  
{'loss': '0.01036', 'grad_norm': '0.3571', 'learning_rate': '0.000196', 'epoch': '0.3579'}
[1A
[1A 12%|█▏        | 124/1041 [07:39<56:10,  3.68s/it]
[1A 12%|█▏        | 125/1041 [07:43<55:41,  3.65s/it]
[1A                                                  
{'loss': '0.01203', 'grad_norm': '0.4514', 'learning_rate': '0.0001959', 'epoch': '0.3608'}
[1A
[1A 12%|█▏        | 125/1041 [07:43<55:41,  3.65s/it]
[1A 12%|█▏        | 126/1041 [07:47<56:04,  3.68s/it]
[1A                                                  
{'loss': '0.003949', 'grad_norm': '0.1409', 'learning_rate': '0.0001958', 'epoch': '0.3636'}
[1A
[1A 12%|█▏        | 126/1041 [07:47<56:04,  3.68s/it]
[1A 12%|█▏        | 127/1041 [07:50<56:06,  3.68s/it]
[1A                                                  
{'loss': '0.005725', 'grad_norm': '0.3453', 'learning_rate': '0.0001957', 'epoch': '0.3665'}
[1A
[1A 12%|█▏        | 127/1041 [07:50<56:06,  3.68s/it]
[1A 12%|█▏        | 128/1041 [07:54<55:38,  3.66s/it]
[1A                                                  
{'loss': '0.003467', 'grad_norm': '0.1092', 'learning_rate': '0.0001957', 'epoch': '0.3694'}
[1A
[1A 12%|█▏        | 128/1041 [07:54<55:38,  3.66s/it]
[1A 12%|█▏        | 129/1041 [07:58<55:59,  3.68s/it]
[1A                                                  
{'loss': '0.01052', 'grad_norm': '0.3117', 'learning_rate': '0.0001956', 'epoch': '0.3723'}
[1A
[1A 12%|█▏        | 129/1041 [07:58<55:59,  3.68s/it]
[1A 12%|█▏        | 130/1041 [08:01<54:44,  3.61s/it]
[1A                                                  
{'loss': '0.001724', 'grad_norm': '0.1217', 'learning_rate': '0.0001955', 'epoch': '0.3752'}
[1A
[1A 12%|█▏        | 130/1041 [08:01<54:44,  3.61s/it]
[1A 13%|█▎        | 131/1041 [08:05<54:09,  3.57s/it]
[1A                                                  
{'loss': '0.002322', 'grad_norm': '0.1286', 'learning_rate': '0.0001954', 'epoch': '0.3781'}
[1A
[1A 13%|█▎        | 131/1041 [08:05<54:09,  3.57s/it]
[1A 13%|█▎        | 132/1041 [08:08<54:38,  3.61s/it]
[1A                                                  
{'loss': '0.009105', 'grad_norm': '0.3516', 'learning_rate': '0.0001953', 'epoch': '0.381'}
[1A
[1A 13%|█▎        | 132/1041 [08:08<54:38,  3.61s/it]
[1A 13%|█▎        | 133/1041 [08:12<53:46,  3.55s/it]
[1A                                                  
{'loss': '0.01246', 'grad_norm': '0.4327', 'learning_rate': '0.0001952', 'epoch': '0.3838'}
[1A
[1A 13%|█▎        | 133/1041 [08:12<53:46,  3.55s/it]
[1A 13%|█▎        | 134/1041 [08:15<54:29,  3.61s/it]
[1A                                                  
{'loss': '0.001843', 'grad_norm': '0.07789', 'learning_rate': '0.0001951', 'epoch': '0.3867'}
[1A
[1A 13%|█▎        | 134/1041 [08:15<54:29,  3.61s/it]
[1A 13%|█▎        | 135/1041 [08:19<54:40,  3.62s/it]
[1A                                                  
{'loss': '0.001958', 'grad_norm': '0.06363', 'learning_rate': '0.000195', 'epoch': '0.3896'}
[1A
[1A 13%|█▎        | 135/1041 [08:19<54:40,  3.62s/it]
[1A 13%|█▎        | 136/1041 [08:23<54:37,  3.62s/it]
[1A                                                  
{'loss': '0.003963', 'grad_norm': '0.4295', 'learning_rate': '0.0001949', 'epoch': '0.3925'}
[1A
[1A 13%|█▎        | 136/1041 [08:23<54:37,  3.62s/it]
[1A 13%|█▎        | 137/1041 [08:26<55:01,  3.65s/it]
[1A                                                  
{'loss': '0.0002768', 'grad_norm': '0.01847', 'learning_rate': '0.0001948', 'epoch': '0.3954'}
[1A
[1A 13%|█▎        | 137/1041 [08:26<55:01,  3.65s/it]
[1A 13%|█▎        | 138/1041 [08:30<55:10,  3.67s/it]
[1A                                                  
{'loss': '0.00832', 'grad_norm': '0.5952', 'learning_rate': '0.0001947', 'epoch': '0.3983'}
[1A
[1A 13%|█▎        | 138/1041 [08:30<55:10,  3.67s/it]
[1A 13%|█▎        | 139/1041 [08:34<54:48,  3.65s/it]
[1A                                                  
{'loss': '0.001305', 'grad_norm': '0.08553', 'learning_rate': '0.0001946', 'epoch': '0.4012'}
[1A
[1A 13%|█▎        | 139/1041 [08:34<54:48,  3.65s/it]
[1A 13%|█▎        | 140/1041 [08:38<55:43,  3.71s/it]
[1A                                                  
{'loss': '0.001382', 'grad_norm': '0.09067', 'learning_rate': '0.0001945', 'epoch': '0.404'}
[1A
[1A 13%|█▎        | 140/1041 [08:38<55:43,  3.71s/it]
[1A 14%|█▎        | 141/1041 [08:41<55:43,  3.72s/it]
[1A                                                  
{'loss': '0.005531', 'grad_norm': '0.4611', 'learning_rate': '0.0001944', 'epoch': '0.4069'}
[1A
[1A 14%|█▎        | 141/1041 [08:41<55:43,  3.72s/it]
[1A 14%|█▎        | 142/1041 [08:45<55:03,  3.67s/it]
[1A                                                  
{'loss': '0.01951', 'grad_norm': '0.4264', 'learning_rate': '0.0001943', 'epoch': '0.4098'}
[1A
[1A 14%|█▎        | 142/1041 [08:45<55:03,  3.67s/it]
[1A 14%|█▎        | 143/1041 [08:49<55:05,  3.68s/it]
[1A                                                  
{'loss': '0.004267', 'grad_norm': '0.1657', 'learning_rate': '0.0001942', 'epoch': '0.4127'}
[1A
[1A 14%|█▎        | 143/1041 [08:49<55:05,  3.68s/it]
[1A 14%|█▍        | 144/1041 [08:52<54:37,  3.65s/it]
[1A                                                  
{'loss': '0.007642', 'grad_norm': '0.5253', 'learning_rate': '0.0001941', 'epoch': '0.4156'}
[1A
[1A 14%|█▍        | 144/1041 [08:52<54:37,  3.65s/it]
[1A 14%|█▍        | 145/1041 [08:56<54:44,  3.67s/it]
[1A                                                  
{'loss': '0.01703', 'grad_norm': '0.6988', 'learning_rate': '0.000194', 'epoch': '0.4185'}
[1A
[1A 14%|█▍        | 145/1041 [08:56<54:44,  3.67s/it]
[1A 14%|█▍        | 146/1041 [08:59<54:22,  3.65s/it]
[1A                                                  
{'loss': '0.001233', 'grad_norm': '0.1194', 'learning_rate': '0.0001939', 'epoch': '0.4214'}
[1A
[1A 14%|█▍        | 146/1041 [08:59<54:22,  3.65s/it]
[1A 14%|█▍        | 147/1041 [09:03<54:05,  3.63s/it]
[1A                                                  
{'loss': '0.003155', 'grad_norm': '0.2382', 'learning_rate': '0.0001938', 'epoch': '0.4242'}
[1A
[1A 14%|█▍        | 147/1041 [09:03<54:05,  3.63s/it]
[1A 14%|█▍        | 148/1041 [09:07<53:34,  3.60s/it]
[1A                                                  
{'loss': '0.0003717', 'grad_norm': '0.02667', 'learning_rate': '0.0001937', 'epoch': '0.4271'}
[1A
[1A 14%|█▍        | 148/1041 [09:07<53:34,  3.60s/it]
[1A 14%|█▍        | 149/1041 [09:10<53:29,  3.60s/it]
[1A                                                  
{'loss': '0.004903', 'grad_norm': '0.3916', 'learning_rate': '0.0001935', 'epoch': '0.43'}
[1A
[1A 14%|█▍        | 149/1041 [09:10<53:29,  3.60s/it]
[1A 14%|█▍        | 150/1041 [09:14<53:52,  3.63s/it]
[1A                                                  
{'loss': '0.0003151', 'grad_norm': '0.009978', 'learning_rate': '0.0001934', 'epoch': '0.4329'}
[1A
[1A 14%|█▍        | 150/1041 [09:14<53:52,  3.63s/it]
[1A 15%|█▍        | 151/1041 [09:17<53:35,  3.61s/it]
[1A                                                  
{'loss': '0.003372', 'grad_norm': '0.124', 'learning_rate': '0.0001933', 'epoch': '0.4358'}
[1A
[1A 15%|█▍        | 151/1041 [09:17<53:35,  3.61s/it]
[1A 15%|█▍        | 152/1041 [09:21<54:02,  3.65s/it]
[1A                                                  
{'loss': '0.002254', 'grad_norm': '0.08746', 'learning_rate': '0.0001932', 'epoch': '0.4387'}
[1A
[1A 15%|█▍        | 152/1041 [09:21<54:02,  3.65s/it]
[1A 15%|█▍        | 153/1041 [09:25<53:35,  3.62s/it]
[1A                                                  
{'loss': '0.004465', 'grad_norm': '0.4484', 'learning_rate': '0.0001931', 'epoch': '0.4416'}
[1A
[1A 15%|█▍        | 153/1041 [09:25<53:35,  3.62s/it]
[1A 15%|█▍        | 154/1041 [09:28<53:20,  3.61s/it]
[1A                                                  
{'loss': '0.01681', 'grad_norm': '0.9293', 'learning_rate': '0.000193', 'epoch': '0.4444'}
[1A
[1A 15%|█▍        | 154/1041 [09:28<53:20,  3.61s/it]
[1A 15%|█▍        | 155/1041 [09:32<53:41,  3.64s/it]
[1A                                                  
{'loss': '0.000314', 'grad_norm': '0.01833', 'learning_rate': '0.0001929', 'epoch': '0.4473'}
[1A
[1A 15%|█▍        | 155/1041 [09:32<53:41,  3.64s/it]
[1A 15%|█▍        | 156/1041 [09:36<53:25,  3.62s/it]
[1A                                                  
{'loss': '0.00972', 'grad_norm': '0.4102', 'learning_rate': '0.0001928', 'epoch': '0.4502'}
[1A
[1A 15%|█▍        | 156/1041 [09:36<53:25,  3.62s/it]
[1A 15%|█▌        | 157/1041 [09:39<53:10,  3.61s/it]
[1A                                                  
{'loss': '0.02011', 'grad_norm': '1.162', 'learning_rate': '0.0001926', 'epoch': '0.4531'}
[1A
[1A 15%|█▌        | 157/1041 [09:39<53:10,  3.61s/it]
[1A 15%|█▌        | 158/1041 [09:43<52:54,  3.60s/it]
[1A                                                  
{'loss': '0.01114', 'grad_norm': '0.5401', 'learning_rate': '0.0001925', 'epoch': '0.456'}
[1A
[1A 15%|█▌        | 158/1041 [09:43<52:54,  3.60s/it]
[1A 15%|█▌        | 159/1041 [09:46<52:40,  3.58s/it]
[1A                                                  
{'loss': '0.0003623', 'grad_norm': '0.02543', 'learning_rate': '0.0001924', 'epoch': '0.4589'}
[1A
[1A 15%|█▌        | 159/1041 [09:46<52:40,  3.58s/it]
[1A 15%|█▌        | 160/1041 [09:50<53:10,  3.62s/it]
[1A                                                  
{'loss': '0.042', 'grad_norm': '1.067', 'learning_rate': '0.0001923', 'epoch': '0.4618'}
[1A
[1A 15%|█▌        | 160/1041 [09:50<53:10,  3.62s/it]
[1A 15%|█▌        | 161/1041 [09:54<54:08,  3.69s/it]
[1A                                                  
{'loss': '0.02948', 'grad_norm': '0.5468', 'learning_rate': '0.0001922', 'epoch': '0.4646'}
[1A
[1A 15%|█▌        | 161/1041 [09:54<54:08,  3.69s/it]
[1A 16%|█▌        | 162/1041 [09:58<54:08,  3.70s/it]
[1A                                                  
{'loss': '0.005666', 'grad_norm': '0.5763', 'learning_rate': '0.000192', 'epoch': '0.4675'}
[1A
[1A 16%|█▌        | 162/1041 [09:58<54:08,  3.70s/it]
[1A 16%|█▌        | 163/1041 [10:01<54:16,  3.71s/it]
[1A                                                  
{'loss': '0.0357', 'grad_norm': '0.5104', 'learning_rate': '0.0001919', 'epoch': '0.4704'}
[1A
[1A 16%|█▌        | 163/1041 [10:01<54:16,  3.71s/it]
[1A 16%|█▌        | 164/1041 [10:05<53:01,  3.63s/it]
[1A                                                  
{'loss': '0.0003529', 'grad_norm': '0.006859', 'learning_rate': '0.0001918', 'epoch': '0.4733'}
[1A
[1A 16%|█▌        | 164/1041 [10:05<53:01,  3.63s/it]
[1A 16%|█▌        | 165/1041 [10:09<53:29,  3.66s/it]
[1A                                                  
{'loss': '0.01814', 'grad_norm': '0.5075', 'learning_rate': '0.0001917', 'epoch': '0.4762'}
[1A
[1A 16%|█▌        | 165/1041 [10:09<53:29,  3.66s/it]
[1A 16%|█▌        | 166/1041 [10:12<52:57,  3.63s/it]
[1A                                                  
{'loss': '0.007396', 'grad_norm': '0.1618', 'learning_rate': '0.0001915', 'epoch': '0.4791'}
[1A
[1A 16%|█▌        | 166/1041 [10:12<52:57,  3.63s/it]
[1A 16%|█▌        | 167/1041 [10:16<53:18,  3.66s/it]
[1A                                                  
{'loss': '0.01918', 'grad_norm': '0.5037', 'learning_rate': '0.0001914', 'epoch': '0.482'}
[1A
[1A 16%|█▌        | 167/1041 [10:16<53:18,  3.66s/it]
[1A 16%|█▌        | 168/1041 [10:19<52:49,  3.63s/it]
[1A                                                  
{'loss': '0.01453', 'grad_norm': '0.4053', 'learning_rate': '0.0001913', 'epoch': '0.4848'}
[1A
[1A 16%|█▌        | 168/1041 [10:19<52:49,  3.63s/it]
[1A 16%|█▌        | 169/1041 [10:23<52:33,  3.62s/it]
[1A                                                  
{'loss': '0.02334', 'grad_norm': '0.5157', 'learning_rate': '0.0001912', 'epoch': '0.4877'}
[1A
[1A 16%|█▌        | 169/1041 [10:23<52:33,  3.62s/it]
[1A 16%|█▋        | 170/1041 [10:27<52:56,  3.65s/it]
[1A                                                  
{'loss': '0.01569', 'grad_norm': '0.418', 'learning_rate': '0.000191', 'epoch': '0.4906'}
[1A
[1A 16%|█▋        | 170/1041 [10:27<52:56,  3.65s/it]
[1A 16%|█▋        | 171/1041 [10:30<52:35,  3.63s/it]
[1A                                                  
{'loss': '0.01246', 'grad_norm': '0.397', 'learning_rate': '0.0001909', 'epoch': '0.4935'}
[1A
[1A 16%|█▋        | 171/1041 [10:30<52:35,  3.63s/it]
[1A 17%|█▋        | 172/1041 [10:34<53:04,  3.66s/it]
[1A                                                  
{'loss': '0.003891', 'grad_norm': '0.1374', 'learning_rate': '0.0001908', 'epoch': '0.4964'}
[1A
[1A 17%|█▋        | 172/1041 [10:34<53:04,  3.66s/it]
[1A 17%|█▋        | 173/1041 [10:38<53:01,  3.67s/it]
[1A                                                  
{'loss': '0.000643', 'grad_norm': '0.02361', 'learning_rate': '0.0001906', 'epoch': '0.4993'}
[1A
[1A 17%|█▋        | 173/1041 [10:38<53:01,  3.67s/it]
[1A 17%|█▋        | 174/1041 [10:41<52:41,  3.65s/it]
[1A                                                  
{'loss': '0.01713', 'grad_norm': '0.6457', 'learning_rate': '0.0001905', 'epoch': '0.5022'}
[1A
[1A 17%|█▋        | 174/1041 [10:41<52:41,  3.65s/it]
[1A 17%|█▋        | 175/1041 [10:45<51:52,  3.59s/it]
[1A                                                  
{'loss': '0.009628', 'grad_norm': '0.6389', 'learning_rate': '0.0001904', 'epoch': '0.5051'}
[1A
[1A 17%|█▋        | 175/1041 [10:45<51:52,  3.59s/it]
[1A 17%|█▋        | 176/1041 [10:48<52:22,  3.63s/it]
[1A                                                  
{'loss': '0.001944', 'grad_norm': '0.104', 'learning_rate': '0.0001903', 'epoch': '0.5079'}
[1A
[1A 17%|█▋        | 176/1041 [10:48<52:22,  3.63s/it]
[1A 17%|█▋        | 177/1041 [10:52<51:53,  3.60s/it]
[1A                                                  
{'loss': '0.000368', 'grad_norm': '0.01806', 'learning_rate': '0.0001901', 'epoch': '0.5108'}
[1A
[1A 17%|█▋        | 177/1041 [10:52<51:53,  3.60s/it]
[1A 17%|█▋        | 178/1041 [10:56<52:00,  3.62s/it]
[1A                                                  
{'loss': '0.007369', 'grad_norm': '0.5517', 'learning_rate': '0.00019', 'epoch': '0.5137'}
[1A
[1A 17%|█▋        | 178/1041 [10:56<52:00,  3.62s/it]
[1A 17%|█▋        | 179/1041 [10:59<51:49,  3.61s/it]
[1A                                                  
{'loss': '0.004478', 'grad_norm': '0.3931', 'learning_rate': '0.0001898', 'epoch': '0.5166'}
[1A
[1A 17%|█▋        | 179/1041 [10:59<51:49,  3.61s/it]
[1A 17%|█▋        | 180/1041 [11:03<52:18,  3.64s/it]
[1A                                                  
{'loss': '0.04112', 'grad_norm': '1.824', 'learning_rate': '0.0001897', 'epoch': '0.5195'}
[1A
[1A 17%|█▋        | 180/1041 [11:03<52:18,  3.64s/it]
[1A 17%|█▋        | 181/1041 [11:07<53:13,  3.71s/it]
[1A                                                  
{'loss': '0.009147', 'grad_norm': '0.9985', 'learning_rate': '0.0001896', 'epoch': '0.5224'}
[1A
[1A 17%|█▋        | 181/1041 [11:07<53:13,  3.71s/it]
[1A 17%|█▋        | 182/1041 [11:10<52:37,  3.68s/it]
[1A                                                  
{'loss': '0.02302', 'grad_norm': '1.401', 'learning_rate': '0.0001894', 'epoch': '0.5253'}
[1A
[1A 17%|█▋        | 182/1041 [11:10<52:37,  3.68s/it]
[1A 18%|█▊        | 183/1041 [11:14<52:50,  3.69s/it]
[1A                                                  
{'loss': '0.02911', 'grad_norm': '0.5189', 'learning_rate': '0.0001893', 'epoch': '0.5281'}
[1A
[1A 18%|█▊        | 183/1041 [11:14<52:50,  3.69s/it]
[1A 18%|█▊        | 184/1041 [11:18<52:56,  3.71s/it]
[1A                                                  
{'loss': '0.02463', 'grad_norm': '0.6846', 'learning_rate': '0.0001892', 'epoch': '0.531'}
[1A
[1A 18%|█▊        | 184/1041 [11:18<52:56,  3.71s/it]
[1A 18%|█▊        | 185/1041 [11:21<52:20,  3.67s/it]
[1A                                                  
{'loss': '0.001204', 'grad_norm': '0.1068', 'learning_rate': '0.000189', 'epoch': '0.5339'}
[1A
[1A 18%|█▊        | 185/1041 [11:21<52:20,  3.67s/it]
[1A 18%|█▊        | 186/1041 [11:25<52:19,  3.67s/it]
[1A                                                  
{'loss': '0.002955', 'grad_norm': '0.09197', 'learning_rate': '0.0001889', 'epoch': '0.5368'}
[1A
[1A 18%|█▊        | 186/1041 [11:25<52:19,  3.67s/it]
[1A 18%|█▊        | 187/1041 [11:29<52:20,  3.68s/it]
[1A                                                  
{'loss': '0.000673', 'grad_norm': '0.02535', 'learning_rate': '0.0001887', 'epoch': '0.5397'}
[1A
[1A 18%|█▊        | 187/1041 [11:29<52:20,  3.68s/it]
[1A 18%|█▊        | 188/1041 [11:32<51:40,  3.63s/it]
[1A                                                  
{'loss': '0.0006136', 'grad_norm': '0.05912', 'learning_rate': '0.0001886', 'epoch': '0.5426'}
[1A
[1A 18%|█▊        | 188/1041 [11:32<51:40,  3.63s/it]
[1A 18%|█▊        | 189/1041 [11:36<52:41,  3.71s/it]
[1A                                                  
{'loss': '0.004022', 'grad_norm': '0.2369', 'learning_rate': '0.0001884', 'epoch': '0.5455'}
[1A
[1A 18%|█▊        | 189/1041 [11:36<52:41,  3.71s/it]
[1A 18%|█▊        | 190/1041 [11:40<53:19,  3.76s/it]
[1A                                                  
{'loss': '0.01812', 'grad_norm': '0.3507', 'learning_rate': '0.0001883', 'epoch': '0.5483'}
[1A
[1A 18%|█▊        | 190/1041 [11:40<53:19,  3.76s/it]
[1A 18%|█▊        | 191/1041 [11:44<52:34,  3.71s/it]
[1A                                                  
{'loss': '0.00106', 'grad_norm': '0.04997', 'learning_rate': '0.0001881', 'epoch': '0.5512'}
[1A
[1A 18%|█▊        | 191/1041 [11:44<52:34,  3.71s/it]
[1A 18%|█▊        | 192/1041 [11:47<51:32,  3.64s/it]
[1A                                                  
{'loss': '0.01479', 'grad_norm': '0.3815', 'learning_rate': '0.000188', 'epoch': '0.5541'}
[1A
[1A 18%|█▊        | 192/1041 [11:47<51:32,  3.64s/it]
[1A 19%|█▊        | 193/1041 [11:51<51:00,  3.61s/it]
[1A                                                  
{'loss': '0.001692', 'grad_norm': '0.08912', 'learning_rate': '0.0001878', 'epoch': '0.557'}
[1A
[1A 19%|█▊        | 193/1041 [11:51<51:00,  3.61s/it]
[1A 19%|█▊        | 194/1041 [11:54<50:08,  3.55s/it]
[1A                                                  
{'loss': '0.0004379', 'grad_norm': '0.0422', 'learning_rate': '0.0001877', 'epoch': '0.5599'}
[1A
[1A 19%|█▊        | 194/1041 [11:54<50:08,  3.55s/it]
[1A 19%|█▊        | 195/1041 [11:58<50:53,  3.61s/it]
[1A                                                  
{'loss': '0.006127', 'grad_norm': '0.5467', 'learning_rate': '0.0001875', 'epoch': '0.5628'}
[1A
[1A 19%|█▊        | 195/1041 [11:58<50:53,  3.61s/it]
[1A 19%|█▉        | 196/1041 [12:02<50:45,  3.60s/it]
[1A                                                  
{'loss': '0.01523', 'grad_norm': '1.463', 'learning_rate': '0.0001874', 'epoch': '0.5657'}
[1A
[1A 19%|█▉        | 196/1041 [12:02<50:45,  3.60s/it]
[1A 19%|█▉        | 197/1041 [12:05<51:15,  3.64s/it]
[1A                                                  
{'loss': '0.02814', 'grad_norm': '1.054', 'learning_rate': '0.0001872', 'epoch': '0.5685'}
[1A
[1A 19%|█▉        | 197/1041 [12:05<51:15,  3.64s/it]
[1A 19%|█▉        | 198/1041 [12:09<52:23,  3.73s/it]
[1A                                                  
{'loss': '0.005754', 'grad_norm': '0.1471', 'learning_rate': '0.0001871', 'epoch': '0.5714'}
[1A
[1A 19%|█▉        | 198/1041 [12:09<52:23,  3.73s/it]
[1A 19%|█▉        | 199/1041 [12:13<52:18,  3.73s/it]
[1A                                                  
{'loss': '0.01223', 'grad_norm': '0.4528', 'learning_rate': '0.0001869', 'epoch': '0.5743'}
[1A
[1A 19%|█▉        | 199/1041 [12:13<52:18,  3.73s/it]
[1A 19%|█▉        | 200/1041 [12:21<1:10:37,  5.04s/it]                                                    
{'loss': '0.005411', 'grad_norm': '0.3849', 'learning_rate': '0.0001868', 'epoch': '0.5772'}
[1A
[1A 19%|█▉        | 200/1041 [12:21<1:10:37,  5.04s/it]
[1A 19%|█▉        | 201/1041 [12:25<1:05:11,  4.66s/it]
[1A                                                    
{'loss': '0.004259', 'grad_norm': '0.5133', 'learning_rate': '0.0001866', 'epoch': '0.5801'}
[1A
[1A 19%|█▉        | 201/1041 [12:25<1:05:11,  4.66s/it]
[1A 19%|█▉        | 202/1041 [12:28<1:00:15,  4.31s/it]
[1A                                                    
{'loss': '0.001167', 'grad_norm': '0.08193', 'learning_rate': '0.0001865', 'epoch': '0.583'}
[1A
[1A 19%|█▉        | 202/1041 [12:28<1:00:15,  4.31s/it]
[1A 20%|█▉        | 203/1041 [12:32<57:47,  4.14s/it]  
[1A                                                  
{'loss': '0.003119', 'grad_norm': '0.1191', 'learning_rate': '0.0001863', 'epoch': '0.5859'}
[1A
[1A 20%|█▉        | 203/1041 [12:32<57:47,  4.14s/it]
[1A 20%|█▉        | 204/1041 [12:36<55:59,  4.01s/it]
[1A                                                  
{'loss': '0.026', 'grad_norm': '1.568', 'learning_rate': '0.0001862', 'epoch': '0.5887'}
[1A
[1A 20%|█▉        | 204/1041 [12:36<55:59,  4.01s/it]
[1A 20%|█▉        | 205/1041 [12:39<54:46,  3.93s/it]
[1A                                                  
{'loss': '0.02372', 'grad_norm': '0.3169', 'learning_rate': '0.000186', 'epoch': '0.5916'}
[1A
[1A 20%|█▉        | 205/1041 [12:39<54:46,  3.93s/it]
[1A 20%|█▉        | 206/1041 [12:43<53:12,  3.82s/it]
[1A                                                  
{'loss': '0.02907', 'grad_norm': '0.915', 'learning_rate': '0.0001858', 'epoch': '0.5945'}
[1A
[1A 20%|█▉        | 206/1041 [12:43<53:12,  3.82s/it]
[1A 20%|█▉        | 207/1041 [12:47<52:44,  3.79s/it]
[1A                                                  
{'loss': '0.01659', 'grad_norm': '0.356', 'learning_rate': '0.0001857', 'epoch': '0.5974'}
[1A
[1A 20%|█▉        | 207/1041 [12:47<52:44,  3.79s/it]
[1A 20%|█▉        | 208/1041 [12:50<52:19,  3.77s/it]
[1A                                                  
{'loss': '0.00363', 'grad_norm': '0.2779', 'learning_rate': '0.0001855', 'epoch': '0.6003'}
[1A
[1A 20%|█▉        | 208/1041 [12:50<52:19,  3.77s/it]
[1A 20%|██        | 209/1041 [12:54<52:04,  3.76s/it]
[1A                                                  
{'loss': '0.02501', 'grad_norm': '1.581', 'learning_rate': '0.0001854', 'epoch': '0.6032'}
[1A
[1A 20%|██        | 209/1041 [12:54<52:04,  3.76s/it]
[1A 20%|██        | 210/1041 [12:58<52:05,  3.76s/it]
[1A                                                  
{'loss': '0.007871', 'grad_norm': '0.4223', 'learning_rate': '0.0001852', 'epoch': '0.6061'}
[1A
[1A 20%|██        | 210/1041 [12:58<52:05,  3.76s/it]
[1A 20%|██        | 211/1041 [13:02<52:25,  3.79s/it]
[1A                                                  
{'loss': '0.009881', 'grad_norm': '0.432', 'learning_rate': '0.000185', 'epoch': '0.6089'}
[1A
[1A 20%|██        | 211/1041 [13:02<52:25,  3.79s/it]
[1A 20%|██        | 212/1041 [13:05<51:22,  3.72s/it]
[1A                                                  
{'loss': '0.001157', 'grad_norm': '0.0504', 'learning_rate': '0.0001849', 'epoch': '0.6118'}
[1A
[1A 20%|██        | 212/1041 [13:05<51:22,  3.72s/it]
[1A 20%|██        | 213/1041 [13:09<50:11,  3.64s/it]
[1A                                                  
{'loss': '0.0008317', 'grad_norm': '0.05232', 'learning_rate': '0.0001847', 'epoch': '0.6147'}
[1A
[1A 20%|██        | 213/1041 [13:09<50:11,  3.64s/it]
[1A 21%|██        | 214/1041 [13:13<50:27,  3.66s/it]
[1A                                                  
{'loss': '0.009827', 'grad_norm': '0.3341', 'learning_rate': '0.0001845', 'epoch': '0.6176'}
[1A
[1A 21%|██        | 214/1041 [13:13<50:27,  3.66s/it]
[1A 21%|██        | 215/1041 [13:16<50:36,  3.68s/it]
[1A                                                  
{'loss': '0.01606', 'grad_norm': '0.4823', 'learning_rate': '0.0001844', 'epoch': '0.6205'}
[1A
[1A 21%|██        | 215/1041 [13:16<50:36,  3.68s/it]
[1A 21%|██        | 216/1041 [13:20<51:23,  3.74s/it]
[1A                                                  
{'loss': '0.01472', 'grad_norm': '0.302', 'learning_rate': '0.0001842', 'epoch': '0.6234'}
[1A
[1A 21%|██        | 216/1041 [13:20<51:23,  3.74s/it]
[1A 21%|██        | 217/1041 [13:24<50:34,  3.68s/it]
[1A                                                  
{'loss': '0.000979', 'grad_norm': '0.07745', 'learning_rate': '0.000184', 'epoch': '0.6263'}
[1A
[1A 21%|██        | 217/1041 [13:24<50:34,  3.68s/it]
[1A 21%|██        | 218/1041 [13:27<50:09,  3.66s/it]
[1A                                                  
{'loss': '0.01214', 'grad_norm': '0.6009', 'learning_rate': '0.0001839', 'epoch': '0.6291'}
[1A
[1A 21%|██        | 218/1041 [13:27<50:09,  3.66s/it]
[1A 21%|██        | 219/1041 [13:31<49:51,  3.64s/it]
[1A                                                  
{'loss': '0.005565', 'grad_norm': '0.322', 'learning_rate': '0.0001837', 'epoch': '0.632'}
[1A
[1A 21%|██        | 219/1041 [13:31<49:51,  3.64s/it]
[1A 21%|██        | 220/1041 [13:35<50:05,  3.66s/it]
[1A                                                  
{'loss': '0.0004692', 'grad_norm': '0.02303', 'learning_rate': '0.0001835', 'epoch': '0.6349'}
[1A
[1A 21%|██        | 220/1041 [13:35<50:05,  3.66s/it]
[1A 21%|██        | 221/1041 [13:38<49:35,  3.63s/it]
[1A                                                  
{'loss': '0.009734', 'grad_norm': '0.3692', 'learning_rate': '0.0001834', 'epoch': '0.6378'}
[1A
[1A 21%|██        | 221/1041 [13:38<49:35,  3.63s/it]
[1A 21%|██▏       | 222/1041 [13:42<49:38,  3.64s/it]
[1A                                                  
{'loss': '0.001636', 'grad_norm': '0.1272', 'learning_rate': '0.0001832', 'epoch': '0.6407'}
[1A
[1A 21%|██▏       | 222/1041 [13:42<49:38,  3.64s/it]
[1A 21%|██▏       | 223/1041 [13:45<49:15,  3.61s/it]
[1A                                                  
{'loss': '0.003409', 'grad_norm': '0.2042', 'learning_rate': '0.000183', 'epoch': '0.6436'}
[1A
[1A 21%|██▏       | 223/1041 [13:45<49:15,  3.61s/it]
[1A 22%|██▏       | 224/1041 [13:49<48:55,  3.59s/it]
[1A                                                  
{'loss': '0.001067', 'grad_norm': '0.03037', 'learning_rate': '0.0001828', 'epoch': '0.6465'}
[1A
[1A 22%|██▏       | 224/1041 [13:49<48:55,  3.59s/it]
[1A 22%|██▏       | 225/1041 [13:52<48:42,  3.58s/it]
[1A                                                  
{'loss': '0.005021', 'grad_norm': '0.3044', 'learning_rate': '0.0001827', 'epoch': '0.6494'}
[1A
[1A 22%|██▏       | 225/1041 [13:52<48:42,  3.58s/it]
[1A 22%|██▏       | 226/1041 [13:56<49:52,  3.67s/it]
[1A                                                  
{'loss': '0.0037', 'grad_norm': '0.3024', 'learning_rate': '0.0001825', 'epoch': '0.6522'}
[1A
[1A 22%|██▏       | 226/1041 [13:56<49:52,  3.67s/it]
[1A 22%|██▏       | 227/1041 [14:00<49:21,  3.64s/it]
[1A                                                  
{'loss': '0.0004512', 'grad_norm': '0.01591', 'learning_rate': '0.0001823', 'epoch': '0.6551'}
[1A
[1A 22%|██▏       | 227/1041 [14:00<49:21,  3.64s/it]
[1A 22%|██▏       | 228/1041 [14:03<49:01,  3.62s/it]
[1A                                                  
{'loss': '0.0006652', 'grad_norm': '0.0285', 'learning_rate': '0.0001821', 'epoch': '0.658'}
[1A
[1A 22%|██▏       | 228/1041 [14:03<49:01,  3.62s/it]
[1A 22%|██▏       | 229/1041 [14:07<48:25,  3.58s/it]
[1A                                                  
{'loss': '0.0002031', 'grad_norm': '0.009002', 'learning_rate': '0.0001819', 'epoch': '0.6609'}
[1A
[1A 22%|██▏       | 229/1041 [14:07<48:25,  3.58s/it]
[1A 22%|██▏       | 230/1041 [14:11<48:53,  3.62s/it]
[1A                                                  
{'loss': '0.003638', 'grad_norm': '0.1923', 'learning_rate': '0.0001818', 'epoch': '0.6638'}
[1A
[1A 22%|██▏       | 230/1041 [14:11<48:53,  3.62s/it]
[1A 22%|██▏       | 231/1041 [14:14<49:14,  3.65s/it]
[1A                                                  
{'loss': '0.002121', 'grad_norm': '0.108', 'learning_rate': '0.0001816', 'epoch': '0.6667'}
[1A
[1A 22%|██▏       | 231/1041 [14:14<49:14,  3.65s/it]
[1A 22%|██▏       | 232/1041 [14:18<49:09,  3.65s/it]
[1A                                                  
{'loss': '0.0044', 'grad_norm': '0.3561', 'learning_rate': '0.0001814', 'epoch': '0.6696'}
[1A
[1A 22%|██▏       | 232/1041 [14:18<49:09,  3.65s/it]
[1A 22%|██▏       | 233/1041 [14:22<49:24,  3.67s/it]
[1A                                                  
{'loss': '0.0002365', 'grad_norm': '0.01164', 'learning_rate': '0.0001812', 'epoch': '0.6724'}
[1A
[1A 22%|██▏       | 233/1041 [14:22<49:24,  3.67s/it]
[1A 22%|██▏       | 234/1041 [14:25<49:36,  3.69s/it]
[1A                                                  
{'loss': '0.0003371', 'grad_norm': '0.02838', 'learning_rate': '0.000181', 'epoch': '0.6753'}
[1A
[1A 22%|██▏       | 234/1041 [14:25<49:36,  3.69s/it]
[1A 23%|██▎       | 235/1041 [14:29<49:21,  3.67s/it]
[1A                                                  
{'loss': '0.0001739', 'grad_norm': '0.01095', 'learning_rate': '0.0001809', 'epoch': '0.6782'}
[1A
[1A 23%|██▎       | 235/1041 [14:29<49:21,  3.67s/it]
[1A 23%|██▎       | 236/1041 [14:33<50:01,  3.73s/it]
[1A                                                  
{'loss': '0.001563', 'grad_norm': '0.132', 'learning_rate': '0.0001807', 'epoch': '0.6811'}
[1A
[1A 23%|██▎       | 236/1041 [14:33<50:01,  3.73s/it]
[1A 23%|██▎       | 237/1041 [14:37<49:19,  3.68s/it]
[1A                                                  
{'loss': '0.007717', 'grad_norm': '1.256', 'learning_rate': '0.0001805', 'epoch': '0.684'}
[1A
[1A 23%|██▎       | 237/1041 [14:37<49:19,  3.68s/it]
[1A 23%|██▎       | 238/1041 [14:40<49:32,  3.70s/it]
[1A                                                  
{'loss': '0.0001913', 'grad_norm': '0.01076', 'learning_rate': '0.0001803', 'epoch': '0.6869'}
[1A
[1A 23%|██▎       | 238/1041 [14:40<49:32,  3.70s/it]
[1A 23%|██▎       | 239/1041 [14:44<48:52,  3.66s/it]
[1A                                                  
{'loss': '0.0001165', 'grad_norm': '0.01482', 'learning_rate': '0.0001801', 'epoch': '0.6898'}
[1A
[1A 23%|██▎       | 239/1041 [14:44<48:52,  3.66s/it]
[1A 23%|██▎       | 240/1041 [14:48<49:11,  3.68s/it]
[1A                                                  
{'loss': '0.0004282', 'grad_norm': '0.04583', 'learning_rate': '0.0001799', 'epoch': '0.6926'}
[1A
[1A 23%|██▎       | 240/1041 [14:48<49:11,  3.68s/it]
[1A 23%|██▎       | 241/1041 [14:51<49:18,  3.70s/it]
[1A                                                  
{'loss': '0.005949', 'grad_norm': '0.8526', 'learning_rate': '0.0001798', 'epoch': '0.6955'}
[1A
[1A 23%|██▎       | 241/1041 [14:51<49:18,  3.70s/it]
[1A 23%|██▎       | 242/1041 [14:55<48:43,  3.66s/it]
[1A                                                  
{'loss': '0.003969', 'grad_norm': '1.507', 'learning_rate': '0.0001796', 'epoch': '0.6984'}
[1A
[1A 23%|██▎       | 242/1041 [14:55<48:43,  3.66s/it]
[1A 23%|██▎       | 243/1041 [14:58<48:15,  3.63s/it]
[1A                                                  
{'loss': '0.005375', 'grad_norm': '0.7023', 'learning_rate': '0.0001794', 'epoch': '0.7013'}
[1A
[1A 23%|██▎       | 243/1041 [14:58<48:15,  3.63s/it]
[1A 23%|██▎       | 244/1041 [15:02<47:57,  3.61s/it]
[1A                                                  
{'loss': '0.02265', 'grad_norm': '2.712', 'learning_rate': '0.0001792', 'epoch': '0.7042'}
[1A
[1A 23%|██▎       | 244/1041 [15:02<47:57,  3.61s/it]
[1A 24%|██▎       | 245/1041 [15:06<48:18,  3.64s/it]
[1A                                                  
{'loss': '0.002642', 'grad_norm': '0.5428', 'learning_rate': '0.000179', 'epoch': '0.7071'}
[1A
[1A 24%|██▎       | 245/1041 [15:06<48:18,  3.64s/it]
[1A 24%|██▎       | 246/1041 [15:09<47:58,  3.62s/it]
[1A                                                  
{'loss': '0.01054', 'grad_norm': '0.8351', 'learning_rate': '0.0001788', 'epoch': '0.71'}
[1A
[1A 24%|██▎       | 246/1041 [15:09<47:58,  3.62s/it]
[1A 24%|██▎       | 247/1041 [15:13<47:49,  3.61s/it]
[1A                                                  
{'loss': '0.05445', 'grad_norm': '1.497', 'learning_rate': '0.0001786', 'epoch': '0.7128'}
[1A
[1A 24%|██▎       | 247/1041 [15:13<47:49,  3.61s/it]
[1A 24%|██▍       | 248/1041 [15:17<48:02,  3.64s/it]
[1A                                                  
{'loss': '0.09465', 'grad_norm': '3.601', 'learning_rate': '0.0001784', 'epoch': '0.7157'}
[1A
[1A 24%|██▍       | 248/1041 [15:17<48:02,  3.64s/it]
[1A 24%|██▍       | 249/1041 [15:20<47:07,  3.57s/it]
[1A                                                  
{'loss': '0.02705', 'grad_norm': '0.5925', 'learning_rate': '0.0001782', 'epoch': '0.7186'}
[1A
[1A 24%|██▍       | 249/1041 [15:20<47:07,  3.57s/it]
[1A 24%|██▍       | 250/1041 [15:24<46:55,  3.56s/it]
[1A                                                  
{'loss': '0.00326', 'grad_norm': '0.238', 'learning_rate': '0.000178', 'epoch': '0.7215'}
[1A
[1A 24%|██▍       | 250/1041 [15:24<46:55,  3.56s/it]
[1A 24%|██▍       | 251/1041 [15:27<46:54,  3.56s/it]
[1A                                                  
{'loss': '0.007192', 'grad_norm': '0.3802', 'learning_rate': '0.0001778', 'epoch': '0.7244'}
[1A
[1A 24%|██▍       | 251/1041 [15:27<46:54,  3.56s/it]
[1A 24%|██▍       | 252/1041 [15:30<46:05,  3.51s/it]
[1A                                                  
{'loss': '0.0002149', 'grad_norm': '0.008858', 'learning_rate': '0.0001776', 'epoch': '0.7273'}
[1A
[1A 24%|██▍       | 252/1041 [15:30<46:05,  3.51s/it]
[1A 24%|██▍       | 253/1041 [15:34<46:18,  3.53s/it]
[1A                                                  
{'loss': '0.03846', 'grad_norm': '0.7739', 'learning_rate': '0.0001774', 'epoch': '0.7302'}
[1A
[1A 24%|██▍       | 253/1041 [15:34<46:18,  3.53s/it]
[1A 24%|██▍       | 254/1041 [15:38<47:04,  3.59s/it]
[1A                                                  
{'loss': '0.02127', 'grad_norm': '0.702', 'learning_rate': '0.0001772', 'epoch': '0.733'}
[1A
[1A 24%|██▍       | 254/1041 [15:38<47:04,  3.59s/it]
[1A 24%|██▍       | 255/1041 [15:42<47:35,  3.63s/it]
[1A                                                  
{'loss': '0.003643', 'grad_norm': '0.109', 'learning_rate': '0.000177', 'epoch': '0.7359'}
[1A
[1A 24%|██▍       | 255/1041 [15:42<47:35,  3.63s/it]
[1A 25%|██▍       | 256/1041 [15:45<46:48,  3.58s/it]
[1A                                                  
{'loss': '0.01482', 'grad_norm': '0.3098', 'learning_rate': '0.0001768', 'epoch': '0.7388'}
[1A
[1A 25%|██▍       | 256/1041 [15:45<46:48,  3.58s/it]
[1A 25%|██▍       | 257/1041 [15:49<47:20,  3.62s/it]
[1A                                                  
{'loss': '0.002115', 'grad_norm': '0.08043', 'learning_rate': '0.0001766', 'epoch': '0.7417'}
[1A
[1A 25%|██▍       | 257/1041 [15:49<47:20,  3.62s/it]
[1A 25%|██▍       | 258/1041 [15:52<46:56,  3.60s/it]
[1A                                                  
{'loss': '0.001103', 'grad_norm': '0.02155', 'learning_rate': '0.0001764', 'epoch': '0.7446'}
[1A
[1A 25%|██▍       | 258/1041 [15:52<46:56,  3.60s/it]
[1A 25%|██▍       | 259/1041 [15:56<47:23,  3.64s/it]
[1A                                                  
{'loss': '0.001493', 'grad_norm': '0.03547', 'learning_rate': '0.0001762', 'epoch': '0.7475'}
[1A
[1A 25%|██▍       | 259/1041 [15:56<47:23,  3.64s/it]
[1A 25%|██▍       | 260/1041 [16:00<48:31,  3.73s/it]
[1A                                                  
{'loss': '0.06405', 'grad_norm': '1.412', 'learning_rate': '0.000176', 'epoch': '0.7504'}
[1A
[1A 25%|██▍       | 260/1041 [16:00<48:31,  3.73s/it]
[1A 25%|██▌       | 261/1041 [16:03<47:39,  3.67s/it]
[1A                                                  
{'loss': '0.001708', 'grad_norm': '0.04391', 'learning_rate': '0.0001758', 'epoch': '0.7532'}
[1A
[1A 25%|██▌       | 261/1041 [16:03<47:39,  3.67s/it]
[1A 25%|██▌       | 262/1041 [16:07<47:13,  3.64s/it]
[1A                                                  
{'loss': '0.005908', 'grad_norm': '0.1304', 'learning_rate': '0.0001756', 'epoch': '0.7561'}
[1A
[1A 25%|██▌       | 262/1041 [16:07<47:13,  3.64s/it]
[1A 25%|██▌       | 263/1041 [16:11<47:27,  3.66s/it]
[1A                                                  
{'loss': '0.01588', 'grad_norm': '1.203', 'learning_rate': '0.0001754', 'epoch': '0.759'}
[1A
[1A 25%|██▌       | 263/1041 [16:11<47:27,  3.66s/it]
[1A 25%|██▌       | 264/1041 [16:14<47:10,  3.64s/it]
[1A                                                  
{'loss': '0.001867', 'grad_norm': '0.06469', 'learning_rate': '0.0001752', 'epoch': '0.7619'}
[1A
[1A 25%|██▌       | 264/1041 [16:14<47:10,  3.64s/it]
[1A 25%|██▌       | 265/1041 [16:18<47:31,  3.67s/it]
[1A                                                  
{'loss': '0.007032', 'grad_norm': '0.2762', 'learning_rate': '0.000175', 'epoch': '0.7648'}
[1A
[1A 25%|██▌       | 265/1041 [16:18<47:31,  3.67s/it]
[1A 26%|██▌       | 266/1041 [16:21<46:17,  3.58s/it]
[1A                                                  
{'loss': '0.0009143', 'grad_norm': '0.04307', 'learning_rate': '0.0001748', 'epoch': '0.7677'}
[1A
[1A 26%|██▌       | 266/1041 [16:21<46:17,  3.58s/it]
[1A 26%|██▌       | 267/1041 [16:25<45:40,  3.54s/it]
[1A                                                  
{'loss': '0.06272', 'grad_norm': '2.181', 'learning_rate': '0.0001746', 'epoch': '0.7706'}
[1A
[1A 26%|██▌       | 267/1041 [16:25<45:40,  3.54s/it]
[1A 26%|██▌       | 268/1041 [16:28<45:47,  3.55s/it]
[1A                                                  
{'loss': '0.0704', 'grad_norm': '0.8605', 'learning_rate': '0.0001744', 'epoch': '0.7734'}
[1A
[1A 26%|██▌       | 268/1041 [16:28<45:47,  3.55s/it]
[1A 26%|██▌       | 269/1041 [16:32<46:59,  3.65s/it]
[1A                                                  
{'loss': '0.01352', 'grad_norm': '0.304', 'learning_rate': '0.0001742', 'epoch': '0.7763'}
[1A
[1A 26%|██▌       | 269/1041 [16:32<46:59,  3.65s/it]
[1A 26%|██▌       | 270/1041 [16:36<47:03,  3.66s/it]
[1A                                                  
{'loss': '0.002116', 'grad_norm': '0.08467', 'learning_rate': '0.000174', 'epoch': '0.7792'}
[1A
[1A 26%|██▌       | 270/1041 [16:36<47:03,  3.66s/it]
[1A 26%|██▌       | 271/1041 [16:40<46:37,  3.63s/it]
[1A                                                  
{'loss': '0.00239', 'grad_norm': '0.06447', 'learning_rate': '0.0001738', 'epoch': '0.7821'}
[1A
[1A 26%|██▌       | 271/1041 [16:40<46:37,  3.63s/it]
[1A 26%|██▌       | 272/1041 [16:43<46:42,  3.64s/it]
[1A                                                  
{'loss': '0.02604', 'grad_norm': '1.207', 'learning_rate': '0.0001736', 'epoch': '0.785'}
[1A
[1A 26%|██▌       | 272/1041 [16:43<46:42,  3.64s/it]
[1A 26%|██▌       | 273/1041 [16:47<46:52,  3.66s/it]
[1A                                                  
{'loss': '0.0441', 'grad_norm': '0.6037', 'learning_rate': '0.0001734', 'epoch': '0.7879'}
[1A
[1A 26%|██▌       | 273/1041 [16:47<46:52,  3.66s/it]
[1A 26%|██▋       | 274/1041 [16:51<46:26,  3.63s/it]
[1A                                                  
{'loss': '0.01889', 'grad_norm': '0.4732', 'learning_rate': '0.0001731', 'epoch': '0.7908'}
[1A
[1A 26%|██▋       | 274/1041 [16:51<46:26,  3.63s/it]
[1A 26%|██▋       | 275/1041 [16:54<46:44,  3.66s/it]
[1A                                                  
{'loss': '0.005112', 'grad_norm': '0.06896', 'learning_rate': '0.0001729', 'epoch': '0.7937'}
[1A
[1A 26%|██▋       | 275/1041 [16:54<46:44,  3.66s/it]
[1A 27%|██▋       | 276/1041 [16:58<46:25,  3.64s/it]
[1A                                                  
{'loss': '0.00341', 'grad_norm': '0.08195', 'learning_rate': '0.0001727', 'epoch': '0.7965'}
[1A
[1A 27%|██▋       | 276/1041 [16:58<46:25,  3.64s/it]
[1A 27%|██▋       | 277/1041 [17:01<45:36,  3.58s/it]
[1A                                                  
{'loss': '0.0004799', 'grad_norm': '0.0114', 'learning_rate': '0.0001725', 'epoch': '0.7994'}
[1A
[1A 27%|██▋       | 277/1041 [17:01<45:36,  3.58s/it]
[1A 27%|██▋       | 278/1041 [17:05<46:33,  3.66s/it]
[1A                                                  
{'loss': '0.03777', 'grad_norm': '1.013', 'learning_rate': '0.0001723', 'epoch': '0.8023'}
[1A
[1A 27%|██▋       | 278/1041 [17:05<46:33,  3.66s/it]
[1A 27%|██▋       | 279/1041 [17:09<45:54,  3.62s/it]
[1A                                                  
{'loss': '0.0106', 'grad_norm': '1.099', 'learning_rate': '0.0001721', 'epoch': '0.8052'}
[1A
[1A 27%|██▋       | 279/1041 [17:09<45:54,  3.62s/it]
[1A 27%|██▋       | 280/1041 [17:12<45:29,  3.59s/it]
[1A                                                  
{'loss': '0.002696', 'grad_norm': '0.1636', 'learning_rate': '0.0001719', 'epoch': '0.8081'}
[1A
[1A 27%|██▋       | 280/1041 [17:12<45:29,  3.59s/it]
[1A 27%|██▋       | 281/1041 [17:16<46:03,  3.64s/it]
[1A                                                  
{'loss': '0.001505', 'grad_norm': '0.07368', 'learning_rate': '0.0001716', 'epoch': '0.811'}
[1A
[1A 27%|██▋       | 281/1041 [17:16<46:03,  3.64s/it]
[1A 27%|██▋       | 282/1041 [17:20<46:25,  3.67s/it]
[1A                                                  
{'loss': '0.006314', 'grad_norm': '0.1834', 'learning_rate': '0.0001714', 'epoch': '0.8139'}
[1A
[1A 27%|██▋       | 282/1041 [17:20<46:25,  3.67s/it]
[1A 27%|██▋       | 283/1041 [17:23<45:53,  3.63s/it]
[1A                                                  
{'loss': '0.005651', 'grad_norm': '0.8991', 'learning_rate': '0.0001712', 'epoch': '0.8167'}
[1A
[1A 27%|██▋       | 283/1041 [17:23<45:53,  3.63s/it]
[1A 27%|██▋       | 284/1041 [17:27<45:36,  3.61s/it]
[1A                                                  
{'loss': '0.001041', 'grad_norm': '0.03755', 'learning_rate': '0.000171', 'epoch': '0.8196'}
[1A
[1A 27%|██▋       | 284/1041 [17:27<45:36,  3.61s/it]
[1A 27%|██▋       | 285/1041 [17:31<46:15,  3.67s/it]
[1A                                                  
{'loss': '0.005201', 'grad_norm': '0.4831', 'learning_rate': '0.0001708', 'epoch': '0.8225'}
[1A
[1A 27%|██▋       | 285/1041 [17:31<46:15,  3.67s/it]
[1A 27%|██▋       | 286/1041 [17:34<45:50,  3.64s/it]
[1A                                                  
{'loss': '0.0004608', 'grad_norm': '0.05972', 'learning_rate': '0.0001705', 'epoch': '0.8254'}
[1A
[1A 27%|██▋       | 286/1041 [17:34<45:50,  3.64s/it]
[1A 28%|██▊       | 287/1041 [17:38<45:30,  3.62s/it]
[1A                                                  
{'loss': '0.0008238', 'grad_norm': '0.0352', 'learning_rate': '0.0001703', 'epoch': '0.8283'}
[1A
[1A 28%|██▊       | 287/1041 [17:38<45:30,  3.62s/it]
[1A 28%|██▊       | 288/1041 [17:41<45:51,  3.65s/it]
[1A                                                  
{'loss': '0.0002248', 'grad_norm': '0.006572', 'learning_rate': '0.0001701', 'epoch': '0.8312'}
[1A
[1A 28%|██▊       | 288/1041 [17:41<45:51,  3.65s/it]
[1A 28%|██▊       | 289/1041 [17:45<45:11,  3.61s/it]
[1A                                                  
{'loss': '0.008978', 'grad_norm': '0.6678', 'learning_rate': '0.0001699', 'epoch': '0.8341'}
[1A
[1A 28%|██▊       | 289/1041 [17:45<45:11,  3.61s/it]
[1A 28%|██▊       | 290/1041 [17:48<44:46,  3.58s/it]
[1A                                                  
{'loss': '0.0001068', 'grad_norm': '0.005352', 'learning_rate': '0.0001697', 'epoch': '0.8369'}
[1A
[1A 28%|██▊       | 290/1041 [17:48<44:46,  3.58s/it]
[1A 28%|██▊       | 291/1041 [17:52<44:47,  3.58s/it]
[1A                                                  
{'loss': '0.0002837', 'grad_norm': '0.01028', 'learning_rate': '0.0001694', 'epoch': '0.8398'}
[1A
[1A 28%|██▊       | 291/1041 [17:52<44:47,  3.58s/it]
[1A 28%|██▊       | 292/1041 [17:56<44:43,  3.58s/it]
[1A                                                  
{'loss': '0.1019', 'grad_norm': '5.766', 'learning_rate': '0.0001692', 'epoch': '0.8427'}
[1A
[1A 28%|██▊       | 292/1041 [17:56<44:43,  3.58s/it]
[1A 28%|██▊       | 293/1041 [17:59<45:15,  3.63s/it]
[1A                                                  
{'loss': '0.0006094', 'grad_norm': '0.0448', 'learning_rate': '0.000169', 'epoch': '0.8456'}
[1A
[1A 28%|██▊       | 293/1041 [17:59<45:15,  3.63s/it]
[1A 28%|██▊       | 294/1041 [18:03<45:20,  3.64s/it]
[1A                                                  
{'loss': '0.001', 'grad_norm': '0.141', 'learning_rate': '0.0001688', 'epoch': '0.8485'}
[1A
[1A 28%|██▊       | 294/1041 [18:03<45:20,  3.64s/it]
[1A 28%|██▊       | 295/1041 [18:07<44:59,  3.62s/it]
[1A                                                  
{'loss': '0.02922', 'grad_norm': '0.5767', 'learning_rate': '0.0001685', 'epoch': '0.8514'}
[1A
[1A 28%|██▊       | 295/1041 [18:07<44:59,  3.62s/it]
[1A 28%|██▊       | 296/1041 [18:10<44:33,  3.59s/it]
[1A                                                  
{'loss': '0.0002496', 'grad_norm': '0.01258', 'learning_rate': '0.0001683', 'epoch': '0.8543'}
[1A
[1A 28%|██▊       | 296/1041 [18:10<44:33,  3.59s/it]
[1A 29%|██▊       | 297/1041 [18:14<44:26,  3.58s/it]
[1A                                                  
{'loss': '0.0531', 'grad_norm': '2.215', 'learning_rate': '0.0001681', 'epoch': '0.8571'}
[1A
[1A 29%|██▊       | 297/1041 [18:14<44:26,  3.58s/it]
[1A 29%|██▊       | 298/1041 [18:17<44:11,  3.57s/it]
[1A                                                  
{'loss': '0.0637', 'grad_norm': '0.5924', 'learning_rate': '0.0001678', 'epoch': '0.86'}
[1A
[1A 29%|██▊       | 298/1041 [18:17<44:11,  3.57s/it]
[1A 29%|██▊       | 299/1041 [18:21<44:43,  3.62s/it]
[1A                                                  
{'loss': '0.003943', 'grad_norm': '0.2135', 'learning_rate': '0.0001676', 'epoch': '0.8629'}
[1A
[1A 29%|██▊       | 299/1041 [18:21<44:43,  3.62s/it]
[1A 29%|██▉       | 300/1041 [18:30<1:03:10,  5.12s/it]                                                    
{'loss': '0.006951', 'grad_norm': '0.3354', 'learning_rate': '0.0001674', 'epoch': '0.8658'}
[1A
[1A 29%|██▉       | 300/1041 [18:30<1:03:10,  5.12s/it]
[1A 29%|██▉       | 301/1041 [18:33<57:09,  4.63s/it]  
[1A                                                  
{'loss': '0.001093', 'grad_norm': '0.04431', 'learning_rate': '0.0001672', 'epoch': '0.8687'}
[1A
[1A 29%|██▉       | 301/1041 [18:33<57:09,  4.63s/it]
[1A 29%|██▉       | 302/1041 [18:37<53:44,  4.36s/it]
[1A                                                  
{'loss': '0.009325', 'grad_norm': '0.1357', 'learning_rate': '0.0001669', 'epoch': '0.8716'}
[1A
[1A 29%|██▉       | 302/1041 [18:37<53:44,  4.36s/it]
[1A 29%|██▉       | 303/1041 [18:40<50:59,  4.15s/it]
[1A                                                  
{'loss': '0.02314', 'grad_norm': '1.059', 'learning_rate': '0.0001667', 'epoch': '0.8745'}
[1A
[1A 29%|██▉       | 303/1041 [18:40<50:59,  4.15s/it]
[1A 29%|██▉       | 304/1041 [18:44<48:45,  3.97s/it]
[1A                                                  
{'loss': '0.001794', 'grad_norm': '0.04247', 'learning_rate': '0.0001665', 'epoch': '0.8773'}
[1A
[1A 29%|██▉       | 304/1041 [18:44<48:45,  3.97s/it]
[1A 29%|██▉       | 305/1041 [18:48<47:07,  3.84s/it]
[1A                                                  
{'loss': '0.01168', 'grad_norm': '0.3015', 'learning_rate': '0.0001662', 'epoch': '0.8802'}
[1A
[1A 29%|██▉       | 305/1041 [18:48<47:07,  3.84s/it]
[1A 29%|██▉       | 306/1041 [18:51<46:00,  3.76s/it]
[1A                                                  
{'loss': '0.006378', 'grad_norm': '0.1972', 'learning_rate': '0.000166', 'epoch': '0.8831'}
[1A
[1A 29%|██▉       | 306/1041 [18:51<46:00,  3.76s/it]
[1A 29%|██▉       | 307/1041 [18:55<45:54,  3.75s/it]
[1A                                                  
{'loss': '0.00541', 'grad_norm': '0.2007', 'learning_rate': '0.0001658', 'epoch': '0.886'}
[1A
[1A 29%|██▉       | 307/1041 [18:55<45:54,  3.75s/it]
[1A 30%|██▉       | 308/1041 [18:59<45:28,  3.72s/it]
[1A                                                  
{'loss': '0.001393', 'grad_norm': '0.06878', 'learning_rate': '0.0001655', 'epoch': '0.8889'}
[1A
[1A 30%|██▉       | 308/1041 [18:59<45:28,  3.72s/it]
[1A 30%|██▉       | 309/1041 [19:02<44:42,  3.66s/it]
[1A                                                  
{'loss': '0.02361', 'grad_norm': '1.21', 'learning_rate': '0.0001653', 'epoch': '0.8918'}
[1A
[1A 30%|██▉       | 309/1041 [19:02<44:42,  3.66s/it]
[1A 30%|██▉       | 310/1041 [19:06<44:24,  3.65s/it]
[1A                                                  
{'loss': '0.006741', 'grad_norm': '0.2313', 'learning_rate': '0.0001651', 'epoch': '0.8947'}
[1A
[1A 30%|██▉       | 310/1041 [19:06<44:24,  3.65s/it]
[1A 30%|██▉       | 311/1041 [19:09<44:25,  3.65s/it]
[1A                                                  
{'loss': '0.001915', 'grad_norm': '0.0604', 'learning_rate': '0.0001648', 'epoch': '0.8975'}
[1A
[1A 30%|██▉       | 311/1041 [19:09<44:25,  3.65s/it]
[1A 30%|██▉       | 312/1041 [19:13<44:37,  3.67s/it]
[1A                                                  
{'loss': '0.0008254', 'grad_norm': '0.02341', 'learning_rate': '0.0001646', 'epoch': '0.9004'}
[1A
[1A 30%|██▉       | 312/1041 [19:13<44:37,  3.67s/it]
[1A 30%|███       | 313/1041 [19:17<44:27,  3.66s/it]
[1A                                                  
{'loss': '0.0008032', 'grad_norm': '0.03774', 'learning_rate': '0.0001643', 'epoch': '0.9033'}
[1A
[1A 30%|███       | 313/1041 [19:17<44:27,  3.66s/it]
[1A 30%|███       | 314/1041 [19:21<45:09,  3.73s/it]
[1A                                                  
{'loss': '0.004427', 'grad_norm': '0.1666', 'learning_rate': '0.0001641', 'epoch': '0.9062'}
[1A
[1A 30%|███       | 314/1041 [19:21<45:09,  3.73s/it]
[1A 30%|███       | 315/1041 [19:24<44:37,  3.69s/it]
[1A                                                  
{'loss': '0.0006071', 'grad_norm': '0.01915', 'learning_rate': '0.0001639', 'epoch': '0.9091'}
[1A
[1A 30%|███       | 315/1041 [19:24<44:37,  3.69s/it]
[1A 30%|███       | 316/1041 [19:28<44:40,  3.70s/it]
[1A                                                  
{'loss': '0.0004126', 'grad_norm': '0.01388', 'learning_rate': '0.0001636', 'epoch': '0.912'}
[1A
[1A 30%|███       | 316/1041 [19:28<44:40,  3.70s/it]
[1A 30%|███       | 317/1041 [19:31<44:01,  3.65s/it]
[1A                                                  
{'loss': '0.005026', 'grad_norm': '0.3262', 'learning_rate': '0.0001634', 'epoch': '0.9149'}
[1A
[1A 30%|███       | 317/1041 [19:31<44:01,  3.65s/it]
[1A 31%|███       | 318/1041 [19:35<43:28,  3.61s/it]
[1A                                                  
{'loss': '0.005005', 'grad_norm': '0.3765', 'learning_rate': '0.0001631', 'epoch': '0.9177'}
[1A
[1A 31%|███       | 318/1041 [19:35<43:28,  3.61s/it]
[1A 31%|███       | 319/1041 [19:38<42:47,  3.56s/it]
[1A                                                  
{'loss': '0.0006854', 'grad_norm': '0.02355', 'learning_rate': '0.0001629', 'epoch': '0.9206'}
[1A
[1A 31%|███       | 319/1041 [19:38<42:47,  3.56s/it]
[1A 31%|███       | 320/1041 [19:42<43:23,  3.61s/it]
[1A                                                  
{'loss': '0.0007627', 'grad_norm': '0.03813', 'learning_rate': '0.0001627', 'epoch': '0.9235'}
[1A
[1A 31%|███       | 320/1041 [19:42<43:23,  3.61s/it]
[1A 31%|███       | 321/1041 [19:46<43:16,  3.61s/it]
[1A                                                  
{'loss': '0.0001591', 'grad_norm': '0.003881', 'learning_rate': '0.0001624', 'epoch': '0.9264'}
[1A
[1A 31%|███       | 321/1041 [19:46<43:16,  3.61s/it]
[1A 31%|███       | 322/1041 [19:49<42:52,  3.58s/it]
[1A                                                  
{'loss': '0.0001297', 'grad_norm': '0.003526', 'learning_rate': '0.0001622', 'epoch': '0.9293'}
[1A
[1A 31%|███       | 322/1041 [19:49<42:52,  3.58s/it]
[1A 31%|███       | 323/1041 [19:53<43:46,  3.66s/it]
[1A                                                  
{'loss': '0.000326', 'grad_norm': '0.009164', 'learning_rate': '0.0001619', 'epoch': '0.9322'}
[1A
[1A 31%|███       | 323/1041 [19:53<43:46,  3.66s/it]
[1A 31%|███       | 324/1041 [19:57<43:24,  3.63s/it]
[1A                                                  
{'loss': '0.0001072', 'grad_norm': '0.005189', 'learning_rate': '0.0001617', 'epoch': '0.9351'}
[1A
[1A 31%|███       | 324/1041 [19:57<43:24,  3.63s/it]
[1A 31%|███       | 325/1041 [20:00<42:56,  3.60s/it]
[1A                                                  
{'loss': '0.01631', 'grad_norm': '0.89', 'learning_rate': '0.0001614', 'epoch': '0.938'}
[1A
[1A 31%|███       | 325/1041 [20:00<42:56,  3.60s/it]
[1A 31%|███▏      | 326/1041 [20:04<42:34,  3.57s/it]
[1A                                                  
{'loss': '0.0005566', 'grad_norm': '0.02458', 'learning_rate': '0.0001612', 'epoch': '0.9408'}
[1A
[1A 31%|███▏      | 326/1041 [20:04<42:34,  3.57s/it]
[1A 31%|███▏      | 327/1041 [20:07<42:21,  3.56s/it]
[1A                                                  
{'loss': '0.001028', 'grad_norm': '0.0527', 'learning_rate': '0.0001609', 'epoch': '0.9437'}
[1A
[1A 31%|███▏      | 327/1041 [20:07<42:21,  3.56s/it]
[1A 32%|███▏      | 328/1041 [20:11<42:48,  3.60s/it]
[1A                                                  
{'loss': '0.04944', 'grad_norm': '0.4728', 'learning_rate': '0.0001607', 'epoch': '0.9466'}
[1A
[1A 32%|███▏      | 328/1041 [20:11<42:48,  3.60s/it]
[1A 32%|███▏      | 329/1041 [20:15<43:13,  3.64s/it]
[1A                                                  
{'loss': '0.01424', 'grad_norm': '0.58', 'learning_rate': '0.0001605', 'epoch': '0.9495'}
[1A
[1A 32%|███▏      | 329/1041 [20:15<43:13,  3.64s/it]
[1A 32%|███▏      | 330/1041 [20:18<43:24,  3.66s/it]
[1A                                                  
{'loss': '0.0006539', 'grad_norm': '0.054', 'learning_rate': '0.0001602', 'epoch': '0.9524'}
[1A
[1A 32%|███▏      | 330/1041 [20:18<43:24,  3.66s/it]
[1A 32%|███▏      | 331/1041 [20:22<43:37,  3.69s/it]
[1A                                                  
{'loss': '0.0002189', 'grad_norm': '0.007575', 'learning_rate': '0.00016', 'epoch': '0.9553'}
[1A
[1A 32%|███▏      | 331/1041 [20:22<43:37,  3.69s/it]
[1A 32%|███▏      | 332/1041 [20:26<43:46,  3.70s/it]
[1A                                                  
{'loss': '0.001852', 'grad_norm': '0.1133', 'learning_rate': '0.0001597', 'epoch': '0.9582'}
[1A
[1A 32%|███▏      | 332/1041 [20:26<43:46,  3.70s/it]
[1A 32%|███▏      | 333/1041 [20:30<43:44,  3.71s/it]
[1A                                                  
{'loss': '0.0001017', 'grad_norm': '0.001733', 'learning_rate': '0.0001595', 'epoch': '0.961'}
[1A
[1A 32%|███▏      | 333/1041 [20:30<43:44,  3.71s/it]
[1A 32%|███▏      | 334/1041 [20:33<43:33,  3.70s/it]
[1A                                                  
{'loss': '0.0003305', 'grad_norm': '0.01067', 'learning_rate': '0.0001592', 'epoch': '0.9639'}
[1A
[1A 32%|███▏      | 334/1041 [20:33<43:33,  3.70s/it]
[1A 32%|███▏      | 335/1041 [20:37<43:25,  3.69s/it]
[1A                                                  
{'loss': '0.02', 'grad_norm': '0.4104', 'learning_rate': '0.000159', 'epoch': '0.9668'}
[1A
[1A 32%|███▏      | 335/1041 [20:37<43:25,  3.69s/it]
[1A 32%|███▏      | 336/1041 [20:41<43:57,  3.74s/it]
[1A                                                  
{'loss': '0.003335', 'grad_norm': '0.2179', 'learning_rate': '0.0001587', 'epoch': '0.9697'}
[1A
[1A 32%|███▏      | 336/1041 [20:41<43:57,  3.74s/it]
[1A 32%|███▏      | 337/1041 [20:45<43:54,  3.74s/it]
[1A                                                  
{'loss': '0.02487', 'grad_norm': '0.1635', 'learning_rate': '0.0001585', 'epoch': '0.9726'}
[1A
[1A 32%|███▏      | 337/1041 [20:45<43:54,  3.74s/it]
[1A 32%|███▏      | 338/1041 [20:48<43:01,  3.67s/it]
[1A                                                  
{'loss': '0.0001507', 'grad_norm': '0.004541', 'learning_rate': '0.0001582', 'epoch': '0.9755'}
[1A
[1A 32%|███▏      | 338/1041 [20:48<43:01,  3.67s/it]
[1A 33%|███▎      | 339/1041 [20:52<42:38,  3.65s/it]
[1A                                                  
{'loss': '0.0003819', 'grad_norm': '0.00933', 'learning_rate': '0.0001579', 'epoch': '0.9784'}
[1A
[1A 33%|███▎      | 339/1041 [20:52<42:38,  3.65s/it]
[1A 33%|███▎      | 340/1041 [20:55<42:39,  3.65s/it]
[1A                                                  
{'loss': '0.0004285', 'grad_norm': '0.01227', 'learning_rate': '0.0001577', 'epoch': '0.9812'}
[1A
[1A 33%|███▎      | 340/1041 [20:55<42:39,  3.65s/it]
[1A 33%|███▎      | 341/1041 [20:59<42:49,  3.67s/it]
[1A                                                  
{'loss': '0.0006885', 'grad_norm': '0.09397', 'learning_rate': '0.0001574', 'epoch': '0.9841'}
[1A
[1A 33%|███▎      | 341/1041 [20:59<42:49,  3.67s/it]
[1A 33%|███▎      | 342/1041 [21:03<42:38,  3.66s/it]
[1A                                                  
{'loss': '0.003542', 'grad_norm': '0.2825', 'learning_rate': '0.0001572', 'epoch': '0.987'}
[1A
[1A 33%|███▎      | 342/1041 [21:03<42:38,  3.66s/it]
[1A 33%|███▎      | 343/1041 [21:06<42:54,  3.69s/it]
[1A                                                  
{'loss': '0.003544', 'grad_norm': '0.1649', 'learning_rate': '0.0001569', 'epoch': '0.9899'}
[1A
[1A 33%|███▎      | 343/1041 [21:06<42:54,  3.69s/it]
[1A 33%|███▎      | 344/1041 [21:10<42:30,  3.66s/it]
[1A                                                  
{'loss': '0.002155', 'grad_norm': '0.1189', 'learning_rate': '0.0001567', 'epoch': '0.9928'}
[1A
[1A 33%|███▎      | 344/1041 [21:10<42:30,  3.66s/it]
[1A 33%|███▎      | 345/1041 [21:14<43:06,  3.72s/it]
[1A                                                  
{'loss': '0.0006998', 'grad_norm': '0.01916', 'learning_rate': '0.0001564', 'epoch': '0.9957'}
[1A
[1A 33%|███▎      | 345/1041 [21:14<43:06,  3.72s/it]
[1A 33%|███▎      | 346/1041 [21:17<42:17,  3.65s/it]
[1A                                                  
{'loss': '0.0005885', 'grad_norm': '0.01881', 'learning_rate': '0.0001562', 'epoch': '0.9986'}
[1A
[1A 33%|███▎      | 346/1041 [21:17<42:17,  3.65s/it]
[1A 33%|███▎      | 347/1041 [21:19<35:47,  3.09s/it]
[1A                                                  
{'loss': '0.002048', 'grad_norm': '0.0471', 'learning_rate': '0.0001559', 'epoch': '1'}
[1A
[1A 33%|███▎      | 347/1041 [21:19<35:47,  3.09s/it]
[1A 33%|███▎      | 348/1041 [21:23<37:06,  3.21s/it]
[1A                                                  
{'loss': '0.0001652', 'grad_norm': '0.003295', 'learning_rate': '0.0001556', 'epoch': '1.003'}
[1A
[1A 33%|███▎      | 348/1041 [21:23<37:06,  3.21s/it]
[1A 34%|███▎      | 349/1041 [21:26<38:30,  3.34s/it]
[1A                                                  
{'loss': '0.0001016', 'grad_norm': '0.002356', 'learning_rate': '0.0001554', 'epoch': '1.006'}
[1A
[1A 34%|███▎      | 349/1041 [21:26<38:30,  3.34s/it]
[1A 34%|███▎      | 350/1041 [21:30<39:47,  3.45s/it]
[1A                                                  
{'loss': '0.0002276', 'grad_norm': '0.006292', 'learning_rate': '0.0001551', 'epoch': '1.009'}
[1A
[1A 34%|███▎      | 350/1041 [21:30<39:47,  3.45s/it]
[1A 34%|███▎      | 351/1041 [21:34<40:11,  3.50s/it]
[1A                                                  
{'loss': '0.00039', 'grad_norm': '0.01224', 'learning_rate': '0.0001549', 'epoch': '1.012'}
[1A
[1A 34%|███▎      | 351/1041 [21:34<40:11,  3.50s/it]
[1A 34%|███▍      | 352/1041 [21:37<41:27,  3.61s/it]
[1A                                                  
{'loss': '0.003657', 'grad_norm': '0.2374', 'learning_rate': '0.0001546', 'epoch': '1.014'}
[1A
[1A 34%|███▍      | 352/1041 [21:37<41:27,  3.61s/it]
[1A 34%|███▍      | 353/1041 [21:41<41:01,  3.58s/it]
[1A                                                  
{'loss': '0.0004329', 'grad_norm': '0.02186', 'learning_rate': '0.0001543', 'epoch': '1.017'}
[1A
[1A 34%|███▍      | 353/1041 [21:41<41:01,  3.58s/it]
[1A 34%|███▍      | 354/1041 [21:45<41:22,  3.61s/it]
[1A                                                  
{'loss': '0.000357', 'grad_norm': '0.0154', 'learning_rate': '0.0001541', 'epoch': '1.02'}
[1A
[1A 34%|███▍      | 354/1041 [21:45<41:22,  3.61s/it]
[1A 34%|███▍      | 355/1041 [21:48<42:07,  3.68s/it]
[1A                                                  
{'loss': '3.742e-05', 'grad_norm': '0.0005779', 'learning_rate': '0.0001538', 'epoch': '1.023'}
[1A
[1A 34%|███▍      | 355/1041 [21:48<42:07,  3.68s/it]
[1A 34%|███▍      | 356/1041 [21:52<42:10,  3.69s/it]
[1A                                                  
{'loss': '0.0001996', 'grad_norm': '0.01408', 'learning_rate': '0.0001536', 'epoch': '1.026'}
[1A
[1A 34%|███▍      | 356/1041 [21:52<42:10,  3.69s/it]
[1A 34%|███▍      | 357/1041 [21:56<41:36,  3.65s/it]
[1A                                                  
{'loss': '0.0001209', 'grad_norm': '0.005115', 'learning_rate': '0.0001533', 'epoch': '1.029'}
[1A
[1A 34%|███▍      | 357/1041 [21:56<41:36,  3.65s/it]
[1A 34%|███▍      | 358/1041 [21:59<41:17,  3.63s/it]
[1A                                                  
{'loss': '0.00016', 'grad_norm': '0.005614', 'learning_rate': '0.000153', 'epoch': '1.032'}
[1A
[1A 34%|███▍      | 358/1041 [21:59<41:17,  3.63s/it]
[1A 34%|███▍      | 359/1041 [22:03<41:18,  3.63s/it]
[1A                                                  
{'loss': '0.002101', 'grad_norm': '0.1747', 'learning_rate': '0.0001528', 'epoch': '1.035'}
[1A
[1A 34%|███▍      | 359/1041 [22:03<41:18,  3.63s/it]
[1A 35%|███▍      | 360/1041 [22:07<41:31,  3.66s/it]
[1A                                                  
{'loss': '0.0003624', 'grad_norm': '0.0314', 'learning_rate': '0.0001525', 'epoch': '1.038'}
[1A
[1A 35%|███▍      | 360/1041 [22:07<41:31,  3.66s/it]
[1A 35%|███▍      | 361/1041 [22:10<41:00,  3.62s/it]
[1A                                                  
{'loss': '0.0001203', 'grad_norm': '0.007656', 'learning_rate': '0.0001522', 'epoch': '1.04'}
[1A
[1A 35%|███▍      | 361/1041 [22:10<41:00,  3.62s/it]
[1A 35%|███▍      | 362/1041 [22:14<41:19,  3.65s/it]
[1A                                                  
{'loss': '0.0001369', 'grad_norm': '0.006311', 'learning_rate': '0.000152', 'epoch': '1.043'}
[1A
[1A 35%|███▍      | 362/1041 [22:14<41:19,  3.65s/it]
[1A 35%|███▍      | 363/1041 [22:18<41:02,  3.63s/it]
[1A                                                  
{'loss': '0.001281', 'grad_norm': '0.06492', 'learning_rate': '0.0001517', 'epoch': '1.046'}
[1A
[1A 35%|███▍      | 363/1041 [22:18<41:02,  3.63s/it]
[1A 35%|███▍      | 364/1041 [22:21<40:35,  3.60s/it]
[1A                                                  
{'loss': '4.887e-05', 'grad_norm': '0.001383', 'learning_rate': '0.0001514', 'epoch': '1.049'}
[1A
[1A 35%|███▍      | 364/1041 [22:21<40:35,  3.60s/it]
[1A 35%|███▌      | 365/1041 [22:25<40:56,  3.63s/it]
[1A                                                  
{'loss': '3.166e-05', 'grad_norm': '0.000745', 'learning_rate': '0.0001512', 'epoch': '1.052'}
[1A
[1A 35%|███▌      | 365/1041 [22:25<40:56,  3.63s/it]
[1A 35%|███▌      | 366/1041 [22:28<40:45,  3.62s/it]
[1A                                                  
{'loss': '5.441e-05', 'grad_norm': '0.002366', 'learning_rate': '0.0001509', 'epoch': '1.055'}
[1A
[1A 35%|███▌      | 366/1041 [22:28<40:45,  3.62s/it]
[1A 35%|███▌      | 367/1041 [22:32<40:24,  3.60s/it]
[1A                                                  
{'loss': '0.001313', 'grad_norm': '0.1133', 'learning_rate': '0.0001506', 'epoch': '1.058'}
[1A
[1A 35%|███▌      | 367/1041 [22:32<40:24,  3.60s/it]
[1A 35%|███▌      | 368/1041 [22:36<40:46,  3.64s/it]
[1A                                                  
{'loss': '0.0001831', 'grad_norm': '0.009709', 'learning_rate': '0.0001504', 'epoch': '1.061'}
[1A
[1A 35%|███▌      | 368/1041 [22:36<40:46,  3.64s/it]
[1A 35%|███▌      | 369/1041 [22:39<40:30,  3.62s/it]
[1A                                                  
{'loss': '0.007635', 'grad_norm': '0.4285', 'learning_rate': '0.0001501', 'epoch': '1.063'}
[1A
[1A 35%|███▌      | 369/1041 [22:39<40:30,  3.62s/it]
[1A 36%|███▌      | 370/1041 [22:43<40:49,  3.65s/it]
[1A                                                  
{'loss': '0.0004018', 'grad_norm': '0.03264', 'learning_rate': '0.0001498', 'epoch': '1.066'}
[1A
[1A 36%|███▌      | 370/1041 [22:43<40:49,  3.65s/it]
[1A 36%|███▌      | 371/1041 [22:46<40:31,  3.63s/it]
[1A                                                  
{'loss': '3.295e-05', 'grad_norm': '0.001255', 'learning_rate': '0.0001495', 'epoch': '1.069'}
[1A
[1A 36%|███▌      | 371/1041 [22:46<40:31,  3.63s/it]
[1A 36%|███▌      | 372/1041 [22:50<41:13,  3.70s/it]
[1A                                                  
{'loss': '0.007083', 'grad_norm': '0.4985', 'learning_rate': '0.0001493', 'epoch': '1.072'}
[1A
[1A 36%|███▌      | 372/1041 [22:50<41:13,  3.70s/it]
[1A 36%|███▌      | 373/1041 [22:54<40:51,  3.67s/it]
[1A                                                  
{'loss': '7.996e-05', 'grad_norm': '0.001771', 'learning_rate': '0.000149', 'epoch': '1.075'}
[1A
[1A 36%|███▌      | 373/1041 [22:54<40:51,  3.67s/it]
[1A 36%|███▌      | 374/1041 [22:58<41:04,  3.70s/it]
[1A                                                  
{'loss': '5.088e-05', 'grad_norm': '0.001264', 'learning_rate': '0.0001487', 'epoch': '1.078'}
[1A
[1A 36%|███▌      | 374/1041 [22:58<41:04,  3.70s/it]
[1A 36%|███▌      | 375/1041 [23:01<41:06,  3.70s/it]
[1A                                                  
{'loss': '6.361e-05', 'grad_norm': '0.003506', 'learning_rate': '0.0001485', 'epoch': '1.081'}
[1A
[1A 36%|███▌      | 375/1041 [23:01<41:06,  3.70s/it]
[1A 36%|███▌      | 376/1041 [23:05<40:38,  3.67s/it]
[1A                                                  
{'loss': '0.0001472', 'grad_norm': '0.0161', 'learning_rate': '0.0001482', 'epoch': '1.084'}
[1A
[1A 36%|███▌      | 376/1041 [23:05<40:38,  3.67s/it]
[1A 36%|███▌      | 377/1041 [23:09<40:13,  3.64s/it]
[1A                                                  
{'loss': '0.002251', 'grad_norm': '0.4991', 'learning_rate': '0.0001479', 'epoch': '1.087'}
[1A
[1A 36%|███▌      | 377/1041 [23:09<40:13,  3.64s/it]
[1A 36%|███▋      | 378/1041 [23:12<40:31,  3.67s/it]
[1A                                                  
{'loss': '0.0274', 'grad_norm': '0.7429', 'learning_rate': '0.0001476', 'epoch': '1.089'}
[1A
[1A 36%|███▋      | 378/1041 [23:12<40:31,  3.67s/it]
[1A 36%|███▋      | 379/1041 [23:16<40:03,  3.63s/it]
[1A                                                  
{'loss': '0.00357', 'grad_norm': '0.193', 'learning_rate': '0.0001474', 'epoch': '1.092'}
[1A
[1A 36%|███▋      | 379/1041 [23:16<40:03,  3.63s/it]
[1A 37%|███▋      | 380/1041 [23:20<40:22,  3.66s/it]
[1A                                                  
{'loss': '0.003194', 'grad_norm': '0.1391', 'learning_rate': '0.0001471', 'epoch': '1.095'}
[1A
[1A 37%|███▋      | 380/1041 [23:20<40:22,  3.66s/it]
[1A 37%|███▋      | 381/1041 [23:23<40:26,  3.68s/it]
[1A                                                  
{'loss': '4.72e-05', 'grad_norm': '0.001007', 'learning_rate': '0.0001468', 'epoch': '1.098'}
[1A
[1A 37%|███▋      | 381/1041 [23:23<40:26,  3.68s/it]
[1A 37%|███▋      | 382/1041 [23:27<39:56,  3.64s/it]
[1A                                                  
{'loss': '0.0001068', 'grad_norm': '0.006005', 'learning_rate': '0.0001465', 'epoch': '1.101'}
[1A
[1A 37%|███▋      | 382/1041 [23:27<39:56,  3.64s/it]
[1A 37%|███▋      | 383/1041 [23:30<39:55,  3.64s/it]
[1A                                                  
{'loss': '0.01778', 'grad_norm': '0.7598', 'learning_rate': '0.0001463', 'epoch': '1.104'}
[1A
[1A 37%|███▋      | 383/1041 [23:30<39:55,  3.64s/it]
[1A 37%|███▋      | 384/1041 [23:34<39:57,  3.65s/it]
[1A                                                  
{'loss': '0.0008936', 'grad_norm': '0.07666', 'learning_rate': '0.000146', 'epoch': '1.107'}
[1A
[1A 37%|███▋      | 384/1041 [23:34<39:57,  3.65s/it]
[1A 37%|███▋      | 385/1041 [23:38<39:34,  3.62s/it]
[1A                                                  
{'loss': '0.0001534', 'grad_norm': '0.002795', 'learning_rate': '0.0001457', 'epoch': '1.11'}
[1A
[1A 37%|███▋      | 385/1041 [23:38<39:34,  3.62s/it]
[1A 37%|███▋      | 386/1041 [23:41<39:21,  3.61s/it]
[1A                                                  
{'loss': '0.000859', 'grad_norm': '0.07272', 'learning_rate': '0.0001454', 'epoch': '1.113'}
[1A
[1A 37%|███▋      | 386/1041 [23:41<39:21,  3.61s/it]
[1A 37%|███▋      | 387/1041 [23:45<39:40,  3.64s/it]
[1A                                                  
{'loss': '0.0001444', 'grad_norm': '0.002548', 'learning_rate': '0.0001452', 'epoch': '1.115'}
[1A
[1A 37%|███▋      | 387/1041 [23:45<39:40,  3.64s/it]
[1A 37%|███▋      | 388/1041 [23:49<39:52,  3.66s/it]
[1A                                                  
{'loss': '0.003224', 'grad_norm': '0.2454', 'learning_rate': '0.0001449', 'epoch': '1.118'}
[1A
[1A 37%|███▋      | 388/1041 [23:49<39:52,  3.66s/it]
[1A 37%|███▋      | 389/1041 [23:52<39:29,  3.63s/it]
[1A                                                  
{'loss': '0.0002982', 'grad_norm': '0.00804', 'learning_rate': '0.0001446', 'epoch': '1.121'}
[1A
[1A 37%|███▋      | 389/1041 [23:52<39:29,  3.63s/it]
[1A 37%|███▋      | 390/1041 [23:56<38:57,  3.59s/it]
[1A                                                  
{'loss': '0.0001865', 'grad_norm': '0.009864', 'learning_rate': '0.0001443', 'epoch': '1.124'}
[1A
[1A 37%|███▋      | 390/1041 [23:56<38:57,  3.59s/it]
[1A 38%|███▊      | 391/1041 [23:59<38:51,  3.59s/it]
[1A                                                  
{'loss': '0.001355', 'grad_norm': '0.06084', 'learning_rate': '0.000144', 'epoch': '1.127'}
[1A
[1A 38%|███▊      | 391/1041 [23:59<38:51,  3.59s/it]
[1A 38%|███▊      | 392/1041 [24:03<39:15,  3.63s/it]
[1A                                                  
{'loss': '0.008041', 'grad_norm': '0.289', 'learning_rate': '0.0001438', 'epoch': '1.13'}
[1A
[1A 38%|███▊      | 392/1041 [24:03<39:15,  3.63s/it]
[1A 38%|███▊      | 393/1041 [24:07<39:30,  3.66s/it]
[1A                                                  
{'loss': '0.00251', 'grad_norm': '0.1484', 'learning_rate': '0.0001435', 'epoch': '1.133'}
[1A
[1A 38%|███▊      | 393/1041 [24:07<39:30,  3.66s/it]
[1A 38%|███▊      | 394/1041 [24:10<39:12,  3.64s/it]
[1A                                                  
{'loss': '0.0002222', 'grad_norm': '0.02024', 'learning_rate': '0.0001432', 'epoch': '1.136'}
[1A
[1A 38%|███▊      | 394/1041 [24:10<39:12,  3.64s/it]
[1A 38%|███▊      | 395/1041 [24:14<39:26,  3.66s/it]
[1A                                                  
{'loss': '0.02028', 'grad_norm': '0.4902', 'learning_rate': '0.0001429', 'epoch': '1.139'}
[1A
[1A 38%|███▊      | 395/1041 [24:14<39:26,  3.66s/it]
[1A 38%|███▊      | 396/1041 [24:18<38:40,  3.60s/it]
[1A                                                  
{'loss': '0.0001034', 'grad_norm': '0.002444', 'learning_rate': '0.0001426', 'epoch': '1.141'}
[1A
[1A 38%|███▊      | 396/1041 [24:18<38:40,  3.60s/it]
[1A 38%|███▊      | 397/1041 [24:21<39:20,  3.67s/it]
[1A                                                  
{'loss': '0.0002521', 'grad_norm': '0.006757', 'learning_rate': '0.0001424', 'epoch': '1.144'}
[1A
[1A 38%|███▊      | 397/1041 [24:21<39:20,  3.67s/it]
[1A 38%|███▊      | 398/1041 [24:25<39:27,  3.68s/it]
[1A                                                  
{'loss': '0.0009005', 'grad_norm': '0.03532', 'learning_rate': '0.0001421', 'epoch': '1.147'}
[1A
[1A 38%|███▊      | 398/1041 [24:25<39:27,  3.68s/it]
[1A 38%|███▊      | 399/1041 [24:29<38:52,  3.63s/it]
[1A                                                  
{'loss': '0.0004537', 'grad_norm': '0.02954', 'learning_rate': '0.0001418', 'epoch': '1.15'}
[1A
[1A 38%|███▊      | 399/1041 [24:29<38:52,  3.63s/it]
[1A 38%|███▊      | 400/1041 [24:38<56:02,  5.25s/it]                                                  
{'loss': '0.0009878', 'grad_norm': '0.04862', 'learning_rate': '0.0001415', 'epoch': '1.153'}
[1A
[1A 38%|███▊      | 400/1041 [24:38<56:02,  5.25s/it]
[1A 39%|███▊      | 401/1041 [24:42<51:41,  4.85s/it]
[1A                                                  
{'loss': '0.04063', 'grad_norm': '0.8691', 'learning_rate': '0.0001412', 'epoch': '1.156'}
[1A
[1A 39%|███▊      | 401/1041 [24:42<51:41,  4.85s/it]
[1A 39%|███▊      | 402/1041 [24:45<47:30,  4.46s/it]
[1A                                                  
{'loss': '0.001001', 'grad_norm': '0.04375', 'learning_rate': '0.0001409', 'epoch': '1.159'}
[1A
[1A 39%|███▊      | 402/1041 [24:45<47:30,  4.46s/it]
[1A 39%|███▊      | 403/1041 [24:49<45:06,  4.24s/it]
[1A                                                  
{'loss': '0.006682', 'grad_norm': '0.2064', 'learning_rate': '0.0001407', 'epoch': '1.162'}
[1A
[1A 39%|███▊      | 403/1041 [24:49<45:06,  4.24s/it]
[1A 39%|███▉      | 404/1041 [24:52<42:41,  4.02s/it]
[1A                                                  
{'loss': '0.0005442', 'grad_norm': '0.01509', 'learning_rate': '0.0001404', 'epoch': '1.165'}
[1A
[1A 39%|███▉      | 404/1041 [24:52<42:41,  4.02s/it]
[1A 39%|███▉      | 405/1041 [24:56<41:15,  3.89s/it]
[1A                                                  
{'loss': '0.0008553', 'grad_norm': '0.04319', 'learning_rate': '0.0001401', 'epoch': '1.167'}
[1A
[1A 39%|███▉      | 405/1041 [24:56<41:15,  3.89s/it]
[1A 39%|███▉      | 406/1041 [25:00<40:15,  3.80s/it]
[1A                                                  
{'loss': '0.000309', 'grad_norm': '0.006248', 'learning_rate': '0.0001398', 'epoch': '1.17'}
[1A
[1A 39%|███▉      | 406/1041 [25:00<40:15,  3.80s/it]
[1A 39%|███▉      | 407/1041 [25:03<40:00,  3.79s/it]
[1A                                                  
{'loss': '0.0007901', 'grad_norm': '0.02527', 'learning_rate': '0.0001395', 'epoch': '1.173'}
[1A
[1A 39%|███▉      | 407/1041 [25:03<40:00,  3.79s/it]
[1A 39%|███▉      | 408/1041 [25:07<40:08,  3.80s/it]
[1A                                                  
{'loss': '0.007306', 'grad_norm': '0.2848', 'learning_rate': '0.0001392', 'epoch': '1.176'}
[1A
[1A 39%|███▉      | 408/1041 [25:07<40:08,  3.80s/it]
[1A 39%|███▉      | 409/1041 [25:11<40:35,  3.85s/it]
[1A                                                  
{'loss': '0.01343', 'grad_norm': '0.284', 'learning_rate': '0.000139', 'epoch': '1.179'}
[1A
[1A 39%|███▉      | 409/1041 [25:11<40:35,  3.85s/it]
[1A 39%|███▉      | 410/1041 [25:15<40:08,  3.82s/it]
[1A                                                  
{'loss': '0.002425', 'grad_norm': '0.08948', 'learning_rate': '0.0001387', 'epoch': '1.182'}
[1A
[1A 39%|███▉      | 410/1041 [25:15<40:08,  3.82s/it]
[1A 39%|███▉      | 411/1041 [25:18<39:06,  3.73s/it]
[1A                                                  
{'loss': '0.0002496', 'grad_norm': '0.007471', 'learning_rate': '0.0001384', 'epoch': '1.185'}
[1A
[1A 39%|███▉      | 411/1041 [25:18<39:06,  3.73s/it]
[1A 40%|███▉      | 412/1041 [25:22<38:22,  3.66s/it]
[1A                                                  
{'loss': '0.003798', 'grad_norm': '0.3274', 'learning_rate': '0.0001381', 'epoch': '1.188'}
[1A
[1A 40%|███▉      | 412/1041 [25:22<38:22,  3.66s/it]
[1A 40%|███▉      | 413/1041 [25:26<38:29,  3.68s/it]
[1A                                                  
{'loss': '0.0002078', 'grad_norm': '0.006171', 'learning_rate': '0.0001378', 'epoch': '1.19'}
[1A
[1A 40%|███▉      | 413/1041 [25:26<38:29,  3.68s/it]
[1A 40%|███▉      | 414/1041 [25:29<38:10,  3.65s/it]
[1A                                                  
{'loss': '0.0003115', 'grad_norm': '0.00677', 'learning_rate': '0.0001375', 'epoch': '1.193'}
[1A
[1A 40%|███▉      | 414/1041 [25:29<38:10,  3.65s/it]
[1A 40%|███▉      | 415/1041 [25:33<38:19,  3.67s/it]
[1A                                                  
{'loss': '0.009', 'grad_norm': '0.2553', 'learning_rate': '0.0001372', 'epoch': '1.196'}
[1A
[1A 40%|███▉      | 415/1041 [25:33<38:19,  3.67s/it]
[1A 40%|███▉      | 416/1041 [25:37<38:22,  3.68s/it]
[1A                                                  
{'loss': '0.002586', 'grad_norm': '0.1834', 'learning_rate': '0.0001369', 'epoch': '1.199'}
[1A
[1A 40%|███▉      | 416/1041 [25:37<38:22,  3.68s/it]
[1A 40%|████      | 417/1041 [25:40<38:11,  3.67s/it]
[1A                                                  
{'loss': '0.01265', 'grad_norm': '0.4026', 'learning_rate': '0.0001366', 'epoch': '1.202'}
[1A
[1A 40%|████      | 417/1041 [25:40<38:11,  3.67s/it]
[1A 40%|████      | 418/1041 [25:44<37:44,  3.63s/it]
[1A                                                  
{'loss': '0.0008643', 'grad_norm': '0.0712', 'learning_rate': '0.0001364', 'epoch': '1.205'}
[1A
[1A 40%|████      | 418/1041 [25:44<37:44,  3.63s/it]
[1A 40%|████      | 419/1041 [25:48<38:00,  3.67s/it]
[1A                                                  
{'loss': '9.035e-05', 'grad_norm': '0.004463', 'learning_rate': '0.0001361', 'epoch': '1.208'}
[1A
[1A 40%|████      | 419/1041 [25:48<38:00,  3.67s/it]
[1A 40%|████      | 420/1041 [25:51<38:09,  3.69s/it]
[1A                                                  
{'loss': '0.0002077', 'grad_norm': '0.004425', 'learning_rate': '0.0001358', 'epoch': '1.211'}
[1A
[1A 40%|████      | 420/1041 [25:51<38:09,  3.69s/it]
[1A 40%|████      | 421/1041 [25:55<38:33,  3.73s/it]
[1A                                                  
{'loss': '0.0007537', 'grad_norm': '0.0362', 'learning_rate': '0.0001355', 'epoch': '1.214'}
[1A
[1A 40%|████      | 421/1041 [25:55<38:33,  3.73s/it]
[1A 41%|████      | 422/1041 [25:59<38:03,  3.69s/it]
[1A                                                  
{'loss': '0.008191', 'grad_norm': '1.026', 'learning_rate': '0.0001352', 'epoch': '1.216'}
[1A
[1A 41%|████      | 422/1041 [25:59<38:03,  3.69s/it]
[1A 41%|████      | 423/1041 [26:03<38:32,  3.74s/it]
[1A                                                  
{'loss': '0.001707', 'grad_norm': '0.05996', 'learning_rate': '0.0001349', 'epoch': '1.219'}
[1A
[1A 41%|████      | 423/1041 [26:03<38:32,  3.74s/it]
[1A 41%|████      | 424/1041 [26:06<38:24,  3.74s/it]
[1A                                                  
{'loss': '0.003362', 'grad_norm': '0.2184', 'learning_rate': '0.0001346', 'epoch': '1.222'}
[1A
[1A 41%|████      | 424/1041 [26:06<38:24,  3.74s/it]
[1A 41%|████      | 425/1041 [26:10<38:13,  3.72s/it]
[1A                                                  
{'loss': '0.0001551', 'grad_norm': '0.002963', 'learning_rate': '0.0001343', 'epoch': '1.225'}
[1A
[1A 41%|████      | 425/1041 [26:10<38:13,  3.72s/it]
[1A 41%|████      | 426/1041 [26:14<37:33,  3.66s/it]
[1A                                                  
{'loss': '0.0001245', 'grad_norm': '0.00552', 'learning_rate': '0.000134', 'epoch': '1.228'}
[1A
[1A 41%|████      | 426/1041 [26:14<37:33,  3.66s/it]
[1A 41%|████      | 427/1041 [26:17<37:12,  3.64s/it]
[1A                                                  
{'loss': '0.0125', 'grad_norm': '0.3103', 'learning_rate': '0.0001337', 'epoch': '1.231'}
[1A
[1A 41%|████      | 427/1041 [26:17<37:12,  3.64s/it]
[1A 41%|████      | 428/1041 [26:21<36:57,  3.62s/it]
[1A                                                  
{'loss': '0.0002183', 'grad_norm': '0.007972', 'learning_rate': '0.0001334', 'epoch': '1.234'}
[1A
[1A 41%|████      | 428/1041 [26:21<36:57,  3.62s/it]
[1A 41%|████      | 429/1041 [26:24<36:05,  3.54s/it]
[1A                                                  
{'loss': '5.852e-05', 'grad_norm': '0.001493', 'learning_rate': '0.0001331', 'epoch': '1.237'}
[1A
[1A 41%|████      | 429/1041 [26:24<36:05,  3.54s/it]
[1A 41%|████▏     | 430/1041 [26:27<35:54,  3.53s/it]
[1A                                                  
{'loss': '0.0001173', 'grad_norm': '0.002974', 'learning_rate': '0.0001328', 'epoch': '1.24'}
[1A
[1A 41%|████▏     | 430/1041 [26:28<35:54,  3.53s/it]
[1A 41%|████▏     | 431/1041 [26:31<36:03,  3.55s/it]
[1A                                                  
{'loss': '0.0003506', 'grad_norm': '0.01679', 'learning_rate': '0.0001326', 'epoch': '1.242'}
[1A
[1A 41%|████▏     | 431/1041 [26:31<36:03,  3.55s/it]
[1A 41%|████▏     | 432/1041 [26:34<35:23,  3.49s/it]
[1A                                                  
{'loss': '4.404e-05', 'grad_norm': '0.001903', 'learning_rate': '0.0001323', 'epoch': '1.245'}
[1A
[1A 41%|████▏     | 432/1041 [26:34<35:23,  3.49s/it]
[1A 42%|████▏     | 433/1041 [26:38<35:39,  3.52s/it]
[1A                                                  
{'loss': '0.001204', 'grad_norm': '0.1103', 'learning_rate': '0.000132', 'epoch': '1.248'}
[1A
[1A 42%|████▏     | 433/1041 [26:38<35:39,  3.52s/it]
[1A 42%|████▏     | 434/1041 [26:42<36:54,  3.65s/it]
[1A                                                  
{'loss': '0.0009388', 'grad_norm': '0.02517', 'learning_rate': '0.0001317', 'epoch': '1.251'}
[1A
[1A 42%|████▏     | 434/1041 [26:42<36:54,  3.65s/it]
[1A 42%|████▏     | 435/1041 [26:46<36:58,  3.66s/it]
[1A                                                  
{'loss': '0.01763', 'grad_norm': '0.3893', 'learning_rate': '0.0001314', 'epoch': '1.254'}
[1A
[1A 42%|████▏     | 435/1041 [26:46<36:58,  3.66s/it]
[1A 42%|████▏     | 436/1041 [26:50<37:34,  3.73s/it]
[1A                                                  
{'loss': '0.006282', 'grad_norm': '0.2192', 'learning_rate': '0.0001311', 'epoch': '1.257'}
[1A
[1A 42%|████▏     | 436/1041 [26:50<37:34,  3.73s/it]
[1A 42%|████▏     | 437/1041 [26:53<36:48,  3.66s/it]
[1A                                                  
{'loss': '4.574e-05', 'grad_norm': '0.0009941', 'learning_rate': '0.0001308', 'epoch': '1.26'}
[1A
[1A 42%|████▏     | 437/1041 [26:53<36:48,  3.66s/it]
[1A 42%|████▏     | 438/1041 [26:57<36:57,  3.68s/it]
[1A                                                  
{'loss': '0.0003774', 'grad_norm': '0.0129', 'learning_rate': '0.0001305', 'epoch': '1.263'}
[1A
[1A 42%|████▏     | 438/1041 [26:57<36:57,  3.68s/it]
[1A 42%|████▏     | 439/1041 [27:01<37:26,  3.73s/it]
[1A                                                  
{'loss': '0.007387', 'grad_norm': '0.3025', 'learning_rate': '0.0001302', 'epoch': '1.266'}
[1A
[1A 42%|████▏     | 439/1041 [27:01<37:26,  3.73s/it]
[1A 42%|████▏     | 440/1041 [27:04<37:17,  3.72s/it]
[1A                                                  
{'loss': '0.0001651', 'grad_norm': '0.0064', 'learning_rate': '0.0001299', 'epoch': '1.268'}
[1A
[1A 42%|████▏     | 440/1041 [27:04<37:17,  3.72s/it]
[1A 42%|████▏     | 441/1041 [27:08<37:16,  3.73s/it]
[1A                                                  
{'loss': '0.0008388', 'grad_norm': '0.01729', 'learning_rate': '0.0001296', 'epoch': '1.271'}
[1A
[1A 42%|████▏     | 441/1041 [27:08<37:16,  3.73s/it]
[1A 42%|████▏     | 442/1041 [27:12<37:12,  3.73s/it]
[1A                                                  
{'loss': '0.0001865', 'grad_norm': '0.004147', 'learning_rate': '0.0001293', 'epoch': '1.274'}
[1A
[1A 42%|████▏     | 442/1041 [27:12<37:12,  3.73s/it]
[1A 43%|████▎     | 443/1041 [27:15<36:40,  3.68s/it]
[1A                                                  
{'loss': '9.488e-05', 'grad_norm': '0.002938', 'learning_rate': '0.000129', 'epoch': '1.277'}
[1A
[1A 43%|████▎     | 443/1041 [27:15<36:40,  3.68s/it]
[1A 43%|████▎     | 444/1041 [27:19<37:09,  3.73s/it]
[1A                                                  
{'loss': '0.0008127', 'grad_norm': '0.03428', 'learning_rate': '0.0001287', 'epoch': '1.28'}
[1A
[1A 43%|████▎     | 444/1041 [27:19<37:09,  3.73s/it]
[1A 43%|████▎     | 445/1041 [27:23<36:58,  3.72s/it]
[1A                                                  
{'loss': '0.0004976', 'grad_norm': '0.06729', 'learning_rate': '0.0001284', 'epoch': '1.283'}
[1A
[1A 43%|████▎     | 445/1041 [27:23<36:58,  3.72s/it]
[1A 43%|████▎     | 446/1041 [27:27<37:09,  3.75s/it]
[1A                                                  
{'loss': '0.0003359', 'grad_norm': '0.02829', 'learning_rate': '0.0001281', 'epoch': '1.286'}
[1A
[1A 43%|████▎     | 446/1041 [27:27<37:09,  3.75s/it]
[1A 43%|████▎     | 447/1041 [27:31<37:28,  3.78s/it]
[1A                                                  
{'loss': '9.536e-05', 'grad_norm': '0.002356', 'learning_rate': '0.0001278', 'epoch': '1.289'}
[1A
[1A 43%|████▎     | 447/1041 [27:31<37:28,  3.78s/it]
[1A 43%|████▎     | 448/1041 [27:34<37:16,  3.77s/it]
[1A                                                  
{'loss': '0.001174', 'grad_norm': '0.05402', 'learning_rate': '0.0001275', 'epoch': '1.291'}
[1A
[1A 43%|████▎     | 448/1041 [27:34<37:16,  3.77s/it]
[1A 43%|████▎     | 449/1041 [27:38<36:21,  3.69s/it]
[1A                                                  
{'loss': '4.098e-05', 'grad_norm': '0.0009706', 'learning_rate': '0.0001272', 'epoch': '1.294'}
[1A
[1A 43%|████▎     | 449/1041 [27:38<36:21,  3.69s/it]
[1A 43%|████▎     | 450/1041 [27:42<36:53,  3.75s/it]
[1A                                                  
{'loss': '4.602e-05', 'grad_norm': '0.001161', 'learning_rate': '0.0001269', 'epoch': '1.297'}
[1A
[1A 43%|████▎     | 450/1041 [27:42<36:53,  3.75s/it]
[1A 43%|████▎     | 451/1041 [27:45<36:19,  3.69s/it]
[1A                                                  
{'loss': '0.0002845', 'grad_norm': '0.01013', 'learning_rate': '0.0001266', 'epoch': '1.3'}
[1A
[1A 43%|████▎     | 451/1041 [27:45<36:19,  3.69s/it]
[1A 43%|████▎     | 452/1041 [27:49<36:45,  3.74s/it]
[1A                                                  
{'loss': '0.0001811', 'grad_norm': '0.01465', 'learning_rate': '0.0001263', 'epoch': '1.303'}
[1A
[1A 43%|████▎     | 452/1041 [27:49<36:45,  3.74s/it]
[1A 44%|████▎     | 453/1041 [27:53<36:12,  3.70s/it]
[1A                                                  
{'loss': '3.386e-05', 'grad_norm': '0.0009001', 'learning_rate': '0.000126', 'epoch': '1.306'}
[1A
[1A 44%|████▎     | 453/1041 [27:53<36:12,  3.70s/it]
[1A 44%|████▎     | 454/1041 [27:56<35:49,  3.66s/it]
[1A                                                  
{'loss': '4.266e-05', 'grad_norm': '0.0009945', 'learning_rate': '0.0001257', 'epoch': '1.309'}
[1A
[1A 44%|████▎     | 454/1041 [27:56<35:49,  3.66s/it]
[1A 44%|████▎     | 455/1041 [28:00<35:20,  3.62s/it]
[1A                                                  
{'loss': '3.092e-05', 'grad_norm': '0.0005338', 'learning_rate': '0.0001254', 'epoch': '1.312'}
[1A
[1A 44%|████▎     | 455/1041 [28:00<35:20,  3.62s/it]
[1A 44%|████▍     | 456/1041 [28:04<35:35,  3.65s/it]
[1A                                                  
{'loss': '4.077e-05', 'grad_norm': '0.000898', 'learning_rate': '0.0001251', 'epoch': '1.315'}
[1A
[1A 44%|████▍     | 456/1041 [28:04<35:35,  3.65s/it]
[1A 44%|████▍     | 457/1041 [28:07<35:07,  3.61s/it]
[1A                                                  
{'loss': '0.0001353', 'grad_norm': '0.00494', 'learning_rate': '0.0001248', 'epoch': '1.317'}
[1A
[1A 44%|████▍     | 457/1041 [28:07<35:07,  3.61s/it]
[1A 44%|████▍     | 458/1041 [28:11<34:59,  3.60s/it]
[1A                                                  
{'loss': '5.066e-05', 'grad_norm': '0.001344', 'learning_rate': '0.0001245', 'epoch': '1.32'}
[1A
[1A 44%|████▍     | 458/1041 [28:11<34:59,  3.60s/it]
[1A 44%|████▍     | 459/1041 [28:14<35:08,  3.62s/it]
[1A                                                  
{'loss': '3.783e-05', 'grad_norm': '0.001591', 'learning_rate': '0.0001242', 'epoch': '1.323'}
[1A
[1A 44%|████▍     | 459/1041 [28:14<35:08,  3.62s/it]
[1A 44%|████▍     | 460/1041 [28:18<34:29,  3.56s/it]
[1A                                                  
{'loss': '2.371e-05', 'grad_norm': '0.001159', 'learning_rate': '0.0001239', 'epoch': '1.326'}
[1A
[1A 44%|████▍     | 460/1041 [28:18<34:29,  3.56s/it]
[1A 44%|████▍     | 461/1041 [28:21<34:51,  3.61s/it]
[1A                                                  
{'loss': '0.001326', 'grad_norm': '0.1665', 'learning_rate': '0.0001236', 'epoch': '1.329'}
[1A
[1A 44%|████▍     | 461/1041 [28:21<34:51,  3.61s/it]
[1A 44%|████▍     | 462/1041 [28:25<34:41,  3.60s/it]
[1A                                                  
{'loss': '5.184e-05', 'grad_norm': '0.00431', 'learning_rate': '0.0001233', 'epoch': '1.332'}
[1A
[1A 44%|████▍     | 462/1041 [28:25<34:41,  3.60s/it]
[1A 44%|████▍     | 463/1041 [28:29<34:27,  3.58s/it]
[1A                                                  
{'loss': '5.033e-05', 'grad_norm': '0.001338', 'learning_rate': '0.000123', 'epoch': '1.335'}
[1A
[1A 44%|████▍     | 463/1041 [28:29<34:27,  3.58s/it]
[1A 45%|████▍     | 464/1041 [28:32<34:14,  3.56s/it]
[1A                                                  
{'loss': '5.157e-05', 'grad_norm': '0.001441', 'learning_rate': '0.0001227', 'epoch': '1.338'}
[1A
[1A 45%|████▍     | 464/1041 [28:32<34:14,  3.56s/it]
[1A 45%|████▍     | 465/1041 [28:36<34:14,  3.57s/it]
[1A                                                  
{'loss': '2.362e-05', 'grad_norm': '0.0003779', 'learning_rate': '0.0001224', 'epoch': '1.341'}
[1A
[1A 45%|████▍     | 465/1041 [28:36<34:14,  3.57s/it]
[1A 45%|████▍     | 466/1041 [28:39<33:49,  3.53s/it]
[1A                                                  
{'loss': '5.802e-05', 'grad_norm': '0.002097', 'learning_rate': '0.0001221', 'epoch': '1.343'}
[1A
[1A 45%|████▍     | 466/1041 [28:39<33:49,  3.53s/it]
[1A 45%|████▍     | 467/1041 [28:43<33:31,  3.50s/it]
[1A                                                  
{'loss': '2.535e-05', 'grad_norm': '0.000644', 'learning_rate': '0.0001218', 'epoch': '1.346'}
[1A
[1A 45%|████▍     | 467/1041 [28:43<33:31,  3.50s/it]
[1A 45%|████▍     | 468/1041 [28:46<34:04,  3.57s/it]
[1A                                                  
{'loss': '6.978e-05', 'grad_norm': '0.001512', 'learning_rate': '0.0001215', 'epoch': '1.349'}
[1A
[1A 45%|████▍     | 468/1041 [28:46<34:04,  3.57s/it]
[1A 45%|████▌     | 469/1041 [28:50<34:17,  3.60s/it]
[1A                                                  
{'loss': '0.0002332', 'grad_norm': '0.02623', 'learning_rate': '0.0001212', 'epoch': '1.352'}
[1A
[1A 45%|████▌     | 469/1041 [28:50<34:17,  3.60s/it]
[1A 45%|████▌     | 470/1041 [28:54<34:35,  3.63s/it]
[1A                                                  
{'loss': '9.778e-05', 'grad_norm': '0.006947', 'learning_rate': '0.0001209', 'epoch': '1.355'}
[1A
[1A 45%|████▌     | 470/1041 [28:54<34:35,  3.63s/it]
[1A 45%|████▌     | 471/1041 [28:57<34:46,  3.66s/it]
[1A                                                  
{'loss': '0.001274', 'grad_norm': '0.0997', 'learning_rate': '0.0001206', 'epoch': '1.358'}
[1A
[1A 45%|████▌     | 471/1041 [28:57<34:46,  3.66s/it]
[1A 45%|████▌     | 472/1041 [29:01<34:56,  3.68s/it]
[1A                                                  
{'loss': '3.822e-05', 'grad_norm': '0.002043', 'learning_rate': '0.0001203', 'epoch': '1.361'}
[1A
[1A 45%|████▌     | 472/1041 [29:01<34:56,  3.68s/it]
[1A 45%|████▌     | 473/1041 [29:05<34:23,  3.63s/it]
[1A                                                  
{'loss': '0.0001131', 'grad_norm': '0.007013', 'learning_rate': '0.0001199', 'epoch': '1.364'}
[1A
[1A 45%|████▌     | 473/1041 [29:05<34:23,  3.63s/it]
[1A 46%|████▌     | 474/1041 [29:08<34:35,  3.66s/it]
[1A                                                  
{'loss': '0.0001062', 'grad_norm': '0.006221', 'learning_rate': '0.0001196', 'epoch': '1.367'}
[1A
[1A 46%|████▌     | 474/1041 [29:08<34:35,  3.66s/it]
[1A 46%|████▌     | 475/1041 [29:12<35:08,  3.72s/it]
[1A                                                  
{'loss': '0.0003101', 'grad_norm': '0.01738', 'learning_rate': '0.0001193', 'epoch': '1.369'}
[1A
[1A 46%|████▌     | 475/1041 [29:12<35:08,  3.72s/it]
[1A 46%|████▌     | 476/1041 [29:16<34:28,  3.66s/it]
[1A                                                  
{'loss': '8.711e-05', 'grad_norm': '0.003565', 'learning_rate': '0.000119', 'epoch': '1.372'}
[1A
[1A 46%|████▌     | 476/1041 [29:16<34:28,  3.66s/it]
[1A 46%|████▌     | 477/1041 [29:20<34:59,  3.72s/it]
[1A                                                  
{'loss': '6.216e-05', 'grad_norm': '0.001776', 'learning_rate': '0.0001187', 'epoch': '1.375'}
[1A
[1A 46%|████▌     | 477/1041 [29:20<34:59,  3.72s/it]
[1A 46%|████▌     | 478/1041 [29:23<34:32,  3.68s/it]
[1A                                                  
{'loss': '3.986e-05', 'grad_norm': '0.001035', 'learning_rate': '0.0001184', 'epoch': '1.378'}
[1A
[1A 46%|████▌     | 478/1041 [29:23<34:32,  3.68s/it]
[1A 46%|████▌     | 479/1041 [29:27<34:00,  3.63s/it]
[1A                                                  
{'loss': '2.534e-05', 'grad_norm': '0.0005038', 'learning_rate': '0.0001181', 'epoch': '1.381'}
[1A
[1A 46%|████▌     | 479/1041 [29:27<34:00,  3.63s/it]
[1A 46%|████▌     | 480/1041 [29:30<33:43,  3.61s/it]
[1A                                                  
{'loss': '2.731e-05', 'grad_norm': '0.0004661', 'learning_rate': '0.0001178', 'epoch': '1.384'}
[1A
[1A 46%|████▌     | 480/1041 [29:30<33:43,  3.61s/it]
[1A 46%|████▌     | 481/1041 [29:34<33:59,  3.64s/it]
[1A                                                  
{'loss': '0.0001944', 'grad_norm': '0.008077', 'learning_rate': '0.0001175', 'epoch': '1.387'}
[1A
[1A 46%|████▌     | 481/1041 [29:34<33:59,  3.64s/it]
[1A 46%|████▋     | 482/1041 [29:37<33:32,  3.60s/it]
[1A                                                  
{'loss': '0.0002689', 'grad_norm': '0.01542', 'learning_rate': '0.0001172', 'epoch': '1.39'}
[1A
[1A 46%|████▋     | 482/1041 [29:37<33:32,  3.60s/it]
[1A 46%|████▋     | 483/1041 [29:41<33:06,  3.56s/it]
[1A                                                  
{'loss': '1.963e-05', 'grad_norm': '0.0004974', 'learning_rate': '0.0001169', 'epoch': '1.392'}
[1A
[1A 46%|████▋     | 483/1041 [29:41<33:06,  3.56s/it]
[1A 46%|████▋     | 484/1041 [29:45<34:10,  3.68s/it]
[1A                                                  
{'loss': '3.663e-05', 'grad_norm': '0.001194', 'learning_rate': '0.0001166', 'epoch': '1.395'}
[1A
[1A 46%|████▋     | 484/1041 [29:45<34:10,  3.68s/it]
[1A 47%|████▋     | 485/1041 [29:48<33:35,  3.63s/it]
[1A                                                  
{'loss': '1.266e-05', 'grad_norm': '0.0002011', 'learning_rate': '0.0001163', 'epoch': '1.398'}
[1A
[1A 47%|████▋     | 485/1041 [29:48<33:35,  3.63s/it]
[1A 47%|████▋     | 486/1041 [29:52<33:21,  3.61s/it]
[1A                                                  
{'loss': '7.256e-05', 'grad_norm': '0.005111', 'learning_rate': '0.000116', 'epoch': '1.401'}
[1A
[1A 47%|████▋     | 486/1041 [29:52<33:21,  3.61s/it]
[1A 47%|████▋     | 487/1041 [29:56<33:41,  3.65s/it]
[1A                                                  
{'loss': '0.0001646', 'grad_norm': '0.008355', 'learning_rate': '0.0001157', 'epoch': '1.404'}
[1A
[1A 47%|████▋     | 487/1041 [29:56<33:41,  3.65s/it]
[1A 47%|████▋     | 488/1041 [29:59<33:54,  3.68s/it]
[1A                                                  
{'loss': '0.0001375', 'grad_norm': '0.01757', 'learning_rate': '0.0001154', 'epoch': '1.407'}
[1A
[1A 47%|████▋     | 488/1041 [29:59<33:54,  3.68s/it]
[1A 47%|████▋     | 489/1041 [30:03<33:35,  3.65s/it]
[1A                                                  
{'loss': '7.29e-05', 'grad_norm': '0.004701', 'learning_rate': '0.000115', 'epoch': '1.41'}
[1A
[1A 47%|████▋     | 489/1041 [30:03<33:35,  3.65s/it]
[1A 47%|████▋     | 490/1041 [30:07<34:09,  3.72s/it]
[1A                                                  
{'loss': '8.226e-05', 'grad_norm': '0.00441', 'learning_rate': '0.0001147', 'epoch': '1.413'}
[1A
[1A 47%|████▋     | 490/1041 [30:07<34:09,  3.72s/it]
[1A 47%|████▋     | 491/1041 [30:11<34:31,  3.77s/it]
[1A                                                  
{'loss': '5.215e-05', 'grad_norm': '0.001569', 'learning_rate': '0.0001144', 'epoch': '1.416'}
[1A
[1A 47%|████▋     | 491/1041 [30:11<34:31,  3.77s/it]
[1A 47%|████▋     | 492/1041 [30:14<34:00,  3.72s/it]
[1A                                                  
{'loss': '5.479e-05', 'grad_norm': '0.003617', 'learning_rate': '0.0001141', 'epoch': '1.418'}
[1A
[1A 47%|████▋     | 492/1041 [30:14<34:00,  3.72s/it]
[1A 47%|████▋     | 493/1041 [30:18<34:00,  3.72s/it]
[1A                                                  
{'loss': '0.0001457', 'grad_norm': '0.01097', 'learning_rate': '0.0001138', 'epoch': '1.421'}
[1A
[1A 47%|████▋     | 493/1041 [30:18<34:00,  3.72s/it]
[1A 47%|████▋     | 494/1041 [30:22<33:49,  3.71s/it]
[1A                                                  
{'loss': '1.732e-05', 'grad_norm': '0.0002766', 'learning_rate': '0.0001135', 'epoch': '1.424'}
[1A
[1A 47%|████▋     | 494/1041 [30:22<33:49,  3.71s/it]
[1A 48%|████▊     | 495/1041 [30:26<33:51,  3.72s/it]
[1A                                                  
{'loss': '0.0007189', 'grad_norm': '0.1022', 'learning_rate': '0.0001132', 'epoch': '1.427'}
[1A
[1A 48%|████▊     | 495/1041 [30:26<33:51,  3.72s/it]
[1A 48%|████▊     | 496/1041 [30:29<33:34,  3.70s/it]
[1A                                                  
{'loss': '3.261e-05', 'grad_norm': '0.001', 'learning_rate': '0.0001129', 'epoch': '1.43'}
[1A
[1A 48%|████▊     | 496/1041 [30:29<33:34,  3.70s/it]
[1A 48%|████▊     | 497/1041 [30:33<33:11,  3.66s/it]
[1A                                                  
{'loss': '0.002492', 'grad_norm': '0.1391', 'learning_rate': '0.0001126', 'epoch': '1.433'}
[1A
[1A 48%|████▊     | 497/1041 [30:33<33:11,  3.66s/it]
[1A 48%|████▊     | 498/1041 [30:36<32:53,  3.63s/it]
[1A                                                  
{'loss': '1.589e-05', 'grad_norm': '0.0003384', 'learning_rate': '0.0001123', 'epoch': '1.436'}
[1A
[1A 48%|████▊     | 498/1041 [30:36<32:53,  3.63s/it]
[1A 48%|████▊     | 499/1041 [30:40<32:40,  3.62s/it]
[1A                                                  
{'loss': '2.616e-05', 'grad_norm': '0.0007997', 'learning_rate': '0.000112', 'epoch': '1.439'}
[1A
[1A 48%|████▊     | 499/1041 [30:40<32:40,  3.62s/it]
[1A 48%|████▊     | 500/1041 [30:48<45:45,  5.08s/it]                                                  
{'loss': '8.053e-06', 'grad_norm': '0.0001125', 'learning_rate': '0.0001116', 'epoch': '1.442'}
[1A
[1A 48%|████▊     | 500/1041 [30:48<45:45,  5.08s/it]
[1A 48%|████▊     | 501/1041 [30:52<42:00,  4.67s/it]
[1A                                                  
{'loss': '9.861e-06', 'grad_norm': '0.0001545', 'learning_rate': '0.0001113', 'epoch': '1.444'}
[1A
[1A 48%|████▊     | 501/1041 [30:52<42:00,  4.67s/it]
[1A 48%|████▊     | 502/1041 [30:56<39:18,  4.38s/it]
[1A                                                  
{'loss': '4.57e-05', 'grad_norm': '0.003278', 'learning_rate': '0.000111', 'epoch': '1.447'}
[1A
[1A 48%|████▊     | 502/1041 [30:56<39:18,  4.38s/it]
[1A 48%|████▊     | 503/1041 [30:59<37:17,  4.16s/it]
[1A                                                  
{'loss': '2.024e-05', 'grad_norm': '0.0004067', 'learning_rate': '0.0001107', 'epoch': '1.45'}
[1A
[1A 48%|████▊     | 503/1041 [30:59<37:17,  4.16s/it]
[1A 48%|████▊     | 504/1041 [31:03<36:06,  4.03s/it]
[1A                                                  
{'loss': '0.002601', 'grad_norm': '0.3085', 'learning_rate': '0.0001104', 'epoch': '1.453'}
[1A
[1A 48%|████▊     | 504/1041 [31:03<36:06,  4.03s/it]
[1A 49%|████▊     | 505/1041 [31:07<34:13,  3.83s/it]
[1A                                                  
{'loss': '8.409e-06', 'grad_norm': '0.0001203', 'learning_rate': '0.0001101', 'epoch': '1.456'}
[1A
[1A 49%|████▊     | 505/1041 [31:07<34:13,  3.83s/it]
[1A 49%|████▊     | 506/1041 [31:10<33:51,  3.80s/it]
[1A                                                  
{'loss': '2.022e-05', 'grad_norm': '0.0006675', 'learning_rate': '0.0001098', 'epoch': '1.459'}
[1A
[1A 49%|████▊     | 506/1041 [31:10<33:51,  3.80s/it]
[1A 49%|████▊     | 507/1041 [31:14<33:57,  3.81s/it]
[1A                                                  
{'loss': '2.425e-05', 'grad_norm': '0.0006038', 'learning_rate': '0.0001095', 'epoch': '1.462'}
[1A
[1A 49%|████▊     | 507/1041 [31:14<33:57,  3.81s/it]
[1A 49%|████▉     | 508/1041 [31:18<33:27,  3.77s/it]
[1A                                                  
{'loss': '7.912e-06', 'grad_norm': '0.0001163', 'learning_rate': '0.0001092', 'epoch': '1.465'}
[1A
[1A 49%|████▉     | 508/1041 [31:18<33:27,  3.77s/it]
[1A 49%|████▉     | 509/1041 [31:21<32:42,  3.69s/it]
[1A                                                  
{'loss': '1.259e-05', 'grad_norm': '0.0002214', 'learning_rate': '0.0001089', 'epoch': '1.468'}
[1A
[1A 49%|████▉     | 509/1041 [31:21<32:42,  3.69s/it]
[1A 49%|████▉     | 510/1041 [31:25<32:22,  3.66s/it]
[1A                                                  
{'loss': '8.338e-06', 'grad_norm': '0.0001006', 'learning_rate': '0.0001086', 'epoch': '1.47'}
[1A
[1A 49%|████▉     | 510/1041 [31:25<32:22,  3.66s/it]
[1A 49%|████▉     | 511/1041 [31:28<32:05,  3.63s/it]
[1A                                                  
{'loss': '1.306e-05', 'grad_norm': '0.0003299', 'learning_rate': '0.0001082', 'epoch': '1.473'}
[1A
[1A 49%|████▉     | 511/1041 [31:28<32:05,  3.63s/it]
[1A 49%|████▉     | 512/1041 [31:32<31:53,  3.62s/it]
[1A                                                  
{'loss': '3.832e-05', 'grad_norm': '0.002472', 'learning_rate': '0.0001079', 'epoch': '1.476'}
[1A
[1A 49%|████▉     | 512/1041 [31:32<31:53,  3.62s/it]
[1A 49%|████▉     | 513/1041 [31:36<32:02,  3.64s/it]
[1A                                                  
{'loss': '0.001246', 'grad_norm': '0.2014', 'learning_rate': '0.0001076', 'epoch': '1.479'}
[1A
[1A 49%|████▉     | 513/1041 [31:36<32:02,  3.64s/it]
[1A 49%|████▉     | 514/1041 [31:39<32:13,  3.67s/it]
[1A                                                  
{'loss': '1.735e-05', 'grad_norm': '0.0007402', 'learning_rate': '0.0001073', 'epoch': '1.482'}
[1A
[1A 49%|████▉     | 514/1041 [31:39<32:13,  3.67s/it]
[1A 49%|████▉     | 515/1041 [31:43<31:54,  3.64s/it]
[1A                                                  
{'loss': '6.822e-05', 'grad_norm': '0.009913', 'learning_rate': '0.000107', 'epoch': '1.485'}
[1A
[1A 49%|████▉     | 515/1041 [31:43<31:54,  3.64s/it]
[1A 50%|████▉     | 516/1041 [31:47<32:24,  3.70s/it]
[1A                                                  
{'loss': '4.557e-05', 'grad_norm': '0.003446', 'learning_rate': '0.0001067', 'epoch': '1.488'}
[1A
[1A 50%|████▉     | 516/1041 [31:47<32:24,  3.70s/it]
[1A 50%|████▉     | 517/1041 [31:50<31:38,  3.62s/it]
[1A                                                  
{'loss': '2.526e-05', 'grad_norm': '0.001042', 'learning_rate': '0.0001064', 'epoch': '1.491'}
[1A
[1A 50%|████▉     | 517/1041 [31:50<31:38,  3.62s/it]
[1A 50%|████▉     | 518/1041 [31:54<31:21,  3.60s/it]
[1A                                                  
{'loss': '1.932e-05', 'grad_norm': '0.0003382', 'learning_rate': '0.0001061', 'epoch': '1.494'}
[1A
[1A 50%|████▉     | 518/1041 [31:54<31:21,  3.60s/it]
[1A 50%|████▉     | 519/1041 [31:57<31:13,  3.59s/it]
[1A                                                  
{'loss': '1.581e-05', 'grad_norm': '0.0006809', 'learning_rate': '0.0001058', 'epoch': '1.496'}
[1A
[1A 50%|████▉     | 519/1041 [31:57<31:13,  3.59s/it]
[1A 50%|████▉     | 520/1041 [32:01<31:54,  3.67s/it]
[1A                                                  
{'loss': '0.0001202', 'grad_norm': '0.01339', 'learning_rate': '0.0001054', 'epoch': '1.499'}
[1A
[1A 50%|████▉     | 520/1041 [32:01<31:54,  3.67s/it]
[1A 50%|█████     | 521/1041 [32:05<31:51,  3.68s/it]
[1A                                                  
{'loss': '4.063e-05', 'grad_norm': '0.002939', 'learning_rate': '0.0001051', 'epoch': '1.502'}
[1A
[1A 50%|█████     | 521/1041 [32:05<31:51,  3.68s/it]
[1A 50%|█████     | 522/1041 [32:08<31:12,  3.61s/it]
[1A                                                  
{'loss': '8.284e-06', 'grad_norm': '0.0001848', 'learning_rate': '0.0001048', 'epoch': '1.505'}
[1A
[1A 50%|█████     | 522/1041 [32:08<31:12,  3.61s/it]
[1A 50%|█████     | 523/1041 [32:12<31:24,  3.64s/it]
[1A                                                  
{'loss': '1.397e-05', 'grad_norm': '0.0002744', 'learning_rate': '0.0001045', 'epoch': '1.508'}
[1A
[1A 50%|█████     | 523/1041 [32:12<31:24,  3.64s/it]
[1A 50%|█████     | 524/1041 [32:16<31:53,  3.70s/it]
[1A                                                  
{'loss': '2.561e-05', 'grad_norm': '0.001465', 'learning_rate': '0.0001042', 'epoch': '1.511'}
[1A
[1A 50%|█████     | 524/1041 [32:16<31:53,  3.70s/it]
[1A 50%|█████     | 525/1041 [32:20<31:27,  3.66s/it]
[1A                                                  
{'loss': '0.0004576', 'grad_norm': '0.06481', 'learning_rate': '0.0001039', 'epoch': '1.514'}
[1A
[1A 50%|█████     | 525/1041 [32:20<31:27,  3.66s/it]
[1A 51%|█████     | 526/1041 [32:23<31:29,  3.67s/it]
[1A                                                  
{'loss': '1.879e-05', 'grad_norm': '0.0008137', 'learning_rate': '0.0001036', 'epoch': '1.517'}
[1A
[1A 51%|█████     | 526/1041 [32:23<31:29,  3.67s/it]
[1A 51%|█████     | 527/1041 [32:27<31:31,  3.68s/it]
[1A                                                  
{'loss': '1.385e-05', 'grad_norm': '0.0002479', 'learning_rate': '0.0001033', 'epoch': '1.519'}
[1A
[1A 51%|█████     | 527/1041 [32:27<31:31,  3.68s/it]
[1A 51%|█████     | 528/1041 [32:31<31:35,  3.69s/it]
[1A                                                  
{'loss': '2.138e-05', 'grad_norm': '0.0004032', 'learning_rate': '0.000103', 'epoch': '1.522'}
[1A
[1A 51%|█████     | 528/1041 [32:31<31:35,  3.69s/it]
[1A 51%|█████     | 529/1041 [32:34<31:17,  3.67s/it]
[1A                                                  
{'loss': '8.992e-05', 'grad_norm': '0.00613', 'learning_rate': '0.0001026', 'epoch': '1.525'}
[1A
[1A 51%|█████     | 529/1041 [32:34<31:17,  3.67s/it]
[1A 51%|█████     | 530/1041 [32:38<31:45,  3.73s/it]
[1A                                                  
{'loss': '1.237e-05', 'grad_norm': '0.0002455', 'learning_rate': '0.0001023', 'epoch': '1.528'}
[1A
[1A 51%|█████     | 530/1041 [32:38<31:45,  3.73s/it]
[1A 51%|█████     | 531/1041 [32:42<30:57,  3.64s/it]
[1A                                                  
{'loss': '1.643e-05', 'grad_norm': '0.0005541', 'learning_rate': '0.000102', 'epoch': '1.531'}
[1A
[1A 51%|█████     | 531/1041 [32:42<30:57,  3.64s/it]
[1A 51%|█████     | 532/1041 [32:45<30:34,  3.60s/it]
[1A                                                  
{'loss': '1.496e-05', 'grad_norm': '0.0009157', 'learning_rate': '0.0001017', 'epoch': '1.534'}
[1A
[1A 51%|█████     | 532/1041 [32:45<30:34,  3.60s/it]
[1A 51%|█████     | 533/1041 [32:49<30:14,  3.57s/it]
[1A                                                  
{'loss': '5.831e-06', 'grad_norm': '6.708e-05', 'learning_rate': '0.0001014', 'epoch': '1.537'}
[1A
[1A 51%|█████     | 533/1041 [32:49<30:14,  3.57s/it]
[1A 51%|█████▏    | 534/1041 [32:52<30:37,  3.62s/it]
[1A                                                  
{'loss': '2.686e-05', 'grad_norm': '0.001072', 'learning_rate': '0.0001011', 'epoch': '1.54'}
[1A
[1A 51%|█████▏    | 534/1041 [32:52<30:37,  3.62s/it]
[1A 51%|█████▏    | 535/1041 [32:56<30:05,  3.57s/it]
[1A                                                  
{'loss': '8.737e-05', 'grad_norm': '0.02103', 'learning_rate': '0.0001008', 'epoch': '1.543'}
[1A
[1A 51%|█████▏    | 535/1041 [32:56<30:05,  3.57s/it]
[1A 51%|█████▏    | 536/1041 [32:59<29:50,  3.54s/it]
[1A                                                  
{'loss': '1.841e-05', 'grad_norm': '0.0005945', 'learning_rate': '0.0001005', 'epoch': '1.545'}
[1A
[1A 51%|█████▏    | 536/1041 [32:59<29:50,  3.54s/it]
[1A 52%|█████▏    | 537/1041 [33:03<29:37,  3.53s/it]
[1A                                                  
{'loss': '1.188e-05', 'grad_norm': '0.0002584', 'learning_rate': '0.0001002', 'epoch': '1.548'}
[1A
[1A 52%|█████▏    | 537/1041 [33:03<29:37,  3.53s/it]
[1A 52%|█████▏    | 538/1041 [33:07<30:02,  3.58s/it]
[1A                                                  
{'loss': '0.0001621', 'grad_norm': '0.01131', 'learning_rate': '9.984e-05', 'epoch': '1.551'}
[1A
[1A 52%|█████▏    | 538/1041 [33:07<30:02,  3.58s/it]
[1A 52%|█████▏    | 539/1041 [33:10<30:10,  3.61s/it]
[1A                                                  
{'loss': '5.728e-06', 'grad_norm': '6.729e-05', 'learning_rate': '9.953e-05', 'epoch': '1.554'}
[1A
[1A 52%|█████▏    | 539/1041 [33:10<30:10,  3.61s/it]
[1A 52%|█████▏    | 540/1041 [33:14<29:51,  3.58s/it]
[1A                                                  
{'loss': '1.743e-05', 'grad_norm': '0.001747', 'learning_rate': '9.922e-05', 'epoch': '1.557'}
[1A
[1A 52%|█████▏    | 540/1041 [33:14<29:51,  3.58s/it]
[1A 52%|█████▏    | 541/1041 [33:17<29:40,  3.56s/it]
[1A                                                  
{'loss': '7.454e-06', 'grad_norm': '0.0001184', 'learning_rate': '9.891e-05', 'epoch': '1.56'}
[1A
[1A 52%|█████▏    | 541/1041 [33:17<29:40,  3.56s/it]
[1A 52%|█████▏    | 542/1041 [33:21<29:07,  3.50s/it]
[1A                                                  
{'loss': '9.277e-06', 'grad_norm': '0.0001352', 'learning_rate': '9.86e-05', 'epoch': '1.563'}
[1A
[1A 52%|█████▏    | 542/1041 [33:21<29:07,  3.50s/it]
[1A 52%|█████▏    | 543/1041 [33:24<29:13,  3.52s/it]
[1A                                                  
{'loss': '5.746e-05', 'grad_norm': '0.006231', 'learning_rate': '9.829e-05', 'epoch': '1.566'}
[1A
[1A 52%|█████▏    | 543/1041 [33:24<29:13,  3.52s/it]
[1A 52%|█████▏    | 544/1041 [33:28<29:38,  3.58s/it]
[1A                                                  
{'loss': '0.0003711', 'grad_norm': '0.06156', 'learning_rate': '9.798e-05', 'epoch': '1.569'}
[1A
[1A 52%|█████▏    | 544/1041 [33:28<29:38,  3.58s/it]
[1A 52%|█████▏    | 545/1041 [33:31<29:34,  3.58s/it]
[1A                                                  
{'loss': '0.000426', 'grad_norm': '0.03945', 'learning_rate': '9.767e-05', 'epoch': '1.571'}
[1A
[1A 52%|█████▏    | 545/1041 [33:31<29:34,  3.58s/it]
[1A 52%|█████▏    | 546/1041 [33:35<30:21,  3.68s/it]
[1A                                                  
{'loss': '2.219e-05', 'grad_norm': '0.001058', 'learning_rate': '9.735e-05', 'epoch': '1.574'}
[1A
[1A 52%|█████▏    | 546/1041 [33:35<30:21,  3.68s/it]
[1A 53%|█████▎    | 547/1041 [33:39<30:12,  3.67s/it]
[1A                                                  
{'loss': '6.992e-06', 'grad_norm': '8.871e-05', 'learning_rate': '9.704e-05', 'epoch': '1.577'}
[1A
[1A 53%|█████▎    | 547/1041 [33:39<30:12,  3.67s/it]
[1A 53%|█████▎    | 548/1041 [33:43<29:54,  3.64s/it]
[1A                                                  
{'loss': '0.003526', 'grad_norm': '0.2283', 'learning_rate': '9.673e-05', 'epoch': '1.58'}
[1A
[1A 53%|█████▎    | 548/1041 [33:43<29:54,  3.64s/it]
[1A 53%|█████▎    | 549/1041 [33:46<29:40,  3.62s/it]
[1A                                                  
{'loss': '2.342e-05', 'grad_norm': '0.0007661', 'learning_rate': '9.642e-05', 'epoch': '1.583'}
[1A
[1A 53%|█████▎    | 549/1041 [33:46<29:40,  3.62s/it]
[1A 53%|█████▎    | 550/1041 [33:50<29:34,  3.61s/it]
[1A                                                  
{'loss': '0.001558', 'grad_norm': '0.3203', 'learning_rate': '9.611e-05', 'epoch': '1.586'}
[1A
[1A 53%|█████▎    | 550/1041 [33:50<29:34,  3.61s/it]
[1A 53%|█████▎    | 551/1041 [33:53<29:01,  3.55s/it]
[1A                                                  
{'loss': '5.775e-06', 'grad_norm': '6.384e-05', 'learning_rate': '9.58e-05', 'epoch': '1.589'}
[1A
[1A 53%|█████▎    | 551/1041 [33:53<29:01,  3.55s/it]
[1A 53%|█████▎    | 552/1041 [33:57<29:43,  3.65s/it]
[1A                                                  
{'loss': '9.417e-06', 'grad_norm': '0.0001396', 'learning_rate': '9.549e-05', 'epoch': '1.592'}
[1A
[1A 53%|█████▎    | 552/1041 [33:57<29:43,  3.65s/it]
[1A 53%|█████▎    | 553/1041 [34:01<29:22,  3.61s/it]
[1A                                                  
{'loss': '1.934e-05', 'grad_norm': '0.0005426', 'learning_rate': '9.518e-05', 'epoch': '1.595'}
[1A
[1A 53%|█████▎    | 553/1041 [34:01<29:22,  3.61s/it]
[1A 53%|█████▎    | 554/1041 [34:04<29:39,  3.65s/it]
[1A                                                  
{'loss': '1.379e-05', 'grad_norm': '0.0002709', 'learning_rate': '9.486e-05', 'epoch': '1.597'}
[1A
[1A 53%|█████▎    | 554/1041 [34:04<29:39,  3.65s/it]
[1A 53%|█████▎    | 555/1041 [34:08<29:32,  3.65s/it]
[1A                                                  
{'loss': '9.296e-06', 'grad_norm': '0.0002131', 'learning_rate': '9.455e-05', 'epoch': '1.6'}
[1A
[1A 53%|█████▎    | 555/1041 [34:08<29:32,  3.65s/it]
[1A 53%|█████▎    | 556/1041 [34:11<29:17,  3.62s/it]
[1A                                                  
{'loss': '3.245e-05', 'grad_norm': '0.001394', 'learning_rate': '9.424e-05', 'epoch': '1.603'}
[1A
[1A 53%|█████▎    | 556/1041 [34:11<29:17,  3.62s/it]
[1A 54%|█████▎    | 557/1041 [34:15<29:08,  3.61s/it]
[1A                                                  
{'loss': '7.335e-06', 'grad_norm': '8.117e-05', 'learning_rate': '9.393e-05', 'epoch': '1.606'}
[1A
[1A 54%|█████▎    | 557/1041 [34:15<29:08,  3.61s/it]
[1A 54%|█████▎    | 558/1041 [34:19<29:11,  3.63s/it]
[1A                                                  
{'loss': '2.525e-05', 'grad_norm': '0.002405', 'learning_rate': '9.362e-05', 'epoch': '1.609'}
[1A
[1A 54%|█████▎    | 558/1041 [34:19<29:11,  3.63s/it]
[1A 54%|█████▎    | 559/1041 [34:22<28:53,  3.60s/it]
[1A                                                  
{'loss': '1.113e-05', 'grad_norm': '0.0001359', 'learning_rate': '9.331e-05', 'epoch': '1.612'}
[1A
[1A 54%|█████▎    | 559/1041 [34:22<28:53,  3.60s/it]
[1A 54%|█████▍    | 560/1041 [34:26<29:08,  3.64s/it]
[1A                                                  
{'loss': '2.842e-05', 'grad_norm': '0.001429', 'learning_rate': '9.3e-05', 'epoch': '1.615'}
[1A
[1A 54%|█████▍    | 560/1041 [34:26<29:08,  3.64s/it]
[1A 54%|█████▍    | 561/1041 [34:30<28:54,  3.61s/it]
[1A                                                  
{'loss': '1.552e-05', 'grad_norm': '0.0009666', 'learning_rate': '9.269e-05', 'epoch': '1.618'}
[1A
[1A 54%|█████▍    | 561/1041 [34:30<28:54,  3.61s/it]
[1A 54%|█████▍    | 562/1041 [34:33<29:10,  3.65s/it]
[1A                                                  
{'loss': '1.621e-05', 'grad_norm': '0.0006435', 'learning_rate': '9.238e-05', 'epoch': '1.62'}
[1A
[1A 54%|█████▍    | 562/1041 [34:33<29:10,  3.65s/it]
[1A 54%|█████▍    | 563/1041 [34:37<28:39,  3.60s/it]
[1A                                                  
{'loss': '6.162e-06', 'grad_norm': '8.772e-05', 'learning_rate': '9.207e-05', 'epoch': '1.623'}
[1A
[1A 54%|█████▍    | 563/1041 [34:37<28:39,  3.60s/it]
[1A 54%|█████▍    | 564/1041 [34:40<28:11,  3.55s/it]
[1A                                                  
{'loss': '3.319e-05', 'grad_norm': '0.0009476', 'learning_rate': '9.176e-05', 'epoch': '1.626'}
[1A
[1A 54%|█████▍    | 564/1041 [34:40<28:11,  3.55s/it]
[1A 54%|█████▍    | 565/1041 [34:44<28:11,  3.55s/it]
[1A                                                  
{'loss': '1.336e-05', 'grad_norm': '0.0002712', 'learning_rate': '9.145e-05', 'epoch': '1.629'}
[1A
[1A 54%|█████▍    | 565/1041 [34:44<28:11,  3.55s/it]
[1A 54%|█████▍    | 566/1041 [34:47<28:28,  3.60s/it]
[1A                                                  
{'loss': '0.007588', 'grad_norm': '0.4475', 'learning_rate': '9.114e-05', 'epoch': '1.632'}
[1A
[1A 54%|█████▍    | 566/1041 [34:47<28:28,  3.60s/it]
[1A 54%|█████▍    | 567/1041 [34:51<28:43,  3.64s/it]
[1A                                                  
{'loss': '1.622e-05', 'grad_norm': '0.0007696', 'learning_rate': '9.083e-05', 'epoch': '1.635'}
[1A
[1A 54%|█████▍    | 567/1041 [34:51<28:43,  3.64s/it]
[1A 55%|█████▍    | 568/1041 [34:55<28:52,  3.66s/it]
[1A                                                  
{'loss': '4.17e-05', 'grad_norm': '0.001311', 'learning_rate': '9.052e-05', 'epoch': '1.638'}
[1A
[1A 55%|█████▍    | 568/1041 [34:55<28:52,  3.66s/it]
[1A 55%|█████▍    | 569/1041 [34:59<28:58,  3.68s/it]
[1A                                                  
{'loss': '2.441e-05', 'grad_norm': '0.001387', 'learning_rate': '9.021e-05', 'epoch': '1.641'}
[1A
[1A 55%|█████▍    | 569/1041 [34:59<28:58,  3.68s/it]
[1A 55%|█████▍    | 570/1041 [35:02<28:40,  3.65s/it]
[1A                                                  
{'loss': '1.562e-05', 'grad_norm': '0.00024', 'learning_rate': '8.99e-05', 'epoch': '1.644'}
[1A
[1A 55%|█████▍    | 570/1041 [35:02<28:40,  3.65s/it]
[1A 55%|█████▍    | 571/1041 [35:06<29:20,  3.74s/it]
[1A                                                  
{'loss': '2.811e-05', 'grad_norm': '0.0008052', 'learning_rate': '8.959e-05', 'epoch': '1.646'}
[1A
[1A 55%|█████▍    | 571/1041 [35:06<29:20,  3.74s/it]
[1A 55%|█████▍    | 572/1041 [35:10<28:51,  3.69s/it]
[1A                                                  
{'loss': '0.01608', 'grad_norm': '0.8429', 'learning_rate': '8.928e-05', 'epoch': '1.649'}
[1A
[1A 55%|█████▍    | 572/1041 [35:10<28:51,  3.69s/it]
[1A 55%|█████▌    | 573/1041 [35:13<28:31,  3.66s/it]
[1A                                                  
{'loss': '1.514e-05', 'grad_norm': '0.0003747', 'learning_rate': '8.897e-05', 'epoch': '1.652'}
[1A
[1A 55%|█████▌    | 573/1041 [35:13<28:31,  3.66s/it]
[1A 55%|█████▌    | 574/1041 [35:17<28:32,  3.67s/it]
[1A                                                  
{'loss': '0.00636', 'grad_norm': '0.4938', 'learning_rate': '8.866e-05', 'epoch': '1.655'}
[1A
[1A 55%|█████▌    | 574/1041 [35:17<28:32,  3.67s/it]
[1A 55%|█████▌    | 575/1041 [35:21<28:34,  3.68s/it]
[1A                                                  
{'loss': '0.0003136', 'grad_norm': '0.03507', 'learning_rate': '8.835e-05', 'epoch': '1.658'}
[1A
[1A 55%|█████▌    | 575/1041 [35:21<28:34,  3.68s/it]
[1A 55%|█████▌    | 576/1041 [35:24<28:37,  3.69s/it]
[1A                                                  
{'loss': '6.783e-05', 'grad_norm': '0.003232', 'learning_rate': '8.804e-05', 'epoch': '1.661'}
[1A
[1A 55%|█████▌    | 576/1041 [35:24<28:37,  3.69s/it]
[1A 55%|█████▌    | 577/1041 [35:28<28:42,  3.71s/it]
[1A                                                  
{'loss': '9.584e-05', 'grad_norm': '0.004864', 'learning_rate': '8.773e-05', 'epoch': '1.664'}
[1A
[1A 55%|█████▌    | 577/1041 [35:28<28:42,  3.71s/it]
[1A 56%|█████▌    | 578/1041 [35:32<28:23,  3.68s/it]
[1A                                                  
{'loss': '4.499e-05', 'grad_norm': '0.002571', 'learning_rate': '8.742e-05', 'epoch': '1.667'}
[1A
[1A 56%|█████▌    | 578/1041 [35:32<28:23,  3.68s/it]
[1A 56%|█████▌    | 579/1041 [35:35<27:55,  3.63s/it]
[1A                                                  
{'loss': '3.332e-05', 'grad_norm': '0.002287', 'learning_rate': '8.711e-05', 'epoch': '1.67'}
[1A
[1A 56%|█████▌    | 579/1041 [35:35<27:55,  3.63s/it]
[1A 56%|█████▌    | 580/1041 [35:39<27:45,  3.61s/it]
[1A                                                  
{'loss': '2.63e-05', 'grad_norm': '0.0006581', 'learning_rate': '8.681e-05', 'epoch': '1.672'}
[1A
[1A 56%|█████▌    | 580/1041 [35:39<27:45,  3.61s/it]
[1A 56%|█████▌    | 581/1041 [35:43<27:56,  3.64s/it]
[1A                                                  
{'loss': '2.131e-05', 'grad_norm': '0.0007146', 'learning_rate': '8.65e-05', 'epoch': '1.675'}
[1A
[1A 56%|█████▌    | 581/1041 [35:43<27:56,  3.64s/it]
[1A 56%|█████▌    | 582/1041 [35:46<28:03,  3.67s/it]
[1A                                                  
{'loss': '0.0002046', 'grad_norm': '0.01301', 'learning_rate': '8.619e-05', 'epoch': '1.678'}
[1A
[1A 56%|█████▌    | 582/1041 [35:46<28:03,  3.67s/it]
[1A 56%|█████▌    | 583/1041 [35:50<27:38,  3.62s/it]
[1A                                                  
{'loss': '2.288e-05', 'grad_norm': '0.001583', 'learning_rate': '8.588e-05', 'epoch': '1.681'}
[1A
[1A 56%|█████▌    | 583/1041 [35:50<27:38,  3.62s/it]
[1A 56%|█████▌    | 584/1041 [35:53<27:37,  3.63s/it]
[1A                                                  
{'loss': '1.753e-05', 'grad_norm': '0.0003765', 'learning_rate': '8.557e-05', 'epoch': '1.684'}
[1A
[1A 56%|█████▌    | 584/1041 [35:53<27:37,  3.63s/it]
[1A 56%|█████▌    | 585/1041 [35:57<27:30,  3.62s/it]
[1A                                                  
{'loss': '0.0003874', 'grad_norm': '0.03056', 'learning_rate': '8.526e-05', 'epoch': '1.687'}
[1A
[1A 56%|█████▌    | 585/1041 [35:57<27:30,  3.62s/it]
[1A 56%|█████▋    | 586/1041 [36:01<27:23,  3.61s/it]
[1A                                                  
{'loss': '3.982e-05', 'grad_norm': '0.001327', 'learning_rate': '8.496e-05', 'epoch': '1.69'}
[1A
[1A 56%|█████▋    | 586/1041 [36:01<27:23,  3.61s/it]
[1A 56%|█████▋    | 587/1041 [36:04<27:16,  3.60s/it]
[1A                                                  
{'loss': '5.127e-05', 'grad_norm': '0.005347', 'learning_rate': '8.465e-05', 'epoch': '1.693'}
[1A
[1A 56%|█████▋    | 587/1041 [36:04<27:16,  3.60s/it]
[1A 56%|█████▋    | 588/1041 [36:08<27:02,  3.58s/it]
[1A                                                  
{'loss': '7.131e-05', 'grad_norm': '0.005314', 'learning_rate': '8.434e-05', 'epoch': '1.696'}
[1A
[1A 56%|█████▋    | 588/1041 [36:08<27:02,  3.58s/it]
[1A 57%|█████▋    | 589/1041 [36:11<26:47,  3.56s/it]
[1A                                                  
{'loss': '3.371e-05', 'grad_norm': '0.003623', 'learning_rate': '8.403e-05', 'epoch': '1.698'}
[1A
[1A 57%|█████▋    | 589/1041 [36:11<26:47,  3.56s/it]
[1A 57%|█████▋    | 590/1041 [36:15<26:37,  3.54s/it]
[1A                                                  
{'loss': '0.001542', 'grad_norm': '0.158', 'learning_rate': '8.373e-05', 'epoch': '1.701'}
[1A
[1A 57%|█████▋    | 590/1041 [36:15<26:37,  3.54s/it]
[1A 57%|█████▋    | 591/1041 [36:18<26:19,  3.51s/it]
[1A                                                  
{'loss': '0.003617', 'grad_norm': '0.3404', 'learning_rate': '8.342e-05', 'epoch': '1.704'}
[1A
[1A 57%|█████▋    | 591/1041 [36:18<26:19,  3.51s/it]
[1A 57%|█████▋    | 592/1041 [36:22<26:16,  3.51s/it]
[1A                                                  
{'loss': '0.0004023', 'grad_norm': '0.08398', 'learning_rate': '8.311e-05', 'epoch': '1.707'}
[1A
[1A 57%|█████▋    | 592/1041 [36:22<26:16,  3.51s/it]
[1A 57%|█████▋    | 593/1041 [36:25<26:41,  3.57s/it]
[1A                                                  
{'loss': '7.406e-05', 'grad_norm': '0.008859', 'learning_rate': '8.281e-05', 'epoch': '1.71'}
[1A
[1A 57%|█████▋    | 593/1041 [36:25<26:41,  3.57s/it]
[1A 57%|█████▋    | 594/1041 [36:29<27:15,  3.66s/it]
[1A                                                  
{'loss': '0.0007342', 'grad_norm': '0.2146', 'learning_rate': '8.25e-05', 'epoch': '1.713'}
[1A
[1A 57%|█████▋    | 594/1041 [36:29<27:15,  3.66s/it]
[1A 57%|█████▋    | 595/1041 [36:33<27:12,  3.66s/it]
[1A                                                  
{'loss': '0.0001159', 'grad_norm': '0.007814', 'learning_rate': '8.219e-05', 'epoch': '1.716'}
[1A
[1A 57%|█████▋    | 595/1041 [36:33<27:12,  3.66s/it]
[1A 57%|█████▋    | 596/1041 [36:37<26:57,  3.64s/it]
[1A                                                  
{'loss': '2.928e-05', 'grad_norm': '0.0008426', 'learning_rate': '8.189e-05', 'epoch': '1.719'}
[1A
[1A 57%|█████▋    | 596/1041 [36:37<26:57,  3.64s/it]
[1A 57%|█████▋    | 597/1041 [36:40<26:43,  3.61s/it]
[1A                                                  
{'loss': '2.996e-05', 'grad_norm': '0.0009198', 'learning_rate': '8.158e-05', 'epoch': '1.722'}
[1A
[1A 57%|█████▋    | 597/1041 [36:40<26:43,  3.61s/it]
[1A 57%|█████▋    | 598/1041 [36:44<26:37,  3.61s/it]
[1A                                                  
{'loss': '4.146e-05', 'grad_norm': '0.001416', 'learning_rate': '8.127e-05', 'epoch': '1.724'}
[1A
[1A 57%|█████▋    | 598/1041 [36:44<26:37,  3.61s/it]
[1A 58%|█████▊    | 599/1041 [36:47<26:38,  3.62s/it]
[1A                                                  
{'loss': '1.896e-05', 'grad_norm': '0.000604', 'learning_rate': '8.097e-05', 'epoch': '1.727'}
[1A
[1A 58%|█████▊    | 599/1041 [36:47<26:38,  3.62s/it]
[1A 58%|█████▊    | 600/1041 [36:56<38:04,  5.18s/it]                                                  
{'loss': '0.0136', 'grad_norm': '0.6148', 'learning_rate': '8.066e-05', 'epoch': '1.73'}
[1A
[1A 58%|█████▊    | 600/1041 [36:56<38:04,  5.18s/it]
[1A 58%|█████▊    | 601/1041 [37:00<34:24,  4.69s/it]
[1A                                                  
{'loss': '9.682e-05', 'grad_norm': '0.006024', 'learning_rate': '8.036e-05', 'epoch': '1.733'}
[1A
[1A 58%|█████▊    | 601/1041 [37:00<34:24,  4.69s/it]
[1A 58%|█████▊    | 602/1041 [37:03<31:47,  4.34s/it]
[1A                                                  
{'loss': '3.788e-05', 'grad_norm': '0.002263', 'learning_rate': '8.005e-05', 'epoch': '1.736'}
[1A
[1A 58%|█████▊    | 602/1041 [37:03<31:47,  4.34s/it]
[1A 58%|█████▊    | 603/1041 [37:07<30:40,  4.20s/it]
[1A                                                  
{'loss': '6.413e-05', 'grad_norm': '0.003047', 'learning_rate': '7.975e-05', 'epoch': '1.739'}
[1A
[1A 58%|█████▊    | 603/1041 [37:07<30:40,  4.20s/it]
[1A 58%|█████▊    | 604/1041 [37:11<29:32,  4.06s/it]
[1A                                                  
{'loss': '5.373e-05', 'grad_norm': '0.001945', 'learning_rate': '7.944e-05', 'epoch': '1.742'}
[1A
[1A 58%|█████▊    | 604/1041 [37:11<29:32,  4.06s/it]
[1A 58%|█████▊    | 605/1041 [37:14<28:19,  3.90s/it]
[1A                                                  
{'loss': '9.829e-05', 'grad_norm': '0.004446', 'learning_rate': '7.914e-05', 'epoch': '1.745'}
[1A
[1A 58%|█████▊    | 605/1041 [37:14<28:19,  3.90s/it]
[1A 58%|█████▊    | 606/1041 [37:18<27:34,  3.80s/it]
[1A                                                  
{'loss': '4.332e-05', 'grad_norm': '0.005693', 'learning_rate': '7.883e-05', 'epoch': '1.747'}
[1A
[1A 58%|█████▊    | 606/1041 [37:18<27:34,  3.80s/it]
[1A 58%|█████▊    | 607/1041 [37:22<27:30,  3.80s/it]
[1A                                                  
{'loss': '5.384e-05', 'grad_norm': '0.006908', 'learning_rate': '7.853e-05', 'epoch': '1.75'}
[1A
[1A 58%|█████▊    | 607/1041 [37:22<27:30,  3.80s/it]
[1A 58%|█████▊    | 608/1041 [37:25<27:06,  3.76s/it]
[1A                                                  
{'loss': '0.0002324', 'grad_norm': '0.02738', 'learning_rate': '7.823e-05', 'epoch': '1.753'}
[1A
[1A 58%|█████▊    | 608/1041 [37:25<27:06,  3.76s/it]
[1A 59%|█████▊    | 609/1041 [37:29<26:40,  3.70s/it]
[1A                                                  
{'loss': '0.0003471', 'grad_norm': '0.04075', 'learning_rate': '7.792e-05', 'epoch': '1.756'}
[1A
[1A 59%|█████▊    | 609/1041 [37:29<26:40,  3.70s/it]
[1A 59%|█████▊    | 610/1041 [37:33<26:36,  3.71s/it]
[1A                                                  
{'loss': '0.0006762', 'grad_norm': '0.1079', 'learning_rate': '7.762e-05', 'epoch': '1.759'}
[1A
[1A 59%|█████▊    | 610/1041 [37:33<26:36,  3.71s/it]
[1A 59%|█████▊    | 611/1041 [37:36<26:29,  3.70s/it]
[1A                                                  
{'loss': '8.856e-05', 'grad_norm': '0.002221', 'learning_rate': '7.731e-05', 'epoch': '1.762'}
[1A
[1A 59%|█████▊    | 611/1041 [37:36<26:29,  3.70s/it]
[1A 59%|█████▉    | 612/1041 [37:40<26:30,  3.71s/it]
[1A                                                  
{'loss': '0.0003108', 'grad_norm': '0.03376', 'learning_rate': '7.701e-05', 'epoch': '1.765'}
[1A
[1A 59%|█████▉    | 612/1041 [37:40<26:30,  3.71s/it]
[1A 59%|█████▉    | 613/1041 [37:44<26:11,  3.67s/it]
[1A                                                  
{'loss': '0.0009985', 'grad_norm': '0.1168', 'learning_rate': '7.671e-05', 'epoch': '1.768'}
[1A
[1A 59%|█████▉    | 613/1041 [37:44<26:11,  3.67s/it]
[1A 59%|█████▉    | 614/1041 [37:48<26:30,  3.72s/it]
[1A                                                  
{'loss': '0.02432', 'grad_norm': '0.7255', 'learning_rate': '7.641e-05', 'epoch': '1.771'}
[1A
[1A 59%|█████▉    | 614/1041 [37:48<26:30,  3.72s/it]
[1A 59%|█████▉    | 615/1041 [37:51<26:02,  3.67s/it]
[1A                                                  
{'loss': '5.535e-05', 'grad_norm': '0.003716', 'learning_rate': '7.61e-05', 'epoch': '1.773'}
[1A
[1A 59%|█████▉    | 615/1041 [37:51<26:02,  3.67s/it]
[1A 59%|█████▉    | 616/1041 [37:55<25:26,  3.59s/it]
[1A                                                  
{'loss': '1.01e-05', 'grad_norm': '0.0001372', 'learning_rate': '7.58e-05', 'epoch': '1.776'}
[1A
[1A 59%|█████▉    | 616/1041 [37:55<25:26,  3.59s/it]
[1A 59%|█████▉    | 617/1041 [37:58<25:13,  3.57s/it]
[1A                                                  
{'loss': '5.706e-05', 'grad_norm': '0.001779', 'learning_rate': '7.55e-05', 'epoch': '1.779'}
[1A
[1A 59%|█████▉    | 617/1041 [37:58<25:13,  3.57s/it]
[1A 59%|█████▉    | 618/1041 [38:02<25:04,  3.56s/it]
[1A                                                  
{'loss': '0.0003732', 'grad_norm': '0.04516', 'learning_rate': '7.52e-05', 'epoch': '1.782'}
[1A
[1A 59%|█████▉    | 618/1041 [38:02<25:04,  3.56s/it]
[1A 59%|█████▉    | 619/1041 [38:05<25:01,  3.56s/it]
[1A                                                  
{'loss': '0.001096', 'grad_norm': '0.1107', 'learning_rate': '7.49e-05', 'epoch': '1.785'}
[1A
[1A 59%|█████▉    | 619/1041 [38:05<25:01,  3.56s/it]
[1A 60%|█████▉    | 620/1041 [38:09<25:11,  3.59s/it]
[1A                                                  
{'loss': '0.0004149', 'grad_norm': '0.04518', 'learning_rate': '7.459e-05', 'epoch': '1.788'}
[1A
[1A 60%|█████▉    | 620/1041 [38:09<25:11,  3.59s/it]
[1A 60%|█████▉    | 621/1041 [38:12<25:08,  3.59s/it]
[1A                                                  
{'loss': '2.143e-05', 'grad_norm': '0.0006506', 'learning_rate': '7.429e-05', 'epoch': '1.791'}
[1A
[1A 60%|█████▉    | 621/1041 [38:12<25:08,  3.59s/it]
[1A 60%|█████▉    | 622/1041 [38:16<25:10,  3.60s/it]
[1A                                                  
{'loss': '1.282e-05', 'grad_norm': '0.0003086', 'learning_rate': '7.399e-05', 'epoch': '1.794'}
[1A
[1A 60%|█████▉    | 622/1041 [38:16<25:10,  3.60s/it]
[1A 60%|█████▉    | 623/1041 [38:20<25:17,  3.63s/it]
[1A                                                  
{'loss': '0.0008909', 'grad_norm': '0.1106', 'learning_rate': '7.369e-05', 'epoch': '1.797'}
[1A
[1A 60%|█████▉    | 623/1041 [38:20<25:17,  3.63s/it]
[1A 60%|█████▉    | 624/1041 [38:23<25:06,  3.61s/it]
[1A                                                  
{'loss': '0.009038', 'grad_norm': '0.6634', 'learning_rate': '7.339e-05', 'epoch': '1.799'}
[1A
[1A 60%|█████▉    | 624/1041 [38:23<25:06,  3.61s/it]
[1A 60%|██████    | 625/1041 [38:27<25:00,  3.61s/it]
[1A                                                  
{'loss': '0.0001089', 'grad_norm': '0.007503', 'learning_rate': '7.309e-05', 'epoch': '1.802'}
[1A
[1A 60%|██████    | 625/1041 [38:27<25:00,  3.61s/it]
[1A 60%|██████    | 626/1041 [38:30<24:31,  3.55s/it]
[1A                                                  
{'loss': '0.03411', 'grad_norm': '1.082', 'learning_rate': '7.279e-05', 'epoch': '1.805'}
[1A
[1A 60%|██████    | 626/1041 [38:30<24:31,  3.55s/it]
[1A 60%|██████    | 627/1041 [38:34<24:49,  3.60s/it]
[1A                                                  
{'loss': '3.211e-05', 'grad_norm': '0.001534', 'learning_rate': '7.249e-05', 'epoch': '1.808'}
[1A
[1A 60%|██████    | 627/1041 [38:34<24:49,  3.60s/it]
[1A 60%|██████    | 628/1041 [38:38<24:44,  3.59s/it]
[1A                                                  
{'loss': '0.0002324', 'grad_norm': '0.04146', 'learning_rate': '7.219e-05', 'epoch': '1.811'}
[1A
[1A 60%|██████    | 628/1041 [38:38<24:44,  3.59s/it]
[1A 60%|██████    | 629/1041 [38:41<24:55,  3.63s/it]
[1A                                                  
{'loss': '0.0009294', 'grad_norm': '0.133', 'learning_rate': '7.189e-05', 'epoch': '1.814'}
[1A
[1A 60%|██████    | 629/1041 [38:41<24:55,  3.63s/it]
[1A 61%|██████    | 630/1041 [38:45<24:58,  3.65s/it]
[1A                                                  
{'loss': '0.03733', 'grad_norm': '0.868', 'learning_rate': '7.16e-05', 'epoch': '1.817'}
[1A
[1A 61%|██████    | 630/1041 [38:45<24:58,  3.65s/it]
[1A 61%|██████    | 631/1041 [38:48<24:40,  3.61s/it]
[1A                                                  
{'loss': '7.779e-05', 'grad_norm': '0.006941', 'learning_rate': '7.13e-05', 'epoch': '1.82'}
[1A
[1A 61%|██████    | 631/1041 [38:48<24:40,  3.61s/it]
[1A 61%|██████    | 632/1041 [38:52<24:56,  3.66s/it]
[1A                                                  
{'loss': '0.01614', 'grad_norm': '1.303', 'learning_rate': '7.1e-05', 'epoch': '1.823'}
[1A
[1A 61%|██████    | 632/1041 [38:52<24:56,  3.66s/it]
[1A 61%|██████    | 633/1041 [38:56<25:01,  3.68s/it]
[1A                                                  
{'loss': '0.001729', 'grad_norm': '0.2145', 'learning_rate': '7.07e-05', 'epoch': '1.825'}
[1A
[1A 61%|██████    | 633/1041 [38:56<25:01,  3.68s/it]
[1A 61%|██████    | 634/1041 [39:00<24:45,  3.65s/it]
[1A                                                  
{'loss': '1.933e-05', 'grad_norm': '0.0004097', 'learning_rate': '7.04e-05', 'epoch': '1.828'}
[1A
[1A 61%|██████    | 634/1041 [39:00<24:45,  3.65s/it]
[1A 61%|██████    | 635/1041 [39:03<24:32,  3.63s/it]
[1A                                                  
{'loss': '0.0002421', 'grad_norm': '0.02823', 'learning_rate': '7.011e-05', 'epoch': '1.831'}
[1A
[1A 61%|██████    | 635/1041 [39:03<24:32,  3.63s/it]
[1A 61%|██████    | 636/1041 [39:07<24:38,  3.65s/it]
[1A                                                  
{'loss': '4.057e-05', 'grad_norm': '0.0008958', 'learning_rate': '6.981e-05', 'epoch': '1.834'}
[1A
[1A 61%|██████    | 636/1041 [39:07<24:38,  3.65s/it]
[1A 61%|██████    | 637/1041 [39:11<25:02,  3.72s/it]
[1A                                                  
{'loss': '8.989e-05', 'grad_norm': '0.002374', 'learning_rate': '6.951e-05', 'epoch': '1.837'}
[1A
[1A 61%|██████    | 637/1041 [39:11<25:02,  3.72s/it]
[1A 61%|██████▏   | 638/1041 [39:15<25:18,  3.77s/it]
[1A                                                  
{'loss': '0.006366', 'grad_norm': '0.252', 'learning_rate': '6.922e-05', 'epoch': '1.84'}
[1A
[1A 61%|██████▏   | 638/1041 [39:15<25:18,  3.77s/it]
[1A 61%|██████▏   | 639/1041 [39:18<25:11,  3.76s/it]
[1A                                                  
{'loss': '0.001023', 'grad_norm': '0.08334', 'learning_rate': '6.892e-05', 'epoch': '1.843'}
[1A
[1A 61%|██████▏   | 639/1041 [39:18<25:11,  3.76s/it]
[1A 61%|██████▏   | 640/1041 [39:22<25:22,  3.80s/it]
[1A                                                  
{'loss': '0.003933', 'grad_norm': '0.169', 'learning_rate': '6.862e-05', 'epoch': '1.846'}
[1A
[1A 61%|██████▏   | 640/1041 [39:22<25:22,  3.80s/it]
[1A 62%|██████▏   | 641/1041 [39:26<24:55,  3.74s/it]
[1A                                                  
{'loss': '0.0007934', 'grad_norm': '0.07673', 'learning_rate': '6.833e-05', 'epoch': '1.848'}
[1A
[1A 62%|██████▏   | 641/1041 [39:26<24:55,  3.74s/it]
[1A 62%|██████▏   | 642/1041 [39:30<24:48,  3.73s/it]
[1A                                                  
{'loss': '5.2e-05', 'grad_norm': '0.001302', 'learning_rate': '6.803e-05', 'epoch': '1.851'}
[1A
[1A 62%|██████▏   | 642/1041 [39:30<24:48,  3.73s/it]
[1A 62%|██████▏   | 643/1041 [39:33<24:29,  3.69s/it]
[1A                                                  
{'loss': '0.00879', 'grad_norm': '0.4504', 'learning_rate': '6.774e-05', 'epoch': '1.854'}
[1A
[1A 62%|██████▏   | 643/1041 [39:33<24:29,  3.69s/it]
[1A 62%|██████▏   | 644/1041 [39:37<24:56,  3.77s/it]
[1A                                                  
{'loss': '0.001345', 'grad_norm': '0.09055', 'learning_rate': '6.744e-05', 'epoch': '1.857'}
[1A
[1A 62%|██████▏   | 644/1041 [39:37<24:56,  3.77s/it]
[1A 62%|██████▏   | 645/1041 [39:41<24:23,  3.70s/it]
[1A                                                  
{'loss': '4.515e-05', 'grad_norm': '0.0009387', 'learning_rate': '6.715e-05', 'epoch': '1.86'}
[1A
[1A 62%|██████▏   | 645/1041 [39:41<24:23,  3.70s/it]
[1A 62%|██████▏   | 646/1041 [39:44<24:03,  3.66s/it]
[1A                                                  
{'loss': '0.0006237', 'grad_norm': '0.03336', 'learning_rate': '6.686e-05', 'epoch': '1.863'}
[1A
[1A 62%|██████▏   | 646/1041 [39:44<24:03,  3.66s/it]
[1A 62%|██████▏   | 647/1041 [39:48<24:07,  3.67s/it]
[1A                                                  
{'loss': '0.02312', 'grad_norm': '0.2744', 'learning_rate': '6.656e-05', 'epoch': '1.866'}
[1A
[1A 62%|██████▏   | 647/1041 [39:48<24:07,  3.67s/it]
[1A 62%|██████▏   | 648/1041 [39:52<24:07,  3.68s/it]
[1A                                                  
{'loss': '0.0007867', 'grad_norm': '0.05351', 'learning_rate': '6.627e-05', 'epoch': '1.869'}
[1A
[1A 62%|██████▏   | 648/1041 [39:52<24:07,  3.68s/it]
[1A 62%|██████▏   | 649/1041 [39:55<23:32,  3.60s/it]
[1A                                                  
{'loss': '0.001711', 'grad_norm': '0.2083', 'learning_rate': '6.598e-05', 'epoch': '1.872'}
[1A
[1A 62%|██████▏   | 649/1041 [39:55<23:32,  3.60s/it]
[1A 62%|██████▏   | 650/1041 [39:59<23:43,  3.64s/it]
[1A                                                  
{'loss': '0.01146', 'grad_norm': '0.3627', 'learning_rate': '6.568e-05', 'epoch': '1.874'}
[1A
[1A 62%|██████▏   | 650/1041 [39:59<23:43,  3.64s/it]
[1A 63%|██████▎   | 651/1041 [40:02<23:35,  3.63s/it]
[1A                                                  
{'loss': '0.0002787', 'grad_norm': '0.006452', 'learning_rate': '6.539e-05', 'epoch': '1.877'}
[1A
[1A 63%|██████▎   | 651/1041 [40:02<23:35,  3.63s/it]
[1A 63%|██████▎   | 652/1041 [40:06<23:42,  3.66s/it]
[1A                                                  
{'loss': '0.0005019', 'grad_norm': '0.0137', 'learning_rate': '6.51e-05', 'epoch': '1.88'}
[1A
[1A 63%|██████▎   | 652/1041 [40:06<23:42,  3.66s/it]
[1A 63%|██████▎   | 653/1041 [40:10<23:49,  3.68s/it]
[1A                                                  
{'loss': '0.003046', 'grad_norm': '0.1293', 'learning_rate': '6.481e-05', 'epoch': '1.883'}
[1A
[1A 63%|██████▎   | 653/1041 [40:10<23:49,  3.68s/it]
[1A 63%|██████▎   | 654/1041 [40:13<23:35,  3.66s/it]
[1A                                                  
{'loss': '0.00317', 'grad_norm': '0.2814', 'learning_rate': '6.452e-05', 'epoch': '1.886'}
[1A
[1A 63%|██████▎   | 654/1041 [40:13<23:35,  3.66s/it]
[1A 63%|██████▎   | 655/1041 [40:17<23:40,  3.68s/it]
[1A                                                  
{'loss': '0.001331', 'grad_norm': '0.07758', 'learning_rate': '6.423e-05', 'epoch': '1.889'}
[1A
[1A 63%|██████▎   | 655/1041 [40:17<23:40,  3.68s/it]
[1A 63%|██████▎   | 656/1041 [40:21<23:21,  3.64s/it]
[1A                                                  
{'loss': '0.0001111', 'grad_norm': '0.004245', 'learning_rate': '6.394e-05', 'epoch': '1.892'}
[1A
[1A 63%|██████▎   | 656/1041 [40:21<23:21,  3.64s/it]
[1A 63%|██████▎   | 657/1041 [40:25<23:55,  3.74s/it]
[1A                                                  
{'loss': '0.001425', 'grad_norm': '0.09477', 'learning_rate': '6.365e-05', 'epoch': '1.895'}
[1A
[1A 63%|██████▎   | 657/1041 [40:25<23:55,  3.74s/it]
[1A 63%|██████▎   | 658/1041 [40:28<23:44,  3.72s/it]
[1A                                                  
{'loss': '0.0002776', 'grad_norm': '0.006832', 'learning_rate': '6.336e-05', 'epoch': '1.898'}
[1A
[1A 63%|██████▎   | 658/1041 [40:28<23:44,  3.72s/it]
[1A 63%|██████▎   | 659/1041 [40:32<23:24,  3.68s/it]
[1A                                                  
{'loss': '0.001127', 'grad_norm': '0.03563', 'learning_rate': '6.307e-05', 'epoch': '1.9'}
[1A
[1A 63%|██████▎   | 659/1041 [40:32<23:24,  3.68s/it]
[1A 63%|██████▎   | 660/1041 [40:36<23:25,  3.69s/it]
[1A                                                  
{'loss': '0.0007331', 'grad_norm': '0.02595', 'learning_rate': '6.278e-05', 'epoch': '1.903'}
[1A
[1A 63%|██████▎   | 660/1041 [40:36<23:25,  3.69s/it]
[1A 63%|██████▎   | 661/1041 [40:39<23:06,  3.65s/it]
[1A                                                  
{'loss': '0.0001046', 'grad_norm': '0.002202', 'learning_rate': '6.249e-05', 'epoch': '1.906'}
[1A
[1A 63%|██████▎   | 661/1041 [40:39<23:06,  3.65s/it]
[1A 64%|██████▎   | 662/1041 [40:43<23:11,  3.67s/it]
[1A                                                  
{'loss': '0.0001161', 'grad_norm': '0.002554', 'learning_rate': '6.22e-05', 'epoch': '1.909'}
[1A
[1A 64%|██████▎   | 662/1041 [40:43<23:11,  3.67s/it]
[1A 64%|██████▎   | 663/1041 [40:46<22:54,  3.64s/it]
[1A                                                  
{'loss': '0.0003394', 'grad_norm': '0.009098', 'learning_rate': '6.191e-05', 'epoch': '1.912'}
[1A
[1A 64%|██████▎   | 663/1041 [40:46<22:54,  3.64s/it]
[1A 64%|██████▍   | 664/1041 [40:50<22:45,  3.62s/it]
[1A                                                  
{'loss': '0.0002969', 'grad_norm': '0.008184', 'learning_rate': '6.162e-05', 'epoch': '1.915'}
[1A
[1A 64%|██████▍   | 664/1041 [40:50<22:45,  3.62s/it]
[1A 64%|██████▍   | 665/1041 [40:54<22:48,  3.64s/it]
[1A                                                  
{'loss': '0.0003033', 'grad_norm': '0.009931', 'learning_rate': '6.134e-05', 'epoch': '1.918'}
[1A
[1A 64%|██████▍   | 665/1041 [40:54<22:48,  3.64s/it]
[1A 64%|██████▍   | 666/1041 [40:57<22:55,  3.67s/it]
[1A                                                  
{'loss': '5.352e-05', 'grad_norm': '0.001052', 'learning_rate': '6.105e-05', 'epoch': '1.921'}
[1A
[1A 64%|██████▍   | 666/1041 [40:57<22:55,  3.67s/it]
[1A 64%|██████▍   | 667/1041 [41:01<23:00,  3.69s/it]
[1A                                                  
{'loss': '0.0007219', 'grad_norm': '0.03767', 'learning_rate': '6.076e-05', 'epoch': '1.924'}
[1A
[1A 64%|██████▍   | 667/1041 [41:01<23:00,  3.69s/it]
[1A 64%|██████▍   | 668/1041 [41:05<22:56,  3.69s/it]
[1A                                                  
{'loss': '0.0003608', 'grad_norm': '0.02084', 'learning_rate': '6.048e-05', 'epoch': '1.926'}
[1A
[1A 64%|██████▍   | 668/1041 [41:05<22:56,  3.69s/it]
[1A 64%|██████▍   | 669/1041 [41:09<22:58,  3.71s/it]
[1A                                                  
{'loss': '0.0003408', 'grad_norm': '0.009968', 'learning_rate': '6.019e-05', 'epoch': '1.929'}
[1A
[1A 64%|██████▍   | 669/1041 [41:09<22:58,  3.71s/it]
[1A 64%|██████▍   | 670/1041 [41:12<23:04,  3.73s/it]
[1A                                                  
{'loss': '0.0001455', 'grad_norm': '0.003669', 'learning_rate': '5.991e-05', 'epoch': '1.932'}
[1A
[1A 64%|██████▍   | 670/1041 [41:12<23:04,  3.73s/it]
[1A 64%|██████▍   | 671/1041 [41:16<22:43,  3.69s/it]
[1A                                                  
{'loss': '0.001719', 'grad_norm': '0.1031', 'learning_rate': '5.962e-05', 'epoch': '1.935'}
[1A
[1A 64%|██████▍   | 671/1041 [41:16<22:43,  3.69s/it]
[1A 65%|██████▍   | 672/1041 [41:20<22:23,  3.64s/it]
[1A                                                  
{'loss': '5.165e-05', 'grad_norm': '0.0011', 'learning_rate': '5.934e-05', 'epoch': '1.938'}
[1A
[1A 65%|██████▍   | 672/1041 [41:20<22:23,  3.64s/it]
[1A 65%|██████▍   | 673/1041 [41:23<22:28,  3.66s/it]
[1A                                                  
{'loss': '0.001982', 'grad_norm': '0.1882', 'learning_rate': '5.905e-05', 'epoch': '1.941'}
[1A
[1A 65%|██████▍   | 673/1041 [41:23<22:28,  3.66s/it]
[1A 65%|██████▍   | 674/1041 [41:27<22:14,  3.64s/it]
[1A                                                  
{'loss': '0.0001133', 'grad_norm': '0.002539', 'learning_rate': '5.877e-05', 'epoch': '1.944'}
[1A
[1A 65%|██████▍   | 674/1041 [41:27<22:14,  3.64s/it]
[1A 65%|██████▍   | 675/1041 [41:30<21:57,  3.60s/it]
[1A                                                  
{'loss': '0.0004084', 'grad_norm': '0.01098', 'learning_rate': '5.848e-05', 'epoch': '1.947'}
[1A
[1A 65%|██████▍   | 675/1041 [41:30<21:57,  3.60s/it]
[1A 65%|██████▍   | 676/1041 [41:34<22:25,  3.69s/it]
[1A                                                  
{'loss': '0.000631', 'grad_norm': '0.01598', 'learning_rate': '5.82e-05', 'epoch': '1.949'}
[1A
[1A 65%|██████▍   | 676/1041 [41:34<22:25,  3.69s/it]
[1A 65%|██████▌   | 677/1041 [41:38<22:08,  3.65s/it]
[1A                                                  
{'loss': '0.0002871', 'grad_norm': '0.01547', 'learning_rate': '5.792e-05', 'epoch': '1.952'}
[1A
[1A 65%|██████▌   | 677/1041 [41:38<22:08,  3.65s/it]
[1A 65%|██████▌   | 678/1041 [41:41<21:49,  3.61s/it]
[1A                                                  
{'loss': '0.001915', 'grad_norm': '0.1051', 'learning_rate': '5.764e-05', 'epoch': '1.955'}
[1A
[1A 65%|██████▌   | 678/1041 [41:41<21:49,  3.61s/it]
[1A 65%|██████▌   | 679/1041 [41:45<21:41,  3.60s/it]
[1A                                                  
{'loss': '0.0002032', 'grad_norm': '0.01086', 'learning_rate': '5.735e-05', 'epoch': '1.958'}
[1A
[1A 65%|██████▌   | 679/1041 [41:45<21:41,  3.60s/it]
[1A 65%|██████▌   | 680/1041 [41:48<21:36,  3.59s/it]
[1A                                                  
{'loss': '4.15e-05', 'grad_norm': '0.001069', 'learning_rate': '5.707e-05', 'epoch': '1.961'}
[1A
[1A 65%|██████▌   | 680/1041 [41:48<21:36,  3.59s/it]
[1A 65%|██████▌   | 681/1041 [41:52<21:23,  3.56s/it]
[1A                                                  
{'loss': '0.0006528', 'grad_norm': '0.1376', 'learning_rate': '5.679e-05', 'epoch': '1.964'}
[1A
[1A 65%|██████▌   | 681/1041 [41:52<21:23,  3.56s/it]
[1A 66%|██████▌   | 682/1041 [41:56<22:04,  3.69s/it]
[1A                                                  
{'loss': '0.000103', 'grad_norm': '0.003472', 'learning_rate': '5.651e-05', 'epoch': '1.967'}
[1A
[1A 66%|██████▌   | 682/1041 [41:56<22:04,  3.69s/it]
[1A 66%|██████▌   | 683/1041 [42:00<22:05,  3.70s/it]
[1A                                                  
{'loss': '0.0003481', 'grad_norm': '0.01333', 'learning_rate': '5.623e-05', 'epoch': '1.97'}
[1A
[1A 66%|██████▌   | 683/1041 [42:00<22:05,  3.70s/it]
[1A 66%|██████▌   | 684/1041 [42:03<21:47,  3.66s/it]
[1A                                                  
{'loss': '6.852e-05', 'grad_norm': '0.001501', 'learning_rate': '5.595e-05', 'epoch': '1.973'}
[1A
[1A 66%|██████▌   | 684/1041 [42:03<21:47,  3.66s/it]
[1A 66%|██████▌   | 685/1041 [42:07<21:52,  3.69s/it]
[1A                                                  
{'loss': '0.001225', 'grad_norm': '0.1005', 'learning_rate': '5.567e-05', 'epoch': '1.975'}
[1A
[1A 66%|██████▌   | 685/1041 [42:07<21:52,  3.69s/it]
[1A 66%|██████▌   | 686/1041 [42:11<21:34,  3.65s/it]
[1A                                                  
{'loss': '4.793e-05', 'grad_norm': '0.001067', 'learning_rate': '5.539e-05', 'epoch': '1.978'}
[1A
[1A 66%|██████▌   | 686/1041 [42:11<21:34,  3.65s/it]
[1A 66%|██████▌   | 687/1041 [42:14<21:29,  3.64s/it]
[1A                                                  
{'loss': '0.0001853', 'grad_norm': '0.007682', 'learning_rate': '5.511e-05', 'epoch': '1.981'}
[1A
[1A 66%|██████▌   | 687/1041 [42:14<21:29,  3.64s/it]
[1A 66%|██████▌   | 688/1041 [42:18<21:17,  3.62s/it]
[1A                                                  
{'loss': '4.989e-05', 'grad_norm': '0.001936', 'learning_rate': '5.484e-05', 'epoch': '1.984'}
[1A
[1A 66%|██████▌   | 688/1041 [42:18<21:17,  3.62s/it]
[1A 66%|██████▌   | 689/1041 [42:21<21:23,  3.65s/it]
[1A                                                  
{'loss': '0.002072', 'grad_norm': '0.1751', 'learning_rate': '5.456e-05', 'epoch': '1.987'}
[1A
[1A 66%|██████▌   | 689/1041 [42:21<21:23,  3.65s/it]
[1A 66%|██████▋   | 690/1041 [42:25<21:41,  3.71s/it]
[1A                                                  
{'loss': '3.032e-05', 'grad_norm': '0.0007766', 'learning_rate': '5.428e-05', 'epoch': '1.99'}
[1A
[1A 66%|██████▋   | 690/1041 [42:25<21:41,  3.71s/it]
[1A 66%|██████▋   | 691/1041 [42:29<21:07,  3.62s/it]
[1A                                                  
{'loss': '1.722e-05', 'grad_norm': '0.0003346', 'learning_rate': '5.401e-05', 'epoch': '1.993'}
[1A
[1A 66%|██████▋   | 691/1041 [42:29<21:07,  3.62s/it]
[1A 66%|██████▋   | 692/1041 [42:32<21:09,  3.64s/it]
[1A                                                  
{'loss': '4.012e-05', 'grad_norm': '0.0008358', 'learning_rate': '5.373e-05', 'epoch': '1.996'}
[1A
[1A 66%|██████▋   | 692/1041 [42:32<21:09,  3.64s/it]
[1A 67%|██████▋   | 693/1041 [42:36<21:10,  3.65s/it]
[1A                                                  
{'loss': '0.0003294', 'grad_norm': '0.00871', 'learning_rate': '5.345e-05', 'epoch': '1.999'}
[1A
[1A 67%|██████▋   | 693/1041 [42:36<21:10,  3.65s/it]
[1A 67%|██████▋   | 694/1041 [42:38<17:47,  3.08s/it]
[1A                                                  
{'loss': '1.713e-05', 'grad_norm': '0.0003591', 'learning_rate': '5.318e-05', 'epoch': '2'}
[1A
[1A 67%|██████▋   | 694/1041 [42:38<17:47,  3.08s/it]
[1A 67%|██████▋   | 695/1041 [42:42<18:59,  3.29s/it]
[1A                                                  
{'loss': '2.395e-05', 'grad_norm': '0.0008497', 'learning_rate': '5.29e-05', 'epoch': '2.003'}
[1A
[1A 67%|██████▋   | 695/1041 [42:42<18:59,  3.29s/it]
[1A 67%|██████▋   | 696/1041 [42:45<19:23,  3.37s/it]
[1A                                                  
{'loss': '3.888e-05', 'grad_norm': '0.0006754', 'learning_rate': '5.263e-05', 'epoch': '2.006'}
[1A
[1A 67%|██████▋   | 696/1041 [42:45<19:23,  3.37s/it]
[1A 67%|██████▋   | 697/1041 [42:49<19:37,  3.42s/it]
[1A                                                  
{'loss': '5.067e-05', 'grad_norm': '0.001158', 'learning_rate': '5.235e-05', 'epoch': '2.009'}
[1A
[1A 67%|██████▋   | 697/1041 [42:49<19:37,  3.42s/it]
[1A 67%|██████▋   | 698/1041 [42:53<20:21,  3.56s/it]
[1A                                                  
{'loss': '7.544e-05', 'grad_norm': '0.001745', 'learning_rate': '5.208e-05', 'epoch': '2.012'}
[1A
[1A 67%|██████▋   | 698/1041 [42:53<20:21,  3.56s/it]
[1A 67%|██████▋   | 699/1041 [42:56<20:16,  3.56s/it]
[1A                                                  
{'loss': '0.0001311', 'grad_norm': '0.004554', 'learning_rate': '5.181e-05', 'epoch': '2.014'}
[1A
[1A 67%|██████▋   | 699/1041 [42:56<20:16,  3.56s/it]
[1A 67%|██████▋   | 700/1041 [43:13<42:02,  7.40s/it]                                                  
{'loss': '3.971e-05', 'grad_norm': '0.00109', 'learning_rate': '5.154e-05', 'epoch': '2.017'}
[1A
[1A 67%|██████▋   | 700/1041 [43:13<42:02,  7.40s/it]
[1A 67%|██████▋   | 701/1041 [43:16<36:00,  6.36s/it]
[1A                                                  
{'loss': '5.35e-05', 'grad_norm': '0.0009784', 'learning_rate': '5.126e-05', 'epoch': '2.02'}
[1A
[1A 67%|██████▋   | 701/1041 [43:16<36:00,  6.36s/it]
[1A 67%|██████▋   | 702/1041 [43:20<31:25,  5.56s/it]
[1A                                                  
{'loss': '7.531e-05', 'grad_norm': '0.001917', 'learning_rate': '5.099e-05', 'epoch': '2.023'}
[1A
[1A 67%|██████▋   | 702/1041 [43:20<31:25,  5.56s/it]
[1A 68%|██████▊   | 703/1041 [43:24<28:14,  5.01s/it]
[1A                                                  
{'loss': '6.858e-05', 'grad_norm': '0.001522', 'learning_rate': '5.072e-05', 'epoch': '2.026'}
[1A
[1A 68%|██████▊   | 703/1041 [43:24<28:14,  5.01s/it]
[1A 68%|██████▊   | 704/1041 [43:28<26:14,  4.67s/it]
[1A                                                  
{'loss': '5.387e-05', 'grad_norm': '0.001993', 'learning_rate': '5.045e-05', 'epoch': '2.029'}
[1A
[1A 68%|██████▊   | 704/1041 [43:28<26:14,  4.67s/it]
[1A 68%|██████▊   | 705/1041 [43:31<24:35,  4.39s/it]
[1A                                                  
{'loss': '2.009e-05', 'grad_norm': '0.0003702', 'learning_rate': '5.018e-05', 'epoch': '2.032'}
[1A
[1A 68%|██████▊   | 705/1041 [43:31<24:35,  4.39s/it]
[1A 68%|██████▊   | 706/1041 [43:35<23:01,  4.12s/it]
[1A                                                  
{'loss': '4.907e-05', 'grad_norm': '0.001793', 'learning_rate': '4.991e-05', 'epoch': '2.035'}
[1A
[1A 68%|██████▊   | 706/1041 [43:35<23:01,  4.12s/it]
[1A 68%|██████▊   | 707/1041 [43:39<22:04,  3.96s/it]
[1A                                                  
{'loss': '0.0001196', 'grad_norm': '0.005325', 'learning_rate': '4.964e-05', 'epoch': '2.038'}
[1A
[1A 68%|██████▊   | 707/1041 [43:39<22:04,  3.96s/it]
[1A 68%|██████▊   | 708/1041 [43:42<21:37,  3.89s/it]
[1A                                                  
{'loss': '2.597e-05', 'grad_norm': '0.0004384', 'learning_rate': '4.937e-05', 'epoch': '2.04'}
[1A
[1A 68%|██████▊   | 708/1041 [43:42<21:37,  3.89s/it]
[1A 68%|██████▊   | 709/1041 [43:46<21:13,  3.84s/it]
[1A                                                  
{'loss': '1.927e-05', 'grad_norm': '0.0003118', 'learning_rate': '4.91e-05', 'epoch': '2.043'}
[1A
[1A 68%|██████▊   | 709/1041 [43:46<21:13,  3.84s/it]
[1A 68%|██████▊   | 710/1041 [43:50<20:43,  3.76s/it]
[1A                                                  
{'loss': '1.559e-05', 'grad_norm': '0.0002153', 'learning_rate': '4.884e-05', 'epoch': '2.046'}
[1A
[1A 68%|██████▊   | 710/1041 [43:50<20:43,  3.76s/it]
[1A 68%|██████▊   | 711/1041 [43:53<20:16,  3.69s/it]
[1A                                                  
{'loss': '5.939e-05', 'grad_norm': '0.001957', 'learning_rate': '4.857e-05', 'epoch': '2.049'}
[1A
[1A 68%|██████▊   | 711/1041 [43:53<20:16,  3.69s/it]
[1A 68%|██████▊   | 712/1041 [43:57<20:31,  3.74s/it]
[1A                                                  
{'loss': '4.524e-05', 'grad_norm': '0.001058', 'learning_rate': '4.83e-05', 'epoch': '2.052'}
[1A
[1A 68%|██████▊   | 712/1041 [43:57<20:31,  3.74s/it]
[1A 68%|██████▊   | 713/1041 [44:01<20:21,  3.72s/it]
[1A                                                  
{'loss': '8.64e-05', 'grad_norm': '0.003506', 'learning_rate': '4.804e-05', 'epoch': '2.055'}
[1A
[1A 68%|██████▊   | 713/1041 [44:01<20:21,  3.72s/it]
[1A 69%|██████▊   | 714/1041 [44:04<20:18,  3.73s/it]
[1A                                                  
{'loss': '0.0001261', 'grad_norm': '0.003395', 'learning_rate': '4.777e-05', 'epoch': '2.058'}
[1A
[1A 69%|██████▊   | 714/1041 [44:04<20:18,  3.73s/it]
[1A 69%|██████▊   | 715/1041 [44:08<19:54,  3.66s/it]
[1A                                                  
{'loss': '4.368e-05', 'grad_norm': '0.001629', 'learning_rate': '4.75e-05', 'epoch': '2.061'}
[1A
[1A 69%|██████▊   | 715/1041 [44:08<19:54,  3.66s/it]
[1A 69%|██████▉   | 716/1041 [44:12<19:54,  3.67s/it]
[1A                                                  
{'loss': '7.119e-05', 'grad_norm': '0.004338', 'learning_rate': '4.724e-05', 'epoch': '2.063'}
[1A
[1A 69%|██████▉   | 716/1041 [44:12<19:54,  3.67s/it]
[1A 69%|██████▉   | 717/1041 [44:15<19:38,  3.64s/it]
[1A                                                  
{'loss': '6.992e-05', 'grad_norm': '0.004011', 'learning_rate': '4.698e-05', 'epoch': '2.066'}
[1A
[1A 69%|██████▉   | 717/1041 [44:15<19:38,  3.64s/it]
[1A 69%|██████▉   | 718/1041 [44:19<19:45,  3.67s/it]
[1A                                                  
{'loss': '2.951e-05', 'grad_norm': '0.0005267', 'learning_rate': '4.671e-05', 'epoch': '2.069'}
[1A
[1A 69%|██████▉   | 718/1041 [44:19<19:45,  3.67s/it]
[1A 69%|██████▉   | 719/1041 [44:22<19:32,  3.64s/it]
[1A                                                  
{'loss': '6.316e-05', 'grad_norm': '0.001628', 'learning_rate': '4.645e-05', 'epoch': '2.072'}
[1A
[1A 69%|██████▉   | 719/1041 [44:22<19:32,  3.64s/it]
[1A 69%|██████▉   | 720/1041 [44:26<19:28,  3.64s/it]
[1A                                                  
{'loss': '2.625e-05', 'grad_norm': '0.0008163', 'learning_rate': '4.619e-05', 'epoch': '2.075'}
[1A
[1A 69%|██████▉   | 720/1041 [44:26<19:28,  3.64s/it]
[1A 69%|██████▉   | 721/1041 [44:30<19:17,  3.62s/it]
[1A                                                  
{'loss': '2.943e-05', 'grad_norm': '0.0007069', 'learning_rate': '4.592e-05', 'epoch': '2.078'}
[1A
[1A 69%|██████▉   | 721/1041 [44:30<19:17,  3.62s/it]
[1A 69%|██████▉   | 722/1041 [44:33<19:21,  3.64s/it]
[1A                                                  
{'loss': '3.255e-05', 'grad_norm': '0.0008112', 'learning_rate': '4.566e-05', 'epoch': '2.081'}
[1A
[1A 69%|██████▉   | 722/1041 [44:33<19:21,  3.64s/it]
[1A 69%|██████▉   | 723/1041 [44:37<19:02,  3.59s/it]
[1A                                                  
{'loss': '1.315e-05', 'grad_norm': '0.0002359', 'learning_rate': '4.54e-05', 'epoch': '2.084'}
[1A
[1A 69%|██████▉   | 723/1041 [44:37<19:02,  3.59s/it]
[1A 70%|██████▉   | 724/1041 [44:40<18:58,  3.59s/it]
[1A                                                  
{'loss': '0.0002088', 'grad_norm': '0.005488', 'learning_rate': '4.514e-05', 'epoch': '2.087'}
[1A
[1A 70%|██████▉   | 724/1041 [44:40<18:58,  3.59s/it]
[1A 70%|██████▉   | 725/1041 [44:44<18:53,  3.59s/it]
[1A                                                  
{'loss': '1.296e-05', 'grad_norm': '0.0002223', 'learning_rate': '4.488e-05', 'epoch': '2.089'}
[1A
[1A 70%|██████▉   | 725/1041 [44:44<18:53,  3.59s/it]
[1A 70%|██████▉   | 726/1041 [44:48<18:49,  3.59s/it]
[1A                                                  
{'loss': '5.812e-05', 'grad_norm': '0.001993', 'learning_rate': '4.462e-05', 'epoch': '2.092'}
[1A
[1A 70%|██████▉   | 726/1041 [44:48<18:49,  3.59s/it]
[1A 70%|██████▉   | 727/1041 [44:51<18:50,  3.60s/it]
[1A                                                  
{'loss': '5.335e-05', 'grad_norm': '0.001328', 'learning_rate': '4.436e-05', 'epoch': '2.095'}
[1A
[1A 70%|██████▉   | 727/1041 [44:51<18:50,  3.60s/it]
[1A 70%|██████▉   | 728/1041 [44:55<18:44,  3.59s/it]
[1A                                                  
{'loss': '0.0001054', 'grad_norm': '0.004533', 'learning_rate': '4.41e-05', 'epoch': '2.098'}
[1A
[1A 70%|██████▉   | 728/1041 [44:55<18:44,  3.59s/it]
[1A 70%|███████   | 729/1041 [44:58<18:35,  3.57s/it]
[1A                                                  
{'loss': '2.464e-05', 'grad_norm': '0.0005499', 'learning_rate': '4.385e-05', 'epoch': '2.101'}
[1A
[1A 70%|███████   | 729/1041 [44:58<18:35,  3.57s/it]
[1A 70%|███████   | 730/1041 [45:02<18:18,  3.53s/it]
[1A                                                  
{'loss': '4.843e-05', 'grad_norm': '0.001268', 'learning_rate': '4.359e-05', 'epoch': '2.104'}
[1A
[1A 70%|███████   | 730/1041 [45:02<18:18,  3.53s/it]
[1A 70%|███████   | 731/1041 [45:05<18:25,  3.56s/it]
[1A                                                  
{'loss': '4.083e-05', 'grad_norm': '0.001506', 'learning_rate': '4.333e-05', 'epoch': '2.107'}
[1A
[1A 70%|███████   | 731/1041 [45:05<18:25,  3.56s/it]
[1A 70%|███████   | 732/1041 [45:09<18:19,  3.56s/it]
[1A                                                  
{'loss': '6.171e-05', 'grad_norm': '0.00144', 'learning_rate': '4.308e-05', 'epoch': '2.11'}
[1A
[1A 70%|███████   | 732/1041 [45:09<18:19,  3.56s/it]
[1A 70%|███████   | 733/1041 [45:13<18:16,  3.56s/it]
[1A                                                  
{'loss': '5.513e-05', 'grad_norm': '0.002429', 'learning_rate': '4.282e-05', 'epoch': '2.113'}
[1A
[1A 70%|███████   | 733/1041 [45:13<18:16,  3.56s/it]
[1A 71%|███████   | 734/1041 [45:16<18:41,  3.65s/it]
[1A                                                  
{'loss': '0.001611', 'grad_norm': '0.09945', 'learning_rate': '4.256e-05', 'epoch': '2.115'}
[1A
[1A 71%|███████   | 734/1041 [45:16<18:41,  3.65s/it]
[1A 71%|███████   | 735/1041 [45:20<18:28,  3.62s/it]
[1A                                                  
{'loss': '0.0001736', 'grad_norm': '0.01508', 'learning_rate': '4.231e-05', 'epoch': '2.118'}
[1A
[1A 71%|███████   | 735/1041 [45:20<18:28,  3.62s/it]
[1A 71%|███████   | 736/1041 [45:24<18:34,  3.65s/it]
[1A                                                  
{'loss': '0.0001568', 'grad_norm': '0.01082', 'learning_rate': '4.206e-05', 'epoch': '2.121'}
[1A
[1A 71%|███████   | 736/1041 [45:24<18:34,  3.65s/it]
[1A 71%|███████   | 737/1041 [45:27<18:34,  3.67s/it]
[1A                                                  
{'loss': '8.47e-05', 'grad_norm': '0.002084', 'learning_rate': '4.18e-05', 'epoch': '2.124'}
[1A
[1A 71%|███████   | 737/1041 [45:27<18:34,  3.67s/it]
[1A 71%|███████   | 738/1041 [45:31<18:31,  3.67s/it]
[1A                                                  
{'loss': '3.564e-05', 'grad_norm': '0.001068', 'learning_rate': '4.155e-05', 'epoch': '2.127'}
[1A
[1A 71%|███████   | 738/1041 [45:31<18:31,  3.67s/it]
[1A 71%|███████   | 739/1041 [45:35<18:27,  3.67s/it]
[1A                                                  
{'loss': '3.136e-05', 'grad_norm': '0.0008799', 'learning_rate': '4.13e-05', 'epoch': '2.13'}
[1A
[1A 71%|███████   | 739/1041 [45:35<18:27,  3.67s/it]
[1A 71%|███████   | 740/1041 [45:38<18:14,  3.64s/it]
[1A                                                  
{'loss': '2.789e-05', 'grad_norm': '0.0006061', 'learning_rate': '4.105e-05', 'epoch': '2.133'}
[1A
[1A 71%|███████   | 740/1041 [45:38<18:14,  3.64s/it]
[1A 71%|███████   | 741/1041 [45:42<18:20,  3.67s/it]
[1A                                                  
{'loss': '1.649e-05', 'grad_norm': '0.0003373', 'learning_rate': '4.079e-05', 'epoch': '2.136'}
[1A
[1A 71%|███████   | 741/1041 [45:42<18:20,  3.67s/it]
[1A 71%|███████▏  | 742/1041 [45:46<18:23,  3.69s/it]
[1A                                                  
{'loss': '1.841e-05', 'grad_norm': '0.0002969', 'learning_rate': '4.054e-05', 'epoch': '2.139'}
[1A
[1A 71%|███████▏  | 742/1041 [45:46<18:23,  3.69s/it]
[1A 71%|███████▏  | 743/1041 [45:49<18:11,  3.66s/it]
[1A                                                  
{'loss': '2.882e-05', 'grad_norm': '0.0009933', 'learning_rate': '4.029e-05', 'epoch': '2.141'}
[1A
[1A 71%|███████▏  | 743/1041 [45:49<18:11,  3.66s/it]
[1A 71%|███████▏  | 744/1041 [45:53<18:08,  3.66s/it]
[1A                                                  
{'loss': '5.573e-05', 'grad_norm': '0.001387', 'learning_rate': '4.004e-05', 'epoch': '2.144'}
[1A
[1A 71%|███████▏  | 744/1041 [45:53<18:08,  3.66s/it]
[1A 72%|███████▏  | 745/1041 [45:57<18:23,  3.73s/it]
[1A                                                  
{'loss': '7.315e-05', 'grad_norm': '0.002714', 'learning_rate': '3.98e-05', 'epoch': '2.147'}
[1A
[1A 72%|███████▏  | 745/1041 [45:57<18:23,  3.73s/it]
[1A 72%|███████▏  | 746/1041 [46:01<18:31,  3.77s/it]
[1A                                                  
{'loss': '5.294e-05', 'grad_norm': '0.001289', 'learning_rate': '3.955e-05', 'epoch': '2.15'}
[1A
[1A 72%|███████▏  | 746/1041 [46:01<18:31,  3.77s/it]
[1A 72%|███████▏  | 747/1041 [46:05<18:26,  3.76s/it]
[1A                                                  
{'loss': '0.0001108', 'grad_norm': '0.003549', 'learning_rate': '3.93e-05', 'epoch': '2.153'}
[1A
[1A 72%|███████▏  | 747/1041 [46:05<18:26,  3.76s/it]
[1A 72%|███████▏  | 748/1041 [46:08<17:46,  3.64s/it]
[1A                                                  
{'loss': '1.016e-05', 'grad_norm': '0.0001187', 'learning_rate': '3.905e-05', 'epoch': '2.156'}
[1A
[1A 72%|███████▏  | 748/1041 [46:08<17:46,  3.64s/it]
[1A 72%|███████▏  | 749/1041 [46:12<17:45,  3.65s/it]
[1A                                                  
{'loss': '1.334e-05', 'grad_norm': '0.0003054', 'learning_rate': '3.881e-05', 'epoch': '2.159'}
[1A
[1A 72%|███████▏  | 749/1041 [46:12<17:45,  3.65s/it]
[1A 72%|███████▏  | 750/1041 [46:15<18:02,  3.72s/it]
[1A                                                  
{'loss': '0.0001449', 'grad_norm': '0.02362', 'learning_rate': '3.856e-05', 'epoch': '2.162'}
[1A
[1A 72%|███████▏  | 750/1041 [46:15<18:02,  3.72s/it]
[1A 72%|███████▏  | 751/1041 [46:19<17:47,  3.68s/it]
[1A                                                  
{'loss': '6.957e-05', 'grad_norm': '0.004319', 'learning_rate': '3.831e-05', 'epoch': '2.165'}
[1A
[1A 72%|███████▏  | 751/1041 [46:19<17:47,  3.68s/it]
[1A 72%|███████▏  | 752/1041 [46:23<17:46,  3.69s/it]
[1A                                                  
{'loss': '3.447e-05', 'grad_norm': '0.000822', 'learning_rate': '3.807e-05', 'epoch': '2.167'}
[1A
[1A 72%|███████▏  | 752/1041 [46:23<17:46,  3.69s/it]
[1A 72%|███████▏  | 753/1041 [46:26<17:32,  3.66s/it]
[1A                                                  
{'loss': '3.446e-05', 'grad_norm': '0.0009159', 'learning_rate': '3.783e-05', 'epoch': '2.17'}
[1A
[1A 72%|███████▏  | 753/1041 [46:26<17:32,  3.66s/it]
[1A 72%|███████▏  | 754/1041 [46:30<17:16,  3.61s/it]
[1A                                                  
{'loss': '2.477e-05', 'grad_norm': '0.0006254', 'learning_rate': '3.758e-05', 'epoch': '2.173'}
[1A
[1A 72%|███████▏  | 754/1041 [46:30<17:16,  3.61s/it]
[1A 73%|███████▎  | 755/1041 [46:33<17:10,  3.60s/it]
[1A                                                  
{'loss': '2.505e-05', 'grad_norm': '0.0004326', 'learning_rate': '3.734e-05', 'epoch': '2.176'}
[1A
[1A 73%|███████▎  | 755/1041 [46:33<17:10,  3.60s/it]
[1A 73%|███████▎  | 756/1041 [46:37<17:00,  3.58s/it]
[1A                                                  
{'loss': '1.984e-05', 'grad_norm': '0.0004625', 'learning_rate': '3.71e-05', 'epoch': '2.179'}
[1A
[1A 73%|███████▎  | 756/1041 [46:37<17:00,  3.58s/it]
[1A 73%|███████▎  | 757/1041 [46:41<17:30,  3.70s/it]
[1A                                                  
{'loss': '6.141e-05', 'grad_norm': '0.001806', 'learning_rate': '3.685e-05', 'epoch': '2.182'}
[1A
[1A 73%|███████▎  | 757/1041 [46:41<17:30,  3.70s/it]
[1A 73%|███████▎  | 758/1041 [46:45<17:26,  3.70s/it]
[1A                                                  
{'loss': '1.91e-05', 'grad_norm': '0.000321', 'learning_rate': '3.661e-05', 'epoch': '2.185'}
[1A
[1A 73%|███████▎  | 758/1041 [46:45<17:26,  3.70s/it]
[1A 73%|███████▎  | 759/1041 [46:48<17:25,  3.71s/it]
[1A                                                  
{'loss': '4.991e-05', 'grad_norm': '0.002169', 'learning_rate': '3.637e-05', 'epoch': '2.188'}
[1A
[1A 73%|███████▎  | 759/1041 [46:48<17:25,  3.71s/it]
[1A 73%|███████▎  | 760/1041 [46:52<17:08,  3.66s/it]
[1A                                                  
{'loss': '0.0001788', 'grad_norm': '0.01709', 'learning_rate': '3.613e-05', 'epoch': '2.19'}
[1A
[1A 73%|███████▎  | 760/1041 [46:52<17:08,  3.66s/it]
[1A 73%|███████▎  | 761/1041 [46:55<16:47,  3.60s/it]
[1A                                                  
{'loss': '6.989e-05', 'grad_norm': '0.01318', 'learning_rate': '3.589e-05', 'epoch': '2.193'}
[1A
[1A 73%|███████▎  | 761/1041 [46:55<16:47,  3.60s/it]
[1A 73%|███████▎  | 762/1041 [46:59<16:54,  3.64s/it]
[1A                                                  
{'loss': '1.287e-05', 'grad_norm': '0.0002972', 'learning_rate': '3.566e-05', 'epoch': '2.196'}
[1A
[1A 73%|███████▎  | 762/1041 [46:59<16:54,  3.64s/it]
[1A 73%|███████▎  | 763/1041 [47:03<16:45,  3.62s/it]
[1A                                                  
{'loss': '7.14e-06', 'grad_norm': '8.531e-05', 'learning_rate': '3.542e-05', 'epoch': '2.199'}
[1A
[1A 73%|███████▎  | 763/1041 [47:03<16:45,  3.62s/it]
[1A 73%|███████▎  | 764/1041 [47:06<16:54,  3.66s/it]
[1A                                                  
{'loss': '0.0002393', 'grad_norm': '0.01593', 'learning_rate': '3.518e-05', 'epoch': '2.202'}
[1A
[1A 73%|███████▎  | 764/1041 [47:06<16:54,  3.66s/it]
[1A 73%|███████▎  | 765/1041 [47:10<16:55,  3.68s/it]
[1A                                                  
{'loss': '1.679e-05', 'grad_norm': '0.0003075', 'learning_rate': '3.494e-05', 'epoch': '2.205'}
[1A
[1A 73%|███████▎  | 765/1041 [47:10<16:55,  3.68s/it]
[1A 74%|███████▎  | 766/1041 [47:14<16:49,  3.67s/it]
[1A                                                  
{'loss': '1.569e-05', 'grad_norm': '0.0002966', 'learning_rate': '3.471e-05', 'epoch': '2.208'}
[1A
[1A 74%|███████▎  | 766/1041 [47:14<16:49,  3.67s/it]
[1A 74%|███████▎  | 767/1041 [47:17<16:48,  3.68s/it]
[1A                                                  
{'loss': '8.772e-05', 'grad_norm': '0.00363', 'learning_rate': '3.447e-05', 'epoch': '2.211'}
[1A
[1A 74%|███████▎  | 767/1041 [47:17<16:48,  3.68s/it]
[1A 74%|███████▍  | 768/1041 [47:21<16:48,  3.69s/it]
[1A                                                  
{'loss': '1.654e-05', 'grad_norm': '0.0002303', 'learning_rate': '3.424e-05', 'epoch': '2.214'}
[1A
[1A 74%|███████▍  | 768/1041 [47:21<16:48,  3.69s/it]
[1A 74%|███████▍  | 769/1041 [47:25<16:54,  3.73s/it]
[1A                                                  
{'loss': '2.01e-05', 'grad_norm': '0.0004237', 'learning_rate': '3.4e-05', 'epoch': '2.216'}
[1A
[1A 74%|███████▍  | 769/1041 [47:25<16:54,  3.73s/it]
[1A 74%|███████▍  | 770/1041 [47:28<16:27,  3.64s/it]
[1A                                                  
{'loss': '1.284e-05', 'grad_norm': '0.0001584', 'learning_rate': '3.377e-05', 'epoch': '2.219'}
[1A
[1A 74%|███████▍  | 770/1041 [47:28<16:27,  3.64s/it]
[1A 74%|███████▍  | 771/1041 [47:32<16:40,  3.71s/it]
[1A                                                  
{'loss': '1.18e-05', 'grad_norm': '0.0001789', 'learning_rate': '3.354e-05', 'epoch': '2.222'}
[1A
[1A 74%|███████▍  | 771/1041 [47:32<16:40,  3.71s/it]
[1A 74%|███████▍  | 772/1041 [47:36<16:28,  3.68s/it]
[1A                                                  
{'loss': '1.679e-05', 'grad_norm': '0.0003154', 'learning_rate': '3.33e-05', 'epoch': '2.225'}
[1A
[1A 74%|███████▍  | 772/1041 [47:36<16:28,  3.68s/it]
[1A 74%|███████▍  | 773/1041 [47:40<16:28,  3.69s/it]
[1A                                                  
{'loss': '1.18e-05', 'grad_norm': '0.0001562', 'learning_rate': '3.307e-05', 'epoch': '2.228'}
[1A
[1A 74%|███████▍  | 773/1041 [47:40<16:28,  3.69s/it]
[1A 74%|███████▍  | 774/1041 [47:43<16:27,  3.70s/it]
[1A                                                  
{'loss': '4.85e-05', 'grad_norm': '0.001645', 'learning_rate': '3.284e-05', 'epoch': '2.231'}
[1A
[1A 74%|███████▍  | 774/1041 [47:43<16:27,  3.70s/it]
[1A 74%|███████▍  | 775/1041 [47:47<16:27,  3.71s/it]
[1A                                                  
{'loss': '0.00018', 'grad_norm': '0.00559', 'learning_rate': '3.261e-05', 'epoch': '2.234'}
[1A
[1A 74%|███████▍  | 775/1041 [47:47<16:27,  3.71s/it]
[1A 75%|███████▍  | 776/1041 [47:51<16:26,  3.72s/it]
[1A                                                  
{'loss': '9.036e-05', 'grad_norm': '0.008017', 'learning_rate': '3.238e-05', 'epoch': '2.237'}
[1A
[1A 75%|███████▍  | 776/1041 [47:51<16:26,  3.72s/it]
[1A 75%|███████▍  | 777/1041 [47:55<16:37,  3.78s/it]
[1A                                                  
{'loss': '0.0003397', 'grad_norm': '0.01954', 'learning_rate': '3.215e-05', 'epoch': '2.24'}
[1A
[1A 75%|███████▍  | 777/1041 [47:55<16:37,  3.78s/it]
[1A 75%|███████▍  | 778/1041 [47:58<16:12,  3.70s/it]
[1A                                                  
{'loss': '1.89e-05', 'grad_norm': '0.0005923', 'learning_rate': '3.192e-05', 'epoch': '2.242'}
[1A
[1A 75%|███████▍  | 778/1041 [47:58<16:12,  3.70s/it]
[1A 75%|███████▍  | 779/1041 [48:02<15:55,  3.65s/it]
[1A                                                  
{'loss': '1.814e-05', 'grad_norm': '0.0003126', 'learning_rate': '3.17e-05', 'epoch': '2.245'}
[1A
[1A 75%|███████▍  | 779/1041 [48:02<15:55,  3.65s/it]
[1A 75%|███████▍  | 780/1041 [48:05<15:48,  3.64s/it]
[1A                                                  
{'loss': '0.0001797', 'grad_norm': '0.006071', 'learning_rate': '3.147e-05', 'epoch': '2.248'}
[1A
[1A 75%|███████▍  | 780/1041 [48:05<15:48,  3.64s/it]
[1A 75%|███████▌  | 781/1041 [48:09<15:48,  3.65s/it]
[1A                                                  
{'loss': '3.292e-05', 'grad_norm': '0.0006272', 'learning_rate': '3.124e-05', 'epoch': '2.251'}
[1A
[1A 75%|███████▌  | 781/1041 [48:09<15:48,  3.65s/it]
[1A 75%|███████▌  | 782/1041 [48:13<15:40,  3.63s/it]
[1A                                                  
{'loss': '1.401e-05', 'grad_norm': '0.0002968', 'learning_rate': '3.102e-05', 'epoch': '2.254'}
[1A
[1A 75%|███████▌  | 782/1041 [48:13<15:40,  3.63s/it]
[1A 75%|███████▌  | 783/1041 [48:16<15:29,  3.60s/it]
[1A                                                  
{'loss': '0.0001043', 'grad_norm': '0.01115', 'learning_rate': '3.079e-05', 'epoch': '2.257'}
[1A
[1A 75%|███████▌  | 783/1041 [48:16<15:29,  3.60s/it]
[1A 75%|███████▌  | 784/1041 [48:20<15:46,  3.68s/it]
[1A                                                  
{'loss': '2.466e-05', 'grad_norm': '0.0004692', 'learning_rate': '3.057e-05', 'epoch': '2.26'}
[1A
[1A 75%|███████▌  | 784/1041 [48:20<15:46,  3.68s/it]
[1A 75%|███████▌  | 785/1041 [48:24<15:32,  3.64s/it]
[1A                                                  
{'loss': '1.121e-05', 'grad_norm': '0.0001519', 'learning_rate': '3.034e-05', 'epoch': '2.263'}
[1A
[1A 75%|███████▌  | 785/1041 [48:24<15:32,  3.64s/it]
[1A 76%|███████▌  | 786/1041 [48:27<15:26,  3.63s/it]
[1A                                                  
{'loss': '2.33e-05', 'grad_norm': '0.0004645', 'learning_rate': '3.012e-05', 'epoch': '2.266'}
[1A
[1A 76%|███████▌  | 786/1041 [48:27<15:26,  3.63s/it]
[1A 76%|███████▌  | 787/1041 [48:31<15:29,  3.66s/it]
[1A                                                  
{'loss': '1.31e-05', 'grad_norm': '0.000426', 'learning_rate': '2.99e-05', 'epoch': '2.268'}
[1A
[1A 76%|███████▌  | 787/1041 [48:31<15:29,  3.66s/it]
[1A 76%|███████▌  | 788/1041 [48:35<15:26,  3.66s/it]
[1A                                                  
{'loss': '8.785e-06', 'grad_norm': '0.0001221', 'learning_rate': '2.968e-05', 'epoch': '2.271'}
[1A
[1A 76%|███████▌  | 788/1041 [48:35<15:26,  3.66s/it]
[1A 76%|███████▌  | 789/1041 [48:38<15:15,  3.63s/it]
[1A                                                  
{'loss': '1.507e-05', 'grad_norm': '0.0002382', 'learning_rate': '2.945e-05', 'epoch': '2.274'}
[1A
[1A 76%|███████▌  | 789/1041 [48:38<15:15,  3.63s/it]
[1A 76%|███████▌  | 790/1041 [48:42<15:08,  3.62s/it]
[1A                                                  
{'loss': '3.685e-05', 'grad_norm': '0.0009429', 'learning_rate': '2.923e-05', 'epoch': '2.277'}
[1A
[1A 76%|███████▌  | 790/1041 [48:42<15:08,  3.62s/it]
[1A 76%|███████▌  | 791/1041 [48:45<14:45,  3.54s/it]
[1A                                                  
{'loss': '7.246e-06', 'grad_norm': '0.0001103', 'learning_rate': '2.901e-05', 'epoch': '2.28'}
[1A
[1A 76%|███████▌  | 791/1041 [48:45<14:45,  3.54s/it]
[1A 76%|███████▌  | 792/1041 [48:49<14:39,  3.53s/it]
[1A                                                  
{'loss': '2.756e-05', 'grad_norm': '0.0008724', 'learning_rate': '2.88e-05', 'epoch': '2.283'}
[1A
[1A 76%|███████▌  | 792/1041 [48:49<14:39,  3.53s/it]
[1A 76%|███████▌  | 793/1041 [48:52<14:35,  3.53s/it]
[1A                                                  
{'loss': '2.263e-05', 'grad_norm': '0.001028', 'learning_rate': '2.858e-05', 'epoch': '2.286'}
[1A
[1A 76%|███████▌  | 793/1041 [48:52<14:35,  3.53s/it]
[1A 76%|███████▋  | 794/1041 [48:56<14:54,  3.62s/it]
[1A                                                  
{'loss': '8.483e-05', 'grad_norm': '0.003655', 'learning_rate': '2.836e-05', 'epoch': '2.289'}
[1A
[1A 76%|███████▋  | 794/1041 [48:56<14:54,  3.62s/it]
[1A 76%|███████▋  | 795/1041 [49:00<15:09,  3.70s/it]
[1A                                                  
{'loss': '1.184e-05', 'grad_norm': '0.0001872', 'learning_rate': '2.814e-05', 'epoch': '2.291'}
[1A
[1A 76%|███████▋  | 795/1041 [49:00<15:09,  3.70s/it]
[1A 76%|███████▋  | 796/1041 [49:03<14:57,  3.66s/it]
[1A                                                  
{'loss': '1.416e-05', 'grad_norm': '0.0002641', 'learning_rate': '2.793e-05', 'epoch': '2.294'}
[1A
[1A 76%|███████▋  | 796/1041 [49:03<14:57,  3.66s/it]
[1A 77%|███████▋  | 797/1041 [49:07<14:58,  3.68s/it]
[1A                                                  
{'loss': '3.494e-05', 'grad_norm': '0.0009541', 'learning_rate': '2.771e-05', 'epoch': '2.297'}
[1A
[1A 77%|███████▋  | 797/1041 [49:07<14:58,  3.68s/it]
[1A 77%|███████▋  | 798/1041 [49:11<14:49,  3.66s/it]
[1A                                                  
{'loss': '6.124e-05', 'grad_norm': '0.001536', 'learning_rate': '2.75e-05', 'epoch': '2.3'}
[1A
[1A 77%|███████▋  | 798/1041 [49:11<14:49,  3.66s/it]
[1A 77%|███████▋  | 799/1041 [49:15<15:03,  3.73s/it]
[1A                                                  
{'loss': '0.0001163', 'grad_norm': '0.003137', 'learning_rate': '2.728e-05', 'epoch': '2.303'}
[1A
[1A 77%|███████▋  | 799/1041 [49:15<15:03,  3.73s/it]
[1A 77%|███████▋  | 800/1041 [49:23<20:38,  5.14s/it]                                                  
{'loss': '4.699e-05', 'grad_norm': '0.001918', 'learning_rate': '2.707e-05', 'epoch': '2.306'}
[1A
[1A 77%|███████▋  | 800/1041 [49:23<20:38,  5.14s/it]
[1A 77%|███████▋  | 801/1041 [49:27<18:53,  4.72s/it]
[1A                                                  
{'loss': '2.352e-05', 'grad_norm': '0.00111', 'learning_rate': '2.686e-05', 'epoch': '2.309'}
[1A
[1A 77%|███████▋  | 801/1041 [49:27<18:53,  4.72s/it]
[1A 77%|███████▋  | 802/1041 [49:30<17:16,  4.34s/it]
[1A                                                  
{'loss': '1.021e-05', 'grad_norm': '0.000129', 'learning_rate': '2.664e-05', 'epoch': '2.312'}
[1A
[1A 77%|███████▋  | 802/1041 [49:30<17:16,  4.34s/it]
[1A 77%|███████▋  | 803/1041 [49:34<16:12,  4.09s/it]
[1A                                                  
{'loss': '1.053e-05', 'grad_norm': '0.0001534', 'learning_rate': '2.643e-05', 'epoch': '2.315'}
[1A
[1A 77%|███████▋  | 803/1041 [49:34<16:12,  4.09s/it]
[1A 77%|███████▋  | 804/1041 [49:38<15:43,  3.98s/it]
[1A                                                  
{'loss': '4.104e-05', 'grad_norm': '0.0008027', 'learning_rate': '2.622e-05', 'epoch': '2.317'}
[1A
[1A 77%|███████▋  | 804/1041 [49:38<15:43,  3.98s/it]
[1A 77%|███████▋  | 805/1041 [49:41<15:20,  3.90s/it]
[1A                                                  
{'loss': '4.523e-05', 'grad_norm': '0.00172', 'learning_rate': '2.601e-05', 'epoch': '2.32'}
[1A
[1A 77%|███████▋  | 805/1041 [49:41<15:20,  3.90s/it]
[1A 77%|███████▋  | 806/1041 [49:45<15:06,  3.86s/it]
[1A                                                  
{'loss': '2.734e-05', 'grad_norm': '0.0007621', 'learning_rate': '2.58e-05', 'epoch': '2.323'}
[1A
[1A 77%|███████▋  | 806/1041 [49:45<15:06,  3.86s/it]
[1A 78%|███████▊  | 807/1041 [49:49<14:52,  3.81s/it]
[1A                                                  
{'loss': '6.67e-05', 'grad_norm': '0.002776', 'learning_rate': '2.56e-05', 'epoch': '2.326'}
[1A
[1A 78%|███████▊  | 807/1041 [49:49<14:52,  3.81s/it]
[1A 78%|███████▊  | 808/1041 [49:52<14:43,  3.79s/it]
[1A                                                  
{'loss': '1.774e-05', 'grad_norm': '0.0003598', 'learning_rate': '2.539e-05', 'epoch': '2.329'}
[1A
[1A 78%|███████▊  | 808/1041 [49:52<14:43,  3.79s/it]
[1A 78%|███████▊  | 809/1041 [49:56<14:30,  3.75s/it]
[1A                                                  
{'loss': '4.259e-05', 'grad_norm': '0.001114', 'learning_rate': '2.518e-05', 'epoch': '2.332'}
[1A
[1A 78%|███████▊  | 809/1041 [49:56<14:30,  3.75s/it]
[1A 78%|███████▊  | 810/1041 [50:00<14:14,  3.70s/it]
[1A                                                  
{'loss': '3.42e-05', 'grad_norm': '0.001015', 'learning_rate': '2.497e-05', 'epoch': '2.335'}
[1A
[1A 78%|███████▊  | 810/1041 [50:00<14:14,  3.70s/it]
[1A 78%|███████▊  | 811/1041 [50:03<14:08,  3.69s/it]
[1A                                                  
{'loss': '4.164e-05', 'grad_norm': '0.00209', 'learning_rate': '2.477e-05', 'epoch': '2.338'}
[1A
[1A 78%|███████▊  | 811/1041 [50:03<14:08,  3.69s/it]
[1A 78%|███████▊  | 812/1041 [50:07<13:55,  3.65s/it]
[1A                                                  
{'loss': '2.09e-05', 'grad_norm': '0.000482', 'learning_rate': '2.456e-05', 'epoch': '2.341'}
[1A
[1A 78%|███████▊  | 812/1041 [50:07<13:55,  3.65s/it]
[1A 78%|███████▊  | 813/1041 [50:10<13:40,  3.60s/it]
[1A                                                  
{'loss': '7.5e-06', 'grad_norm': '0.0001012', 'learning_rate': '2.436e-05', 'epoch': '2.343'}
[1A
[1A 78%|███████▊  | 813/1041 [50:10<13:40,  3.60s/it]
[1A 78%|███████▊  | 814/1041 [50:14<13:55,  3.68s/it]
[1A                                                  
{'loss': '1.341e-05', 'grad_norm': '0.0001559', 'learning_rate': '2.416e-05', 'epoch': '2.346'}
[1A
[1A 78%|███████▊  | 814/1041 [50:14<13:55,  3.68s/it]
[1A 78%|███████▊  | 815/1041 [50:18<13:50,  3.68s/it]
[1A                                                  
{'loss': '2.163e-05', 'grad_norm': '0.0004947', 'learning_rate': '2.395e-05', 'epoch': '2.349'}
[1A
[1A 78%|███████▊  | 815/1041 [50:18<13:50,  3.68s/it]
[1A 78%|███████▊  | 816/1041 [50:21<13:36,  3.63s/it]
[1A                                                  
{'loss': '1.849e-05', 'grad_norm': '0.000379', 'learning_rate': '2.375e-05', 'epoch': '2.352'}
[1A
[1A 78%|███████▊  | 816/1041 [50:21<13:36,  3.63s/it]
[1A 78%|███████▊  | 817/1041 [50:25<13:49,  3.70s/it]
[1A                                                  
{'loss': '2.957e-05', 'grad_norm': '0.0007038', 'learning_rate': '2.355e-05', 'epoch': '2.355'}
[1A
[1A 78%|███████▊  | 817/1041 [50:25<13:49,  3.70s/it]
[1A 79%|███████▊  | 818/1041 [50:29<13:37,  3.67s/it]
[1A                                                  
{'loss': '1.443e-05', 'grad_norm': '0.0002698', 'learning_rate': '2.335e-05', 'epoch': '2.358'}
[1A
[1A 79%|███████▊  | 818/1041 [50:29<13:37,  3.67s/it]
[1A 79%|███████▊  | 819/1041 [50:33<13:29,  3.65s/it]
[1A                                                  
{'loss': '1.314e-05', 'grad_norm': '0.0002165', 'learning_rate': '2.315e-05', 'epoch': '2.361'}
[1A
[1A 79%|███████▊  | 819/1041 [50:33<13:29,  3.65s/it]
[1A 79%|███████▉  | 820/1041 [50:36<13:27,  3.65s/it]
[1A                                                  
{'loss': '1.465e-05', 'grad_norm': '0.0002987', 'learning_rate': '2.295e-05', 'epoch': '2.364'}
[1A
[1A 79%|███████▉  | 820/1041 [50:36<13:27,  3.65s/it]
[1A 79%|███████▉  | 821/1041 [50:40<13:16,  3.62s/it]
[1A                                                  
{'loss': '9.311e-06', 'grad_norm': '0.0001529', 'learning_rate': '2.275e-05', 'epoch': '2.367'}
[1A
[1A 79%|███████▉  | 821/1041 [50:40<13:16,  3.62s/it]
[1A 79%|███████▉  | 822/1041 [50:43<13:15,  3.63s/it]
[1A                                                  
{'loss': '2.185e-05', 'grad_norm': '0.001012', 'learning_rate': '2.256e-05', 'epoch': '2.369'}
[1A
[1A 79%|███████▉  | 822/1041 [50:43<13:15,  3.63s/it]
[1A 79%|███████▉  | 823/1041 [50:47<13:07,  3.61s/it]
[1A                                                  
{'loss': '1.922e-05', 'grad_norm': '0.0004022', 'learning_rate': '2.236e-05', 'epoch': '2.372'}
[1A
[1A 79%|███████▉  | 823/1041 [50:47<13:07,  3.61s/it]
[1A 79%|███████▉  | 824/1041 [50:51<13:11,  3.65s/it]
[1A                                                  
{'loss': '3.349e-05', 'grad_norm': '0.001267', 'learning_rate': '2.216e-05', 'epoch': '2.375'}
[1A
[1A 79%|███████▉  | 824/1041 [50:51<13:11,  3.65s/it]
[1A 79%|███████▉  | 825/1041 [50:54<13:12,  3.67s/it]
[1A                                                  
{'loss': '0.0002975', 'grad_norm': '0.0186', 'learning_rate': '2.197e-05', 'epoch': '2.378'}
[1A
[1A 79%|███████▉  | 825/1041 [50:54<13:12,  3.67s/it]
[1A 79%|███████▉  | 826/1041 [50:58<13:11,  3.68s/it]
[1A                                                  
{'loss': '1.293e-05', 'grad_norm': '0.0001656', 'learning_rate': '2.178e-05', 'epoch': '2.381'}
[1A
[1A 79%|███████▉  | 826/1041 [50:58<13:11,  3.68s/it]
[1A 79%|███████▉  | 827/1041 [51:02<12:56,  3.63s/it]
[1A                                                  
{'loss': '1.175e-05', 'grad_norm': '0.0002093', 'learning_rate': '2.158e-05', 'epoch': '2.384'}
[1A
[1A 79%|███████▉  | 827/1041 [51:02<12:56,  3.63s/it]
[1A 80%|███████▉  | 828/1041 [51:05<12:58,  3.66s/it]
[1A                                                  
{'loss': '4.805e-05', 'grad_norm': '0.001496', 'learning_rate': '2.139e-05', 'epoch': '2.387'}
[1A
[1A 80%|███████▉  | 828/1041 [51:05<12:58,  3.66s/it]
[1A 80%|███████▉  | 829/1041 [51:09<12:51,  3.64s/it]
[1A                                                  
{'loss': '1.478e-05', 'grad_norm': '0.0002417', 'learning_rate': '2.12e-05', 'epoch': '2.39'}
[1A
[1A 80%|███████▉  | 829/1041 [51:09<12:51,  3.64s/it]
[1A 80%|███████▉  | 830/1041 [51:13<12:44,  3.62s/it]
[1A                                                  
{'loss': '1.802e-05', 'grad_norm': '0.0002877', 'learning_rate': '2.101e-05', 'epoch': '2.392'}
[1A
[1A 80%|███████▉  | 830/1041 [51:13<12:44,  3.62s/it]
[1A 80%|███████▉  | 831/1041 [51:16<12:48,  3.66s/it]
[1A                                                  
{'loss': '1.545e-05', 'grad_norm': '0.0001865', 'learning_rate': '2.081e-05', 'epoch': '2.395'}
[1A
[1A 80%|███████▉  | 831/1041 [51:16<12:48,  3.66s/it]
[1A 80%|███████▉  | 832/1041 [51:20<12:59,  3.73s/it]
[1A                                                  
{'loss': '2.225e-05', 'grad_norm': '0.0005865', 'learning_rate': '2.063e-05', 'epoch': '2.398'}
[1A
[1A 80%|███████▉  | 832/1041 [51:20<12:59,  3.73s/it]
[1A 80%|████████  | 833/1041 [51:24<12:49,  3.70s/it]
[1A                                                  
{'loss': '7.134e-06', 'grad_norm': '0.0001004', 'learning_rate': '2.044e-05', 'epoch': '2.401'}
[1A
[1A 80%|████████  | 833/1041 [51:24<12:49,  3.70s/it]
[1A 80%|████████  | 834/1041 [51:27<12:35,  3.65s/it]
[1A                                                  
{'loss': '2.844e-05', 'grad_norm': '0.0008543', 'learning_rate': '2.025e-05', 'epoch': '2.404'}
[1A
[1A 80%|████████  | 834/1041 [51:27<12:35,  3.65s/it]
[1A 80%|████████  | 835/1041 [51:31<12:19,  3.59s/it]
[1A                                                  
{'loss': '4.13e-05', 'grad_norm': '0.001198', 'learning_rate': '2.006e-05', 'epoch': '2.407'}
[1A
[1A 80%|████████  | 835/1041 [51:31<12:19,  3.59s/it]
[1A 80%|████████  | 836/1041 [51:35<12:26,  3.64s/it]
[1A                                                  
{'loss': '0.01191', 'grad_norm': '0.5157', 'learning_rate': '1.987e-05', 'epoch': '2.41'}
[1A
[1A 80%|████████  | 836/1041 [51:35<12:26,  3.64s/it]
[1A 80%|████████  | 837/1041 [51:38<12:16,  3.61s/it]
[1A                                                  
{'loss': '1.62e-05', 'grad_norm': '0.0002703', 'learning_rate': '1.969e-05', 'epoch': '2.413'}
[1A
[1A 80%|████████  | 837/1041 [51:38<12:16,  3.61s/it]
[1A 80%|████████  | 838/1041 [51:42<12:10,  3.60s/it]
[1A                                                  
{'loss': '1.821e-05', 'grad_norm': '0.0002977', 'learning_rate': '1.95e-05', 'epoch': '2.416'}
[1A
[1A 80%|████████  | 838/1041 [51:42<12:10,  3.60s/it]
[1A 81%|████████  | 839/1041 [51:45<12:15,  3.64s/it]
[1A                                                  
{'loss': '8.202e-05', 'grad_norm': '0.003482', 'learning_rate': '1.932e-05', 'epoch': '2.418'}
[1A
[1A 81%|████████  | 839/1041 [51:45<12:15,  3.64s/it]
[1A 81%|████████  | 840/1041 [51:49<12:08,  3.63s/it]
[1A                                                  
{'loss': '2.678e-05', 'grad_norm': '0.0008708', 'learning_rate': '1.913e-05', 'epoch': '2.421'}
[1A
[1A 81%|████████  | 840/1041 [51:49<12:08,  3.63s/it]
[1A 81%|████████  | 841/1041 [51:53<12:11,  3.66s/it]
[1A                                                  
{'loss': '1.173e-05', 'grad_norm': '0.0001798', 'learning_rate': '1.895e-05', 'epoch': '2.424'}
[1A
[1A 81%|████████  | 841/1041 [51:53<12:11,  3.66s/it]
[1A 81%|████████  | 842/1041 [51:56<12:11,  3.67s/it]
[1A                                                  
{'loss': '1.998e-05', 'grad_norm': '0.0004773', 'learning_rate': '1.877e-05', 'epoch': '2.427'}
[1A
[1A 81%|████████  | 842/1041 [51:56<12:11,  3.67s/it]
[1A 81%|████████  | 843/1041 [52:00<12:03,  3.65s/it]
[1A                                                  
{'loss': '2.747e-05', 'grad_norm': '0.001489', 'learning_rate': '1.859e-05', 'epoch': '2.43'}
[1A
[1A 81%|████████  | 843/1041 [52:00<12:03,  3.65s/it]
[1A 81%|████████  | 844/1041 [52:04<12:10,  3.71s/it]
[1A                                                  
{'loss': '1.498e-05', 'grad_norm': '0.0004953', 'learning_rate': '1.841e-05', 'epoch': '2.433'}
[1A
[1A 81%|████████  | 844/1041 [52:04<12:10,  3.71s/it]
[1A 81%|████████  | 845/1041 [52:07<11:56,  3.66s/it]
[1A                                                  
{'loss': '2.874e-05', 'grad_norm': '0.0008041', 'learning_rate': '1.823e-05', 'epoch': '2.436'}
[1A
[1A 81%|████████  | 845/1041 [52:07<11:56,  3.66s/it]
[1A 81%|████████▏ | 846/1041 [52:11<12:08,  3.73s/it]
[1A                                                  
{'loss': '1.97e-05', 'grad_norm': '0.0003587', 'learning_rate': '1.805e-05', 'epoch': '2.439'}
[1A
[1A 81%|████████▏ | 846/1041 [52:11<12:08,  3.73s/it]
[1A 81%|████████▏ | 847/1041 [52:15<12:04,  3.74s/it]
[1A                                                  
{'loss': '1.396e-05', 'grad_norm': '0.0002778', 'learning_rate': '1.787e-05', 'epoch': '2.442'}
[1A
[1A 81%|████████▏ | 847/1041 [52:15<12:04,  3.74s/it]
[1A 81%|████████▏ | 848/1041 [52:18<11:43,  3.65s/it]
[1A                                                  
{'loss': '5.15e-05', 'grad_norm': '0.001759', 'learning_rate': '1.769e-05', 'epoch': '2.444'}
[1A
[1A 81%|████████▏ | 848/1041 [52:18<11:43,  3.65s/it]
[1A 82%|████████▏ | 849/1041 [52:22<11:35,  3.62s/it]
[1A                                                  
{'loss': '1.184e-05', 'grad_norm': '0.0001714', 'learning_rate': '1.752e-05', 'epoch': '2.447'}
[1A
[1A 82%|████████▏ | 849/1041 [52:22<11:35,  3.62s/it]
[1A 82%|████████▏ | 850/1041 [52:26<11:29,  3.61s/it]
[1A                                                  
{'loss': '1.375e-05', 'grad_norm': '0.0002579', 'learning_rate': '1.734e-05', 'epoch': '2.45'}
[1A
[1A 82%|████████▏ | 850/1041 [52:26<11:29,  3.61s/it]
[1A 82%|████████▏ | 851/1041 [52:29<11:28,  3.62s/it]
[1A                                                  
{'loss': '1.318e-05', 'grad_norm': '0.0002982', 'learning_rate': '1.717e-05', 'epoch': '2.453'}
[1A
[1A 82%|████████▏ | 851/1041 [52:29<11:28,  3.62s/it]
[1A 82%|████████▏ | 852/1041 [52:33<11:22,  3.61s/it]
[1A                                                  
{'loss': '9.271e-06', 'grad_norm': '0.0001283', 'learning_rate': '1.699e-05', 'epoch': '2.456'}
[1A
[1A 82%|████████▏ | 852/1041 [52:33<11:22,  3.61s/it]
[1A 82%|████████▏ | 853/1041 [52:37<11:26,  3.65s/it]
[1A                                                  
{'loss': '1.454e-05', 'grad_norm': '0.0002584', 'learning_rate': '1.682e-05', 'epoch': '2.459'}
[1A
[1A 82%|████████▏ | 853/1041 [52:37<11:26,  3.65s/it]
[1A 82%|████████▏ | 854/1041 [52:40<11:28,  3.68s/it]
[1A                                                  
{'loss': '1.606e-05', 'grad_norm': '0.0002672', 'learning_rate': '1.665e-05', 'epoch': '2.462'}
[1A
[1A 82%|████████▏ | 854/1041 [52:40<11:28,  3.68s/it]
[1A 82%|████████▏ | 855/1041 [52:44<11:15,  3.63s/it]
[1A                                                  
{'loss': '7.588e-06', 'grad_norm': '9.846e-05', 'learning_rate': '1.648e-05', 'epoch': '2.465'}
[1A
[1A 82%|████████▏ | 855/1041 [52:44<11:15,  3.63s/it]
[1A 82%|████████▏ | 856/1041 [52:48<11:17,  3.66s/it]
[1A                                                  
{'loss': '2.067e-05', 'grad_norm': '0.0005153', 'learning_rate': '1.631e-05', 'epoch': '2.468'}
[1A
[1A 82%|████████▏ | 856/1041 [52:48<11:17,  3.66s/it]
[1A 82%|████████▏ | 857/1041 [52:51<11:14,  3.66s/it]
[1A                                                  
{'loss': '1.425e-05', 'grad_norm': '0.000209', 'learning_rate': '1.614e-05', 'epoch': '2.47'}
[1A
[1A 82%|████████▏ | 857/1041 [52:51<11:14,  3.66s/it]
[1A 82%|████████▏ | 858/1041 [52:55<11:10,  3.67s/it]
[1A                                                  
{'loss': '8.729e-05', 'grad_norm': '0.005779', 'learning_rate': '1.597e-05', 'epoch': '2.473'}
[1A
[1A 82%|████████▏ | 858/1041 [52:55<11:10,  3.67s/it]
[1A 83%|████████▎ | 859/1041 [52:59<11:03,  3.65s/it]
[1A                                                  
{'loss': '0.0003109', 'grad_norm': '0.01049', 'learning_rate': '1.58e-05', 'epoch': '2.476'}
[1A
[1A 83%|████████▎ | 859/1041 [52:59<11:03,  3.65s/it]
[1A 83%|████████▎ | 860/1041 [53:02<10:57,  3.63s/it]
[1A                                                  
{'loss': '5.147e-05', 'grad_norm': '0.002579', 'learning_rate': '1.563e-05', 'epoch': '2.479'}
[1A
[1A 83%|████████▎ | 860/1041 [53:02<10:57,  3.63s/it]
[1A 83%|████████▎ | 861/1041 [53:06<10:52,  3.63s/it]
[1A                                                  
{'loss': '3.902e-05', 'grad_norm': '0.001314', 'learning_rate': '1.546e-05', 'epoch': '2.482'}
[1A
[1A 83%|████████▎ | 861/1041 [53:06<10:52,  3.63s/it]
[1A 83%|████████▎ | 862/1041 [53:10<10:54,  3.66s/it]
[1A                                                  
{'loss': '3.876e-05', 'grad_norm': '0.00169', 'learning_rate': '1.53e-05', 'epoch': '2.485'}
[1A
[1A 83%|████████▎ | 862/1041 [53:10<10:54,  3.66s/it]
[1A 83%|████████▎ | 863/1041 [53:13<10:54,  3.68s/it]
[1A                                                  
{'loss': '2.068e-05', 'grad_norm': '0.0004865', 'learning_rate': '1.513e-05', 'epoch': '2.488'}
[1A
[1A 83%|████████▎ | 863/1041 [53:13<10:54,  3.68s/it]
[1A 83%|████████▎ | 864/1041 [53:17<10:47,  3.66s/it]
[1A                                                  
{'loss': '4.413e-05', 'grad_norm': '0.004953', 'learning_rate': '1.497e-05', 'epoch': '2.491'}
[1A
[1A 83%|████████▎ | 864/1041 [53:17<10:47,  3.66s/it]
[1A 83%|████████▎ | 865/1041 [53:20<10:36,  3.61s/it]
[1A                                                  
{'loss': '0.0001177', 'grad_norm': '0.01446', 'learning_rate': '1.481e-05', 'epoch': '2.494'}
[1A
[1A 83%|████████▎ | 865/1041 [53:20<10:36,  3.61s/it]
[1A 83%|████████▎ | 866/1041 [53:24<10:38,  3.65s/it]
[1A                                                  
{'loss': '2.492e-05', 'grad_norm': '0.0007149', 'learning_rate': '1.464e-05', 'epoch': '2.496'}
[1A
[1A 83%|████████▎ | 866/1041 [53:24<10:38,  3.65s/it]
[1A 83%|████████▎ | 867/1041 [53:28<10:31,  3.63s/it]
[1A                                                  
{'loss': '3.336e-05', 'grad_norm': '0.000723', 'learning_rate': '1.448e-05', 'epoch': '2.499'}
[1A
[1A 83%|████████▎ | 867/1041 [53:28<10:31,  3.63s/it]
[1A 83%|████████▎ | 868/1041 [53:31<10:33,  3.66s/it]
[1A                                                  
{'loss': '1.244e-05', 'grad_norm': '0.000224', 'learning_rate': '1.432e-05', 'epoch': '2.502'}
[1A
[1A 83%|████████▎ | 868/1041 [53:31<10:33,  3.66s/it]
[1A 83%|████████▎ | 869/1041 [53:35<10:31,  3.67s/it]
[1A                                                  
{'loss': '2.738e-05', 'grad_norm': '0.0006841', 'learning_rate': '1.416e-05', 'epoch': '2.505'}
[1A
[1A 83%|████████▎ | 869/1041 [53:35<10:31,  3.67s/it]
[1A 84%|████████▎ | 870/1041 [53:39<10:31,  3.69s/it]
[1A                                                  
{'loss': '1.262e-05', 'grad_norm': '0.0001666', 'learning_rate': '1.4e-05', 'epoch': '2.508'}
[1A
[1A 84%|████████▎ | 870/1041 [53:39<10:31,  3.69s/it]
[1A 84%|████████▎ | 871/1041 [53:42<10:23,  3.67s/it]
[1A                                                  
{'loss': '3.584e-05', 'grad_norm': '0.00145', 'learning_rate': '1.384e-05', 'epoch': '2.511'}
[1A
[1A 84%|████████▎ | 871/1041 [53:42<10:23,  3.67s/it]
[1A 84%|████████▍ | 872/1041 [53:46<10:11,  3.62s/it]
[1A                                                  
{'loss': '6.736e-06', 'grad_norm': '8.605e-05', 'learning_rate': '1.368e-05', 'epoch': '2.514'}
[1A
[1A 84%|████████▍ | 872/1041 [53:46<10:11,  3.62s/it]
[1A 84%|████████▍ | 873/1041 [53:50<10:06,  3.61s/it]
[1A                                                  
{'loss': '4.706e-05', 'grad_norm': '0.001886', 'learning_rate': '1.353e-05', 'epoch': '2.517'}
[1A
[1A 84%|████████▍ | 873/1041 [53:50<10:06,  3.61s/it]
[1A 84%|████████▍ | 874/1041 [53:53<10:05,  3.63s/it]
[1A                                                  
{'loss': '1.876e-05', 'grad_norm': '0.0003638', 'learning_rate': '1.337e-05', 'epoch': '2.519'}
[1A
[1A 84%|████████▍ | 874/1041 [53:53<10:05,  3.63s/it]
[1A 84%|████████▍ | 875/1041 [53:57<10:15,  3.71s/it]
[1A                                                  
{'loss': '3.47e-05', 'grad_norm': '0.00105', 'learning_rate': '1.322e-05', 'epoch': '2.522'}
[1A
[1A 84%|████████▍ | 875/1041 [53:57<10:15,  3.71s/it]
[1A 84%|████████▍ | 876/1041 [54:01<10:09,  3.69s/it]
[1A                                                  
{'loss': '2.609e-05', 'grad_norm': '0.0005727', 'learning_rate': '1.306e-05', 'epoch': '2.525'}
[1A
[1A 84%|████████▍ | 876/1041 [54:01<10:09,  3.69s/it]
[1A 84%|████████▍ | 877/1041 [54:04<09:59,  3.66s/it]
[1A                                                  
{'loss': '3.639e-05', 'grad_norm': '0.001869', 'learning_rate': '1.291e-05', 'epoch': '2.528'}
[1A
[1A 84%|████████▍ | 877/1041 [54:04<09:59,  3.66s/it]
[1A 84%|████████▍ | 878/1041 [54:08<09:48,  3.61s/it]
[1A                                                  
{'loss': '1.113e-05', 'grad_norm': '0.0001983', 'learning_rate': '1.276e-05', 'epoch': '2.531'}
[1A
[1A 84%|████████▍ | 878/1041 [54:08<09:48,  3.61s/it]
[1A 84%|████████▍ | 879/1041 [54:12<09:51,  3.65s/it]
[1A                                                  
{'loss': '2.002e-05', 'grad_norm': '0.0005144', 'learning_rate': '1.26e-05', 'epoch': '2.534'}
[1A
[1A 84%|████████▍ | 879/1041 [54:12<09:51,  3.65s/it]
[1A 85%|████████▍ | 880/1041 [54:15<09:52,  3.68s/it]
[1A                                                  
{'loss': '8.729e-05', 'grad_norm': '0.006676', 'learning_rate': '1.245e-05', 'epoch': '2.537'}
[1A
[1A 85%|████████▍ | 880/1041 [54:15<09:52,  3.68s/it]
[1A 85%|████████▍ | 881/1041 [54:19<09:47,  3.67s/it]
[1A                                                  
{'loss': '3.647e-05', 'grad_norm': '0.0008953', 'learning_rate': '1.23e-05', 'epoch': '2.54'}
[1A
[1A 85%|████████▍ | 881/1041 [54:19<09:47,  3.67s/it]
[1A 85%|████████▍ | 882/1041 [54:23<09:53,  3.73s/it]
[1A                                                  
{'loss': '1.232e-05', 'grad_norm': '0.0002058', 'learning_rate': '1.215e-05', 'epoch': '2.543'}
[1A
[1A 85%|████████▍ | 882/1041 [54:23<09:53,  3.73s/it]
[1A 85%|████████▍ | 883/1041 [54:26<09:44,  3.70s/it]
[1A                                                  
{'loss': '1.369e-05', 'grad_norm': '0.0002867', 'learning_rate': '1.201e-05', 'epoch': '2.545'}
[1A
[1A 85%|████████▍ | 883/1041 [54:26<09:44,  3.70s/it]
[1A 85%|████████▍ | 884/1041 [54:30<09:34,  3.66s/it]
[1A                                                  
{'loss': '0.0001745', 'grad_norm': '0.02481', 'learning_rate': '1.186e-05', 'epoch': '2.548'}
[1A
[1A 85%|████████▍ | 884/1041 [54:30<09:34,  3.66s/it]
[1A 85%|████████▌ | 885/1041 [54:34<09:33,  3.68s/it]
[1A                                                  
{'loss': '0.001369', 'grad_norm': '0.07824', 'learning_rate': '1.171e-05', 'epoch': '2.551'}
[1A
[1A 85%|████████▌ | 885/1041 [54:34<09:33,  3.68s/it]
[1A 85%|████████▌ | 886/1041 [54:38<09:32,  3.70s/it]
[1A                                                  
{'loss': '1.805e-05', 'grad_norm': '0.0003585', 'learning_rate': '1.157e-05', 'epoch': '2.554'}
[1A
[1A 85%|████████▌ | 886/1041 [54:38<09:32,  3.70s/it]
[1A 85%|████████▌ | 887/1041 [54:41<09:25,  3.67s/it]
[1A                                                  
{'loss': '5.294e-05', 'grad_norm': '0.001512', 'learning_rate': '1.142e-05', 'epoch': '2.557'}
[1A
[1A 85%|████████▌ | 887/1041 [54:41<09:25,  3.67s/it]
[1A 85%|████████▌ | 888/1041 [54:45<09:24,  3.69s/it]
[1A                                                  
{'loss': '0.0001444', 'grad_norm': '0.03396', 'learning_rate': '1.128e-05', 'epoch': '2.56'}
[1A
[1A 85%|████████▌ | 888/1041 [54:45<09:24,  3.69s/it]
[1A 85%|████████▌ | 889/1041 [54:48<09:16,  3.66s/it]
[1A                                                  
{'loss': '5.254e-05', 'grad_norm': '0.002769', 'learning_rate': '1.113e-05', 'epoch': '2.563'}
[1A
[1A 85%|████████▌ | 889/1041 [54:48<09:16,  3.66s/it]
[1A 85%|████████▌ | 890/1041 [54:52<09:12,  3.66s/it]
[1A                                                  
{'loss': '2.003e-05', 'grad_norm': '0.0004177', 'learning_rate': '1.099e-05', 'epoch': '2.566'}
[1A
[1A 85%|████████▌ | 890/1041 [54:52<09:12,  3.66s/it]
[1A 86%|████████▌ | 891/1041 [54:56<09:10,  3.67s/it]
[1A                                                  
{'loss': '1.444e-05', 'grad_norm': '0.0002639', 'learning_rate': '1.085e-05', 'epoch': '2.569'}
[1A
[1A 86%|████████▌ | 891/1041 [54:56<09:10,  3.67s/it]
[1A 86%|████████▌ | 892/1041 [54:59<09:03,  3.65s/it]
[1A                                                  
{'loss': '1.769e-05', 'grad_norm': '0.0005047', 'learning_rate': '1.071e-05', 'epoch': '2.571'}
[1A
[1A 86%|████████▌ | 892/1041 [54:59<09:03,  3.65s/it]
[1A 86%|████████▌ | 893/1041 [55:03<09:03,  3.67s/it]
[1A                                                  
{'loss': '0.000128', 'grad_norm': '0.01078', 'learning_rate': '1.057e-05', 'epoch': '2.574'}
[1A
[1A 86%|████████▌ | 893/1041 [55:03<09:03,  3.67s/it]
[1A 86%|████████▌ | 894/1041 [55:07<09:12,  3.76s/it]
[1A                                                  
{'loss': '2.47e-05', 'grad_norm': '0.0005775', 'learning_rate': '1.043e-05', 'epoch': '2.577'}
[1A
[1A 86%|████████▌ | 894/1041 [55:07<09:12,  3.76s/it]
[1A 86%|████████▌ | 895/1041 [55:11<08:54,  3.66s/it]
[1A                                                  
{'loss': '1.795e-05', 'grad_norm': '0.0005251', 'learning_rate': '1.029e-05', 'epoch': '2.58'}
[1A
[1A 86%|████████▌ | 895/1041 [55:11<08:54,  3.66s/it]
[1A 86%|████████▌ | 896/1041 [55:14<08:44,  3.62s/it]
[1A                                                  
{'loss': '1.499e-05', 'grad_norm': '0.0003086', 'learning_rate': '1.016e-05', 'epoch': '2.583'}
[1A
[1A 86%|████████▌ | 896/1041 [55:14<08:44,  3.62s/it]
[1A 86%|████████▌ | 897/1041 [55:18<08:46,  3.65s/it]
[1A                                                  
{'loss': '2.12e-05', 'grad_norm': '0.0007154', 'learning_rate': '1.002e-05', 'epoch': '2.586'}
[1A
[1A 86%|████████▌ | 897/1041 [55:18<08:46,  3.65s/it]
[1A 86%|████████▋ | 898/1041 [55:21<08:44,  3.67s/it]
[1A                                                  
{'loss': '2.118e-05', 'grad_norm': '0.0003783', 'learning_rate': '9.884e-06', 'epoch': '2.589'}
[1A
[1A 86%|████████▋ | 898/1041 [55:21<08:44,  3.67s/it]
[1A 86%|████████▋ | 899/1041 [55:25<08:34,  3.62s/it]
[1A                                                  
{'loss': '0.0002869', 'grad_norm': '0.01684', 'learning_rate': '9.749e-06', 'epoch': '2.592'}
[1A
[1A 86%|████████▋ | 899/1041 [55:25<08:34,  3.62s/it]
[1A 86%|████████▋ | 900/1041 [55:33<11:47,  5.02s/it]                                                  
{'loss': '8.735e-05', 'grad_norm': '0.003043', 'learning_rate': '9.616e-06', 'epoch': '2.595'}
[1A
[1A 86%|████████▋ | 900/1041 [55:33<11:47,  5.02s/it]
[1A 87%|████████▋ | 901/1041 [55:37<10:46,  4.62s/it]
[1A                                                  
{'loss': '2.598e-05', 'grad_norm': '0.0007531', 'learning_rate': '9.483e-06', 'epoch': '2.597'}
[1A
[1A 87%|████████▋ | 901/1041 [55:37<10:46,  4.62s/it]
[1A 87%|████████▋ | 902/1041 [55:41<10:05,  4.35s/it]
[1A                                                  
{'loss': '4.573e-05', 'grad_norm': '0.001153', 'learning_rate': '9.351e-06', 'epoch': '2.6'}
[1A
[1A 87%|████████▋ | 902/1041 [55:41<10:05,  4.35s/it]
[1A 87%|████████▋ | 903/1041 [55:45<09:42,  4.22s/it]
[1A                                                  
{'loss': '1.478e-05', 'grad_norm': '0.0003486', 'learning_rate': '9.22e-06', 'epoch': '2.603'}
[1A
[1A 87%|████████▋ | 903/1041 [55:45<09:42,  4.22s/it]
[1A 87%|████████▋ | 904/1041 [55:48<09:23,  4.11s/it]
[1A                                                  
{'loss': '1.585e-05', 'grad_norm': '0.0003231', 'learning_rate': '9.09e-06', 'epoch': '2.606'}
[1A
[1A 87%|████████▋ | 904/1041 [55:48<09:23,  4.11s/it]
[1A 87%|████████▋ | 905/1041 [55:52<09:02,  3.99s/it]
[1A                                                  
{'loss': '3.99e-05', 'grad_norm': '0.001988', 'learning_rate': '8.961e-06', 'epoch': '2.609'}
[1A
[1A 87%|████████▋ | 905/1041 [55:52<09:02,  3.99s/it]
[1A 87%|████████▋ | 906/1041 [55:56<09:01,  4.01s/it]
[1A                                                  
{'loss': '2.04e-05', 'grad_norm': '0.0002943', 'learning_rate': '8.832e-06', 'epoch': '2.612'}
[1A
[1A 87%|████████▋ | 906/1041 [55:56<09:01,  4.01s/it]
[1A 87%|████████▋ | 907/1041 [56:00<08:45,  3.92s/it]
[1A                                                  
{'loss': '1.151e-05', 'grad_norm': '0.0003989', 'learning_rate': '8.705e-06', 'epoch': '2.615'}
[1A
[1A 87%|████████▋ | 907/1041 [56:00<08:45,  3.92s/it]
[1A 87%|████████▋ | 908/1041 [56:04<08:33,  3.86s/it]
[1A                                                  
{'loss': '1.16e-05', 'grad_norm': '0.000153', 'learning_rate': '8.578e-06', 'epoch': '2.618'}
[1A
[1A 87%|████████▋ | 908/1041 [56:04<08:33,  3.86s/it]
[1A 87%|████████▋ | 909/1041 [56:08<08:29,  3.86s/it]
[1A                                                  
{'loss': '3.048e-05', 'grad_norm': '0.002295', 'learning_rate': '8.452e-06', 'epoch': '2.62'}
[1A
[1A 87%|████████▋ | 909/1041 [56:08<08:29,  3.86s/it]
[1A 87%|████████▋ | 910/1041 [56:11<08:15,  3.78s/it]
[1A                                                  
{'loss': '8.094e-05', 'grad_norm': '0.003192', 'learning_rate': '8.327e-06', 'epoch': '2.623'}
[1A
[1A 87%|████████▋ | 910/1041 [56:11<08:15,  3.78s/it]
[1A 88%|████████▊ | 911/1041 [56:15<08:10,  3.77s/it]
[1A                                                  
{'loss': '1.833e-05', 'grad_norm': '0.0004695', 'learning_rate': '8.204e-06', 'epoch': '2.626'}
[1A
[1A 88%|████████▊ | 911/1041 [56:15<08:10,  3.77s/it]
[1A 88%|████████▊ | 912/1041 [56:19<08:04,  3.76s/it]
[1A                                                  
{'loss': '2.22e-05', 'grad_norm': '0.0005624', 'learning_rate': '8.08e-06', 'epoch': '2.629'}
[1A
[1A 88%|████████▊ | 912/1041 [56:19<08:04,  3.76s/it]
[1A 88%|████████▊ | 913/1041 [56:22<08:04,  3.79s/it]
[1A                                                  
{'loss': '1.647e-05', 'grad_norm': '0.0003095', 'learning_rate': '7.958e-06', 'epoch': '2.632'}
[1A
[1A 88%|████████▊ | 913/1041 [56:22<08:04,  3.79s/it]
[1A 88%|████████▊ | 914/1041 [56:26<07:59,  3.77s/it]
[1A                                                  
{'loss': '0.0001776', 'grad_norm': '0.005298', 'learning_rate': '7.837e-06', 'epoch': '2.635'}
[1A
[1A 88%|████████▊ | 914/1041 [56:26<07:59,  3.77s/it]
[1A 88%|████████▊ | 915/1041 [56:30<07:48,  3.72s/it]
[1A                                                  
{'loss': '1.25e-05', 'grad_norm': '0.0001707', 'learning_rate': '7.717e-06', 'epoch': '2.638'}
[1A
[1A 88%|████████▊ | 915/1041 [56:30<07:48,  3.72s/it]
[1A 88%|████████▊ | 916/1041 [56:33<07:44,  3.72s/it]
[1A                                                  
{'loss': '0.0001248', 'grad_norm': '0.003824', 'learning_rate': '7.597e-06', 'epoch': '2.641'}
[1A
[1A 88%|████████▊ | 916/1041 [56:33<07:44,  3.72s/it]
[1A 88%|████████▊ | 917/1041 [56:37<07:34,  3.67s/it]
[1A                                                  
{'loss': '1.697e-05', 'grad_norm': '0.0002799', 'learning_rate': '7.479e-06', 'epoch': '2.644'}
[1A
[1A 88%|████████▊ | 917/1041 [56:37<07:34,  3.67s/it]
[1A 88%|████████▊ | 918/1041 [56:41<07:40,  3.74s/it]
[1A                                                  
{'loss': '9.485e-05', 'grad_norm': '0.008318', 'learning_rate': '7.361e-06', 'epoch': '2.646'}
[1A
[1A 88%|████████▊ | 918/1041 [56:41<07:40,  3.74s/it]
[1A 88%|████████▊ | 919/1041 [56:45<07:44,  3.81s/it]
[1A                                                  
{'loss': '4.81e-05', 'grad_norm': '0.001634', 'learning_rate': '7.244e-06', 'epoch': '2.649'}
[1A
[1A 88%|████████▊ | 919/1041 [56:45<07:44,  3.81s/it]
[1A 88%|████████▊ | 920/1041 [56:49<07:33,  3.75s/it]
[1A                                                  
{'loss': '6.201e-05', 'grad_norm': '0.003383', 'learning_rate': '7.128e-06', 'epoch': '2.652'}
[1A
[1A 88%|████████▊ | 920/1041 [56:49<07:33,  3.75s/it]
[1A 88%|████████▊ | 921/1041 [56:52<07:24,  3.70s/it]
[1A                                                  
{'loss': '1.537e-05', 'grad_norm': '0.0002816', 'learning_rate': '7.013e-06', 'epoch': '2.655'}
[1A
[1A 88%|████████▊ | 921/1041 [56:52<07:24,  3.70s/it]
[1A 89%|████████▊ | 922/1041 [56:56<07:15,  3.66s/it]
[1A                                                  
{'loss': '3.286e-05', 'grad_norm': '0.0006564', 'learning_rate': '6.899e-06', 'epoch': '2.658'}
[1A
[1A 89%|████████▊ | 922/1041 [56:56<07:15,  3.66s/it]
[1A 89%|████████▊ | 923/1041 [57:00<07:20,  3.73s/it]
[1A                                                  
{'loss': '1.04e-05', 'grad_norm': '0.0001658', 'learning_rate': '6.786e-06', 'epoch': '2.661'}
[1A
[1A 89%|████████▊ | 923/1041 [57:00<07:20,  3.73s/it]
[1A 89%|████████▉ | 924/1041 [57:03<07:06,  3.64s/it]
[1A                                                  
{'loss': '3.376e-05', 'grad_norm': '0.001083', 'learning_rate': '6.674e-06', 'epoch': '2.664'}
[1A
[1A 89%|████████▉ | 924/1041 [57:03<07:06,  3.64s/it]
[1A 89%|████████▉ | 925/1041 [57:07<07:10,  3.71s/it]
[1A                                                  
{'loss': '1.352e-05', 'grad_norm': '0.0002384', 'learning_rate': '6.562e-06', 'epoch': '2.667'}
[1A
[1A 89%|████████▉ | 925/1041 [57:07<07:10,  3.71s/it]
[1A 89%|████████▉ | 926/1041 [57:10<07:01,  3.67s/it]
[1A                                                  
{'loss': '1.687e-05', 'grad_norm': '0.0003585', 'learning_rate': '6.452e-06', 'epoch': '2.67'}
[1A
[1A 89%|████████▉ | 926/1041 [57:10<07:01,  3.67s/it]
[1A 89%|████████▉ | 927/1041 [57:14<06:52,  3.61s/it]
[1A                                                  
{'loss': '7.357e-06', 'grad_norm': '8.948e-05', 'learning_rate': '6.342e-06', 'epoch': '2.672'}
[1A
[1A 89%|████████▉ | 927/1041 [57:14<06:52,  3.61s/it]
[1A 89%|████████▉ | 928/1041 [57:18<06:48,  3.61s/it]
[1A                                                  
{'loss': '2.055e-05', 'grad_norm': '0.0004216', 'learning_rate': '6.234e-06', 'epoch': '2.675'}
[1A
[1A 89%|████████▉ | 928/1041 [57:18<06:48,  3.61s/it]
[1A 89%|████████▉ | 929/1041 [57:21<06:54,  3.70s/it]
[1A                                                  
{'loss': '0.0002384', 'grad_norm': '0.01888', 'learning_rate': '6.126e-06', 'epoch': '2.678'}
[1A
[1A 89%|████████▉ | 929/1041 [57:21<06:54,  3.70s/it]
[1A 89%|████████▉ | 930/1041 [57:25<06:49,  3.69s/it]
[1A                                                  
{'loss': '1.449e-05', 'grad_norm': '0.0002559', 'learning_rate': '6.019e-06', 'epoch': '2.681'}
[1A
[1A 89%|████████▉ | 930/1041 [57:25<06:49,  3.69s/it]
[1A 89%|████████▉ | 931/1041 [57:29<06:53,  3.76s/it]
[1A                                                  
{'loss': '3.536e-05', 'grad_norm': '0.0009516', 'learning_rate': '5.913e-06', 'epoch': '2.684'}
[1A
[1A 89%|████████▉ | 931/1041 [57:29<06:53,  3.76s/it]
[1A 90%|████████▉ | 932/1041 [57:33<06:41,  3.69s/it]
[1A                                                  
{'loss': '1.133e-05', 'grad_norm': '0.0002311', 'learning_rate': '5.808e-06', 'epoch': '2.687'}
[1A
[1A 90%|████████▉ | 932/1041 [57:33<06:41,  3.69s/it]
[1A 90%|████████▉ | 933/1041 [57:36<06:39,  3.70s/it]
[1A                                                  
{'loss': '9.48e-06', 'grad_norm': '0.0001323', 'learning_rate': '5.704e-06', 'epoch': '2.69'}
[1A
[1A 90%|████████▉ | 933/1041 [57:36<06:39,  3.70s/it]
[1A 90%|████████▉ | 934/1041 [57:40<06:27,  3.63s/it]
[1A                                                  
{'loss': '3.081e-05', 'grad_norm': '0.001143', 'learning_rate': '5.601e-06', 'epoch': '2.693'}
[1A
[1A 90%|████████▉ | 934/1041 [57:40<06:27,  3.63s/it]
[1A 90%|████████▉ | 935/1041 [57:43<06:22,  3.61s/it]
[1A                                                  
{'loss': '3.038e-05', 'grad_norm': '0.001169', 'learning_rate': '5.498e-06', 'epoch': '2.696'}
[1A
[1A 90%|████████▉ | 935/1041 [57:43<06:22,  3.61s/it]
[1A 90%|████████▉ | 936/1041 [57:47<06:18,  3.61s/it]
[1A                                                  
{'loss': '1.268e-05', 'grad_norm': '0.0001656', 'learning_rate': '5.397e-06', 'epoch': '2.698'}
[1A
[1A 90%|████████▉ | 936/1041 [57:47<06:18,  3.61s/it]
[1A 90%|█████████ | 937/1041 [57:51<06:14,  3.60s/it]
[1A                                                  
{'loss': '1.8e-05', 'grad_norm': '0.0003362', 'learning_rate': '5.297e-06', 'epoch': '2.701'}
[1A
[1A 90%|█████████ | 937/1041 [57:51<06:14,  3.60s/it]
[1A 90%|█████████ | 938/1041 [57:54<06:14,  3.63s/it]
[1A                                                  
{'loss': '4.281e-05', 'grad_norm': '0.001258', 'learning_rate': '5.197e-06', 'epoch': '2.704'}
[1A
[1A 90%|█████████ | 938/1041 [57:54<06:14,  3.63s/it]
[1A 90%|█████████ | 939/1041 [57:58<06:07,  3.60s/it]
[1A                                                  
{'loss': '8.662e-05', 'grad_norm': '0.008612', 'learning_rate': '5.098e-06', 'epoch': '2.707'}
[1A
[1A 90%|█████████ | 939/1041 [57:58<06:07,  3.60s/it]
[1A 90%|█████████ | 940/1041 [58:01<06:03,  3.60s/it]
[1A                                                  
{'loss': '1.562e-05', 'grad_norm': '0.0002479', 'learning_rate': '5.001e-06', 'epoch': '2.71'}
[1A
[1A 90%|█████████ | 940/1041 [58:01<06:03,  3.60s/it]
[1A 90%|█████████ | 941/1041 [58:05<06:08,  3.68s/it]
[1A                                                  
{'loss': '1.854e-05', 'grad_norm': '0.0007235', 'learning_rate': '4.904e-06', 'epoch': '2.713'}
[1A
[1A 90%|█████████ | 941/1041 [58:05<06:08,  3.68s/it]
[1A 90%|█████████ | 942/1041 [58:09<06:01,  3.65s/it]
[1A                                                  
{'loss': '1.955e-05', 'grad_norm': '0.0005325', 'learning_rate': '4.808e-06', 'epoch': '2.716'}
[1A
[1A 90%|█████████ | 942/1041 [58:09<06:01,  3.65s/it]
[1A 91%|█████████ | 943/1041 [58:13<06:03,  3.71s/it]
[1A                                                  
{'loss': '0.0003017', 'grad_norm': '0.02124', 'learning_rate': '4.713e-06', 'epoch': '2.719'}
[1A
[1A 91%|█████████ | 943/1041 [58:13<06:03,  3.71s/it]
[1A 91%|█████████ | 944/1041 [58:16<05:59,  3.71s/it]
[1A                                                  
{'loss': '0.0005569', 'grad_norm': '0.04646', 'learning_rate': '4.619e-06', 'epoch': '2.722'}
[1A
[1A 91%|█████████ | 944/1041 [58:16<05:59,  3.71s/it]
[1A 91%|█████████ | 945/1041 [58:20<05:51,  3.66s/it]
[1A                                                  
{'loss': '2.266e-05', 'grad_norm': '0.0006026', 'learning_rate': '4.526e-06', 'epoch': '2.724'}
[1A
[1A 91%|█████████ | 945/1041 [58:20<05:51,  3.66s/it]
[1A 91%|█████████ | 946/1041 [58:23<05:45,  3.64s/it]
[1A                                                  
{'loss': '1.087e-05', 'grad_norm': '0.000136', 'learning_rate': '4.434e-06', 'epoch': '2.727'}
[1A
[1A 91%|█████████ | 946/1041 [58:23<05:45,  3.64s/it]
[1A 91%|█████████ | 947/1041 [58:27<05:38,  3.60s/it]
[1A                                                  
{'loss': '1.969e-05', 'grad_norm': '0.0003701', 'learning_rate': '4.343e-06', 'epoch': '2.73'}
[1A
[1A 91%|█████████ | 947/1041 [58:27<05:38,  3.60s/it]
[1A 91%|█████████ | 948/1041 [58:31<05:32,  3.58s/it]
[1A                                                  
{'loss': '1.459e-05', 'grad_norm': '0.0008978', 'learning_rate': '4.252e-06', 'epoch': '2.733'}
[1A
[1A 91%|█████████ | 948/1041 [58:31<05:32,  3.58s/it]
[1A 91%|█████████ | 949/1041 [58:34<05:29,  3.58s/it]
[1A                                                  
{'loss': '4.467e-05', 'grad_norm': '0.00138', 'learning_rate': '4.163e-06', 'epoch': '2.736'}
[1A
[1A 91%|█████████ | 949/1041 [58:34<05:29,  3.58s/it]
[1A 91%|█████████▏| 950/1041 [58:38<05:26,  3.59s/it]
[1A                                                  
{'loss': '0.0002143', 'grad_norm': '0.007898', 'learning_rate': '4.075e-06', 'epoch': '2.739'}
[1A
[1A 91%|█████████▏| 950/1041 [58:38<05:26,  3.59s/it]
[1A 91%|█████████▏| 951/1041 [58:41<05:26,  3.63s/it]
[1A                                                  
{'loss': '2.013e-05', 'grad_norm': '0.0006929', 'learning_rate': '3.987e-06', 'epoch': '2.742'}
[1A
[1A 91%|█████████▏| 951/1041 [58:41<05:26,  3.63s/it]
[1A 91%|█████████▏| 952/1041 [58:45<05:26,  3.67s/it]
[1A                                                  
{'loss': '4.703e-05', 'grad_norm': '0.00157', 'learning_rate': '3.901e-06', 'epoch': '2.745'}
[1A
[1A 91%|█████████▏| 952/1041 [58:45<05:26,  3.67s/it]
[1A 92%|█████████▏| 953/1041 [58:49<05:21,  3.65s/it]
[1A                                                  
{'loss': '0.0004875', 'grad_norm': '0.03858', 'learning_rate': '3.815e-06', 'epoch': '2.747'}
[1A
[1A 92%|█████████▏| 953/1041 [58:49<05:21,  3.65s/it]
[1A 92%|█████████▏| 954/1041 [58:52<05:15,  3.63s/it]
[1A                                                  
{'loss': '1.751e-05', 'grad_norm': '0.0006147', 'learning_rate': '3.73e-06', 'epoch': '2.75'}
[1A
[1A 92%|█████████▏| 954/1041 [58:52<05:15,  3.63s/it]
[1A 92%|█████████▏| 955/1041 [58:56<05:11,  3.62s/it]
[1A                                                  
{'loss': '6.467e-05', 'grad_norm': '0.005448', 'learning_rate': '3.646e-06', 'epoch': '2.753'}
[1A
[1A 92%|█████████▏| 955/1041 [58:56<05:11,  3.62s/it]
[1A 92%|█████████▏| 956/1041 [59:00<05:18,  3.75s/it]
[1A                                                  
{'loss': '0.0004143', 'grad_norm': '0.03074', 'learning_rate': '3.564e-06', 'epoch': '2.756'}
[1A
[1A 92%|█████████▏| 956/1041 [59:00<05:18,  3.75s/it]
[1A 92%|█████████▏| 957/1041 [59:04<05:12,  3.72s/it]
[1A                                                  
{'loss': '3.366e-05', 'grad_norm': '0.002075', 'learning_rate': '3.482e-06', 'epoch': '2.759'}
[1A
[1A 92%|█████████▏| 957/1041 [59:04<05:12,  3.72s/it]
[1A 92%|█████████▏| 958/1041 [59:07<05:07,  3.70s/it]
[1A                                                  
{'loss': '1.039e-05', 'grad_norm': '0.0001654', 'learning_rate': '3.401e-06', 'epoch': '2.762'}
[1A
[1A 92%|█████████▏| 958/1041 [59:07<05:07,  3.70s/it]
[1A 92%|█████████▏| 959/1041 [59:11<05:01,  3.67s/it]
[1A                                                  
{'loss': '2.12e-05', 'grad_norm': '0.0004834', 'learning_rate': '3.321e-06', 'epoch': '2.765'}
[1A
[1A 92%|█████████▏| 959/1041 [59:11<05:01,  3.67s/it]
[1A 92%|█████████▏| 960/1041 [59:15<04:58,  3.69s/it]
[1A                                                  
{'loss': '3.709e-05', 'grad_norm': '0.002187', 'learning_rate': '3.242e-06', 'epoch': '2.768'}
[1A
[1A 92%|█████████▏| 960/1041 [59:15<04:58,  3.69s/it]
[1A 92%|█████████▏| 961/1041 [59:18<04:53,  3.66s/it]
[1A                                                  
{'loss': '4.204e-05', 'grad_norm': '0.0007091', 'learning_rate': '3.163e-06', 'epoch': '2.771'}
[1A
[1A 92%|█████████▏| 961/1041 [59:18<04:53,  3.66s/it]
[1A 92%|█████████▏| 962/1041 [59:22<04:54,  3.73s/it]
[1A                                                  
{'loss': '3.375e-05', 'grad_norm': '0.001589', 'learning_rate': '3.086e-06', 'epoch': '2.773'}
[1A
[1A 92%|█████████▏| 962/1041 [59:22<04:54,  3.73s/it]
[1A 93%|█████████▎| 963/1041 [59:26<04:53,  3.77s/it]
[1A                                                  
{'loss': '1.275e-05', 'grad_norm': '0.0002569', 'learning_rate': '3.01e-06', 'epoch': '2.776'}
[1A
[1A 93%|█████████▎| 963/1041 [59:26<04:53,  3.77s/it]
[1A 93%|█████████▎| 964/1041 [59:30<04:49,  3.76s/it]
[1A                                                  
{'loss': '6.12e-05', 'grad_norm': '0.001491', 'learning_rate': '2.935e-06', 'epoch': '2.779'}
[1A
[1A 93%|█████████▎| 964/1041 [59:30<04:49,  3.76s/it]
[1A 93%|█████████▎| 965/1041 [59:33<04:37,  3.65s/it]
[1A                                                  
{'loss': '7.963e-06', 'grad_norm': '0.0001148', 'learning_rate': '2.86e-06', 'epoch': '2.782'}
[1A
[1A 93%|█████████▎| 965/1041 [59:33<04:37,  3.65s/it]
[1A 93%|█████████▎| 966/1041 [59:37<04:35,  3.67s/it]
[1A                                                  
{'loss': '6.533e-05', 'grad_norm': '0.002621', 'learning_rate': '2.787e-06', 'epoch': '2.785'}
[1A
[1A 93%|█████████▎| 966/1041 [59:37<04:35,  3.67s/it]
[1A 93%|█████████▎| 967/1041 [59:41<04:30,  3.66s/it]
[1A                                                  
{'loss': '6.386e-06', 'grad_norm': '6.905e-05', 'learning_rate': '2.714e-06', 'epoch': '2.788'}
[1A
[1A 93%|█████████▎| 967/1041 [59:41<04:30,  3.66s/it]
[1A 93%|█████████▎| 968/1041 [59:44<04:33,  3.74s/it]
[1A                                                  
{'loss': '1.487e-05', 'grad_norm': '0.0004102', 'learning_rate': '2.643e-06', 'epoch': '2.791'}
[1A
[1A 93%|█████████▎| 968/1041 [59:44<04:33,  3.74s/it]
[1A 93%|█████████▎| 969/1041 [59:48<04:29,  3.75s/it]
[1A                                                  
{'loss': '1.027e-05', 'grad_norm': '0.0002557', 'learning_rate': '2.572e-06', 'epoch': '2.794'}
[1A
[1A 93%|█████████▎| 969/1041 [59:48<04:29,  3.75s/it]
[1A 93%|█████████▎| 970/1041 [59:52<04:25,  3.74s/it]
[1A                                                  
{'loss': '2.894e-05', 'grad_norm': '0.001545', 'learning_rate': '2.502e-06', 'epoch': '2.797'}
[1A
[1A 93%|█████████▎| 970/1041 [59:52<04:25,  3.74s/it]
[1A 93%|█████████▎| 971/1041 [59:55<04:15,  3.65s/it]
[1A                                                  
{'loss': '1.337e-05', 'grad_norm': '0.0002314', 'learning_rate': '2.434e-06', 'epoch': '2.799'}
[1A
[1A 93%|█████████▎| 971/1041 [59:55<04:15,  3.65s/it]
[1A 93%|█████████▎| 972/1041 [59:59<04:07,  3.59s/it]
[1A                                                  
{'loss': '1.648e-05', 'grad_norm': '0.000289', 'learning_rate': '2.366e-06', 'epoch': '2.802'}
[1A
[1A 93%|█████████▎| 972/1041 [59:59<04:07,  3.59s/it]
[1A 93%|█████████▎| 973/1041 [1:00:02<04:03,  3.58s/it]
[1A                                                    
{'loss': '0.0008207', 'grad_norm': '0.06271', 'learning_rate': '2.299e-06', 'epoch': '2.805'}
[1A
[1A 93%|█████████▎| 973/1041 [1:00:02<04:03,  3.58s/it]
[1A 94%|█████████▎| 974/1041 [1:00:06<04:03,  3.63s/it]
[1A                                                    
{'loss': '2.475e-05', 'grad_norm': '0.0008498', 'learning_rate': '2.233e-06', 'epoch': '2.808'}
[1A
[1A 94%|█████████▎| 974/1041 [1:00:06<04:03,  3.63s/it]
[1A 94%|█████████▎| 975/1041 [1:00:10<04:00,  3.64s/it]
[1A                                                    
{'loss': '3.261e-05', 'grad_norm': '0.0007231', 'learning_rate': '2.168e-06', 'epoch': '2.811'}
[1A
[1A 94%|█████████▎| 975/1041 [1:00:10<04:00,  3.64s/it]
[1A 94%|█████████▍| 976/1041 [1:00:13<03:55,  3.62s/it]
[1A                                                    
{'loss': '1.175e-05', 'grad_norm': '0.0002426', 'learning_rate': '2.104e-06', 'epoch': '2.814'}
[1A
[1A 94%|█████████▍| 976/1041 [1:00:13<03:55,  3.62s/it]
[1A 94%|█████████▍| 977/1041 [1:00:17<03:49,  3.58s/it]
[1A                                                    
{'loss': '8.249e-06', 'grad_norm': '0.0002008', 'learning_rate': '2.041e-06', 'epoch': '2.817'}
[1A
[1A 94%|█████████▍| 977/1041 [1:00:17<03:49,  3.58s/it]
[1A 94%|█████████▍| 978/1041 [1:00:20<03:44,  3.56s/it]
[1A                                                    
{'loss': '1.014e-05', 'grad_norm': '0.0001296', 'learning_rate': '1.979e-06', 'epoch': '2.82'}
[1A
[1A 94%|█████████▍| 978/1041 [1:00:20<03:44,  3.56s/it]
[1A 94%|█████████▍| 979/1041 [1:00:24<03:41,  3.57s/it]
[1A                                                    
{'loss': '2.234e-05', 'grad_norm': '0.0006746', 'learning_rate': '1.918e-06', 'epoch': '2.823'}
[1A
[1A 94%|█████████▍| 979/1041 [1:00:24<03:41,  3.57s/it]
[1A 94%|█████████▍| 980/1041 [1:00:28<03:45,  3.70s/it]
[1A                                                    
{'loss': '6.014e-05', 'grad_norm': '0.00458', 'learning_rate': '1.857e-06', 'epoch': '2.825'}
[1A
[1A 94%|█████████▍| 980/1041 [1:00:28<03:45,  3.70s/it]
[1A 94%|█████████▍| 981/1041 [1:00:31<03:37,  3.62s/it]
[1A                                                    
{'loss': '1.545e-05', 'grad_norm': '0.0002782', 'learning_rate': '1.798e-06', 'epoch': '2.828'}
[1A
[1A 94%|█████████▍| 981/1041 [1:00:31<03:37,  3.62s/it]
[1A 94%|█████████▍| 982/1041 [1:00:35<03:32,  3.60s/it]
[1A                                                    
{'loss': '2.162e-05', 'grad_norm': '0.0004356', 'learning_rate': '1.74e-06', 'epoch': '2.831'}
[1A
[1A 94%|█████████▍| 982/1041 [1:00:35<03:32,  3.60s/it]
[1A 94%|█████████▍| 983/1041 [1:00:39<03:28,  3.60s/it]
[1A                                                    
{'loss': '4.201e-05', 'grad_norm': '0.001758', 'learning_rate': '1.683e-06', 'epoch': '2.834'}
[1A
[1A 94%|█████████▍| 983/1041 [1:00:39<03:28,  3.60s/it]
[1A 95%|█████████▍| 984/1041 [1:00:42<03:21,  3.53s/it]
[1A                                                    
{'loss': '7.44e-06', 'grad_norm': '9.491e-05', 'learning_rate': '1.626e-06', 'epoch': '2.837'}
[1A
[1A 95%|█████████▍| 984/1041 [1:00:42<03:21,  3.53s/it]
[1A 95%|█████████▍| 985/1041 [1:00:45<03:15,  3.50s/it]
[1A                                                    
{'loss': '1.019e-05', 'grad_norm': '0.0001678', 'learning_rate': '1.571e-06', 'epoch': '2.84'}
[1A
[1A 95%|█████████▍| 985/1041 [1:00:45<03:15,  3.50s/it]
[1A 95%|█████████▍| 986/1041 [1:00:49<03:18,  3.61s/it]
[1A                                                    
{'loss': '0.000213', 'grad_norm': '0.01363', 'learning_rate': '1.516e-06', 'epoch': '2.843'}
[1A
[1A 95%|█████████▍| 986/1041 [1:00:49<03:18,  3.61s/it]
[1A 95%|█████████▍| 987/1041 [1:00:53<03:16,  3.64s/it]
[1A                                                    
{'loss': '1.846e-05', 'grad_norm': '0.0003434', 'learning_rate': '1.463e-06', 'epoch': '2.846'}
[1A
[1A 95%|█████████▍| 987/1041 [1:00:53<03:16,  3.64s/it]
[1A 95%|█████████▍| 988/1041 [1:00:57<03:14,  3.67s/it]
[1A                                                    
{'loss': '1.21e-05', 'grad_norm': '0.0002589', 'learning_rate': '1.41e-06', 'epoch': '2.848'}
[1A
[1A 95%|█████████▍| 988/1041 [1:00:57<03:14,  3.67s/it]
[1A 95%|█████████▌| 989/1041 [1:01:00<03:11,  3.69s/it]
[1A                                                    
{'loss': '4.911e-05', 'grad_norm': '0.003462', 'learning_rate': '1.358e-06', 'epoch': '2.851'}
[1A
[1A 95%|█████████▌| 989/1041 [1:01:00<03:11,  3.69s/it]
[1A 95%|█████████▌| 990/1041 [1:01:04<03:05,  3.64s/it]
[1A                                                    
{'loss': '7.109e-05', 'grad_norm': '0.004794', 'learning_rate': '1.308e-06', 'epoch': '2.854'}
[1A
[1A 95%|█████████▌| 990/1041 [1:01:04<03:05,  3.64s/it]
[1A 95%|█████████▌| 991/1041 [1:01:07<03:00,  3.62s/it]
[1A                                                    
{'loss': '1.124e-05', 'grad_norm': '0.0001607', 'learning_rate': '1.258e-06', 'epoch': '2.857'}
[1A
[1A 95%|█████████▌| 991/1041 [1:01:08<03:00,  3.62s/it]
[1A 95%|█████████▌| 992/1041 [1:01:11<02:56,  3.60s/it]
[1A                                                    
{'loss': '2.336e-05', 'grad_norm': '0.0004277', 'learning_rate': '1.209e-06', 'epoch': '2.86'}
[1A
[1A 95%|█████████▌| 992/1041 [1:01:11<02:56,  3.60s/it]
[1A 95%|█████████▌| 993/1041 [1:01:15<02:55,  3.66s/it]
[1A                                                    
{'loss': '4.683e-05', 'grad_norm': '0.001035', 'learning_rate': '1.162e-06', 'epoch': '2.863'}
[1A
[1A 95%|█████████▌| 993/1041 [1:01:15<02:55,  3.66s/it]
[1A 95%|█████████▌| 994/1041 [1:01:18<02:49,  3.60s/it]
[1A                                                    
{'loss': '7.407e-06', 'grad_norm': '0.0001022', 'learning_rate': '1.115e-06', 'epoch': '2.866'}
[1A
[1A 95%|█████████▌| 994/1041 [1:01:18<02:49,  3.60s/it]
[1A 96%|█████████▌| 995/1041 [1:01:22<02:45,  3.60s/it]
[1A                                                    
{'loss': '1.683e-05', 'grad_norm': '0.0002923', 'learning_rate': '1.069e-06', 'epoch': '2.869'}
[1A
[1A 96%|█████████▌| 995/1041 [1:01:22<02:45,  3.60s/it]
[1A 96%|█████████▌| 996/1041 [1:01:25<02:41,  3.59s/it]
[1A                                                    
{'loss': '0.0003022', 'grad_norm': '0.03024', 'learning_rate': '1.024e-06', 'epoch': '2.872'}
[1A
[1A 96%|█████████▌| 996/1041 [1:01:25<02:41,  3.59s/it]
[1A 96%|█████████▌| 997/1041 [1:01:29<02:37,  3.59s/it]
[1A                                                    
{'loss': '9.967e-05', 'grad_norm': '0.00317', 'learning_rate': '9.799e-07', 'epoch': '2.874'}
[1A
[1A 96%|█████████▌| 997/1041 [1:01:29<02:37,  3.59s/it]
[1A 96%|█████████▌| 998/1041 [1:01:33<02:33,  3.57s/it]
[1A                                                    
{'loss': '1.043e-05', 'grad_norm': '0.0002232', 'learning_rate': '9.369e-07', 'epoch': '2.877'}
[1A
[1A 96%|█████████▌| 998/1041 [1:01:33<02:33,  3.57s/it]
[1A 96%|█████████▌| 999/1041 [1:01:36<02:28,  3.53s/it]
[1A                                                    
{'loss': '1.053e-05', 'grad_norm': '0.0001422', 'learning_rate': '8.949e-07', 'epoch': '2.88'}
[1A
[1A 96%|█████████▌| 999/1041 [1:01:36<02:28,  3.53s/it]
[1A 96%|█████████▌| 1000/1041 [1:01:45<03:37,  5.31s/it]                                                     
{'loss': '1.286e-05', 'grad_norm': '0.0002127', 'learning_rate': '8.538e-07', 'epoch': '2.883'}
[1A
[1A 96%|█████████▌| 1000/1041 [1:01:45<03:37,  5.31s/it]
[1A 96%|█████████▌| 1001/1041 [1:01:49<03:13,  4.84s/it]
[1A                                                     
{'loss': '6.883e-05', 'grad_norm': '0.001691', 'learning_rate': '8.137e-07', 'epoch': '2.886'}
[1A
[1A 96%|█████████▌| 1001/1041 [1:01:49<03:13,  4.84s/it]
[1A 96%|█████████▋| 1002/1041 [1:01:53<02:57,  4.56s/it]
[1A                                                     
{'loss': '1.385e-05', 'grad_norm': '0.0002476', 'learning_rate': '7.745e-07', 'epoch': '2.889'}
[1A
[1A 96%|█████████▋| 1002/1041 [1:01:53<02:57,  4.56s/it]
[1A 96%|█████████▋| 1003/1041 [1:01:57<02:41,  4.25s/it]
[1A                                                     
{'loss': '1.088e-05', 'grad_norm': '0.0001638', 'learning_rate': '7.363e-07', 'epoch': '2.892'}
[1A
[1A 96%|█████████▋| 1003/1041 [1:01:57<02:41,  4.25s/it]
[1A 96%|█████████▋| 1004/1041 [1:02:01<02:33,  4.14s/it]
[1A                                                     
{'loss': '8.412e-05', 'grad_norm': '0.00295', 'learning_rate': '6.991e-07', 'epoch': '2.895'}
[1A
[1A 96%|█████████▋| 1004/1041 [1:02:01<02:33,  4.14s/it]
[1A 97%|█████████▋| 1005/1041 [1:02:04<02:24,  4.00s/it]
[1A                                                     
{'loss': '1.055e-05', 'grad_norm': '0.0001844', 'learning_rate': '6.628e-07', 'epoch': '2.898'}
[1A
[1A 97%|█████████▋| 1005/1041 [1:02:04<02:24,  4.00s/it]
[1A 97%|█████████▋| 1006/1041 [1:02:08<02:17,  3.93s/it]
[1A                                                     
{'loss': '0.0002223', 'grad_norm': '0.01602', 'learning_rate': '6.275e-07', 'epoch': '2.9'}
[1A
[1A 97%|█████████▋| 1006/1041 [1:02:08<02:17,  3.93s/it]
[1A 97%|█████████▋| 1007/1041 [1:02:12<02:11,  3.87s/it]
[1A                                                     
{'loss': '9.804e-06', 'grad_norm': '0.0001236', 'learning_rate': '5.932e-07', 'epoch': '2.903'}
[1A
[1A 97%|█████████▋| 1007/1041 [1:02:12<02:11,  3.87s/it]
[1A 97%|█████████▋| 1008/1041 [1:02:15<02:03,  3.76s/it]
[1A                                                     
{'loss': '3.204e-05', 'grad_norm': '0.001093', 'learning_rate': '5.598e-07', 'epoch': '2.906'}
[1A
[1A 97%|█████████▋| 1008/1041 [1:02:15<02:03,  3.76s/it]
[1A 97%|█████████▋| 1009/1041 [1:02:19<02:00,  3.75s/it]
[1A                                                     
{'loss': '1.193e-05', 'grad_norm': '0.000198', 'learning_rate': '5.274e-07', 'epoch': '2.909'}
[1A
[1A 97%|█████████▋| 1009/1041 [1:02:19<02:00,  3.75s/it]
[1A 97%|█████████▋| 1010/1041 [1:02:22<01:53,  3.66s/it]
[1A                                                     
{'loss': '1.908e-05', 'grad_norm': '0.0004603', 'learning_rate': '4.959e-07', 'epoch': '2.912'}
[1A
[1A 97%|█████████▋| 1010/1041 [1:02:22<01:53,  3.66s/it]
[1A 97%|█████████▋| 1011/1041 [1:02:26<01:47,  3.59s/it]
[1A                                                     
{'loss': '1.01e-05', 'grad_norm': '0.0001795', 'learning_rate': '4.655e-07', 'epoch': '2.915'}
[1A
[1A 97%|█████████▋| 1011/1041 [1:02:26<01:47,  3.59s/it]
[1A 97%|█████████▋| 1012/1041 [1:02:29<01:43,  3.55s/it]
[1A                                                     
{'loss': '4.285e-05', 'grad_norm': '0.001144', 'learning_rate': '4.359e-07', 'epoch': '2.918'}
[1A
[1A 97%|█████████▋| 1012/1041 [1:02:29<01:43,  3.55s/it]
[1A 97%|█████████▋| 1013/1041 [1:02:33<01:39,  3.56s/it]
[1A                                                     
{'loss': '1.873e-05', 'grad_norm': '0.0002928', 'learning_rate': '4.074e-07', 'epoch': '2.921'}
[1A
[1A 97%|█████████▋| 1013/1041 [1:02:33<01:39,  3.56s/it]
[1A 97%|█████████▋| 1014/1041 [1:02:36<01:36,  3.56s/it]
[1A                                                     
{'loss': '1.982e-05', 'grad_norm': '0.0006443', 'learning_rate': '3.798e-07', 'epoch': '2.924'}
[1A
[1A 97%|█████████▋| 1014/1041 [1:02:36<01:36,  3.56s/it]
[1A 98%|█████████▊| 1015/1041 [1:02:40<01:33,  3.61s/it]
[1A                                                     
{'loss': '1.315e-05', 'grad_norm': '0.0001958', 'learning_rate': '3.531e-07', 'epoch': '2.926'}
[1A
[1A 98%|█████████▊| 1015/1041 [1:02:40<01:33,  3.61s/it]
[1A 98%|█████████▊| 1016/1041 [1:02:44<01:30,  3.63s/it]
[1A                                                     
{'loss': '0.0002623', 'grad_norm': '0.02498', 'learning_rate': '3.275e-07', 'epoch': '2.929'}
[1A
[1A 98%|█████████▊| 1016/1041 [1:02:44<01:30,  3.63s/it]
[1A 98%|█████████▊| 1017/1041 [1:02:47<01:26,  3.60s/it]
[1A                                                     
{'loss': '1.31e-05', 'grad_norm': '0.0001765', 'learning_rate': '3.028e-07', 'epoch': '2.932'}
[1A
[1A 98%|█████████▊| 1017/1041 [1:02:47<01:26,  3.60s/it]
[1A 98%|█████████▊| 1018/1041 [1:02:51<01:24,  3.69s/it]
[1A                                                     
{'loss': '1.426e-05', 'grad_norm': '0.000205', 'learning_rate': '2.791e-07', 'epoch': '2.935'}
[1A
[1A 98%|█████████▊| 1018/1041 [1:02:51<01:24,  3.69s/it]
[1A 98%|█████████▊| 1019/1041 [1:02:55<01:21,  3.70s/it]
[1A                                                     
{'loss': '1.49e-05', 'grad_norm': '0.0003764', 'learning_rate': '2.563e-07', 'epoch': '2.938'}
[1A
[1A 98%|█████████▊| 1019/1041 [1:02:55<01:21,  3.70s/it]
[1A 98%|█████████▊| 1020/1041 [1:02:59<01:17,  3.71s/it]
[1A                                                     
{'loss': '3.118e-05', 'grad_norm': '0.0006111', 'learning_rate': '2.345e-07', 'epoch': '2.941'}
[1A
[1A 98%|█████████▊| 1020/1041 [1:02:59<01:17,  3.71s/it]
[1A 98%|█████████▊| 1021/1041 [1:03:02<01:13,  3.68s/it]
[1A                                                     
{'loss': '1.006e-05', 'grad_norm': '0.0001351', 'learning_rate': '2.137e-07', 'epoch': '2.944'}
[1A
[1A 98%|█████████▊| 1021/1041 [1:03:02<01:13,  3.68s/it]
[1A 98%|█████████▊| 1022/1041 [1:03:06<01:09,  3.65s/it]
[1A                                                     
{'loss': '8.041e-05', 'grad_norm': '0.006046', 'learning_rate': '1.938e-07', 'epoch': '2.947'}
[1A
[1A 98%|█████████▊| 1022/1041 [1:03:06<01:09,  3.65s/it]
[1A 98%|█████████▊| 1023/1041 [1:03:09<01:05,  3.63s/it]
[1A                                                     
{'loss': '1.779e-05', 'grad_norm': '0.0003998', 'learning_rate': '1.749e-07', 'epoch': '2.949'}
[1A
[1A 98%|█████████▊| 1023/1041 [1:03:09<01:05,  3.63s/it]
[1A 98%|█████████▊| 1024/1041 [1:03:13<01:01,  3.62s/it]
[1A                                                     
{'loss': '4.49e-05', 'grad_norm': '0.001694', 'learning_rate': '1.57e-07', 'epoch': '2.952'}
[1A
[1A 98%|█████████▊| 1024/1041 [1:03:13<01:01,  3.62s/it]
[1A 98%|█████████▊| 1025/1041 [1:03:17<00:59,  3.70s/it]
[1A                                                     
{'loss': '2.524e-05', 'grad_norm': '0.0008584', 'learning_rate': '1.401e-07', 'epoch': '2.955'}
[1A
[1A 98%|█████████▊| 1025/1041 [1:03:17<00:59,  3.70s/it]
[1A 99%|█████████▊| 1026/1041 [1:03:21<00:55,  3.71s/it]
[1A                                                     
{'loss': '4.175e-05', 'grad_norm': '0.001682', 'learning_rate': '1.241e-07', 'epoch': '2.958'}
[1A
[1A 99%|█████████▊| 1026/1041 [1:03:21<00:55,  3.71s/it]
[1A 99%|█████████▊| 1027/1041 [1:03:24<00:52,  3.71s/it]
[1A                                                     
{'loss': '2.065e-05', 'grad_norm': '0.0005746', 'learning_rate': '1.09e-07', 'epoch': '2.961'}
[1A
[1A 99%|█████████▊| 1027/1041 [1:03:24<00:52,  3.71s/it]
[1A 99%|█████████▉| 1028/1041 [1:03:28<00:47,  3.67s/it]
[1A                                                     
{'loss': '2.632e-05', 'grad_norm': '0.0008287', 'learning_rate': '9.499e-08', 'epoch': '2.964'}
[1A
[1A 99%|█████████▉| 1028/1041 [1:03:28<00:47,  3.67s/it]
[1A 99%|█████████▉| 1029/1041 [1:03:31<00:43,  3.62s/it]
[1A                                                     
{'loss': '0.0001453', 'grad_norm': '0.008077', 'learning_rate': '8.191e-08', 'epoch': '2.967'}
[1A
[1A 99%|█████████▉| 1029/1041 [1:03:31<00:43,  3.62s/it]
[1A 99%|█████████▉| 1030/1041 [1:03:35<00:40,  3.67s/it]
[1A                                                     
{'loss': '8.725e-06', 'grad_norm': '0.0001895', 'learning_rate': '6.979e-08', 'epoch': '2.97'}
[1A
[1A 99%|█████████▉| 1030/1041 [1:03:35<00:40,  3.67s/it]
[1A 99%|█████████▉| 1031/1041 [1:03:39<00:36,  3.68s/it]
[1A                                                     
{'loss': '2.53e-05', 'grad_norm': '0.001202', 'learning_rate': '5.864e-08', 'epoch': '2.973'}
[1A
[1A 99%|█████████▉| 1031/1041 [1:03:39<00:36,  3.68s/it]
[1A 99%|█████████▉| 1032/1041 [1:03:43<00:32,  3.66s/it]
[1A                                                     
{'loss': '4.234e-05', 'grad_norm': '0.001104', 'learning_rate': '4.847e-08', 'epoch': '2.975'}
[1A
[1A 99%|█████████▉| 1032/1041 [1:03:43<00:32,  3.66s/it]
[1A 99%|█████████▉| 1033/1041 [1:03:46<00:29,  3.68s/it]
[1A                                                     
{'loss': '1.773e-05', 'grad_norm': '0.0003346', 'learning_rate': '3.926e-08', 'epoch': '2.978'}
[1A
[1A 99%|█████████▉| 1033/1041 [1:03:46<00:29,  3.68s/it]
[1A 99%|█████████▉| 1034/1041 [1:03:50<00:25,  3.67s/it]
[1A                                                     
{'loss': '1.155e-05', 'grad_norm': '0.000211', 'learning_rate': '3.102e-08', 'epoch': '2.981'}
[1A
[1A 99%|█████████▉| 1034/1041 [1:03:50<00:25,  3.67s/it]
[1A 99%|█████████▉| 1035/1041 [1:03:54<00:21,  3.64s/it]
[1A                                                     
{'loss': '1.326e-05', 'grad_norm': '0.0001943', 'learning_rate': '2.375e-08', 'epoch': '2.984'}
[1A
[1A 99%|█████████▉| 1035/1041 [1:03:54<00:21,  3.64s/it]
[1A100%|█████████▉| 1036/1041 [1:03:57<00:18,  3.67s/it]
[1A                                                     
{'loss': '9.856e-06', 'grad_norm': '0.0001391', 'learning_rate': '1.745e-08', 'epoch': '2.987'}
[1A
[1A100%|█████████▉| 1036/1041 [1:03:57<00:18,  3.67s/it]
[1A100%|█████████▉| 1037/1041 [1:04:01<00:14,  3.65s/it]
[1A                                                     
{'loss': '0.000295', 'grad_norm': '0.01779', 'learning_rate': '1.212e-08', 'epoch': '2.99'}
[1A
[1A100%|█████████▉| 1037/1041 [1:04:01<00:14,  3.65s/it]
[1A100%|█████████▉| 1038/1041 [1:04:05<00:11,  3.67s/it]
[1A                                                     
{'loss': '1.64e-05', 'grad_norm': '0.0002602', 'learning_rate': '7.755e-09', 'epoch': '2.993'}
[1A
[1A100%|█████████▉| 1038/1041 [1:04:05<00:11,  3.67s/it]
[1A100%|█████████▉| 1039/1041 [1:04:08<00:07,  3.67s/it]
[1A                                                     
{'loss': '1.83e-05', 'grad_norm': '0.0006898', 'learning_rate': '4.362e-09', 'epoch': '2.996'}
[1A
[1A100%|█████████▉| 1039/1041 [1:04:08<00:07,  3.67s/it]
[1A100%|█████████▉| 1040/1041 [1:04:12<00:03,  3.70s/it]
[1A                                                     
{'loss': '2.433e-05', 'grad_norm': '0.0004711', 'learning_rate': '1.939e-09', 'epoch': '2.999'}
[1A
[1A100%|█████████▉| 1040/1041 [1:04:12<00:03,  3.70s/it]
[1A100%|██████████| 1041/1041 [1:04:18<00:00,  4.50s/it]                                                     
{'loss': '3.618e-05', 'grad_norm': '0.002196', 'learning_rate': '4.847e-10', 'epoch': '3'}
[1A
[1A100%|██████████| 1041/1041 [1:04:18<00:00,  4.50s/it]                                                     
{'train_runtime': '3859', 'train_samples_per_second': '2.155', 'train_steps_per_second': '0.27', 'train_loss': '0.01825', 'epoch': '3'}
[1A
[1A100%|██████████| 1041/1041 [1:04:18<00:00,  4.50s/it]100%|██████████| 1041/1041 [1:04:18<00:00,  3.71s/it]
[transformers] Ignoring clean_up_tokenization_spaces=True for BPE tokenizer TokenizersBackend. The clean_up_tokenization post-processing step is designed for WordPiece tokenizers and is destructive for BPE (it strips spaces before punctuation). Set clean_up_tokenization_spaces=False to suppress this warning, or set clean_up_tokenization_spaces_for_bpe_even_though_it_will_corrupt_output=True to force cleanup anyway.

== v2-8b-s0 · 1041 steps · 3876.0s train · params 41943040 · bf16
dataset: 2772 kept / 0 dropped overlong · seq len max 1337 mean 1179.5
loss first->last: 1.016 -> 0.000
holdout completion loss base 0.9364 -> ft 0.007
generation ft:   'ASSUME: op(x, op(y, op(op(x, y), y))) = op(x, op(z, op(op(w, u), v)))\nASK: op(x, x) = op(op(y, op(y,'
generation base: 'ASSUME: op(quince, op(op(quince, op(quince, op(medlar, op(quince, op(medlar, op(damson, op(medlar, o'
PROBES PASSED
Stopping app - local entrypoint completed.
✓ App completed. View run at 
https://modal.com/apps/order-evaluation/main/ap-F8oDcZ3tBOpvLWo3ynqRcu
EXIT:0
